00:00 +0: loading C:/Users/User/.codex/worktrees/hadayah-wave4v2-integration/Streamer_app/project/test/map_tricity_widgets_test.dart
00:00 +0: (setUpAll)
[90m[🌎 Easy Localization] [DEBUG] Localization initialized[0m
00:00 +0: selected card en width=320.0 text=2.0 BroadcastType.offline
Realtime public streamer subscription failed: 'package:supabase_flutter/src/supabase.dart': Failed assertion: line 45 pos 7: '_instance._isInitialized': You must initialize the supabase instance before calling Supabase.instance
Realtime academic_categories subscription failed: 'package:supabase_flutter/src/supabase.dart': Failed assertion: line 45 pos 7: '_instance._isInitialized': You must initialize the supabase instance before calling Supabase.instance
Supabase auth listener not attached (Supabase not initialized?): 'package:supabase_flutter/src/supabase.dart': Failed assertion: line 45 pos 7: '_instance._isInitialized': You must initialize the supabase instance before calling Supabase.instance
loadVerifiedStreamersFromBackend failed: Bad state: Backend unavailable
_refreshAcademicCategories failed: Bad state: Backend unavailable
[90m[🌎 Easy Localization] [DEBUG] Start[0m
[90m[🌎 Easy Localization] [DEBUG] Init state[0m
[32m[🌎 Easy Localization] [INFO] Start locale loaded en[0m
[90m[🌎 Easy Localization] [DEBUG] Build[0m
[90m[🌎 Easy Localization] [DEBUG] Init Localization Delegate[0m
[90m[🌎 Easy Localization] [DEBUG] Init provider[0m
[90m[🌎 Easy Localization] [DEBUG] Load Localization Delegate[0m
[90m[🌎 Easy Localization] [DEBUG] Build[0m
[90m[🌎 Easy Localization] [DEBUG] Init Localization Delegate[0m
[90m[🌎 Easy Localization] [DEBUG] Init provider[0m
unhandled element <defs/>; Picture key: Svg loader

Warning: A call to tap() with finder "Found 1 widget with type "ListTile" that are ancestors of widget with text "Selected Venue": [
  ListTile(dense: true, onTap: Closure: () => void, dependencies: [Directionality, InheritedCupertinoTheme, _InheritedTheme, _LocalizationsScope-[GlobalKey#d8515]]),
]" derived an Offset (Offset(72.0, 599.5)) that would not hit test on the specified widget.
Maybe the widget is actually off-screen, or another widget is obscuring it, or the widget cannot receive pointer events.
The finder corresponds to this RenderBox: RenderSemanticsAnnotations#87a93 relayoutBoundary=up26
The hit test result at that offset is: HitTestResult(RenderCustomPaint#5b573@Offset(72.0, 583.7), RenderStack#31f4e@Offset(72.0, 583.7), RenderClipRect#ee266@Offset(72.0, 583.7), RenderPointerListener#ba935@Offset(72.0, 583.7), RenderSemanticsGestureHandler#c189c@Offset(72.0, 583.7), RenderPointerListener#9c174@Offset(72.0, 583.7), RenderSemanticsAnnotations#bbdb5@Offset(72.0, 583.7), _RenderLayoutBuilder#72392@Offset(72.0, 583.7), RenderRepaintBoundary#67025@Offset(72.0, 583.7), RenderConstrainedBox#21a75@Offset(72.0, 583.7), RenderPositionedBox#5029d@Offset(72.0, 599.5), RenderStack#4c3f7@Offset(72.0, 599.5), _RenderLayoutBuilder#c83fe@Offset(72.0, 599.5), RenderFlex#a3ca4@Offset(72.0, 599.5), RenderCustomMultiChildLayoutBox#b0a9c@Offset(72.0, 599.5), _RenderInkFeatures#85ffe@Offset(72.0, 599.5), RenderPhysicalModel#7ad28@Offset(72.0, 599.5), RenderSemanticsAnnotations#d09e7@Offset(72.0, 599.5), RenderRepaintBoundary#01933@Offset(72.0, 599.5), RenderIgnorePointer#90151@Offset(72.0, 599.5), RenderAnimatedOpacity#58055@Offset(72.0, 599.5), RenderAnimatedOpacity#55025@Offset(72.0, 599.5), _RenderColoredBox#785e0@Offset(72.0, 599.5), RenderAnimatedOpacity#8828a@Offset(72.0, 599.5), RenderIgnorePointer#371fc@Offset(72.0, 599.5), RenderAnimatedOpacity#0e661@Offset(72.0, 599.5), RenderRepaintBoundary#a4e4d@Offset(72.0, 599.5), RenderSemanticsAnnotations#badfb@Offset(72.0, 599.5), RenderOffstage#3e499@Offset(72.0, 599.5), RenderSemanticsAnnotations#69328@Offset(72.0, 599.5), _RenderTheater#9b667@Offset(72.0, 599.5), RenderAbsorbPointer#16075@Offset(72.0, 599.5), RenderPointerListener#dde45@Offset(72.0, 599.5), RenderSemanticsAnnotations#43e75@Offset(72.0, 599.5), RenderCustomPaint#ee822@Offset(72.0, 599.5), RenderSemanticsAnnotations#416aa@Offset(72.0, 599.5), RenderSemanticsAnnotations#38bbc@Offset(72.0, 599.5), RenderSemanticsAnnotations#e0d4c@Offset(72.0, 599.5), RenderTapRegionSurface#d4c37@Offset(72.0, 599.5), RenderSemanticsAnnotations#7a77d@Offset(72.0, 599.5), RenderSemanticsAnnotations#71f8a@Offset(72.0, 599.5), HitTestEntry<HitTestTarget>#c13ef(_ReusableRenderView#8b4b3), HitTestEntry<HitTestTarget>#51209(<AutomatedTestWidgetsFlutterBinding>))
#0      WidgetController._getElementPoint (package:flutter_test/src/controller.dart:2144:25)
#1      WidgetController.getCenter (package:flutter_test/src/controller.dart:1928:12)
#2      WidgetController.tap (package:flutter_test/src/controller.dart:1061:7)
#3      main.<anonymous closure> (file:///C:/Users/User/.codex/worktrees/hadayah-wave4v2-integration/Streamer_app/project/test/map_tricity_widgets_test.dart:158:26)
<asynchronous suspension>
#4      testWidgets.<anonymous closure>.<anonymous closure> (package:flutter_test/src/widget_tester.dart:192:15)
<asynchronous suspension>
#5      TestWidgetsFlutterBinding._runTestBody (package:flutter_test/src/binding.dart:1682:5)
<asynchronous suspension>
#6      StackZoneSpecification._registerCallback.<anonymous closure> (package:stack_trace/src/stack_zone_specification.dart:114:42)
<asynchronous suspension>
To silence this warning, pass "warnIfMissed: false" to "tap()".
To make this warning fatal, set WidgetController.hitTestWarningShouldBeFatal to true.

══╡ EXCEPTION CAUGHT BY FLUTTER TEST FRAMEWORK ╞════════════════════════════════════════════════════
The following TestFailure was thrown running a test:
Expected: exactly one matching candidate
  Actual: _TypeWidgetFinder:<Found 0 widgets with type "MarkerSummaryCard": []>
   Which: means none were found but one was expected

When the exception was thrown, this was the stack:
#4      main.<anonymous closure> (file:///C:/Users/User/.codex/worktrees/hadayah-wave4v2-integration/Streamer_app/project/test/map_tricity_widgets_test.dart:161:13)
<asynchronous suspension>
#5      testWidgets.<anonymous closure>.<anonymous closure> (package:flutter_test/src/widget_tester.dart:192:15)
<asynchronous suspension>
#6      TestWidgetsFlutterBinding._runTestBody (package:flutter_test/src/binding.dart:1682:5)
<asynchronous suspension>
<asynchronous suspension>
(elided one frame from package:stack_trace)

This was caught by the test expectation on the following line:
  file:///C:/Users/User/.codex/worktrees/hadayah-wave4v2-integration/Streamer_app/project/test/map_tricity_widgets_test.dart line 161
The test description was:
  selected card en width=320.0 text=2.0 BroadcastType.offline
════════════════════════════════════════════════════════════════════════════════════════════════════
00:02 +0 -1: selected card en width=320.0 text=2.0 BroadcastType.offline [E]
  Test failed. See exception logs above.
  The test description was: selected card en width=320.0 text=2.0 BroadcastType.offline
  
Warning: At least one test in this suite creates an HttpClient. When running a test suite that uses
TestWidgetsFlutterBinding, all HTTP requests will return status code 400, and no network request
will actually be made. Any test expecting a real network connection and status code will fail.
To test code that needs an HttpClient, provide your own HttpClient implementation to the code under
test, so that your test can consistently provide a testable response to the code under test.
00:02 +0 -1: selected card en width=320.0 text=2.0 BroadcastType.liveVideo
Realtime public streamer subscription failed: 'package:supabase_flutter/src/supabase.dart': Failed assertion: line 45 pos 7: '_instance._isInitialized': You must initialize the supabase instance before calling Supabase.instance
Realtime academic_categories subscription failed: 'package:supabase_flutter/src/supabase.dart': Failed assertion: line 45 pos 7: '_instance._isInitialized': You must initialize the supabase instance before calling Supabase.instance
Supabase auth listener not attached (Supabase not initialized?): 'package:supabase_flutter/src/supabase.dart': Failed assertion: line 45 pos 7: '_instance._isInitialized': You must initialize the supabase instance before calling Supabase.instance
loadVerifiedStreamersFromBackend failed: Bad state: Backend unavailable
_refreshAcademicCategories failed: Bad state: Backend unavailable
[90m[🌎 Easy Localization] [DEBUG] Start[0m
[90m[🌎 Easy Localization] [DEBUG] Init state[0m
[32m[🌎 Easy Localization] [INFO] Start locale loaded en[0m
[90m[🌎 Easy Localization] [DEBUG] Build[0m
[90m[🌎 Easy Localization] [DEBUG] Init Localization Delegate[0m
[90m[🌎 Easy Localization] [DEBUG] Init provider[0m
[90m[🌎 Easy Localization] [DEBUG] Load Localization Delegate[0m
[90m[🌎 Easy Localization] [DEBUG] Build[0m
[90m[🌎 Easy Localization] [DEBUG] Init Localization Delegate[0m
[90m[🌎 Easy Localization] [DEBUG] Init provider[0m
══╡ EXCEPTION CAUGHT BY RENDERING LIBRARY ╞═════════════════════════════════════════════════════════
The following assertion was thrown during performLayout():
Trailing widget consumes the entire tile width (including ListTile.contentPadding).
Either resize the tile width so that the trailing widget plus any content padding do not exceed the
tile width, or use a sized widget, or consider replacing ListTile with a custom widget.
See also: https://api.flutter.dev/flutter/material/ListTile-class.html#material.ListTile.4

The relevant error-causing widget was:
  ListTile
  ListTile:file:///C:/Users/User/.codex/worktrees/hadayah-wave4v2-integration/Streamer_app/project/lib/features/map/presentation/widgets/top_spatial_search_bar.dart:241:24

When the exception was thrown, this was the stack:
#0      _RenderListTile._computeSizes.<anonymous closure> (package:flutter/src/material/list_tile.dart:1533:7)
#1      _RenderListTile._computeSizes (package:flutter/src/material/list_tile.dart:1546:6)
#2      _RenderListTile.performLayout (package:flutter/src/material/list_tile.dart:1666:27)
#3      RenderObject.layout (package:flutter/src/rendering/object.dart:2768:7)
#4      RenderPadding.performLayout (package:flutter/src/rendering/shifted_box.dart:262:12)
#5      RenderObject.layout (package:flutter/src/rendering/object.dart:2768:7)
#6      RenderPadding.performLayout (package:flutter/src/rendering/shifted_box.dart:262:12)
#7      RenderObject.layout (package:flutter/src/rendering/object.dart:2768:7)
#8      RenderProxyBoxMixin.performLayout (package:flutter/src/rendering/proxy_box.dart:118:18)
#9      RenderObject.layout (package:flutter/src/rendering/object.dart:2768:7)
#10     RenderProxyBoxMixin.performLayout (package:flutter/src/rendering/proxy_box.dart:118:18)
#11     RenderObject.layout (package:flutter/src/rendering/object.dart:2768:7)
#12     RenderProxyBoxMixin.performLayout (package:flutter/src/rendering/proxy_box.dart:118:18)
#13     RenderObject.layout (package:flutter/src/rendering/object.dart:2768:7)
#14     RenderProxyBoxMixin.performLayout (package:flutter/src/rendering/proxy_box.dart:118:18)
#15     RenderObject.layout (package:flutter/src/rendering/object.dart:2768:7)
#16     RenderProxyBoxMixin.performLayout (package:flutter/src/rendering/proxy_box.dart:118:18)
#17     RenderObject.layout (package:flutter/src/rendering/object.dart:2768:7)
#18     RenderProxyBoxMixin.performLayout (package:flutter/src/rendering/proxy_box.dart:118:18)
#19     RenderObject.layout (package:flutter/src/rendering/object.dart:2768:7)
#20     RenderProxyBoxMixin.performLayout (package:flutter/src/rendering/proxy_box.dart:118:18)
#21     RenderObject.layout (package:flutter/src/rendering/object.dart:2768:7)
#22     RenderSliverList.performLayout (package:flutter/src/rendering/sliver_list.dart:209:28)
#23     RenderObject.layout (package:flutter/src/rendering/object.dart:2768:7)
#24     RenderSliverEdgeInsetsPadding.performLayout (package:flutter/src/rendering/sliver_padding.dart:133:12)
#25     RenderSliverPadding.performLayout (package:flutter/src/rendering/sliver_padding.dart:368:11)
#26     RenderObject.layout (package:flutter/src/rendering/object.dart:2768:7)
#27     RenderViewportBase.layoutChildSequence (package:flutter/src/rendering/viewport.dart:673:13)
#28     RenderShrinkWrappingViewport._attemptLayout (package:flutter/src/rendering/viewport.dart:2010:12)
#29     RenderShrinkWrappingViewport.performLayout (package:flutter/src/rendering/viewport.dart:1964:20)
#30     RenderObject.layout (package:flutter/src/rendering/object.dart:2768:7)
#31     RenderProxyBoxMixin.performLayout (package:flutter/src/rendering/proxy_box.dart:118:18)
#32     RenderObject.layout (package:flutter/src/rendering/object.dart:2768:7)
#33     RenderProxyBoxMixin.performLayout (package:flutter/src/rendering/proxy_box.dart:118:18)
#34     RenderObject.layout (package:flutter/src/rendering/object.dart:2768:7)
#35     RenderProxyBoxMixin.performLayout (package:flutter/src/rendering/proxy_box.dart:118:18)
#36     RenderObject.layout (package:flutter/src/rendering/object.dart:2768:7)
#37     RenderProxyBoxMixin.performLayout (package:flutter/src/rendering/proxy_box.dart:118:18)
#38     RenderObject.layout (package:flutter/src/rendering/object.dart:2768:7)
#39     RenderProxyBoxMixin.performLayout (package:flutter/src/rendering/proxy_box.dart:118:18)
#40     RenderObject.layout (package:flutter/src/rendering/object.dart:2768:7)
#41     RenderProxyBoxMixin.performLayout (package:flutter/src/rendering/proxy_box.dart:118:18)
#42     RenderObject.layout (package:flutter/src/rendering/object.dart:2768:7)
#43     RenderProxyBoxMixin.performLayout (package:flutter/src/rendering/proxy_box.dart:118:18)
#44     RenderObject.layout (package:flutter/src/rendering/object.dart:2768:7)
#45     RenderProxyBoxMixin.performLayout (package:flutter/src/rendering/proxy_box.dart:118:18)
#46     _RenderCustomClip.performLayout (package:flutter/src/rendering/proxy_box.dart:1549:11)
#47     RenderObject.layout (package:flutter/src/rendering/object.dart:2768:7)
#48     RenderPadding.performLayout (package:flutter/src/rendering/shifted_box.dart:262:12)
#49     RenderObject.layout (package:flutter/src/rendering/object.dart:2768:7)
#50     RenderProxyBoxMixin.performLayout (package:flutter/src/rendering/proxy_box.dart:118:18)
#51     RenderObject.layout (package:flutter/src/rendering/object.dart:2768:7)
#52     RenderConstrainedBox.performLayout (package:flutter/src/rendering/proxy_box.dart:296:14)
#53     RenderObject.layout (package:flutter/src/rendering/object.dart:2768:7)
#54     RenderPadding.performLayout (package:flutter/src/rendering/shifted_box.dart:262:12)
#55     RenderObject.layout (package:flutter/src/rendering/object.dart:2768:7)
#56     ChildLayoutHelper.layoutChild (package:flutter/src/rendering/layout_helper.dart:62:11)
#57     RenderFlex._computeSizes (package:flutter/src/rendering/flex.dart:1237:28)
#58     RenderFlex.performLayout (package:flutter/src/rendering/flex.dart:1329:32)
#59     RenderObject.layout (package:flutter/src/rendering/object.dart:2768:7)
#60     ChildLayoutHelper.layoutChild (package:flutter/src/rendering/layout_helper.dart:62:11)
#61     RenderFlex._computeSizes (package:flutter/src/rendering/flex.dart:1275:26)
#62     RenderFlex.performLayout (package:flutter/src/rendering/flex.dart:1329:32)
#63     RenderObject.layout (package:flutter/src/rendering/object.dart:2768:7)
#64     ChildLayoutHelper.layoutChild (package:flutter/src/rendering/layout_helper.dart:62:11)
#65     RenderFlex._computeSizes (package:flutter/src/rendering/flex.dart:1237:28)
#66     RenderFlex.performLayout (package:flutter/src/rendering/flex.dart:1329:32)
#67     RenderObject.layout (package:flutter/src/rendering/object.dart:2768:7)
#68     RenderPadding.performLayout (package:flutter/src/rendering/shifted_box.dart:262:12)
#69     RenderObject.layout (package:flutter/src/rendering/object.dart:2768:7)
#70     RenderPadding.performLayout (package:flutter/src/rendering/shifted_box.dart:262:12)
#71     RenderObject.layout (package:flutter/src/rendering/object.dart:2768:7)
#72     RenderStack.layoutPositionedChild (package:flutter/src/rendering/stack.dart:549:11)
#73     RenderStack.performLayout (package:flutter/src/rendering/stack.dart:691:13)
#74     RenderObject.layout (package:flutter/src/rendering/object.dart:2768:7)
#75     _RenderLayoutBuilder.performLayout (package:flutter/src/widgets/layout_builder.dart:449:14)
#76     RenderObject.layout (package:flutter/src/rendering/object.dart:2768:7)
#77     ChildLayoutHelper.layoutChild (package:flutter/src/rendering/layout_helper.dart:62:11)
#78     RenderFlex._computeSizes (package:flutter/src/rendering/flex.dart:1275:26)
#79     RenderFlex.performLayout (package:flutter/src/rendering/flex.dart:1329:32)
#80     RenderObject.layout (package:flutter/src/rendering/object.dart:2768:7)
#81     MultiChildLayoutDelegate.layoutChild (package:flutter/src/rendering/custom_layout.dart:180:12)
#82     _ScaffoldLayout.performLayout (package:flutter/src/material/scaffold.dart:1111:7)
#83     MultiChildLayoutDelegate._callPerformLayout (package:flutter/src/rendering/custom_layout.dart:246:7)
#84     RenderCustomMultiChildLayoutBox.performLayout (package:flutter/src/rendering/custom_layout.dart:417:14)
#85     RenderObject._layoutWithoutResize (package:flutter/src/rendering/object.dart:2616:7)
#86     PipelineOwner.flushLayout (package:flutter/src/rendering/object.dart:1174:18)
#87     PipelineOwner.flushLayout (package:flutter/src/rendering/object.dart:1187:15)
#88     AutomatedTestWidgetsFlutterBinding.drawFrame (package:flutter_test/src/binding.dart:2133:27)
#89     RendererBinding._handlePersistentFrameCallback (package:flutter/src/rendering/binding.dart:495:5)
#90     SchedulerBinding._invokeFrameCallback (package:flutter/src/scheduler/binding.dart:1430:15)
#91     SchedulerBinding.handleDrawFrame (package:flutter/src/scheduler/binding.dart:1345:9)
#92     AutomatedTestWidgetsFlutterBinding.pump.<anonymous closure> (package:flutter_test/src/binding.dart:1960:9)
#95     TestAsyncUtils.guard (package:flutter_test/src/test_async_utils.dart:74:41)
#96     AutomatedTestWidgetsFlutterBinding.pump (package:flutter_test/src/binding.dart:1949:27)
#97     WidgetTester.pump.<anonymous closure> (package:flutter_test/src/widget_tester.dart:652:53)
#100    TestAsyncUtils.guard (package:flutter_test/src/test_async_utils.dart:74:41)
#101    WidgetTester.pump (package:flutter_test/src/widget_tester.dart:652:27)
#102    main.<anonymous closure> (file:///C:/Users/User/.codex/worktrees/hadayah-wave4v2-integration/Streamer_app/project/test/map_tricity_widgets_test.dart:156:26)
<asynchronous suspension>
#103    testWidgets.<anonymous closure>.<anonymous closure> (package:flutter_test/src/widget_tester.dart:192:15)
<asynchronous suspension>
#104    TestWidgetsFlutterBinding._runTestBody (package:flutter_test/src/binding.dart:1682:5)
<asynchronous suspension>
<asynchronous suspension>
(elided 5 frames from dart:async and package:stack_trace)

The following RenderObject was being processed when the exception was fired: _RenderListTile#2418e relayoutBoundary=up33 NEEDS-PAINT NEEDS-COMPOSITING-BITS-UPDATE:
  creator: _ListTile ← IconButtonTheme ← IconTheme ← Builder ← MediaQuery ← Padding ← SafeArea ←
    Builder ← Padding-[GlobalKey#c1435] ← Ink ← Semantics ← Listener ← ⋯
  parentData: offset=Offset(16.0, 0.0) (can use size)
  constraints: BoxConstraints(w=78.0, 0.0<=h<=Infinity)
  size: MISSING
This RenderObject had the following descendants (showing up to depth 5):
    leading: RenderDecoratedBox#b5e7d relayoutBoundary=up34 NEEDS-PAINT NEEDS-COMPOSITING-BITS-UPDATE
      child: RenderPadding#8bcb8 relayoutBoundary=up35 NEEDS-PAINT NEEDS-COMPOSITING-BITS-UPDATE
        child: RenderSemanticsAnnotations#69fa0 relayoutBoundary=up36 NEEDS-PAINT NEEDS-COMPOSITING-BITS-UPDATE
          child: RenderExcludeSemantics#95783 relayoutBoundary=up37 NEEDS-PAINT NEEDS-COMPOSITING-BITS-UPDATE
            child: RenderConstrainedBox#34f37 relayoutBoundary=up38 NEEDS-PAINT NEEDS-COMPOSITING-BITS-UPDATE
    title: RenderParagraph#a0122 NEEDS-LAYOUT NEEDS-PAINT
      text: TextSpan
    subtitle: RenderParagraph#5b265 NEEDS-LAYOUT NEEDS-PAINT
      text: TextSpan
    trailing: RenderDecoratedBox#a7109 relayoutBoundary=up34 NEEDS-PAINT NEEDS-COMPOSITING-BITS-UPDATE
      child: RenderPadding#820de relayoutBoundary=up35 NEEDS-PAINT NEEDS-COMPOSITING-BITS-UPDATE
        child: RenderParagraph#1577c relayoutBoundary=up36 NEEDS-PAINT
          text: TextSpan
════════════════════════════════════════════════════════════════════════════════════════════════════
══╡ EXCEPTION CAUGHT BY RENDERING LIBRARY ╞═════════════════════════════════════════════════════════
The following assertion was thrown during performLayout():
RenderBox was not laid out: _RenderListTile#2418e relayoutBoundary=up33 NEEDS-PAINT
NEEDS-COMPOSITING-BITS-UPDATE
'package:flutter/src/rendering/box.dart':
Failed assertion: line 2251 pos 12: 'hasSize'

Either the assertion indicates an error in the framework itself, or we should provide substantially
more information in this error message to help you determine and fix the underlying cause.
In either case, please report this assertion by filing a bug on GitHub:
  https://github.com/flutter/flutter/issues/new?template=02_bug.yml

The relevant error-causing widget was:
  ListTile
  ListTile:file:///C:/Users/User/.codex/worktrees/hadayah-wave4v2-integration/Streamer_app/project/lib/features/map/presentation/widgets/top_spatial_search_bar.dart:241:24

When the exception was thrown, this was the stack:
#2      RenderBox.size (package:flutter/src/rendering/box.dart:2251:12)
#3      RenderPadding.performLayout (package:flutter/src/rendering/shifted_box.dart:266:40)
#4      RenderObject.layout (package:flutter/src/rendering/object.dart:2768:7)
#5      RenderPadding.performLayout (package:flutter/src/rendering/shifted_box.dart:262:12)
#6      RenderObject.layout (package:flutter/src/rendering/object.dart:2768:7)
#7      RenderProxyBoxMixin.performLayout (package:flutter/src/rendering/proxy_box.dart:118:18)
#8      RenderObject.layout (package:flutter/src/rendering/object.dart:2768:7)
#9      RenderProxyBoxMixin.performLayout (package:flutter/src/rendering/proxy_box.dart:118:18)
#10     RenderObject.layout (package:flutter/src/rendering/object.dart:2768:7)
#11     RenderProxyBoxMixin.performLayout (package:flutter/src/rendering/proxy_box.dart:118:18)
#12     RenderObject.layout (package:flutter/src/rendering/object.dart:2768:7)
#13     RenderProxyBoxMixin.performLayout (package:flutter/src/rendering/proxy_box.dart:118:18)
#14     RenderObject.layout (package:flutter/src/rendering/object.dart:2768:7)
#15     RenderProxyBoxMixin.performLayout (package:flutter/src/rendering/proxy_box.dart:118:18)
#16     RenderObject.layout (package:flutter/src/rendering/object.dart:2768:7)
#17     RenderProxyBoxMixin.performLayout (package:flutter/src/rendering/proxy_box.dart:118:18)
#18     RenderObject.layout (package:flutter/src/rendering/object.dart:2768:7)
#19     RenderProxyBoxMixin.performLayout (package:flutter/src/rendering/proxy_box.dart:118:18)
#20     RenderObject.layout (package:flutter/src/rendering/object.dart:2768:7)
#21     RenderSliverList.performLayout (package:flutter/src/rendering/sliver_list.dart:209:28)
#22     RenderObject.layout (package:flutter/src/rendering/object.dart:2768:7)
#23     RenderSliverEdgeInsetsPadding.performLayout (package:flutter/src/rendering/sliver_padding.dart:133:12)
#24     RenderSliverPadding.performLayout (package:flutter/src/rendering/sliver_padding.dart:368:11)
#25     RenderObject.layout (package:flutter/src/rendering/object.dart:2768:7)
#26     RenderViewportBase.layoutChildSequence (package:flutter/src/rendering/viewport.dart:673:13)
#27     RenderShrinkWrappingViewport._attemptLayout (package:flutter/src/rendering/viewport.dart:2010:12)
#28     RenderShrinkWrappingViewport.performLayout (package:flutter/src/rendering/viewport.dart:1964:20)
#29     RenderObject.layout (package:flutter/src/rendering/object.dart:2768:7)
#30     RenderProxyBoxMixin.performLayout (package:flutter/src/rendering/proxy_box.dart:118:18)
#31     RenderObject.layout (package:flutter/src/rendering/object.dart:2768:7)
#32     RenderProxyBoxMixin.performLayout (package:flutter/src/rendering/proxy_box.dart:118:18)
#33     RenderObject.layout (package:flutter/src/rendering/object.dart:2768:7)
#34     RenderProxyBoxMixin.performLayout (package:flutter/src/rendering/proxy_box.dart:118:18)
#35     RenderObject.layout (package:flutter/src/rendering/object.dart:2768:7)
#36     RenderProxyBoxMixin.performLayout (package:flutter/src/rendering/proxy_box.dart:118:18)
#37     RenderObject.layout (package:flutter/src/rendering/object.dart:2768:7)
#38     RenderProxyBoxMixin.performLayout (package:flutter/src/rendering/proxy_box.dart:118:18)
#39     RenderObject.layout (package:flutter/src/rendering/object.dart:2768:7)
#40     RenderProxyBoxMixin.performLayout (package:flutter/src/rendering/proxy_box.dart:118:18)
#41     RenderObject.layout (package:flutter/src/rendering/object.dart:2768:7)
#42     RenderProxyBoxMixin.performLayout (package:flutter/src/rendering/proxy_box.dart:118:18)
#43     RenderObject.layout (package:flutter/src/rendering/object.dart:2768:7)
#44     RenderProxyBoxMixin.performLayout (package:flutter/src/rendering/proxy_box.dart:118:18)
#45     _RenderCustomClip.performLayout (package:flutter/src/rendering/proxy_box.dart:1549:11)
#46     RenderObject.layout (package:flutter/src/rendering/object.dart:2768:7)
#47     RenderPadding.performLayout (package:flutter/src/rendering/shifted_box.dart:262:12)
#48     RenderObject.layout (package:flutter/src/rendering/object.dart:2768:7)
#49     RenderProxyBoxMixin.performLayout (package:flutter/src/rendering/proxy_box.dart:118:18)
#50     RenderObject.layout (package:flutter/src/rendering/object.dart:2768:7)
#51     RenderConstrainedBox.performLayout (package:flutter/src/rendering/proxy_box.dart:296:14)
#52     RenderObject.layout (package:flutter/src/rendering/object.dart:2768:7)
#53     RenderPadding.performLayout (package:flutter/src/rendering/shifted_box.dart:262:12)
#54     RenderObject.layout (package:flutter/src/rendering/object.dart:2768:7)
#55     ChildLayoutHelper.layoutChild (package:flutter/src/rendering/layout_helper.dart:62:11)
#56     RenderFlex._computeSizes (package:flutter/src/rendering/flex.dart:1237:28)
#57     RenderFlex.performLayout (package:flutter/src/rendering/flex.dart:1329:32)
#58     RenderObject.layout (package:flutter/src/rendering/object.dart:2768:7)
#59     ChildLayoutHelper.layoutChild (package:flutter/src/rendering/layout_helper.dart:62:11)
#60     RenderFlex._computeSizes (package:flutter/src/rendering/flex.dart:1275:26)
#61     RenderFlex.performLayout (package:flutter/src/rendering/flex.dart:1329:32)
#62     RenderObject.layout (package:flutter/src/rendering/object.dart:2768:7)
#63     ChildLayoutHelper.layoutChild (package:flutter/src/rendering/layout_helper.dart:62:11)
#64     RenderFlex._computeSizes (package:flutter/src/rendering/flex.dart:1237:28)
#65     RenderFlex.performLayout (package:flutter/src/rendering/flex.dart:1329:32)
#66     RenderObject.layout (package:flutter/src/rendering/object.dart:2768:7)
#67     RenderPadding.performLayout (package:flutter/src/rendering/shifted_box.dart:262:12)
#68     RenderObject.layout (package:flutter/src/rendering/object.dart:2768:7)
#69     RenderPadding.performLayout (package:flutter/src/rendering/shifted_box.dart:262:12)
#70     RenderObject.layout (package:flutter/src/rendering/object.dart:2768:7)
#71     RenderStack.layoutPositionedChild (package:flutter/src/rendering/stack.dart:549:11)
#72     RenderStack.performLayout (package:flutter/src/rendering/stack.dart:691:13)
#73     RenderObject.layout (package:flutter/src/rendering/object.dart:2768:7)
#74     _RenderLayoutBuilder.performLayout (package:flutter/src/widgets/layout_builder.dart:449:14)
#75     RenderObject.layout (package:flutter/src/rendering/object.dart:2768:7)
#76     ChildLayoutHelper.layoutChild (package:flutter/src/rendering/layout_helper.dart:62:11)
#77     RenderFlex._computeSizes (package:flutter/src/rendering/flex.dart:1275:26)
#78     RenderFlex.performLayout (package:flutter/src/rendering/flex.dart:1329:32)
#79     RenderObject.layout (package:flutter/src/rendering/object.dart:2768:7)
#80     MultiChildLayoutDelegate.layoutChild (package:flutter/src/rendering/custom_layout.dart:180:12)
#81     _ScaffoldLayout.performLayout (package:flutter/src/material/scaffold.dart:1111:7)
#82     MultiChildLayoutDelegate._callPerformLayout (package:flutter/src/rendering/custom_layout.dart:246:7)
#83     RenderCustomMultiChildLayoutBox.performLayout (package:flutter/src/rendering/custom_layout.dart:417:14)
#84     RenderObject._layoutWithoutResize (package:flutter/src/rendering/object.dart:2616:7)
#85     PipelineOwner.flushLayout (package:flutter/src/rendering/object.dart:1174:18)
#86     PipelineOwner.flushLayout (package:flutter/src/rendering/object.dart:1187:15)
#87     AutomatedTestWidgetsFlutterBinding.drawFrame (package:flutter_test/src/binding.dart:2133:27)
#88     RendererBinding._handlePersistentFrameCallback (package:flutter/src/rendering/binding.dart:495:5)
#89     SchedulerBinding._invokeFrameCallback (package:flutter/src/scheduler/binding.dart:1430:15)
#90     SchedulerBinding.handleDrawFrame (package:flutter/src/scheduler/binding.dart:1345:9)
#91     AutomatedTestWidgetsFlutterBinding.pump.<anonymous closure> (package:flutter_test/src/binding.dart:1960:9)
#94     TestAsyncUtils.guard (package:flutter_test/src/test_async_utils.dart:74:41)
#95     AutomatedTestWidgetsFlutterBinding.pump (package:flutter_test/src/binding.dart:1949:27)
#96     WidgetTester.pump.<anonymous closure> (package:flutter_test/src/widget_tester.dart:652:53)
#99     TestAsyncUtils.guard (package:flutter_test/src/test_async_utils.dart:74:41)
#100    WidgetTester.pump (package:flutter_test/src/widget_tester.dart:652:27)
#101    main.<anonymous closure> (file:///C:/Users/User/.codex/worktrees/hadayah-wave4v2-integration/Streamer_app/project/test/map_tricity_widgets_test.dart:156:26)
<asynchronous suspension>
#102    testWidgets.<anonymous closure>.<anonymous closure> (package:flutter_test/src/widget_tester.dart:192:15)
<asynchronous suspension>
#103    TestWidgetsFlutterBinding._runTestBody (package:flutter_test/src/binding.dart:1682:5)
<asynchronous suspension>
<asynchronous suspension>
(elided 7 frames from class _AssertionError, dart:async, and package:stack_trace)

The following RenderObject was being processed when the exception was fired: RenderPadding#6baaa relayoutBoundary=up32 NEEDS-LAYOUT NEEDS-PAINT NEEDS-COMPOSITING-BITS-UPDATE:
  creator: Padding ← SafeArea ← Builder ← Padding-[GlobalKey#c1435] ← Ink ← Semantics ← Listener ←
    RawGestureDetector ← GestureDetector ← Semantics ← DefaultSelectionStyle ← Builder ← ⋯
  parentData: offset=Offset(0.0, 0.0) (can use size)
  constraints: BoxConstraints(w=118.0, 0.0<=h<=Infinity)
  size: MISSING
  padding: EdgeInsets(16.0, 0.0, 24.0, 0.0)
  textDirection: ltr
This RenderObject had the following descendants (showing up to depth 5):
    child: _RenderListTile#2418e relayoutBoundary=up33 NEEDS-PAINT NEEDS-COMPOSITING-BITS-UPDATE
      leading: RenderDecoratedBox#b5e7d relayoutBoundary=up34 NEEDS-PAINT NEEDS-COMPOSITING-BITS-UPDATE
        child: RenderPadding#8bcb8 relayoutBoundary=up35 NEEDS-PAINT NEEDS-COMPOSITING-BITS-UPDATE
          child: RenderSemanticsAnnotations#69fa0 relayoutBoundary=up36 NEEDS-PAINT NEEDS-COMPOSITING-BITS-UPDATE
            child: RenderExcludeSemantics#95783 relayoutBoundary=up37 NEEDS-PAINT NEEDS-COMPOSITING-BITS-UPDATE
      title: RenderParagraph#a0122 NEEDS-LAYOUT NEEDS-PAINT
        text: TextSpan
      subtitle: RenderParagraph#5b265 NEEDS-LAYOUT NEEDS-PAINT
        text: TextSpan
      trailing: RenderDecoratedBox#a7109 relayoutBoundary=up34 NEEDS-PAINT NEEDS-COMPOSITING-BITS-UPDATE
        child: RenderPadding#820de relayoutBoundary=up35 NEEDS-PAINT NEEDS-COMPOSITING-BITS-UPDATE
          child: RenderParagraph#1577c relayoutBoundary=up36 NEEDS-PAINT
            text: TextSpan
════════════════════════════════════════════════════════════════════════════════════════════════════
══╡ EXCEPTION CAUGHT BY RENDERING LIBRARY ╞═════════════════════════════════════════════════════════
The following assertion was thrown during performLayout():
RenderBox was not laid out: RenderPadding#6baaa relayoutBoundary=up32 NEEDS-PAINT
NEEDS-COMPOSITING-BITS-UPDATE
'package:flutter/src/rendering/box.dart':
Failed assertion: line 2251 pos 12: 'hasSize'

Either the assertion indicates an error in the framework itself, or we should provide substantially
more information in this error message to help you determine and fix the underlying cause.
In either case, please report this assertion by filing a bug on GitHub:
  https://github.com/flutter/flutter/issues/new?template=02_bug.yml

The relevant error-causing widget was:
  ListTile
  ListTile:file:///C:/Users/User/.codex/worktrees/hadayah-wave4v2-integration/Streamer_app/project/lib/features/map/presentation/widgets/top_spatial_search_bar.dart:241:24

When the exception was thrown, this was the stack:
#2      RenderBox.size (package:flutter/src/rendering/box.dart:2251:12)
#3      RenderPadding.performLayout (package:flutter/src/rendering/shifted_box.dart:266:40)
#4      RenderObject.layout (package:flutter/src/rendering/object.dart:2768:7)
#5      RenderProxyBoxMixin.performLayout (package:flutter/src/rendering/proxy_box.dart:118:18)
#6      RenderObject.layout (package:flutter/src/rendering/object.dart:2768:7)
#7      RenderProxyBoxMixin.performLayout (package:flutter/src/rendering/proxy_box.dart:118:18)
#8      RenderObject.layout (package:flutter/src/rendering/object.dart:2768:7)
#9      RenderProxyBoxMixin.performLayout (package:flutter/src/rendering/proxy_box.dart:118:18)
#10     RenderObject.layout (package:flutter/src/rendering/object.dart:2768:7)
#11     RenderProxyBoxMixin.performLayout (package:flutter/src/rendering/proxy_box.dart:118:18)
#12     RenderObject.layout (package:flutter/src/rendering/object.dart:2768:7)
#13     RenderProxyBoxMixin.performLayout (package:flutter/src/rendering/proxy_box.dart:118:18)
#14     RenderObject.layout (package:flutter/src/rendering/object.dart:2768:7)
#15     RenderProxyBoxMixin.performLayout (package:flutter/src/rendering/proxy_box.dart:118:18)
#16     RenderObject.layout (package:flutter/src/rendering/object.dart:2768:7)
#17     RenderProxyBoxMixin.performLayout (package:flutter/src/rendering/proxy_box.dart:118:18)
#18     RenderObject.layout (package:flutter/src/rendering/object.dart:2768:7)
#19     RenderSliverList.performLayout (package:flutter/src/rendering/sliver_list.dart:209:28)
#20     RenderObject.layout (package:flutter/src/rendering/object.dart:2768:7)
#21     RenderSliverEdgeInsetsPadding.performLayout (package:flutter/src/rendering/sliver_padding.dart:133:12)
#22     RenderSliverPadding.performLayout (package:flutter/src/rendering/sliver_padding.dart:368:11)
#23     RenderObject.layout (package:flutter/src/rendering/object.dart:2768:7)
#24     RenderViewportBase.layoutChildSequence (package:flutter/src/rendering/viewport.dart:673:13)
#25     RenderShrinkWrappingViewport._attemptLayout (package:flutter/src/rendering/viewport.dart:2010:12)
#26     RenderShrinkWrappingViewport.performLayout (package:flutter/src/rendering/viewport.dart:1964:20)
#27     RenderObject.layout (package:flutter/src/rendering/object.dart:2768:7)
#28     RenderProxyBoxMixin.performLayout (package:flutter/src/rendering/proxy_box.dart:118:18)
#29     RenderObject.layout (package:flutter/src/rendering/object.dart:2768:7)
#30     RenderProxyBoxMixin.performLayout (package:flutter/src/rendering/proxy_box.dart:118:18)
#31     RenderObject.layout (package:flutter/src/rendering/object.dart:2768:7)
#32     RenderProxyBoxMixin.performLayout (package:flutter/src/rendering/proxy_box.dart:118:18)
#33     RenderObject.layout (package:flutter/src/rendering/object.dart:2768:7)
#34     RenderProxyBoxMixin.performLayout (package:flutter/src/rendering/proxy_box.dart:118:18)
#35     RenderObject.layout (package:flutter/src/rendering/object.dart:2768:7)
#36     RenderProxyBoxMixin.performLayout (package:flutter/src/rendering/proxy_box.dart:118:18)
#37     RenderObject.layout (package:flutter/src/rendering/object.dart:2768:7)
#38     RenderProxyBoxMixin.performLayout (package:flutter/src/rendering/proxy_box.dart:118:18)
#39     RenderObject.layout (package:flutter/src/rendering/object.dart:2768:7)
#40     RenderProxyBoxMixin.performLayout (package:flutter/src/rendering/proxy_box.dart:118:18)
#41     RenderObject.layout (package:flutter/src/rendering/object.dart:2768:7)
#42     RenderProxyBoxMixin.performLayout (package:flutter/src/rendering/proxy_box.dart:118:18)
#43     _RenderCustomClip.performLayout (package:flutter/src/rendering/proxy_box.dart:1549:11)
#44     RenderObject.layout (package:flutter/src/rendering/object.dart:2768:7)
#45     RenderPadding.performLayout (package:flutter/src/rendering/shifted_box.dart:262:12)
#46     RenderObject.layout (package:flutter/src/rendering/object.dart:2768:7)
#47     RenderProxyBoxMixin.performLayout (package:flutter/src/rendering/proxy_box.dart:118:18)
#48     RenderObject.layout (package:flutter/src/rendering/object.dart:2768:7)
#49     RenderConstrainedBox.performLayout (package:flutter/src/rendering/proxy_box.dart:296:14)
#50     RenderObject.layout (package:flutter/src/rendering/object.dart:2768:7)
#51     RenderPadding.performLayout (package:flutter/src/rendering/shifted_box.dart:262:12)
#52     RenderObject.layout (package:flutter/src/rendering/object.dart:2768:7)
#53     ChildLayoutHelper.layoutChild (package:flutter/src/rendering/layout_helper.dart:62:11)
#54     RenderFlex._computeSizes (package:flutter/src/rendering/flex.dart:1237:28)
#55     RenderFlex.performLayout (package:flutter/src/rendering/flex.dart:1329:32)
#56     RenderObject.layout (package:flutter/src/rendering/object.dart:2768:7)
#57     ChildLayoutHelper.layoutChild (package:flutter/src/rendering/layout_helper.dart:62:11)
#58     RenderFlex._computeSizes (package:flutter/src/rendering/flex.dart:1275:26)
#59     RenderFlex.performLayout (package:flutter/src/rendering/flex.dart:1329:32)
#60     RenderObject.layout (package:flutter/src/rendering/object.dart:2768:7)
#61     ChildLayoutHelper.layoutChild (package:flutter/src/rendering/layout_helper.dart:62:11)
#62     RenderFlex._computeSizes (package:flutter/src/rendering/flex.dart:1237:28)
#63     RenderFlex.performLayout (package:flutter/src/rendering/flex.dart:1329:32)
#64     RenderObject.layout (package:flutter/src/rendering/object.dart:2768:7)
#65     RenderPadding.performLayout (package:flutter/src/rendering/shifted_box.dart:262:12)
#66     RenderObject.layout (package:flutter/src/rendering/object.dart:2768:7)
#67     RenderPadding.performLayout (package:flutter/src/rendering/shifted_box.dart:262:12)
#68     RenderObject.layout (package:flutter/src/rendering/object.dart:2768:7)
#69     RenderStack.layoutPositionedChild (package:flutter/src/rendering/stack.dart:549:11)
#70     RenderStack.performLayout (package:flutter/src/rendering/stack.dart:691:13)
#71     RenderObject.layout (package:flutter/src/rendering/object.dart:2768:7)
#72     _RenderLayoutBuilder.performLayout (package:flutter/src/widgets/layout_builder.dart:449:14)
#73     RenderObject.layout (package:flutter/src/rendering/object.dart:2768:7)
#74     ChildLayoutHelper.layoutChild (package:flutter/src/rendering/layout_helper.dart:62:11)
#75     RenderFlex._computeSizes (package:flutter/src/rendering/flex.dart:1275:26)
#76     RenderFlex.performLayout (package:flutter/src/rendering/flex.dart:1329:32)
#77     RenderObject.layout (package:flutter/src/rendering/object.dart:2768:7)
#78     MultiChildLayoutDelegate.layoutChild (package:flutter/src/rendering/custom_layout.dart:180:12)
#79     _ScaffoldLayout.performLayout (package:flutter/src/material/scaffold.dart:1111:7)
#80     MultiChildLayoutDelegate._callPerformLayout (package:flutter/src/rendering/custom_layout.dart:246:7)
#81     RenderCustomMultiChildLayoutBox.performLayout (package:flutter/src/rendering/custom_layout.dart:417:14)
#82     RenderObject._layoutWithoutResize (package:flutter/src/rendering/object.dart:2616:7)
#83     PipelineOwner.flushLayout (package:flutter/src/rendering/object.dart:1174:18)
#84     PipelineOwner.flushLayout (package:flutter/src/rendering/object.dart:1187:15)
#85     AutomatedTestWidgetsFlutterBinding.drawFrame (package:flutter_test/src/binding.dart:2133:27)
#86     RendererBinding._handlePersistentFrameCallback (package:flutter/src/rendering/binding.dart:495:5)
#87     SchedulerBinding._invokeFrameCallback (package:flutter/src/scheduler/binding.dart:1430:15)
#88     SchedulerBinding.handleDrawFrame (package:flutter/src/scheduler/binding.dart:1345:9)
#89     AutomatedTestWidgetsFlutterBinding.pump.<anonymous closure> (package:flutter_test/src/binding.dart:1960:9)
#92     TestAsyncUtils.guard (package:flutter_test/src/test_async_utils.dart:74:41)
#93     AutomatedTestWidgetsFlutterBinding.pump (package:flutter_test/src/binding.dart:1949:27)
#94     WidgetTester.pump.<anonymous closure> (package:flutter_test/src/widget_tester.dart:652:53)
#97     TestAsyncUtils.guard (package:flutter_test/src/test_async_utils.dart:74:41)
#98     WidgetTester.pump (package:flutter_test/src/widget_tester.dart:652:27)
#99     main.<anonymous closure> (file:///C:/Users/User/.codex/worktrees/hadayah-wave4v2-integration/Streamer_app/project/test/map_tricity_widgets_test.dart:156:26)
<asynchronous suspension>
#100    testWidgets.<anonymous closure>.<anonymous closure> (package:flutter_test/src/widget_tester.dart:192:15)
<asynchronous suspension>
#101    TestWidgetsFlutterBinding._runTestBody (package:flutter_test/src/binding.dart:1682:5)
<asynchronous suspension>
<asynchronous suspension>
(elided 7 frames from class _AssertionError, dart:async, and package:stack_trace)

The following RenderObject was being processed when the exception was fired: RenderPadding#f8d04 relayoutBoundary=up31 NEEDS-LAYOUT NEEDS-PAINT NEEDS-COMPOSITING-BITS-UPDATE:
  creator: Padding-[GlobalKey#c1435] ← Ink ← Semantics ← Listener ← RawGestureDetector ←
    GestureDetector ← Semantics ← DefaultSelectionStyle ← Builder ← MouseRegion ← Semantics ←
    _FocusInheritedScope ← ⋯
  parentData: <none> (can use size)
  constraints: BoxConstraints(w=118.0, 0.0<=h<=Infinity)
  size: MISSING
  padding: EdgeInsets.zero
  textDirection: ltr
This RenderObject had the following descendants (showing up to depth 5):
    child: RenderPadding#6baaa relayoutBoundary=up32 NEEDS-PAINT NEEDS-COMPOSITING-BITS-UPDATE
      child: _RenderListTile#2418e relayoutBoundary=up33 NEEDS-PAINT NEEDS-COMPOSITING-BITS-UPDATE
        leading: RenderDecoratedBox#b5e7d relayoutBoundary=up34 NEEDS-PAINT NEEDS-COMPOSITING-BITS-UPDATE
          child: RenderPadding#8bcb8 relayoutBoundary=up35 NEEDS-PAINT NEEDS-COMPOSITING-BITS-UPDATE
            child: RenderSemanticsAnnotations#69fa0 relayoutBoundary=up36 NEEDS-PAINT NEEDS-COMPOSITING-BITS-UPDATE
        title: RenderParagraph#a0122 NEEDS-LAYOUT NEEDS-PAINT
          text: TextSpan
        subtitle: RenderParagraph#5b265 NEEDS-LAYOUT NEEDS-PAINT
          text: TextSpan
        trailing: RenderDecoratedBox#a7109 relayoutBoundary=up34 NEEDS-PAINT NEEDS-COMPOSITING-BITS-UPDATE
          child: RenderPadding#820de relayoutBoundary=up35 NEEDS-PAINT NEEDS-COMPOSITING-BITS-UPDATE
            child: RenderParagraph#1577c relayoutBoundary=up36 NEEDS-PAINT
════════════════════════════════════════════════════════════════════════════════════════════════════
══╡ EXCEPTION CAUGHT BY RENDERING LIBRARY ╞═════════════════════════════════════════════════════════
The following assertion was thrown during performLayout():
RenderBox was not laid out: RenderPadding#f8d04 relayoutBoundary=up31 NEEDS-PAINT
NEEDS-COMPOSITING-BITS-UPDATE
'package:flutter/src/rendering/box.dart':
Failed assertion: line 2251 pos 12: 'hasSize'

Either the assertion indicates an error in the framework itself, or we should provide substantially
more information in this error message to help you determine and fix the underlying cause.
In either case, please report this assertion by filing a bug on GitHub:
  https://github.com/flutter/flutter/issues/new?template=02_bug.yml

The relevant error-causing widget was:
  ListTile
  ListTile:file:///C:/Users/User/.codex/worktrees/hadayah-wave4v2-integration/Streamer_app/project/lib/features/map/presentation/widgets/top_spatial_search_bar.dart:241:24

When the exception was thrown, this was the stack:
#2      RenderBox.size (package:flutter/src/rendering/box.dart:2251:12)
#3      RenderProxyBoxMixin.performLayout (package:flutter/src/rendering/proxy_box.dart:118:62)
#4      RenderObject.layout (package:flutter/src/rendering/object.dart:2768:7)
#5      RenderProxyBoxMixin.performLayout (package:flutter/src/rendering/proxy_box.dart:118:18)
#6      RenderObject.layout (package:flutter/src/rendering/object.dart:2768:7)
#7      RenderProxyBoxMixin.performLayout (package:flutter/src/rendering/proxy_box.dart:118:18)
#8      RenderObject.layout (package:flutter/src/rendering/object.dart:2768:7)
#9      RenderProxyBoxMixin.performLayout (package:flutter/src/rendering/proxy_box.dart:118:18)
#10     RenderObject.layout (package:flutter/src/rendering/object.dart:2768:7)
#11     RenderProxyBoxMixin.performLayout (package:flutter/src/rendering/proxy_box.dart:118:18)
#12     RenderObject.layout (package:flutter/src/rendering/object.dart:2768:7)
#13     RenderProxyBoxMixin.performLayout (package:flutter/src/rendering/proxy_box.dart:118:18)
#14     RenderObject.layout (package:flutter/src/rendering/object.dart:2768:7)
#15     RenderProxyBoxMixin.performLayout (package:flutter/src/rendering/proxy_box.dart:118:18)
#16     RenderObject.layout (package:flutter/src/rendering/object.dart:2768:7)
#17     RenderSliverList.performLayout (package:flutter/src/rendering/sliver_list.dart:209:28)
#18     RenderObject.layout (package:flutter/src/rendering/object.dart:2768:7)
#19     RenderSliverEdgeInsetsPadding.performLayout (package:flutter/src/rendering/sliver_padding.dart:133:12)
#20     RenderSliverPadding.performLayout (package:flutter/src/rendering/sliver_padding.dart:368:11)
#21     RenderObject.layout (package:flutter/src/rendering/object.dart:2768:7)
#22     RenderViewportBase.layoutChildSequence (package:flutter/src/rendering/viewport.dart:673:13)
#23     RenderShrinkWrappingViewport._attemptLayout (package:flutter/src/rendering/viewport.dart:2010:12)
#24     RenderShrinkWrappingViewport.performLayout (package:flutter/src/rendering/viewport.dart:1964:20)
#25     RenderObject.layout (package:flutter/src/rendering/object.dart:2768:7)
#26     RenderProxyBoxMixin.performLayout (package:flutter/src/rendering/proxy_box.dart:118:18)
#27     RenderObject.layout (package:flutter/src/rendering/object.dart:2768:7)
#28     RenderProxyBoxMixin.performLayout (package:flutter/src/rendering/proxy_box.dart:118:18)
#29     RenderObject.layout (package:flutter/src/rendering/object.dart:2768:7)
#30     RenderProxyBoxMixin.performLayout (package:flutter/src/rendering/proxy_box.dart:118:18)
#31     RenderObject.layout (package:flutter/src/rendering/object.dart:2768:7)
#32     RenderProxyBoxMixin.performLayout (package:flutter/src/rendering/proxy_box.dart:118:18)
#33     RenderObject.layout (package:flutter/src/rendering/object.dart:2768:7)
#34     RenderProxyBoxMixin.performLayout (package:flutter/src/rendering/proxy_box.dart:118:18)
#35     RenderObject.layout (package:flutter/src/rendering/object.dart:2768:7)
#36     RenderProxyBoxMixin.performLayout (package:flutter/src/rendering/proxy_box.dart:118:18)
#37     RenderObject.layout (package:flutter/src/rendering/object.dart:2768:7)
#38     RenderProxyBoxMixin.performLayout (package:flutter/src/rendering/proxy_box.dart:118:18)
#39     RenderObject.layout (package:flutter/src/rendering/object.dart:2768:7)
#40     RenderProxyBoxMixin.performLayout (package:flutter/src/rendering/proxy_box.dart:118:18)
#41     _RenderCustomClip.performLayout (package:flutter/src/rendering/proxy_box.dart:1549:11)
#42     RenderObject.layout (package:flutter/src/rendering/object.dart:2768:7)
#43     RenderPadding.performLayout (package:flutter/src/rendering/shifted_box.dart:262:12)
#44     RenderObject.layout (package:flutter/src/rendering/object.dart:2768:7)
#45     RenderProxyBoxMixin.performLayout (package:flutter/src/rendering/proxy_box.dart:118:18)
#46     RenderObject.layout (package:flutter/src/rendering/object.dart:2768:7)
#47     RenderConstrainedBox.performLayout (package:flutter/src/rendering/proxy_box.dart:296:14)
#48     RenderObject.layout (package:flutter/src/rendering/object.dart:2768:7)
#49     RenderPadding.performLayout (package:flutter/src/rendering/shifted_box.dart:262:12)
#50     RenderObject.layout (package:flutter/src/rendering/object.dart:2768:7)
#51     ChildLayoutHelper.layoutChild (package:flutter/src/rendering/layout_helper.dart:62:11)
#52     RenderFlex._computeSizes (package:flutter/src/rendering/flex.dart:1237:28)
#53     RenderFlex.performLayout (package:flutter/src/rendering/flex.dart:1329:32)
#54     RenderObject.layout (package:flutter/src/rendering/object.dart:2768:7)
#55     ChildLayoutHelper.layoutChild (package:flutter/src/rendering/layout_helper.dart:62:11)
#56     RenderFlex._computeSizes (package:flutter/src/rendering/flex.dart:1275:26)
#57     RenderFlex.performLayout (package:flutter/src/rendering/flex.dart:1329:32)
#58     RenderObject.layout (package:flutter/src/rendering/object.dart:2768:7)
#59     ChildLayoutHelper.layoutChild (package:flutter/src/rendering/layout_helper.dart:62:11)
#60     RenderFlex._computeSizes (package:flutter/src/rendering/flex.dart:1237:28)
#61     RenderFlex.performLayout (package:flutter/src/rendering/flex.dart:1329:32)
#62     RenderObject.layout (package:flutter/src/rendering/object.dart:2768:7)
#63     RenderPadding.performLayout (package:flutter/src/rendering/shifted_box.dart:262:12)
#64     RenderObject.layout (package:flutter/src/rendering/object.dart:2768:7)
#65     RenderPadding.performLayout (package:flutter/src/rendering/shifted_box.dart:262:12)
#66     RenderObject.layout (package:flutter/src/rendering/object.dart:2768:7)
#67     RenderStack.layoutPositionedChild (package:flutter/src/rendering/stack.dart:549:11)
#68     RenderStack.performLayout (package:flutter/src/rendering/stack.dart:691:13)
#69     RenderObject.layout (package:flutter/src/rendering/object.dart:2768:7)
#70     _RenderLayoutBuilder.performLayout (package:flutter/src/widgets/layout_builder.dart:449:14)
#71     RenderObject.layout (package:flutter/src/rendering/object.dart:2768:7)
#72     ChildLayoutHelper.layoutChild (package:flutter/src/rendering/layout_helper.dart:62:11)
#73     RenderFlex._computeSizes (package:flutter/src/rendering/flex.dart:1275:26)
#74     RenderFlex.performLayout (package:flutter/src/rendering/flex.dart:1329:32)
#75     RenderObject.layout (package:flutter/src/rendering/object.dart:2768:7)
#76     MultiChildLayoutDelegate.layoutChild (package:flutter/src/rendering/custom_layout.dart:180:12)
#77     _ScaffoldLayout.performLayout (package:flutter/src/material/scaffold.dart:1111:7)
#78     MultiChildLayoutDelegate._callPerformLayout (package:flutter/src/rendering/custom_layout.dart:246:7)
#79     RenderCustomMultiChildLayoutBox.performLayout (package:flutter/src/rendering/custom_layout.dart:417:14)
#80     RenderObject._layoutWithoutResize (package:flutter/src/rendering/object.dart:2616:7)
#81     PipelineOwner.flushLayout (package:flutter/src/rendering/object.dart:1174:18)
#82     PipelineOwner.flushLayout (package:flutter/src/rendering/object.dart:1187:15)
#83     AutomatedTestWidgetsFlutterBinding.drawFrame (package:flutter_test/src/binding.dart:2133:27)
#84     RendererBinding._handlePersistentFrameCallback (package:flutter/src/rendering/binding.dart:495:5)
#85     SchedulerBinding._invokeFrameCallback (package:flutter/src/scheduler/binding.dart:1430:15)
#86     SchedulerBinding.handleDrawFrame (package:flutter/src/scheduler/binding.dart:1345:9)
#87     AutomatedTestWidgetsFlutterBinding.pump.<anonymous closure> (package:flutter_test/src/binding.dart:1960:9)
#90     TestAsyncUtils.guard (package:flutter_test/src/test_async_utils.dart:74:41)
#91     AutomatedTestWidgetsFlutterBinding.pump (package:flutter_test/src/binding.dart:1949:27)
#92     WidgetTester.pump.<anonymous closure> (package:flutter_test/src/widget_tester.dart:652:53)
#95     TestAsyncUtils.guard (package:flutter_test/src/test_async_utils.dart:74:41)
#96     WidgetTester.pump (package:flutter_test/src/widget_tester.dart:652:27)
#97     main.<anonymous closure> (file:///C:/Users/User/.codex/worktrees/hadayah-wave4v2-integration/Streamer_app/project/test/map_tricity_widgets_test.dart:156:26)
<asynchronous suspension>
#98     testWidgets.<anonymous closure>.<anonymous closure> (package:flutter_test/src/widget_tester.dart:192:15)
<asynchronous suspension>
#99     TestWidgetsFlutterBinding._runTestBody (package:flutter_test/src/binding.dart:1682:5)
<asynchronous suspension>
<asynchronous suspension>
(elided 7 frames from class _AssertionError, dart:async, and package:stack_trace)

The following RenderObject was being processed when the exception was fired: RenderSemanticsAnnotations#c6e0b relayoutBoundary=up30 NEEDS-LAYOUT NEEDS-PAINT NEEDS-COMPOSITING-BITS-UPDATE:
  creator: Semantics ← Listener ← RawGestureDetector ← GestureDetector ← Semantics ←
    DefaultSelectionStyle ← Builder ← MouseRegion ← Semantics ← _FocusInheritedScope ← Focus ←
    _ActionsScope ← ⋯
  parentData: <none> (can use size)
  constraints: BoxConstraints(w=118.0, 0.0<=h<=Infinity)
  size: MISSING
This RenderObject had the following descendants (showing up to depth 5):
    child: RenderPadding#f8d04 relayoutBoundary=up31 NEEDS-PAINT NEEDS-COMPOSITING-BITS-UPDATE
      child: RenderPadding#6baaa relayoutBoundary=up32 NEEDS-PAINT NEEDS-COMPOSITING-BITS-UPDATE
        child: _RenderListTile#2418e relayoutBoundary=up33 NEEDS-PAINT NEEDS-COMPOSITING-BITS-UPDATE
          leading: RenderDecoratedBox#b5e7d relayoutBoundary=up34 NEEDS-PAINT NEEDS-COMPOSITING-BITS-UPDATE
            child: RenderPadding#8bcb8 relayoutBoundary=up35 NEEDS-PAINT NEEDS-COMPOSITING-BITS-UPDATE
          title: RenderParagraph#a0122 NEEDS-LAYOUT NEEDS-PAINT
            text: TextSpan
          subtitle: RenderParagraph#5b265 NEEDS-LAYOUT NEEDS-PAINT
            text: TextSpan
          trailing: RenderDecoratedBox#a7109 relayoutBoundary=up34 NEEDS-PAINT NEEDS-COMPOSITING-BITS-UPDATE
            child: RenderPadding#820de relayoutBoundary=up35 NEEDS-PAINT NEEDS-COMPOSITING-BITS-UPDATE
════════════════════════════════════════════════════════════════════════════════════════════════════
══╡ EXCEPTION CAUGHT BY RENDERING LIBRARY ╞═════════════════════════════════════════════════════════
The following assertion was thrown during performLayout():
RenderBox was not laid out: RenderSemanticsAnnotations#c6e0b relayoutBoundary=up30 NEEDS-PAINT
NEEDS-COMPOSITING-BITS-UPDATE
'package:flutter/src/rendering/box.dart':
Failed assertion: line 2251 pos 12: 'hasSize'

Either the assertion indicates an error in the framework itself, or we should provide substantially
more information in this error message to help you determine and fix the underlying cause.
In either case, please report this assertion by filing a bug on GitHub:
  https://github.com/flutter/flutter/issues/new?template=02_bug.yml

The relevant error-causing widget was:
  ListTile
  ListTile:file:///C:/Users/User/.codex/worktrees/hadayah-wave4v2-integration/Streamer_app/project/lib/features/map/presentation/widgets/top_spatial_search_bar.dart:241:24

When the exception was thrown, this was the stack:
#2      RenderBox.size (package:flutter/src/rendering/box.dart:2251:12)
#3      RenderProxyBoxMixin.performLayout (package:flutter/src/rendering/proxy_box.dart:118:62)
#4      RenderObject.layout (package:flutter/src/rendering/object.dart:2768:7)
#5      RenderProxyBoxMixin.performLayout (package:flutter/src/rendering/proxy_box.dart:118:18)
#6      RenderObject.layout (package:flutter/src/rendering/object.dart:2768:7)
#7      RenderProxyBoxMixin.performLayout (package:flutter/src/rendering/proxy_box.dart:118:18)
#8      RenderObject.layout (package:flutter/src/rendering/object.dart:2768:7)
#9      RenderProxyBoxMixin.performLayout (package:flutter/src/rendering/proxy_box.dart:118:18)
#10     RenderObject.layout (package:flutter/src/rendering/object.dart:2768:7)
#11     RenderProxyBoxMixin.performLayout (package:flutter/src/rendering/proxy_box.dart:118:18)
#12     RenderObject.layout (package:flutter/src/rendering/object.dart:2768:7)
#13     RenderProxyBoxMixin.performLayout (package:flutter/src/rendering/proxy_box.dart:118:18)
#14     RenderObject.layout (package:flutter/src/rendering/object.dart:2768:7)
#15     RenderSliverList.performLayout (package:flutter/src/rendering/sliver_list.dart:209:28)
#16     RenderObject.layout (package:flutter/src/rendering/object.dart:2768:7)
#17     RenderSliverEdgeInsetsPadding.performLayout (package:flutter/src/rendering/sliver_padding.dart:133:12)
#18     RenderSliverPadding.performLayout (package:flutter/src/rendering/sliver_padding.dart:368:11)
#19     RenderObject.layout (package:flutter/src/rendering/object.dart:2768:7)
#20     RenderViewportBase.layoutChildSequence (package:flutter/src/rendering/viewport.dart:673:13)
#21     RenderShrinkWrappingViewport._attemptLayout (package:flutter/src/rendering/viewport.dart:2010:12)
#22     RenderShrinkWrappingViewport.performLayout (package:flutter/src/rendering/viewport.dart:1964:20)
#23     RenderObject.layout (package:flutter/src/rendering/object.dart:2768:7)
#24     RenderProxyBoxMixin.performLayout (package:flutter/src/rendering/proxy_box.dart:118:18)
#25     RenderObject.layout (package:flutter/src/rendering/object.dart:2768:7)
#26     RenderProxyBoxMixin.performLayout (package:flutter/src/rendering/proxy_box.dart:118:18)
#27     RenderObject.layout (package:flutter/src/rendering/object.dart:2768:7)
#28     RenderProxyBoxMixin.performLayout (package:flutter/src/rendering/proxy_box.dart:118:18)
#29     RenderObject.layout (package:flutter/src/rendering/object.dart:2768:7)
#30     RenderProxyBoxMixin.performLayout (package:flutter/src/rendering/proxy_box.dart:118:18)
#31     RenderObject.layout (package:flutter/src/rendering/object.dart:2768:7)
#32     RenderProxyBoxMixin.performLayout (package:flutter/src/rendering/proxy_box.dart:118:18)
#33     RenderObject.layout (package:flutter/src/rendering/object.dart:2768:7)
#34     RenderProxyBoxMixin.performLayout (package:flutter/src/rendering/proxy_box.dart:118:18)
#35     RenderObject.layout (package:flutter/src/rendering/object.dart:2768:7)
#36     RenderProxyBoxMixin.performLayout (package:flutter/src/rendering/proxy_box.dart:118:18)
#37     RenderObject.layout (package:flutter/src/rendering/object.dart:2768:7)
#38     RenderProxyBoxMixin.performLayout (package:flutter/src/rendering/proxy_box.dart:118:18)
#39     _RenderCustomClip.performLayout (package:flutter/src/rendering/proxy_box.dart:1549:11)
#40     RenderObject.layout (package:flutter/src/rendering/object.dart:2768:7)
#41     RenderPadding.performLayout (package:flutter/src/rendering/shifted_box.dart:262:12)
#42     RenderObject.layout (package:flutter/src/rendering/object.dart:2768:7)
#43     RenderProxyBoxMixin.performLayout (package:flutter/src/rendering/proxy_box.dart:118:18)
#44     RenderObject.layout (package:flutter/src/rendering/object.dart:2768:7)
#45     RenderConstrainedBox.performLayout (package:flutter/src/rendering/proxy_box.dart:296:14)
#46     RenderObject.layout (package:flutter/src/rendering/object.dart:2768:7)
#47     RenderPadding.performLayout (package:flutter/src/rendering/shifted_box.dart:262:12)
#48     RenderObject.layout (package:flutter/src/rendering/object.dart:2768:7)
#49     ChildLayoutHelper.layoutChild (package:flutter/src/rendering/layout_helper.dart:62:11)
#50     RenderFlex._computeSizes (package:flutter/src/rendering/flex.dart:1237:28)
#51     RenderFlex.performLayout (package:flutter/src/rendering/flex.dart:1329:32)
#52     RenderObject.layout (package:flutter/src/rendering/object.dart:2768:7)
#53     ChildLayoutHelper.layoutChild (package:flutter/src/rendering/layout_helper.dart:62:11)
#54     RenderFlex._computeSizes (package:flutter/src/rendering/flex.dart:1275:26)
#55     RenderFlex.performLayout (package:flutter/src/rendering/flex.dart:1329:32)
#56     RenderObject.layout (package:flutter/src/rendering/object.dart:2768:7)
#57     ChildLayoutHelper.layoutChild (package:flutter/src/rendering/layout_helper.dart:62:11)
#58     RenderFlex._computeSizes (package:flutter/src/rendering/flex.dart:1237:28)
#59     RenderFlex.performLayout (package:flutter/src/rendering/flex.dart:1329:32)
#60     RenderObject.layout (package:flutter/src/rendering/object.dart:2768:7)
#61     RenderPadding.performLayout (package:flutter/src/rendering/shifted_box.dart:262:12)
#62     RenderObject.layout (package:flutter/src/rendering/object.dart:2768:7)
#63     RenderPadding.performLayout (package:flutter/src/rendering/shifted_box.dart:262:12)
#64     RenderObject.layout (package:flutter/src/rendering/object.dart:2768:7)
#65     RenderStack.layoutPositionedChild (package:flutter/src/rendering/stack.dart:549:11)
#66     RenderStack.performLayout (package:flutter/src/rendering/stack.dart:691:13)
#67     RenderObject.layout (package:flutter/src/rendering/object.dart:2768:7)
#68     _RenderLayoutBuilder.performLayout (package:flutter/src/widgets/layout_builder.dart:449:14)
#69     RenderObject.layout (package:flutter/src/rendering/object.dart:2768:7)
#70     ChildLayoutHelper.layoutChild (package:flutter/src/rendering/layout_helper.dart:62:11)
#71     RenderFlex._computeSizes (package:flutter/src/rendering/flex.dart:1275:26)
#72     RenderFlex.performLayout (package:flutter/src/rendering/flex.dart:1329:32)
#73     RenderObject.layout (package:flutter/src/rendering/object.dart:2768:7)
#74     MultiChildLayoutDelegate.layoutChild (package:flutter/src/rendering/custom_layout.dart:180:12)
#75     _ScaffoldLayout.performLayout (package:flutter/src/material/scaffold.dart:1111:7)
#76     MultiChildLayoutDelegate._callPerformLayout (package:flutter/src/rendering/custom_layout.dart:246:7)
#77     RenderCustomMultiChildLayoutBox.performLayout (package:flutter/src/rendering/custom_layout.dart:417:14)
#78     RenderObject._layoutWithoutResize (package:flutter/src/rendering/object.dart:2616:7)
#79     PipelineOwner.flushLayout (package:flutter/src/rendering/object.dart:1174:18)
#80     PipelineOwner.flushLayout (package:flutter/src/rendering/object.dart:1187:15)
#81     AutomatedTestWidgetsFlutterBinding.drawFrame (package:flutter_test/src/binding.dart:2133:27)
#82     RendererBinding._handlePersistentFrameCallback (package:flutter/src/rendering/binding.dart:495:5)
#83     SchedulerBinding._invokeFrameCallback (package:flutter/src/scheduler/binding.dart:1430:15)
#84     SchedulerBinding.handleDrawFrame (package:flutter/src/scheduler/binding.dart:1345:9)
#85     AutomatedTestWidgetsFlutterBinding.pump.<anonymous closure> (package:flutter_test/src/binding.dart:1960:9)
#88     TestAsyncUtils.guard (package:flutter_test/src/test_async_utils.dart:74:41)
#89     AutomatedTestWidgetsFlutterBinding.pump (package:flutter_test/src/binding.dart:1949:27)
#90     WidgetTester.pump.<anonymous closure> (package:flutter_test/src/widget_tester.dart:652:53)
#93     TestAsyncUtils.guard (package:flutter_test/src/test_async_utils.dart:74:41)
#94     WidgetTester.pump (package:flutter_test/src/widget_tester.dart:652:27)
#95     main.<anonymous closure> (file:///C:/Users/User/.codex/worktrees/hadayah-wave4v2-integration/Streamer_app/project/test/map_tricity_widgets_test.dart:156:26)
<asynchronous suspension>
#96     testWidgets.<anonymous closure>.<anonymous closure> (package:flutter_test/src/widget_tester.dart:192:15)
<asynchronous suspension>
#97     TestWidgetsFlutterBinding._runTestBody (package:flutter_test/src/binding.dart:1682:5)
<asynchronous suspension>
<asynchronous suspension>
(elided 7 frames from class _AssertionError, dart:async, and package:stack_trace)

The following RenderObject was being processed when the exception was fired: RenderPointerListener#f82b5 relayoutBoundary=up29 NEEDS-LAYOUT NEEDS-PAINT NEEDS-COMPOSITING-BITS-UPDATE:
  creator: Listener ← RawGestureDetector ← GestureDetector ← Semantics ← DefaultSelectionStyle ←
    Builder ← MouseRegion ← Semantics ← _FocusInheritedScope ← Focus ← _ActionsScope ← Actions ← ⋯
  parentData: <none> (can use size)
  constraints: BoxConstraints(w=118.0, 0.0<=h<=Infinity)
  size: MISSING
  behavior: opaque
  listeners: down, panZoomStart
This RenderObject had the following descendants (showing up to depth 5):
    child: RenderSemanticsAnnotations#c6e0b relayoutBoundary=up30 NEEDS-PAINT NEEDS-COMPOSITING-BITS-UPDATE
      child: RenderPadding#f8d04 relayoutBoundary=up31 NEEDS-PAINT NEEDS-COMPOSITING-BITS-UPDATE
        child: RenderPadding#6baaa relayoutBoundary=up32 NEEDS-PAINT NEEDS-COMPOSITING-BITS-UPDATE
          child: _RenderListTile#2418e relayoutBoundary=up33 NEEDS-PAINT NEEDS-COMPOSITING-BITS-UPDATE
            leading: RenderDecoratedBox#b5e7d relayoutBoundary=up34 NEEDS-PAINT NEEDS-COMPOSITING-BITS-UPDATE
            title: RenderParagraph#a0122 NEEDS-LAYOUT NEEDS-PAINT
            subtitle: RenderParagraph#5b265 NEEDS-LAYOUT NEEDS-PAINT
            trailing: RenderDecoratedBox#a7109 relayoutBoundary=up34 NEEDS-PAINT NEEDS-COMPOSITING-BITS-UPDATE
════════════════════════════════════════════════════════════════════════════════════════════════════
══╡ EXCEPTION CAUGHT BY RENDERING LIBRARY ╞═════════════════════════════════════════════════════════
The following assertion was thrown during performLayout():
RenderBox was not laid out: RenderPointerListener#f82b5 relayoutBoundary=up29 NEEDS-PAINT
NEEDS-COMPOSITING-BITS-UPDATE
'package:flutter/src/rendering/box.dart':
Failed assertion: line 2251 pos 12: 'hasSize'

Either the assertion indicates an error in the framework itself, or we should provide substantially
more information in this error message to help you determine and fix the underlying cause.
In either case, please report this assertion by filing a bug on GitHub:
  https://github.com/flutter/flutter/issues/new?template=02_bug.yml

The relevant error-causing widget was:
  ListTile
  ListTile:file:///C:/Users/User/.codex/worktrees/hadayah-wave4v2-integration/Streamer_app/project/lib/features/map/presentation/widgets/top_spatial_search_bar.dart:241:24

When the exception was thrown, this was the stack:
#2      RenderBox.size (package:flutter/src/rendering/box.dart:2251:12)
#3      RenderProxyBoxMixin.performLayout (package:flutter/src/rendering/proxy_box.dart:118:62)
#4      RenderObject.layout (package:flutter/src/rendering/object.dart:2768:7)
#5      RenderProxyBoxMixin.performLayout (package:flutter/src/rendering/proxy_box.dart:118:18)
#6      RenderObject.layout (package:flutter/src/rendering/object.dart:2768:7)
#7      RenderProxyBoxMixin.performLayout (package:flutter/src/rendering/proxy_box.dart:118:18)
#8      RenderObject.layout (package:flutter/src/rendering/object.dart:2768:7)
#9      RenderProxyBoxMixin.performLayout (package:flutter/src/rendering/proxy_box.dart:118:18)
#10     RenderObject.layout (package:flutter/src/rendering/object.dart:2768:7)
#11     RenderProxyBoxMixin.performLayout (package:flutter/src/rendering/proxy_box.dart:118:18)
#12     RenderObject.layout (package:flutter/src/rendering/object.dart:2768:7)
#13     RenderSliverList.performLayout (package:flutter/src/rendering/sliver_list.dart:209:28)
#14     RenderObject.layout (package:flutter/src/rendering/object.dart:2768:7)
#15     RenderSliverEdgeInsetsPadding.performLayout (package:flutter/src/rendering/sliver_padding.dart:133:12)
#16     RenderSliverPadding.performLayout (package:flutter/src/rendering/sliver_padding.dart:368:11)
#17     RenderObject.layout (package:flutter/src/rendering/object.dart:2768:7)
#18     RenderViewportBase.layoutChildSequence (package:flutter/src/rendering/viewport.dart:673:13)
#19     RenderShrinkWrappingViewport._attemptLayout (package:flutter/src/rendering/viewport.dart:2010:12)
#20     RenderShrinkWrappingViewport.performLayout (package:flutter/src/rendering/viewport.dart:1964:20)
#21     RenderObject.layout (package:flutter/src/rendering/object.dart:2768:7)
#22     RenderProxyBoxMixin.performLayout (package:flutter/src/rendering/proxy_box.dart:118:18)
#23     RenderObject.layout (package:flutter/src/rendering/object.dart:2768:7)
#24     RenderProxyBoxMixin.performLayout (package:flutter/src/rendering/proxy_box.dart:118:18)
#25     RenderObject.layout (package:flutter/src/rendering/object.dart:2768:7)
#26     RenderProxyBoxMixin.performLayout (package:flutter/src/rendering/proxy_box.dart:118:18)
#27     RenderObject.layout (package:flutter/src/rendering/object.dart:2768:7)
#28     RenderProxyBoxMixin.performLayout (package:flutter/src/rendering/proxy_box.dart:118:18)
#29     RenderObject.layout (package:flutter/src/rendering/object.dart:2768:7)
#30     RenderProxyBoxMixin.performLayout (package:flutter/src/rendering/proxy_box.dart:118:18)
#31     RenderObject.layout (package:flutter/src/rendering/object.dart:2768:7)
#32     RenderProxyBoxMixin.performLayout (package:flutter/src/rendering/proxy_box.dart:118:18)
#33     RenderObject.layout (package:flutter/src/rendering/object.dart:2768:7)
#34     RenderProxyBoxMixin.performLayout (package:flutter/src/rendering/proxy_box.dart:118:18)
#35     RenderObject.layout (package:flutter/src/rendering/object.dart:2768:7)
#36     RenderProxyBoxMixin.performLayout (package:flutter/src/rendering/proxy_box.dart:118:18)
#37     _RenderCustomClip.performLayout (package:flutter/src/rendering/proxy_box.dart:1549:11)
#38     RenderObject.layout (package:flutter/src/rendering/object.dart:2768:7)
#39     RenderPadding.performLayout (package:flutter/src/rendering/shifted_box.dart:262:12)
#40     RenderObject.layout (package:flutter/src/rendering/object.dart:2768:7)
#41     RenderProxyBoxMixin.performLayout (package:flutter/src/rendering/proxy_box.dart:118:18)
#42     RenderObject.layout (package:flutter/src/rendering/object.dart:2768:7)
#43     RenderConstrainedBox.performLayout (package:flutter/src/rendering/proxy_box.dart:296:14)
#44     RenderObject.layout (package:flutter/src/rendering/object.dart:2768:7)
#45     RenderPadding.performLayout (package:flutter/src/rendering/shifted_box.dart:262:12)
#46     RenderObject.layout (package:flutter/src/rendering/object.dart:2768:7)
#47     ChildLayoutHelper.layoutChild (package:flutter/src/rendering/layout_helper.dart:62:11)
#48     RenderFlex._computeSizes (package:flutter/src/rendering/flex.dart:1237:28)
#49     RenderFlex.performLayout (package:flutter/src/rendering/flex.dart:1329:32)
#50     RenderObject.layout (package:flutter/src/rendering/object.dart:2768:7)
#51     ChildLayoutHelper.layoutChild (package:flutter/src/rendering/layout_helper.dart:62:11)
#52     RenderFlex._computeSizes (package:flutter/src/rendering/flex.dart:1275:26)
#53     RenderFlex.performLayout (package:flutter/src/rendering/flex.dart:1329:32)
#54     RenderObject.layout (package:flutter/src/rendering/object.dart:2768:7)
#55     ChildLayoutHelper.layoutChild (package:flutter/src/rendering/layout_helper.dart:62:11)
#56     RenderFlex._computeSizes (package:flutter/src/rendering/flex.dart:1237:28)
#57     RenderFlex.performLayout (package:flutter/src/rendering/flex.dart:1329:32)
#58     RenderObject.layout (package:flutter/src/rendering/object.dart:2768:7)
#59     RenderPadding.performLayout (package:flutter/src/rendering/shifted_box.dart:262:12)
#60     RenderObject.layout (package:flutter/src/rendering/object.dart:2768:7)
#61     RenderPadding.performLayout (package:flutter/src/rendering/shifted_box.dart:262:12)
#62     RenderObject.layout (package:flutter/src/rendering/object.dart:2768:7)
#63     RenderStack.layoutPositionedChild (package:flutter/src/rendering/stack.dart:549:11)
#64     RenderStack.performLayout (package:flutter/src/rendering/stack.dart:691:13)
#65     RenderObject.layout (package:flutter/src/rendering/object.dart:2768:7)
#66     _RenderLayoutBuilder.performLayout (package:flutter/src/widgets/layout_builder.dart:449:14)
#67     RenderObject.layout (package:flutter/src/rendering/object.dart:2768:7)
#68     ChildLayoutHelper.layoutChild (package:flutter/src/rendering/layout_helper.dart:62:11)
#69     RenderFlex._computeSizes (package:flutter/src/rendering/flex.dart:1275:26)
#70     RenderFlex.performLayout (package:flutter/src/rendering/flex.dart:1329:32)
#71     RenderObject.layout (package:flutter/src/rendering/object.dart:2768:7)
#72     MultiChildLayoutDelegate.layoutChild (package:flutter/src/rendering/custom_layout.dart:180:12)
#73     _ScaffoldLayout.performLayout (package:flutter/src/material/scaffold.dart:1111:7)
#74     MultiChildLayoutDelegate._callPerformLayout (package:flutter/src/rendering/custom_layout.dart:246:7)
#75     RenderCustomMultiChildLayoutBox.performLayout (package:flutter/src/rendering/custom_layout.dart:417:14)
#76     RenderObject._layoutWithoutResize (package:flutter/src/rendering/object.dart:2616:7)
#77     PipelineOwner.flushLayout (package:flutter/src/rendering/object.dart:1174:18)
#78     PipelineOwner.flushLayout (package:flutter/src/rendering/object.dart:1187:15)
#79     AutomatedTestWidgetsFlutterBinding.drawFrame (package:flutter_test/src/binding.dart:2133:27)
#80     RendererBinding._handlePersistentFrameCallback (package:flutter/src/rendering/binding.dart:495:5)
#81     SchedulerBinding._invokeFrameCallback (package:flutter/src/scheduler/binding.dart:1430:15)
#82     SchedulerBinding.handleDrawFrame (package:flutter/src/scheduler/binding.dart:1345:9)
#83     AutomatedTestWidgetsFlutterBinding.pump.<anonymous closure> (package:flutter_test/src/binding.dart:1960:9)
#86     TestAsyncUtils.guard (package:flutter_test/src/test_async_utils.dart:74:41)
#87     AutomatedTestWidgetsFlutterBinding.pump (package:flutter_test/src/binding.dart:1949:27)
#88     WidgetTester.pump.<anonymous closure> (package:flutter_test/src/widget_tester.dart:652:53)
#91     TestAsyncUtils.guard (package:flutter_test/src/test_async_utils.dart:74:41)
#92     WidgetTester.pump (package:flutter_test/src/widget_tester.dart:652:27)
#93     main.<anonymous closure> (file:///C:/Users/User/.codex/worktrees/hadayah-wave4v2-integration/Streamer_app/project/test/map_tricity_widgets_test.dart:156:26)
<asynchronous suspension>
#94     testWidgets.<anonymous closure>.<anonymous closure> (package:flutter_test/src/widget_tester.dart:192:15)
<asynchronous suspension>
#95     TestWidgetsFlutterBinding._runTestBody (package:flutter_test/src/binding.dart:1682:5)
<asynchronous suspension>
<asynchronous suspension>
(elided 7 frames from class _AssertionError, dart:async, and package:stack_trace)

The following RenderObject was being processed when the exception was fired: RenderSemanticsAnnotations#61104 relayoutBoundary=up28 NEEDS-LAYOUT NEEDS-PAINT NEEDS-COMPOSITING-BITS-UPDATE:
  creator: Semantics ← DefaultSelectionStyle ← Builder ← MouseRegion ← Semantics ←
    _FocusInheritedScope ← Focus ← _ActionsScope ← Actions ← _ParentInkResponseProvider ←
    _InkResponseStateWidget ← InkWell ← ⋯
  parentData: <none> (can use size)
  constraints: BoxConstraints(w=118.0, 0.0<=h<=Infinity)
  size: MISSING
This RenderObject had the following descendants (showing up to depth 5):
    child: RenderPointerListener#f82b5 relayoutBoundary=up29 NEEDS-PAINT NEEDS-COMPOSITING-BITS-UPDATE
      child: RenderSemanticsAnnotations#c6e0b relayoutBoundary=up30 NEEDS-PAINT NEEDS-COMPOSITING-BITS-UPDATE
        child: RenderPadding#f8d04 relayoutBoundary=up31 NEEDS-PAINT NEEDS-COMPOSITING-BITS-UPDATE
          child: RenderPadding#6baaa relayoutBoundary=up32 NEEDS-PAINT NEEDS-COMPOSITING-BITS-UPDATE
            child: _RenderListTile#2418e relayoutBoundary=up33 NEEDS-PAINT NEEDS-COMPOSITING-BITS-UPDATE
════════════════════════════════════════════════════════════════════════════════════════════════════
══╡ EXCEPTION CAUGHT BY RENDERING LIBRARY ╞═════════════════════════════════════════════════════════
The following assertion was thrown during performLayout():
RenderBox was not laid out: RenderSemanticsAnnotations#61104 relayoutBoundary=up28 NEEDS-PAINT
NEEDS-COMPOSITING-BITS-UPDATE
'package:flutter/src/rendering/box.dart':
Failed assertion: line 2251 pos 12: 'hasSize'

Either the assertion indicates an error in the framework itself, or we should provide substantially
more information in this error message to help you determine and fix the underlying cause.
In either case, please report this assertion by filing a bug on GitHub:
  https://github.com/flutter/flutter/issues/new?template=02_bug.yml

The relevant error-causing widget was:
  ListTile
  ListTile:file:///C:/Users/User/.codex/worktrees/hadayah-wave4v2-integration/Streamer_app/project/lib/features/map/presentation/widgets/top_spatial_search_bar.dart:241:24

When the exception was thrown, this was the stack:
#2      RenderBox.size (package:flutter/src/rendering/box.dart:2251:12)
#3      RenderProxyBoxMixin.performLayout (package:flutter/src/rendering/proxy_box.dart:118:62)
#4      RenderObject.layout (package:flutter/src/rendering/object.dart:2768:7)
#5      RenderProxyBoxMixin.performLayout (package:flutter/src/rendering/proxy_box.dart:118:18)
#6      RenderObject.layout (package:flutter/src/rendering/object.dart:2768:7)
#7      RenderProxyBoxMixin.performLayout (package:flutter/src/rendering/proxy_box.dart:118:18)
#8      RenderObject.layout (package:flutter/src/rendering/object.dart:2768:7)
#9      RenderProxyBoxMixin.performLayout (package:flutter/src/rendering/proxy_box.dart:118:18)
#10     RenderObject.layout (package:flutter/src/rendering/object.dart:2768:7)
#11     RenderSliverList.performLayout (package:flutter/src/rendering/sliver_list.dart:209:28)
#12     RenderObject.layout (package:flutter/src/rendering/object.dart:2768:7)
#13     RenderSliverEdgeInsetsPadding.performLayout (package:flutter/src/rendering/sliver_padding.dart:133:12)
#14     RenderSliverPadding.performLayout (package:flutter/src/rendering/sliver_padding.dart:368:11)
#15     RenderObject.layout (package:flutter/src/rendering/object.dart:2768:7)
#16     RenderViewportBase.layoutChildSequence (package:flutter/src/rendering/viewport.dart:673:13)
#17     RenderShrinkWrappingViewport._attemptLayout (package:flutter/src/rendering/viewport.dart:2010:12)
#18     RenderShrinkWrappingViewport.performLayout (package:flutter/src/rendering/viewport.dart:1964:20)
#19     RenderObject.layout (package:flutter/src/rendering/object.dart:2768:7)
#20     RenderProxyBoxMixin.performLayout (package:flutter/src/rendering/proxy_box.dart:118:18)
#21     RenderObject.layout (package:flutter/src/rendering/object.dart:2768:7)
#22     RenderProxyBoxMixin.performLayout (package:flutter/src/rendering/proxy_box.dart:118:18)
#23     RenderObject.layout (package:flutter/src/rendering/object.dart:2768:7)
#24     RenderProxyBoxMixin.performLayout (package:flutter/src/rendering/proxy_box.dart:118:18)
#25     RenderObject.layout (package:flutter/src/rendering/object.dart:2768:7)
#26     RenderProxyBoxMixin.performLayout (package:flutter/src/rendering/proxy_box.dart:118:18)
#27     RenderObject.layout (package:flutter/src/rendering/object.dart:2768:7)
#28     RenderProxyBoxMixin.performLayout (package:flutter/src/rendering/proxy_box.dart:118:18)
#29     RenderObject.layout (package:flutter/src/rendering/object.dart:2768:7)
#30     RenderProxyBoxMixin.performLayout (package:flutter/src/rendering/proxy_box.dart:118:18)
#31     RenderObject.layout (package:flutter/src/rendering/object.dart:2768:7)
#32     RenderProxyBoxMixin.performLayout (package:flutter/src/rendering/proxy_box.dart:118:18)
#33     RenderObject.layout (package:flutter/src/rendering/object.dart:2768:7)
#34     RenderProxyBoxMixin.performLayout (package:flutter/src/rendering/proxy_box.dart:118:18)
#35     _RenderCustomClip.performLayout (package:flutter/src/rendering/proxy_box.dart:1549:11)
#36     RenderObject.layout (package:flutter/src/rendering/object.dart:2768:7)
#37     RenderPadding.performLayout (package:flutter/src/rendering/shifted_box.dart:262:12)
#38     RenderObject.layout (package:flutter/src/rendering/object.dart:2768:7)
#39     RenderProxyBoxMixin.performLayout (package:flutter/src/rendering/proxy_box.dart:118:18)
#40     RenderObject.layout (package:flutter/src/rendering/object.dart:2768:7)
#41     RenderConstrainedBox.performLayout (package:flutter/src/rendering/proxy_box.dart:296:14)
#42     RenderObject.layout (package:flutter/src/rendering/object.dart:2768:7)
#43     RenderPadding.performLayout (package:flutter/src/rendering/shifted_box.dart:262:12)
#44     RenderObject.layout (package:flutter/src/rendering/object.dart:2768:7)
#45     ChildLayoutHelper.layoutChild (package:flutter/src/rendering/layout_helper.dart:62:11)
#46     RenderFlex._computeSizes (package:flutter/src/rendering/flex.dart:1237:28)
#47     RenderFlex.performLayout (package:flutter/src/rendering/flex.dart:1329:32)
#48     RenderObject.layout (package:flutter/src/rendering/object.dart:2768:7)
#49     ChildLayoutHelper.layoutChild (package:flutter/src/rendering/layout_helper.dart:62:11)
#50     RenderFlex._computeSizes (package:flutter/src/rendering/flex.dart:1275:26)
#51     RenderFlex.performLayout (package:flutter/src/rendering/flex.dart:1329:32)
#52     RenderObject.layout (package:flutter/src/rendering/object.dart:2768:7)
#53     ChildLayoutHelper.layoutChild (package:flutter/src/rendering/layout_helper.dart:62:11)
#54     RenderFlex._computeSizes (package:flutter/src/rendering/flex.dart:1237:28)
#55     RenderFlex.performLayout (package:flutter/src/rendering/flex.dart:1329:32)
#56     RenderObject.layout (package:flutter/src/rendering/object.dart:2768:7)
#57     RenderPadding.performLayout (package:flutter/src/rendering/shifted_box.dart:262:12)
#58     RenderObject.layout (package:flutter/src/rendering/object.dart:2768:7)
#59     RenderPadding.performLayout (package:flutter/src/rendering/shifted_box.dart:262:12)
#60     RenderObject.layout (package:flutter/src/rendering/object.dart:2768:7)
#61     RenderStack.layoutPositionedChild (package:flutter/src/rendering/stack.dart:549:11)
#62     RenderStack.performLayout (package:flutter/src/rendering/stack.dart:691:13)
#63     RenderObject.layout (package:flutter/src/rendering/object.dart:2768:7)
#64     _RenderLayoutBuilder.performLayout (package:flutter/src/widgets/layout_builder.dart:449:14)
#65     RenderObject.layout (package:flutter/src/rendering/object.dart:2768:7)
#66     ChildLayoutHelper.layoutChild (package:flutter/src/rendering/layout_helper.dart:62:11)
#67     RenderFlex._computeSizes (package:flutter/src/rendering/flex.dart:1275:26)
#68     RenderFlex.performLayout (package:flutter/src/rendering/flex.dart:1329:32)
#69     RenderObject.layout (package:flutter/src/rendering/object.dart:2768:7)
#70     MultiChildLayoutDelegate.layoutChild (package:flutter/src/rendering/custom_layout.dart:180:12)
#71     _ScaffoldLayout.performLayout (package:flutter/src/material/scaffold.dart:1111:7)
#72     MultiChildLayoutDelegate._callPerformLayout (package:flutter/src/rendering/custom_layout.dart:246:7)
#73     RenderCustomMultiChildLayoutBox.performLayout (package:flutter/src/rendering/custom_layout.dart:417:14)
#74     RenderObject._layoutWithoutResize (package:flutter/src/rendering/object.dart:2616:7)
#75     PipelineOwner.flushLayout (package:flutter/src/rendering/object.dart:1174:18)
#76     PipelineOwner.flushLayout (package:flutter/src/rendering/object.dart:1187:15)
#77     AutomatedTestWidgetsFlutterBinding.drawFrame (package:flutter_test/src/binding.dart:2133:27)
#78     RendererBinding._handlePersistentFrameCallback (package:flutter/src/rendering/binding.dart:495:5)
#79     SchedulerBinding._invokeFrameCallback (package:flutter/src/scheduler/binding.dart:1430:15)
#80     SchedulerBinding.handleDrawFrame (package:flutter/src/scheduler/binding.dart:1345:9)
#81     AutomatedTestWidgetsFlutterBinding.pump.<anonymous closure> (package:flutter_test/src/binding.dart:1960:9)
#84     TestAsyncUtils.guard (package:flutter_test/src/test_async_utils.dart:74:41)
#85     AutomatedTestWidgetsFlutterBinding.pump (package:flutter_test/src/binding.dart:1949:27)
#86     WidgetTester.pump.<anonymous closure> (package:flutter_test/src/widget_tester.dart:652:53)
#89     TestAsyncUtils.guard (package:flutter_test/src/test_async_utils.dart:74:41)
#90     WidgetTester.pump (package:flutter_test/src/widget_tester.dart:652:27)
#91     main.<anonymous closure> (file:///C:/Users/User/.codex/worktrees/hadayah-wave4v2-integration/Streamer_app/project/test/map_tricity_widgets_test.dart:156:26)
<asynchronous suspension>
#92     testWidgets.<anonymous closure>.<anonymous closure> (package:flutter_test/src/widget_tester.dart:192:15)
<asynchronous suspension>
#93     TestWidgetsFlutterBinding._runTestBody (package:flutter_test/src/binding.dart:1682:5)
<asynchronous suspension>
<asynchronous suspension>
(elided 7 frames from class _AssertionError, dart:async, and package:stack_trace)

The following RenderObject was being processed when the exception was fired: RenderMouseRegion#547aa relayoutBoundary=up27 NEEDS-LAYOUT NEEDS-PAINT NEEDS-COMPOSITING-BITS-UPDATE:
  creator: MouseRegion ← Semantics ← _FocusInheritedScope ← Focus ← _ActionsScope ← Actions ←
    _ParentInkResponseProvider ← _InkResponseStateWidget ← InkWell ← ListTile ← RepaintBoundary ←
    IndexedSemantics ← ⋯
  parentData: <none> (can use size)
  constraints: BoxConstraints(w=118.0, 0.0<=h<=Infinity)
  size: MISSING
  behavior: opaque
  listeners: enter, exit
  cursor: SystemMouseCursor(click)
This RenderObject had the following descendants (showing up to depth 5):
    child: RenderSemanticsAnnotations#61104 relayoutBoundary=up28 NEEDS-PAINT NEEDS-COMPOSITING-BITS-UPDATE
      child: RenderPointerListener#f82b5 relayoutBoundary=up29 NEEDS-PAINT NEEDS-COMPOSITING-BITS-UPDATE
        child: RenderSemanticsAnnotations#c6e0b relayoutBoundary=up30 NEEDS-PAINT NEEDS-COMPOSITING-BITS-UPDATE
          child: RenderPadding#f8d04 relayoutBoundary=up31 NEEDS-PAINT NEEDS-COMPOSITING-BITS-UPDATE
            child: RenderPadding#6baaa relayoutBoundary=up32 NEEDS-PAINT NEEDS-COMPOSITING-BITS-UPDATE
════════════════════════════════════════════════════════════════════════════════════════════════════
══╡ EXCEPTION CAUGHT BY RENDERING LIBRARY ╞═════════════════════════════════════════════════════════
The following assertion was thrown during performLayout():
RenderBox was not laid out: RenderMouseRegion#547aa relayoutBoundary=up27 NEEDS-PAINT
NEEDS-COMPOSITING-BITS-UPDATE
'package:flutter/src/rendering/box.dart':
Failed assertion: line 2251 pos 12: 'hasSize'

Either the assertion indicates an error in the framework itself, or we should provide substantially
more information in this error message to help you determine and fix the underlying cause.
In either case, please report this assertion by filing a bug on GitHub:
  https://github.com/flutter/flutter/issues/new?template=02_bug.yml

The relevant error-causing widget was:
  ListTile
  ListTile:file:///C:/Users/User/.codex/worktrees/hadayah-wave4v2-integration/Streamer_app/project/lib/features/map/presentation/widgets/top_spatial_search_bar.dart:241:24

When the exception was thrown, this was the stack:
#2      RenderBox.size (package:flutter/src/rendering/box.dart:2251:12)
#3      RenderProxyBoxMixin.performLayout (package:flutter/src/rendering/proxy_box.dart:118:62)
#4      RenderObject.layout (package:flutter/src/rendering/object.dart:2768:7)
#5      RenderProxyBoxMixin.performLayout (package:flutter/src/rendering/proxy_box.dart:118:18)
#6      RenderObject.layout (package:flutter/src/rendering/object.dart:2768:7)
#7      RenderProxyBoxMixin.performLayout (package:flutter/src/rendering/proxy_box.dart:118:18)
#8      RenderObject.layout (package:flutter/src/rendering/object.dart:2768:7)
#9      RenderSliverList.performLayout (package:flutter/src/rendering/sliver_list.dart:209:28)
#10     RenderObject.layout (package:flutter/src/rendering/object.dart:2768:7)
#11     RenderSliverEdgeInsetsPadding.performLayout (package:flutter/src/rendering/sliver_padding.dart:133:12)
#12     RenderSliverPadding.performLayout (package:flutter/src/rendering/sliver_padding.dart:368:11)
#13     RenderObject.layout (package:flutter/src/rendering/object.dart:2768:7)
#14     RenderViewportBase.layoutChildSequence (package:flutter/src/rendering/viewport.dart:673:13)
#15     RenderShrinkWrappingViewport._attemptLayout (package:flutter/src/rendering/viewport.dart:2010:12)
#16     RenderShrinkWrappingViewport.performLayout (package:flutter/src/rendering/viewport.dart:1964:20)
#17     RenderObject.layout (package:flutter/src/rendering/object.dart:2768:7)
#18     RenderProxyBoxMixin.performLayout (package:flutter/src/rendering/proxy_box.dart:118:18)
#19     RenderObject.layout (package:flutter/src/rendering/object.dart:2768:7)
#20     RenderProxyBoxMixin.performLayout (package:flutter/src/rendering/proxy_box.dart:118:18)
#21     RenderObject.layout (package:flutter/src/rendering/object.dart:2768:7)
#22     RenderProxyBoxMixin.performLayout (package:flutter/src/rendering/proxy_box.dart:118:18)
#23     RenderObject.layout (package:flutter/src/rendering/object.dart:2768:7)
#24     RenderProxyBoxMixin.performLayout (package:flutter/src/rendering/proxy_box.dart:118:18)
#25     RenderObject.layout (package:flutter/src/rendering/object.dart:2768:7)
#26     RenderProxyBoxMixin.performLayout (package:flutter/src/rendering/proxy_box.dart:118:18)
#27     RenderObject.layout (package:flutter/src/rendering/object.dart:2768:7)
#28     RenderProxyBoxMixin.performLayout (package:flutter/src/rendering/proxy_box.dart:118:18)
#29     RenderObject.layout (package:flutter/src/rendering/object.dart:2768:7)
#30     RenderProxyBoxMixin.performLayout (package:flutter/src/rendering/proxy_box.dart:118:18)
#31     RenderObject.layout (package:flutter/src/rendering/object.dart:2768:7)
#32     RenderProxyBoxMixin.performLayout (package:flutter/src/rendering/proxy_box.dart:118:18)
#33     _RenderCustomClip.performLayout (package:flutter/src/rendering/proxy_box.dart:1549:11)
#34     RenderObject.layout (package:flutter/src/rendering/object.dart:2768:7)
#35     RenderPadding.performLayout (package:flutter/src/rendering/shifted_box.dart:262:12)
#36     RenderObject.layout (package:flutter/src/rendering/object.dart:2768:7)
#37     RenderProxyBoxMixin.performLayout (package:flutter/src/rendering/proxy_box.dart:118:18)
#38     RenderObject.layout (package:flutter/src/rendering/object.dart:2768:7)
#39     RenderConstrainedBox.performLayout (package:flutter/src/rendering/proxy_box.dart:296:14)
#40     RenderObject.layout (package:flutter/src/rendering/object.dart:2768:7)
#41     RenderPadding.performLayout (package:flutter/src/rendering/shifted_box.dart:262:12)
#42     RenderObject.layout (package:flutter/src/rendering/object.dart:2768:7)
#43     ChildLayoutHelper.layoutChild (package:flutter/src/rendering/layout_helper.dart:62:11)
#44     RenderFlex._computeSizes (package:flutter/src/rendering/flex.dart:1237:28)
#45     RenderFlex.performLayout (package:flutter/src/rendering/flex.dart:1329:32)
#46     RenderObject.layout (package:flutter/src/rendering/object.dart:2768:7)
#47     ChildLayoutHelper.layoutChild (package:flutter/src/rendering/layout_helper.dart:62:11)
#48     RenderFlex._computeSizes (package:flutter/src/rendering/flex.dart:1275:26)
#49     RenderFlex.performLayout (package:flutter/src/rendering/flex.dart:1329:32)
#50     RenderObject.layout (package:flutter/src/rendering/object.dart:2768:7)
#51     ChildLayoutHelper.layoutChild (package:flutter/src/rendering/layout_helper.dart:62:11)
#52     RenderFlex._computeSizes (package:flutter/src/rendering/flex.dart:1237:28)
#53     RenderFlex.performLayout (package:flutter/src/rendering/flex.dart:1329:32)
#54     RenderObject.layout (package:flutter/src/rendering/object.dart:2768:7)
#55     RenderPadding.performLayout (package:flutter/src/rendering/shifted_box.dart:262:12)
#56     RenderObject.layout (package:flutter/src/rendering/object.dart:2768:7)
#57     RenderPadding.performLayout (package:flutter/src/rendering/shifted_box.dart:262:12)
#58     RenderObject.layout (package:flutter/src/rendering/object.dart:2768:7)
#59     RenderStack.layoutPositionedChild (package:flutter/src/rendering/stack.dart:549:11)
#60     RenderStack.performLayout (package:flutter/src/rendering/stack.dart:691:13)
#61     RenderObject.layout (package:flutter/src/rendering/object.dart:2768:7)
#62     _RenderLayoutBuilder.performLayout (package:flutter/src/widgets/layout_builder.dart:449:14)
#63     RenderObject.layout (package:flutter/src/rendering/object.dart:2768:7)
#64     ChildLayoutHelper.layoutChild (package:flutter/src/rendering/layout_helper.dart:62:11)
#65     RenderFlex._computeSizes (package:flutter/src/rendering/flex.dart:1275:26)
#66     RenderFlex.performLayout (package:flutter/src/rendering/flex.dart:1329:32)
#67     RenderObject.layout (package:flutter/src/rendering/object.dart:2768:7)
#68     MultiChildLayoutDelegate.layoutChild (package:flutter/src/rendering/custom_layout.dart:180:12)
#69     _ScaffoldLayout.performLayout (package:flutter/src/material/scaffold.dart:1111:7)
#70     MultiChildLayoutDelegate._callPerformLayout (package:flutter/src/rendering/custom_layout.dart:246:7)
#71     RenderCustomMultiChildLayoutBox.performLayout (package:flutter/src/rendering/custom_layout.dart:417:14)
#72     RenderObject._layoutWithoutResize (package:flutter/src/rendering/object.dart:2616:7)
#73     PipelineOwner.flushLayout (package:flutter/src/rendering/object.dart:1174:18)
#74     PipelineOwner.flushLayout (package:flutter/src/rendering/object.dart:1187:15)
#75     AutomatedTestWidgetsFlutterBinding.drawFrame (package:flutter_test/src/binding.dart:2133:27)
#76     RendererBinding._handlePersistentFrameCallback (package:flutter/src/rendering/binding.dart:495:5)
#77     SchedulerBinding._invokeFrameCallback (package:flutter/src/scheduler/binding.dart:1430:15)
#78     SchedulerBinding.handleDrawFrame (package:flutter/src/scheduler/binding.dart:1345:9)
#79     AutomatedTestWidgetsFlutterBinding.pump.<anonymous closure> (package:flutter_test/src/binding.dart:1960:9)
#82     TestAsyncUtils.guard (package:flutter_test/src/test_async_utils.dart:74:41)
#83     AutomatedTestWidgetsFlutterBinding.pump (package:flutter_test/src/binding.dart:1949:27)
#84     WidgetTester.pump.<anonymous closure> (package:flutter_test/src/widget_tester.dart:652:53)
#87     TestAsyncUtils.guard (package:flutter_test/src/test_async_utils.dart:74:41)
#88     WidgetTester.pump (package:flutter_test/src/widget_tester.dart:652:27)
#89     main.<anonymous closure> (file:///C:/Users/User/.codex/worktrees/hadayah-wave4v2-integration/Streamer_app/project/test/map_tricity_widgets_test.dart:156:26)
<asynchronous suspension>
#90     testWidgets.<anonymous closure>.<anonymous closure> (package:flutter_test/src/widget_tester.dart:192:15)
<asynchronous suspension>
#91     TestWidgetsFlutterBinding._runTestBody (package:flutter_test/src/binding.dart:1682:5)
<asynchronous suspension>
<asynchronous suspension>
(elided 7 frames from class _AssertionError, dart:async, and package:stack_trace)

The following RenderObject was being processed when the exception was fired: RenderSemanticsAnnotations#2e2f7 relayoutBoundary=up26 NEEDS-LAYOUT NEEDS-PAINT NEEDS-COMPOSITING-BITS-UPDATE:
  creator: Semantics ← _FocusInheritedScope ← Focus ← _ActionsScope ← Actions ←
    _ParentInkResponseProvider ← _InkResponseStateWidget ← InkWell ← ListTile ← RepaintBoundary ←
    IndexedSemantics ← _SelectionKeepAlive ← ⋯
  parentData: <none> (can use size)
  constraints: BoxConstraints(w=118.0, 0.0<=h<=Infinity)
  size: MISSING
This RenderObject had the following descendants (showing up to depth 5):
    child: RenderMouseRegion#547aa relayoutBoundary=up27 NEEDS-PAINT NEEDS-COMPOSITING-BITS-UPDATE
      child: RenderSemanticsAnnotations#61104 relayoutBoundary=up28 NEEDS-PAINT NEEDS-COMPOSITING-BITS-UPDATE
        child: RenderPointerListener#f82b5 relayoutBoundary=up29 NEEDS-PAINT NEEDS-COMPOSITING-BITS-UPDATE
          child: RenderSemanticsAnnotations#c6e0b relayoutBoundary=up30 NEEDS-PAINT NEEDS-COMPOSITING-BITS-UPDATE
            child: RenderPadding#f8d04 relayoutBoundary=up31 NEEDS-PAINT NEEDS-COMPOSITING-BITS-UPDATE
════════════════════════════════════════════════════════════════════════════════════════════════════
══╡ EXCEPTION CAUGHT BY RENDERING LIBRARY ╞═════════════════════════════════════════════════════════
The following assertion was thrown during performLayout():
RenderBox was not laid out: RenderSemanticsAnnotations#2e2f7 relayoutBoundary=up26 NEEDS-PAINT
NEEDS-COMPOSITING-BITS-UPDATE
'package:flutter/src/rendering/box.dart':
Failed assertion: line 2251 pos 12: 'hasSize'

Either the assertion indicates an error in the framework itself, or we should provide substantially
more information in this error message to help you determine and fix the underlying cause.
In either case, please report this assertion by filing a bug on GitHub:
  https://github.com/flutter/flutter/issues/new?template=02_bug.yml

The relevant error-causing widget was:
  ListView
  ListView:file:///C:/Users/User/.codex/worktrees/hadayah-wave4v2-integration/Streamer_app/project/lib/features/map/presentation/widgets/top_spatial_search_bar.dart:225:29

When the exception was thrown, this was the stack:
#2      RenderBox.size (package:flutter/src/rendering/box.dart:2251:12)
#3      RenderProxyBoxMixin.performLayout (package:flutter/src/rendering/proxy_box.dart:118:62)
#4      RenderObject.layout (package:flutter/src/rendering/object.dart:2768:7)
#5      RenderProxyBoxMixin.performLayout (package:flutter/src/rendering/proxy_box.dart:118:18)
#6      RenderObject.layout (package:flutter/src/rendering/object.dart:2768:7)
#7      RenderSliverList.performLayout (package:flutter/src/rendering/sliver_list.dart:209:28)
#8      RenderObject.layout (package:flutter/src/rendering/object.dart:2768:7)
#9      RenderSliverEdgeInsetsPadding.performLayout (package:flutter/src/rendering/sliver_padding.dart:133:12)
#10     RenderSliverPadding.performLayout (package:flutter/src/rendering/sliver_padding.dart:368:11)
#11     RenderObject.layout (package:flutter/src/rendering/object.dart:2768:7)
#12     RenderViewportBase.layoutChildSequence (package:flutter/src/rendering/viewport.dart:673:13)
#13     RenderShrinkWrappingViewport._attemptLayout (package:flutter/src/rendering/viewport.dart:2010:12)
#14     RenderShrinkWrappingViewport.performLayout (package:flutter/src/rendering/viewport.dart:1964:20)
#15     RenderObject.layout (package:flutter/src/rendering/object.dart:2768:7)
#16     RenderProxyBoxMixin.performLayout (package:flutter/src/rendering/proxy_box.dart:118:18)
#17     RenderObject.layout (package:flutter/src/rendering/object.dart:2768:7)
#18     RenderProxyBoxMixin.performLayout (package:flutter/src/rendering/proxy_box.dart:118:18)
#19     RenderObject.layout (package:flutter/src/rendering/object.dart:2768:7)
#20     RenderProxyBoxMixin.performLayout (package:flutter/src/rendering/proxy_box.dart:118:18)
#21     RenderObject.layout (package:flutter/src/rendering/object.dart:2768:7)
#22     RenderProxyBoxMixin.performLayout (package:flutter/src/rendering/proxy_box.dart:118:18)
#23     RenderObject.layout (package:flutter/src/rendering/object.dart:2768:7)
#24     RenderProxyBoxMixin.performLayout (package:flutter/src/rendering/proxy_box.dart:118:18)
#25     RenderObject.layout (package:flutter/src/rendering/object.dart:2768:7)
#26     RenderProxyBoxMixin.performLayout (package:flutter/src/rendering/proxy_box.dart:118:18)
#27     RenderObject.layout (package:flutter/src/rendering/object.dart:2768:7)
#28     RenderProxyBoxMixin.performLayout (package:flutter/src/rendering/proxy_box.dart:118:18)
#29     RenderObject.layout (package:flutter/src/rendering/object.dart:2768:7)
#30     RenderProxyBoxMixin.performLayout (package:flutter/src/rendering/proxy_box.dart:118:18)
#31     _RenderCustomClip.performLayout (package:flutter/src/rendering/proxy_box.dart:1549:11)
#32     RenderObject.layout (package:flutter/src/rendering/object.dart:2768:7)
#33     RenderPadding.performLayout (package:flutter/src/rendering/shifted_box.dart:262:12)
#34     RenderObject.layout (package:flutter/src/rendering/object.dart:2768:7)
#35     RenderProxyBoxMixin.performLayout (package:flutter/src/rendering/proxy_box.dart:118:18)
#36     RenderObject.layout (package:flutter/src/rendering/object.dart:2768:7)
#37     RenderConstrainedBox.performLayout (package:flutter/src/rendering/proxy_box.dart:296:14)
#38     RenderObject.layout (package:flutter/src/rendering/object.dart:2768:7)
#39     RenderPadding.performLayout (package:flutter/src/rendering/shifted_box.dart:262:12)
#40     RenderObject.layout (package:flutter/src/rendering/object.dart:2768:7)
#41     ChildLayoutHelper.layoutChild (package:flutter/src/rendering/layout_helper.dart:62:11)
#42     RenderFlex._computeSizes (package:flutter/src/rendering/flex.dart:1237:28)
#43     RenderFlex.performLayout (package:flutter/src/rendering/flex.dart:1329:32)
#44     RenderObject.layout (package:flutter/src/rendering/object.dart:2768:7)
#45     ChildLayoutHelper.layoutChild (package:flutter/src/rendering/layout_helper.dart:62:11)
#46     RenderFlex._computeSizes (package:flutter/src/rendering/flex.dart:1275:26)
#47     RenderFlex.performLayout (package:flutter/src/rendering/flex.dart:1329:32)
#48     RenderObject.layout (package:flutter/src/rendering/object.dart:2768:7)
#49     ChildLayoutHelper.layoutChild (package:flutter/src/rendering/layout_helper.dart:62:11)
#50     RenderFlex._computeSizes (package:flutter/src/rendering/flex.dart:1237:28)
#51     RenderFlex.performLayout (package:flutter/src/rendering/flex.dart:1329:32)
#52     RenderObject.layout (package:flutter/src/rendering/object.dart:2768:7)
#53     RenderPadding.performLayout (package:flutter/src/rendering/shifted_box.dart:262:12)
#54     RenderObject.layout (package:flutter/src/rendering/object.dart:2768:7)
#55     RenderPadding.performLayout (package:flutter/src/rendering/shifted_box.dart:262:12)
#56     RenderObject.layout (package:flutter/src/rendering/object.dart:2768:7)
#57     RenderStack.layoutPositionedChild (package:flutter/src/rendering/stack.dart:549:11)
#58     RenderStack.performLayout (package:flutter/src/rendering/stack.dart:691:13)
#59     RenderObject.layout (package:flutter/src/rendering/object.dart:2768:7)
#60     _RenderLayoutBuilder.performLayout (package:flutter/src/widgets/layout_builder.dart:449:14)
#61     RenderObject.layout (package:flutter/src/rendering/object.dart:2768:7)
#62     ChildLayoutHelper.layoutChild (package:flutter/src/rendering/layout_helper.dart:62:11)
#63     RenderFlex._computeSizes (package:flutter/src/rendering/flex.dart:1275:26)
#64     RenderFlex.performLayout (package:flutter/src/rendering/flex.dart:1329:32)
#65     RenderObject.layout (package:flutter/src/rendering/object.dart:2768:7)
#66     MultiChildLayoutDelegate.layoutChild (package:flutter/src/rendering/custom_layout.dart:180:12)
#67     _ScaffoldLayout.performLayout (package:flutter/src/material/scaffold.dart:1111:7)
#68     MultiChildLayoutDelegate._callPerformLayout (package:flutter/src/rendering/custom_layout.dart:246:7)
#69     RenderCustomMultiChildLayoutBox.performLayout (package:flutter/src/rendering/custom_layout.dart:417:14)
#70     RenderObject._layoutWithoutResize (package:flutter/src/rendering/object.dart:2616:7)
#71     PipelineOwner.flushLayout (package:flutter/src/rendering/object.dart:1174:18)
#72     PipelineOwner.flushLayout (package:flutter/src/rendering/object.dart:1187:15)
#73     AutomatedTestWidgetsFlutterBinding.drawFrame (package:flutter_test/src/binding.dart:2133:27)
#74     RendererBinding._handlePersistentFrameCallback (package:flutter/src/rendering/binding.dart:495:5)
#75     SchedulerBinding._invokeFrameCallback (package:flutter/src/scheduler/binding.dart:1430:15)
#76     SchedulerBinding.handleDrawFrame (package:flutter/src/scheduler/binding.dart:1345:9)
#77     AutomatedTestWidgetsFlutterBinding.pump.<anonymous closure> (package:flutter_test/src/binding.dart:1960:9)
#80     TestAsyncUtils.guard (package:flutter_test/src/test_async_utils.dart:74:41)
#81     AutomatedTestWidgetsFlutterBinding.pump (package:flutter_test/src/binding.dart:1949:27)
#82     WidgetTester.pump.<anonymous closure> (package:flutter_test/src/widget_tester.dart:652:53)
#85     TestAsyncUtils.guard (package:flutter_test/src/test_async_utils.dart:74:41)
#86     WidgetTester.pump (package:flutter_test/src/widget_tester.dart:652:27)
#87     main.<anonymous closure> (file:///C:/Users/User/.codex/worktrees/hadayah-wave4v2-integration/Streamer_app/project/test/map_tricity_widgets_test.dart:156:26)
<asynchronous suspension>
#88     testWidgets.<anonymous closure>.<anonymous closure> (package:flutter_test/src/widget_tester.dart:192:15)
<asynchronous suspension>
#89     TestWidgetsFlutterBinding._runTestBody (package:flutter_test/src/binding.dart:1682:5)
<asynchronous suspension>
<asynchronous suspension>
(elided 7 frames from class _AssertionError, dart:async, and package:stack_trace)

The following RenderObject was being processed when the exception was fired: RenderRepaintBoundary#c7e24 relayoutBoundary=up25 NEEDS-LAYOUT NEEDS-PAINT NEEDS-COMPOSITING-BITS-UPDATE:
  needs compositing
  creator: RepaintBoundary ← IndexedSemantics ← _SelectionKeepAlive ←
    NotificationListener<KeepAliveNotification> ← KeepAlive ← AutomaticKeepAlive ← KeyedSubtree ←
    SliverList ← MediaQuery ← SliverPadding ← ShrinkWrappingViewport ← IgnorePointer-[GlobalKey#9bb8e]
    ← ⋯
  parentData: <none> (can use size)
  constraints: BoxConstraints(w=118.0, 0.0<=h<=Infinity)
  size: MISSING
  usefulness ratio: no metrics collected yet (never painted)
This RenderObject had the following descendants (showing up to depth 5):
    child: RenderSemanticsAnnotations#2e2f7 relayoutBoundary=up26 NEEDS-PAINT NEEDS-COMPOSITING-BITS-UPDATE
      child: RenderMouseRegion#547aa relayoutBoundary=up27 NEEDS-PAINT NEEDS-COMPOSITING-BITS-UPDATE
        child: RenderSemanticsAnnotations#61104 relayoutBoundary=up28 NEEDS-PAINT NEEDS-COMPOSITING-BITS-UPDATE
          child: RenderPointerListener#f82b5 relayoutBoundary=up29 NEEDS-PAINT NEEDS-COMPOSITING-BITS-UPDATE
            child: RenderSemanticsAnnotations#c6e0b relayoutBoundary=up30 NEEDS-PAINT NEEDS-COMPOSITING-BITS-UPDATE
════════════════════════════════════════════════════════════════════════════════════════════════════
══╡ EXCEPTION CAUGHT BY RENDERING LIBRARY ╞═════════════════════════════════════════════════════════
The following assertion was thrown during performLayout():
RenderBox was not laid out: RenderRepaintBoundary#c7e24 relayoutBoundary=up25 NEEDS-PAINT
NEEDS-COMPOSITING-BITS-UPDATE
'package:flutter/src/rendering/box.dart':
Failed assertion: line 2251 pos 12: 'hasSize'

Either the assertion indicates an error in the framework itself, or we should provide substantially
more information in this error message to help you determine and fix the underlying cause.
In either case, please report this assertion by filing a bug on GitHub:
  https://github.com/flutter/flutter/issues/new?template=02_bug.yml

The relevant error-causing widget was:
  ListView
  ListView:file:///C:/Users/User/.codex/worktrees/hadayah-wave4v2-integration/Streamer_app/project/lib/features/map/presentation/widgets/top_spatial_search_bar.dart:225:29

When the exception was thrown, this was the stack:
#2      RenderBox.size (package:flutter/src/rendering/box.dart:2251:12)
#3      RenderProxyBoxMixin.performLayout (package:flutter/src/rendering/proxy_box.dart:118:62)
#4      RenderObject.layout (package:flutter/src/rendering/object.dart:2768:7)
#5      RenderSliverList.performLayout (package:flutter/src/rendering/sliver_list.dart:209:28)
#6      RenderObject.layout (package:flutter/src/rendering/object.dart:2768:7)
#7      RenderSliverEdgeInsetsPadding.performLayout (package:flutter/src/rendering/sliver_padding.dart:133:12)
#8      RenderSliverPadding.performLayout (package:flutter/src/rendering/sliver_padding.dart:368:11)
#9      RenderObject.layout (package:flutter/src/rendering/object.dart:2768:7)
#10     RenderViewportBase.layoutChildSequence (package:flutter/src/rendering/viewport.dart:673:13)
#11     RenderShrinkWrappingViewport._attemptLayout (package:flutter/src/rendering/viewport.dart:2010:12)
#12     RenderShrinkWrappingViewport.performLayout (package:flutter/src/rendering/viewport.dart:1964:20)
#13     RenderObject.layout (package:flutter/src/rendering/object.dart:2768:7)
#14     RenderProxyBoxMixin.performLayout (package:flutter/src/rendering/proxy_box.dart:118:18)
#15     RenderObject.layout (package:flutter/src/rendering/object.dart:2768:7)
#16     RenderProxyBoxMixin.performLayout (package:flutter/src/rendering/proxy_box.dart:118:18)
#17     RenderObject.layout (package:flutter/src/rendering/object.dart:2768:7)
#18     RenderProxyBoxMixin.performLayout (package:flutter/src/rendering/proxy_box.dart:118:18)
#19     RenderObject.layout (package:flutter/src/rendering/object.dart:2768:7)
#20     RenderProxyBoxMixin.performLayout (package:flutter/src/rendering/proxy_box.dart:118:18)
#21     RenderObject.layout (package:flutter/src/rendering/object.dart:2768:7)
#22     RenderProxyBoxMixin.performLayout (package:flutter/src/rendering/proxy_box.dart:118:18)
#23     RenderObject.layout (package:flutter/src/rendering/object.dart:2768:7)
#24     RenderProxyBoxMixin.performLayout (package:flutter/src/rendering/proxy_box.dart:118:18)
#25     RenderObject.layout (package:flutter/src/rendering/object.dart:2768:7)
#26     RenderProxyBoxMixin.performLayout (package:flutter/src/rendering/proxy_box.dart:118:18)
#27     RenderObject.layout (package:flutter/src/rendering/object.dart:2768:7)
#28     RenderProxyBoxMixin.performLayout (package:flutter/src/rendering/proxy_box.dart:118:18)
#29     _RenderCustomClip.performLayout (package:flutter/src/rendering/proxy_box.dart:1549:11)
#30     RenderObject.layout (package:flutter/src/rendering/object.dart:2768:7)
#31     RenderPadding.performLayout (package:flutter/src/rendering/shifted_box.dart:262:12)
#32     RenderObject.layout (package:flutter/src/rendering/object.dart:2768:7)
#33     RenderProxyBoxMixin.performLayout (package:flutter/src/rendering/proxy_box.dart:118:18)
#34     RenderObject.layout (package:flutter/src/rendering/object.dart:2768:7)
#35     RenderConstrainedBox.performLayout (package:flutter/src/rendering/proxy_box.dart:296:14)
#36     RenderObject.layout (package:flutter/src/rendering/object.dart:2768:7)
#37     RenderPadding.performLayout (package:flutter/src/rendering/shifted_box.dart:262:12)
#38     RenderObject.layout (package:flutter/src/rendering/object.dart:2768:7)
#39     ChildLayoutHelper.layoutChild (package:flutter/src/rendering/layout_helper.dart:62:11)
#40     RenderFlex._computeSizes (package:flutter/src/rendering/flex.dart:1237:28)
#41     RenderFlex.performLayout (package:flutter/src/rendering/flex.dart:1329:32)
#42     RenderObject.layout (package:flutter/src/rendering/object.dart:2768:7)
#43     ChildLayoutHelper.layoutChild (package:flutter/src/rendering/layout_helper.dart:62:11)
#44     RenderFlex._computeSizes (package:flutter/src/rendering/flex.dart:1275:26)
#45     RenderFlex.performLayout (package:flutter/src/rendering/flex.dart:1329:32)
#46     RenderObject.layout (package:flutter/src/rendering/object.dart:2768:7)
#47     ChildLayoutHelper.layoutChild (package:flutter/src/rendering/layout_helper.dart:62:11)
#48     RenderFlex._computeSizes (package:flutter/src/rendering/flex.dart:1237:28)
#49     RenderFlex.performLayout (package:flutter/src/rendering/flex.dart:1329:32)
#50     RenderObject.layout (package:flutter/src/rendering/object.dart:2768:7)
#51     RenderPadding.performLayout (package:flutter/src/rendering/shifted_box.dart:262:12)
#52     RenderObject.layout (package:flutter/src/rendering/object.dart:2768:7)
#53     RenderPadding.performLayout (package:flutter/src/rendering/shifted_box.dart:262:12)
#54     RenderObject.layout (package:flutter/src/rendering/object.dart:2768:7)
#55     RenderStack.layoutPositionedChild (package:flutter/src/rendering/stack.dart:549:11)
#56     RenderStack.performLayout (package:flutter/src/rendering/stack.dart:691:13)
#57     RenderObject.layout (package:flutter/src/rendering/object.dart:2768:7)
#58     _RenderLayoutBuilder.performLayout (package:flutter/src/widgets/layout_builder.dart:449:14)
#59     RenderObject.layout (package:flutter/src/rendering/object.dart:2768:7)
#60     ChildLayoutHelper.layoutChild (package:flutter/src/rendering/layout_helper.dart:62:11)
#61     RenderFlex._computeSizes (package:flutter/src/rendering/flex.dart:1275:26)
#62     RenderFlex.performLayout (package:flutter/src/rendering/flex.dart:1329:32)
#63     RenderObject.layout (package:flutter/src/rendering/object.dart:2768:7)
#64     MultiChildLayoutDelegate.layoutChild (package:flutter/src/rendering/custom_layout.dart:180:12)
#65     _ScaffoldLayout.performLayout (package:flutter/src/material/scaffold.dart:1111:7)
#66     MultiChildLayoutDelegate._callPerformLayout (package:flutter/src/rendering/custom_layout.dart:246:7)
#67     RenderCustomMultiChildLayoutBox.performLayout (package:flutter/src/rendering/custom_layout.dart:417:14)
#68     RenderObject._layoutWithoutResize (package:flutter/src/rendering/object.dart:2616:7)
#69     PipelineOwner.flushLayout (package:flutter/src/rendering/object.dart:1174:18)
#70     PipelineOwner.flushLayout (package:flutter/src/rendering/object.dart:1187:15)
#71     AutomatedTestWidgetsFlutterBinding.drawFrame (package:flutter_test/src/binding.dart:2133:27)
#72     RendererBinding._handlePersistentFrameCallback (package:flutter/src/rendering/binding.dart:495:5)
#73     SchedulerBinding._invokeFrameCallback (package:flutter/src/scheduler/binding.dart:1430:15)
#74     SchedulerBinding.handleDrawFrame (package:flutter/src/scheduler/binding.dart:1345:9)
#75     AutomatedTestWidgetsFlutterBinding.pump.<anonymous closure> (package:flutter_test/src/binding.dart:1960:9)
#78     TestAsyncUtils.guard (package:flutter_test/src/test_async_utils.dart:74:41)
#79     AutomatedTestWidgetsFlutterBinding.pump (package:flutter_test/src/binding.dart:1949:27)
#80     WidgetTester.pump.<anonymous closure> (package:flutter_test/src/widget_tester.dart:652:53)
#83     TestAsyncUtils.guard (package:flutter_test/src/test_async_utils.dart:74:41)
#84     WidgetTester.pump (package:flutter_test/src/widget_tester.dart:652:27)
#85     main.<anonymous closure> (file:///C:/Users/User/.codex/worktrees/hadayah-wave4v2-integration/Streamer_app/project/test/map_tricity_widgets_test.dart:156:26)
<asynchronous suspension>
#86     testWidgets.<anonymous closure>.<anonymous closure> (package:flutter_test/src/widget_tester.dart:192:15)
<asynchronous suspension>
#87     TestWidgetsFlutterBinding._runTestBody (package:flutter_test/src/binding.dart:1682:5)
<asynchronous suspension>
<asynchronous suspension>
(elided 7 frames from class _AssertionError, dart:async, and package:stack_trace)

The following RenderObject was being processed when the exception was fired: RenderIndexedSemantics#53187 relayoutBoundary=up24 NEEDS-LAYOUT NEEDS-PAINT NEEDS-COMPOSITING-BITS-UPDATE:
  creator: IndexedSemantics ← _SelectionKeepAlive ← NotificationListener<KeepAliveNotification> ←
    KeepAlive ← AutomaticKeepAlive ← KeyedSubtree ← SliverList ← MediaQuery ← SliverPadding ←
    ShrinkWrappingViewport ← IgnorePointer-[GlobalKey#9bb8e] ← Semantics ← ⋯
  parentData: index=0; layoutOffset=0.0 (can use size)
  constraints: BoxConstraints(w=118.0, 0.0<=h<=Infinity)
  size: MISSING
  index: 0
This RenderObject had the following descendants (showing up to depth 5):
    child: RenderRepaintBoundary#c7e24 relayoutBoundary=up25 NEEDS-PAINT NEEDS-COMPOSITING-BITS-UPDATE
      child: RenderSemanticsAnnotations#2e2f7 relayoutBoundary=up26 NEEDS-PAINT NEEDS-COMPOSITING-BITS-UPDATE
        child: RenderMouseRegion#547aa relayoutBoundary=up27 NEEDS-PAINT NEEDS-COMPOSITING-BITS-UPDATE
          child: RenderSemanticsAnnotations#61104 relayoutBoundary=up28 NEEDS-PAINT NEEDS-COMPOSITING-BITS-UPDATE
            child: RenderPointerListener#f82b5 relayoutBoundary=up29 NEEDS-PAINT NEEDS-COMPOSITING-BITS-UPDATE
════════════════════════════════════════════════════════════════════════════════════════════════════
══╡ EXCEPTION CAUGHT BY RENDERING LIBRARY ╞═════════════════════════════════════════════════════════
The following assertion was thrown during performLayout():
'package:flutter/src/rendering/sliver_multi_box_adaptor.dart': Failed assertion: line 629 pos 12:
'child.hasSize': is not true.

Either the assertion indicates an error in the framework itself, or we should provide substantially
more information in this error message to help you determine and fix the underlying cause.
In either case, please report this assertion by filing a bug on GitHub:
  https://github.com/flutter/flutter/issues/new?template=02_bug.yml

The relevant error-causing widget was:
  ListView
  ListView:file:///C:/Users/User/.codex/worktrees/hadayah-wave4v2-integration/Streamer_app/project/lib/features/map/presentation/widgets/top_spatial_search_bar.dart:225:29

When the exception was thrown, this was the stack:
#2      RenderSliverMultiBoxAdaptor.paintExtentOf (package:flutter/src/rendering/sliver_multi_box_adaptor.dart:629:12)
#3      RenderSliverList.performLayout (package:flutter/src/rendering/sliver_list.dart:222:58)
#4      RenderObject.layout (package:flutter/src/rendering/object.dart:2768:7)
#5      RenderSliverEdgeInsetsPadding.performLayout (package:flutter/src/rendering/sliver_padding.dart:133:12)
#6      RenderSliverPadding.performLayout (package:flutter/src/rendering/sliver_padding.dart:368:11)
#7      RenderObject.layout (package:flutter/src/rendering/object.dart:2768:7)
#8      RenderViewportBase.layoutChildSequence (package:flutter/src/rendering/viewport.dart:673:13)
#9      RenderShrinkWrappingViewport._attemptLayout (package:flutter/src/rendering/viewport.dart:2010:12)
#10     RenderShrinkWrappingViewport.performLayout (package:flutter/src/rendering/viewport.dart:1964:20)
#11     RenderObject.layout (package:flutter/src/rendering/object.dart:2768:7)
#12     RenderProxyBoxMixin.performLayout (package:flutter/src/rendering/proxy_box.dart:118:18)
#13     RenderObject.layout (package:flutter/src/rendering/object.dart:2768:7)
#14     RenderProxyBoxMixin.performLayout (package:flutter/src/rendering/proxy_box.dart:118:18)
#15     RenderObject.layout (package:flutter/src/rendering/object.dart:2768:7)
#16     RenderProxyBoxMixin.performLayout (package:flutter/src/rendering/proxy_box.dart:118:18)
#17     RenderObject.layout (package:flutter/src/rendering/object.dart:2768:7)
#18     RenderProxyBoxMixin.performLayout (package:flutter/src/rendering/proxy_box.dart:118:18)
#19     RenderObject.layout (package:flutter/src/rendering/object.dart:2768:7)
#20     RenderProxyBoxMixin.performLayout (package:flutter/src/rendering/proxy_box.dart:118:18)
#21     RenderObject.layout (package:flutter/src/rendering/object.dart:2768:7)
#22     RenderProxyBoxMixin.performLayout (package:flutter/src/rendering/proxy_box.dart:118:18)
#23     RenderObject.layout (package:flutter/src/rendering/object.dart:2768:7)
#24     RenderProxyBoxMixin.performLayout (package:flutter/src/rendering/proxy_box.dart:118:18)
#25     RenderObject.layout (package:flutter/src/rendering/object.dart:2768:7)
#26     RenderProxyBoxMixin.performLayout (package:flutter/src/rendering/proxy_box.dart:118:18)
#27     _RenderCustomClip.performLayout (package:flutter/src/rendering/proxy_box.dart:1549:11)
#28     RenderObject.layout (package:flutter/src/rendering/object.dart:2768:7)
#29     RenderPadding.performLayout (package:flutter/src/rendering/shifted_box.dart:262:12)
#30     RenderObject.layout (package:flutter/src/rendering/object.dart:2768:7)
#31     RenderProxyBoxMixin.performLayout (package:flutter/src/rendering/proxy_box.dart:118:18)
#32     RenderObject.layout (package:flutter/src/rendering/object.dart:2768:7)
#33     RenderConstrainedBox.performLayout (package:flutter/src/rendering/proxy_box.dart:296:14)
#34     RenderObject.layout (package:flutter/src/rendering/object.dart:2768:7)
#35     RenderPadding.performLayout (package:flutter/src/rendering/shifted_box.dart:262:12)
#36     RenderObject.layout (package:flutter/src/rendering/object.dart:2768:7)
#37     ChildLayoutHelper.layoutChild (package:flutter/src/rendering/layout_helper.dart:62:11)
#38     RenderFlex._computeSizes (package:flutter/src/rendering/flex.dart:1237:28)
#39     RenderFlex.performLayout (package:flutter/src/rendering/flex.dart:1329:32)
#40     RenderObject.layout (package:flutter/src/rendering/object.dart:2768:7)
#41     ChildLayoutHelper.layoutChild (package:flutter/src/rendering/layout_helper.dart:62:11)
#42     RenderFlex._computeSizes (package:flutter/src/rendering/flex.dart:1275:26)
#43     RenderFlex.performLayout (package:flutter/src/rendering/flex.dart:1329:32)
#44     RenderObject.layout (package:flutter/src/rendering/object.dart:2768:7)
#45     ChildLayoutHelper.layoutChild (package:flutter/src/rendering/layout_helper.dart:62:11)
#46     RenderFlex._computeSizes (package:flutter/src/rendering/flex.dart:1237:28)
#47     RenderFlex.performLayout (package:flutter/src/rendering/flex.dart:1329:32)
#48     RenderObject.layout (package:flutter/src/rendering/object.dart:2768:7)
#49     RenderPadding.performLayout (package:flutter/src/rendering/shifted_box.dart:262:12)
#50     RenderObject.layout (package:flutter/src/rendering/object.dart:2768:7)
#51     RenderPadding.performLayout (package:flutter/src/rendering/shifted_box.dart:262:12)
#52     RenderObject.layout (package:flutter/src/rendering/object.dart:2768:7)
#53     RenderStack.layoutPositionedChild (package:flutter/src/rendering/stack.dart:549:11)
#54     RenderStack.performLayout (package:flutter/src/rendering/stack.dart:691:13)
#55     RenderObject.layout (package:flutter/src/rendering/object.dart:2768:7)
#56     _RenderLayoutBuilder.performLayout (package:flutter/src/widgets/layout_builder.dart:449:14)
#57     RenderObject.layout (package:flutter/src/rendering/object.dart:2768:7)
#58     ChildLayoutHelper.layoutChild (package:flutter/src/rendering/layout_helper.dart:62:11)
#59     RenderFlex._computeSizes (package:flutter/src/rendering/flex.dart:1275:26)
#60     RenderFlex.performLayout (package:flutter/src/rendering/flex.dart:1329:32)
#61     RenderObject.layout (package:flutter/src/rendering/object.dart:2768:7)
#62     MultiChildLayoutDelegate.layoutChild (package:flutter/src/rendering/custom_layout.dart:180:12)
#63     _ScaffoldLayout.performLayout (package:flutter/src/material/scaffold.dart:1111:7)
#64     MultiChildLayoutDelegate._callPerformLayout (package:flutter/src/rendering/custom_layout.dart:246:7)
#65     RenderCustomMultiChildLayoutBox.performLayout (package:flutter/src/rendering/custom_layout.dart:417:14)
#66     RenderObject._layoutWithoutResize (package:flutter/src/rendering/object.dart:2616:7)
#67     PipelineOwner.flushLayout (package:flutter/src/rendering/object.dart:1174:18)
#68     PipelineOwner.flushLayout (package:flutter/src/rendering/object.dart:1187:15)
#69     AutomatedTestWidgetsFlutterBinding.drawFrame (package:flutter_test/src/binding.dart:2133:27)
#70     RendererBinding._handlePersistentFrameCallback (package:flutter/src/rendering/binding.dart:495:5)
#71     SchedulerBinding._invokeFrameCallback (package:flutter/src/scheduler/binding.dart:1430:15)
#72     SchedulerBinding.handleDrawFrame (package:flutter/src/scheduler/binding.dart:1345:9)
#73     AutomatedTestWidgetsFlutterBinding.pump.<anonymous closure> (package:flutter_test/src/binding.dart:1960:9)
#76     TestAsyncUtils.guard (package:flutter_test/src/test_async_utils.dart:74:41)
#77     AutomatedTestWidgetsFlutterBinding.pump (package:flutter_test/src/binding.dart:1949:27)
#78     WidgetTester.pump.<anonymous closure> (package:flutter_test/src/widget_tester.dart:652:53)
#81     TestAsyncUtils.guard (package:flutter_test/src/test_async_utils.dart:74:41)
#82     WidgetTester.pump (package:flutter_test/src/widget_tester.dart:652:27)
#83     main.<anonymous closure> (file:///C:/Users/User/.codex/worktrees/hadayah-wave4v2-integration/Streamer_app/project/test/map_tricity_widgets_test.dart:156:26)
<asynchronous suspension>
#84     testWidgets.<anonymous closure>.<anonymous closure> (package:flutter_test/src/widget_tester.dart:192:15)
<asynchronous suspension>
#85     TestWidgetsFlutterBinding._runTestBody (package:flutter_test/src/binding.dart:1682:5)
<asynchronous suspension>
<asynchronous suspension>
(elided 7 frames from class _AssertionError, dart:async, and package:stack_trace)

The following RenderObject was being processed when the exception was fired: RenderSliverList#a3362 relayoutBoundary=up23 NEEDS-LAYOUT NEEDS-PAINT NEEDS-COMPOSITING-BITS-UPDATE:
  creator: SliverList ← MediaQuery ← SliverPadding ← ShrinkWrappingViewport ←
    IgnorePointer-[GlobalKey#9bb8e] ← Semantics ← Listener ← _GestureSemantics ←
    RawGestureDetector-[LabeledGlobalKey<RawGestureDetectorState>#6ff53] ← Listener ← _ScrollableScope
    ← _ScrollSemantics-[GlobalKey#964e5] ← ⋯
  parentData: paintOffset=Offset(0.0, 0.0) (can use size)
  constraints: SliverConstraints(AxisDirection.down, GrowthDirection.forward, ScrollDirection.idle,
    scrollOffset: 0.0, precedingScrollExtent: 0.0, remainingPaintExtent: 238.0, crossAxisExtent:
    118.0, crossAxisDirection: AxisDirection.right, viewportMainAxisExtent: 238.0,
    remainingCacheExtent: 488.0, cacheOrigin: 0.0)
  geometry: null
  currently live children: 0 to 0
This RenderObject had the following descendants (showing up to depth 5):
    child with index 0: RenderIndexedSemantics#53187 relayoutBoundary=up24 NEEDS-PAINT NEEDS-COMPOSITING-BITS-UPDATE
      child: RenderRepaintBoundary#c7e24 relayoutBoundary=up25 NEEDS-PAINT NEEDS-COMPOSITING-BITS-UPDATE
        child: RenderSemanticsAnnotations#2e2f7 relayoutBoundary=up26 NEEDS-PAINT NEEDS-COMPOSITING-BITS-UPDATE
          child: RenderMouseRegion#547aa relayoutBoundary=up27 NEEDS-PAINT NEEDS-COMPOSITING-BITS-UPDATE
            child: RenderSemanticsAnnotations#61104 relayoutBoundary=up28 NEEDS-PAINT NEEDS-COMPOSITING-BITS-UPDATE
════════════════════════════════════════════════════════════════════════════════════════════════════
══╡ EXCEPTION CAUGHT BY RENDERING LIBRARY ╞═════════════════════════════════════════════════════════
The following _TypeError was thrown during performLayout():
Null check operator used on a null value

The relevant error-causing widget was:
  ListView
  ListView:file:///C:/Users/User/.codex/worktrees/hadayah-wave4v2-integration/Streamer_app/project/lib/features/map/presentation/widgets/top_spatial_search_bar.dart:225:29

When the exception was thrown, this was the stack:
#0      RenderSliverEdgeInsetsPadding.performLayout (package:flutter/src/rendering/sliver_padding.dart:147:63)
#1      RenderSliverPadding.performLayout (package:flutter/src/rendering/sliver_padding.dart:368:11)
#2      RenderObject.layout (package:flutter/src/rendering/object.dart:2768:7)
#3      RenderViewportBase.layoutChildSequence (package:flutter/src/rendering/viewport.dart:673:13)
#4      RenderShrinkWrappingViewport._attemptLayout (package:flutter/src/rendering/viewport.dart:2010:12)
#5      RenderShrinkWrappingViewport.performLayout (package:flutter/src/rendering/viewport.dart:1964:20)
#6      RenderObject.layout (package:flutter/src/rendering/object.dart:2768:7)
#7      RenderProxyBoxMixin.performLayout (package:flutter/src/rendering/proxy_box.dart:118:18)
#8      RenderObject.layout (package:flutter/src/rendering/object.dart:2768:7)
#9      RenderProxyBoxMixin.performLayout (package:flutter/src/rendering/proxy_box.dart:118:18)
#10     RenderObject.layout (package:flutter/src/rendering/object.dart:2768:7)
#11     RenderProxyBoxMixin.performLayout (package:flutter/src/rendering/proxy_box.dart:118:18)
#12     RenderObject.layout (package:flutter/src/rendering/object.dart:2768:7)
#13     RenderProxyBoxMixin.performLayout (package:flutter/src/rendering/proxy_box.dart:118:18)
#14     RenderObject.layout (package:flutter/src/rendering/object.dart:2768:7)
#15     RenderProxyBoxMixin.performLayout (package:flutter/src/rendering/proxy_box.dart:118:18)
#16     RenderObject.layout (package:flutter/src/rendering/object.dart:2768:7)
#17     RenderProxyBoxMixin.performLayout (package:flutter/src/rendering/proxy_box.dart:118:18)
#18     RenderObject.layout (package:flutter/src/rendering/object.dart:2768:7)
#19     RenderProxyBoxMixin.performLayout (package:flutter/src/rendering/proxy_box.dart:118:18)
#20     RenderObject.layout (package:flutter/src/rendering/object.dart:2768:7)
#21     RenderProxyBoxMixin.performLayout (package:flutter/src/rendering/proxy_box.dart:118:18)
#22     _RenderCustomClip.performLayout (package:flutter/src/rendering/proxy_box.dart:1549:11)
#23     RenderObject.layout (package:flutter/src/rendering/object.dart:2768:7)
#24     RenderPadding.performLayout (package:flutter/src/rendering/shifted_box.dart:262:12)
#25     RenderObject.layout (package:flutter/src/rendering/object.dart:2768:7)
#26     RenderProxyBoxMixin.performLayout (package:flutter/src/rendering/proxy_box.dart:118:18)
#27     RenderObject.layout (package:flutter/src/rendering/object.dart:2768:7)
#28     RenderConstrainedBox.performLayout (package:flutter/src/rendering/proxy_box.dart:296:14)
#29     RenderObject.layout (package:flutter/src/rendering/object.dart:2768:7)
#30     RenderPadding.performLayout (package:flutter/src/rendering/shifted_box.dart:262:12)
#31     RenderObject.layout (package:flutter/src/rendering/object.dart:2768:7)
#32     ChildLayoutHelper.layoutChild (package:flutter/src/rendering/layout_helper.dart:62:11)
#33     RenderFlex._computeSizes (package:flutter/src/rendering/flex.dart:1237:28)
#34     RenderFlex.performLayout (package:flutter/src/rendering/flex.dart:1329:32)
#35     RenderObject.layout (package:flutter/src/rendering/object.dart:2768:7)
#36     ChildLayoutHelper.layoutChild (package:flutter/src/rendering/layout_helper.dart:62:11)
#37     RenderFlex._computeSizes (package:flutter/src/rendering/flex.dart:1275:26)
#38     RenderFlex.performLayout (package:flutter/src/rendering/flex.dart:1329:32)
#39     RenderObject.layout (package:flutter/src/rendering/object.dart:2768:7)
#40     ChildLayoutHelper.layoutChild (package:flutter/src/rendering/layout_helper.dart:62:11)
#41     RenderFlex._computeSizes (package:flutter/src/rendering/flex.dart:1237:28)
#42     RenderFlex.performLayout (package:flutter/src/rendering/flex.dart:1329:32)
#43     RenderObject.layout (package:flutter/src/rendering/object.dart:2768:7)
#44     RenderPadding.performLayout (package:flutter/src/rendering/shifted_box.dart:262:12)
#45     RenderObject.layout (package:flutter/src/rendering/object.dart:2768:7)
#46     RenderPadding.performLayout (package:flutter/src/rendering/shifted_box.dart:262:12)
#47     RenderObject.layout (package:flutter/src/rendering/object.dart:2768:7)
#48     RenderStack.layoutPositionedChild (package:flutter/src/rendering/stack.dart:549:11)
#49     RenderStack.performLayout (package:flutter/src/rendering/stack.dart:691:13)
#50     RenderObject.layout (package:flutter/src/rendering/object.dart:2768:7)
#51     _RenderLayoutBuilder.performLayout (package:flutter/src/widgets/layout_builder.dart:449:14)
#52     RenderObject.layout (package:flutter/src/rendering/object.dart:2768:7)
#53     ChildLayoutHelper.layoutChild (package:flutter/src/rendering/layout_helper.dart:62:11)
#54     RenderFlex._computeSizes (package:flutter/src/rendering/flex.dart:1275:26)
#55     RenderFlex.performLayout (package:flutter/src/rendering/flex.dart:1329:32)
#56     RenderObject.layout (package:flutter/src/rendering/object.dart:2768:7)
#57     MultiChildLayoutDelegate.layoutChild (package:flutter/src/rendering/custom_layout.dart:180:12)
#58     _ScaffoldLayout.performLayout (package:flutter/src/material/scaffold.dart:1111:7)
#59     MultiChildLayoutDelegate._callPerformLayout (package:flutter/src/rendering/custom_layout.dart:246:7)
#60     RenderCustomMultiChildLayoutBox.performLayout (package:flutter/src/rendering/custom_layout.dart:417:14)
#61     RenderObject._layoutWithoutResize (package:flutter/src/rendering/object.dart:2616:7)
#62     PipelineOwner.flushLayout (package:flutter/src/rendering/object.dart:1174:18)
#63     PipelineOwner.flushLayout (package:flutter/src/rendering/object.dart:1187:15)
#64     AutomatedTestWidgetsFlutterBinding.drawFrame (package:flutter_test/src/binding.dart:2133:27)
#65     RendererBinding._handlePersistentFrameCallback (package:flutter/src/rendering/binding.dart:495:5)
#66     SchedulerBinding._invokeFrameCallback (package:flutter/src/scheduler/binding.dart:1430:15)
#67     SchedulerBinding.handleDrawFrame (package:flutter/src/scheduler/binding.dart:1345:9)
#68     AutomatedTestWidgetsFlutterBinding.pump.<anonymous closure> (package:flutter_test/src/binding.dart:1960:9)
#71     TestAsyncUtils.guard (package:flutter_test/src/test_async_utils.dart:74:41)
#72     AutomatedTestWidgetsFlutterBinding.pump (package:flutter_test/src/binding.dart:1949:27)
#73     WidgetTester.pump.<anonymous closure> (package:flutter_test/src/widget_tester.dart:652:53)
#76     TestAsyncUtils.guard (package:flutter_test/src/test_async_utils.dart:74:41)
#77     WidgetTester.pump (package:flutter_test/src/widget_tester.dart:652:27)
#78     main.<anonymous closure> (file:///C:/Users/User/.codex/worktrees/hadayah-wave4v2-integration/Streamer_app/project/test/map_tricity_widgets_test.dart:156:26)
<asynchronous suspension>
#79     testWidgets.<anonymous closure>.<anonymous closure> (package:flutter_test/src/widget_tester.dart:192:15)
<asynchronous suspension>
#80     TestWidgetsFlutterBinding._runTestBody (package:flutter_test/src/binding.dart:1682:5)
<asynchronous suspension>
<asynchronous suspension>
(elided 5 frames from dart:async and package:stack_trace)

The following RenderObject was being processed when the exception was fired: RenderSliverPadding#20921 relayoutBoundary=up22 NEEDS-LAYOUT NEEDS-PAINT NEEDS-COMPOSITING-BITS-UPDATE:
  creator: SliverPadding ← ShrinkWrappingViewport ← IgnorePointer-[GlobalKey#9bb8e] ← Semantics ←
    Listener ← _GestureSemantics ←
    RawGestureDetector-[LabeledGlobalKey<RawGestureDetectorState>#6ff53] ← Listener ← _ScrollableScope
    ← _ScrollSemantics-[GlobalKey#964e5] ← NotificationListener<ScrollMetricsNotification> ← Transform
    ← ⋯
  parentData: layoutOffset=None (can use size)
  constraints: SliverConstraints(AxisDirection.down, GrowthDirection.forward, ScrollDirection.idle,
    scrollOffset: 0.0, precedingScrollExtent: 0.0, remainingPaintExtent: 238.0, crossAxisExtent:
    118.0, crossAxisDirection: AxisDirection.right, viewportMainAxisExtent: 238.0,
    remainingCacheExtent: 488.0, cacheOrigin: -0.0)
  geometry: null
  padding: EdgeInsets.zero
  textDirection: ltr
This RenderObject had the following descendants (showing up to depth 5):
    child: RenderSliverList#a3362 relayoutBoundary=up23 NEEDS-PAINT NEEDS-COMPOSITING-BITS-UPDATE
      child with index 0: RenderIndexedSemantics#53187 relayoutBoundary=up24 NEEDS-PAINT NEEDS-COMPOSITING-BITS-UPDATE
        child: RenderRepaintBoundary#c7e24 relayoutBoundary=up25 NEEDS-PAINT NEEDS-COMPOSITING-BITS-UPDATE
          child: RenderSemanticsAnnotations#2e2f7 relayoutBoundary=up26 NEEDS-PAINT NEEDS-COMPOSITING-BITS-UPDATE
            child: RenderMouseRegion#547aa relayoutBoundary=up27 NEEDS-PAINT NEEDS-COMPOSITING-BITS-UPDATE
════════════════════════════════════════════════════════════════════════════════════════════════════
══╡ EXCEPTION CAUGHT BY RENDERING LIBRARY ╞═════════════════════════════════════════════════════════
The following _TypeError was thrown during performLayout():
Null check operator used on a null value

The relevant error-causing widget was:
  ListView
  ListView:file:///C:/Users/User/.codex/worktrees/hadayah-wave4v2-integration/Streamer_app/project/lib/features/map/presentation/widgets/top_spatial_search_bar.dart:225:29

When the exception was thrown, this was the stack:
#0      RenderViewportBase.layoutChildSequence (package:flutter/src/rendering/viewport.dart:694:64)
#1      RenderShrinkWrappingViewport._attemptLayout (package:flutter/src/rendering/viewport.dart:2010:12)
#2      RenderShrinkWrappingViewport.performLayout (package:flutter/src/rendering/viewport.dart:1964:20)
#3      RenderObject.layout (package:flutter/src/rendering/object.dart:2768:7)
#4      RenderProxyBoxMixin.performLayout (package:flutter/src/rendering/proxy_box.dart:118:18)
#5      RenderObject.layout (package:flutter/src/rendering/object.dart:2768:7)
#6      RenderProxyBoxMixin.performLayout (package:flutter/src/rendering/proxy_box.dart:118:18)
#7      RenderObject.layout (package:flutter/src/rendering/object.dart:2768:7)
#8      RenderProxyBoxMixin.performLayout (package:flutter/src/rendering/proxy_box.dart:118:18)
#9      RenderObject.layout (package:flutter/src/rendering/object.dart:2768:7)
#10     RenderProxyBoxMixin.performLayout (package:flutter/src/rendering/proxy_box.dart:118:18)
#11     RenderObject.layout (package:flutter/src/rendering/object.dart:2768:7)
#12     RenderProxyBoxMixin.performLayout (package:flutter/src/rendering/proxy_box.dart:118:18)
#13     RenderObject.layout (package:flutter/src/rendering/object.dart:2768:7)
#14     RenderProxyBoxMixin.performLayout (package:flutter/src/rendering/proxy_box.dart:118:18)
#15     RenderObject.layout (package:flutter/src/rendering/object.dart:2768:7)
#16     RenderProxyBoxMixin.performLayout (package:flutter/src/rendering/proxy_box.dart:118:18)
#17     RenderObject.layout (package:flutter/src/rendering/object.dart:2768:7)
#18     RenderProxyBoxMixin.performLayout (package:flutter/src/rendering/proxy_box.dart:118:18)
#19     _RenderCustomClip.performLayout (package:flutter/src/rendering/proxy_box.dart:1549:11)
#20     RenderObject.layout (package:flutter/src/rendering/object.dart:2768:7)
#21     RenderPadding.performLayout (package:flutter/src/rendering/shifted_box.dart:262:12)
#22     RenderObject.layout (package:flutter/src/rendering/object.dart:2768:7)
#23     RenderProxyBoxMixin.performLayout (package:flutter/src/rendering/proxy_box.dart:118:18)
#24     RenderObject.layout (package:flutter/src/rendering/object.dart:2768:7)
#25     RenderConstrainedBox.performLayout (package:flutter/src/rendering/proxy_box.dart:296:14)
#26     RenderObject.layout (package:flutter/src/rendering/object.dart:2768:7)
#27     RenderPadding.performLayout (package:flutter/src/rendering/shifted_box.dart:262:12)
#28     RenderObject.layout (package:flutter/src/rendering/object.dart:2768:7)
#29     ChildLayoutHelper.layoutChild (package:flutter/src/rendering/layout_helper.dart:62:11)
#30     RenderFlex._computeSizes (package:flutter/src/rendering/flex.dart:1237:28)
#31     RenderFlex.performLayout (package:flutter/src/rendering/flex.dart:1329:32)
#32     RenderObject.layout (package:flutter/src/rendering/object.dart:2768:7)
#33     ChildLayoutHelper.layoutChild (package:flutter/src/rendering/layout_helper.dart:62:11)
#34     RenderFlex._computeSizes (package:flutter/src/rendering/flex.dart:1275:26)
#35     RenderFlex.performLayout (package:flutter/src/rendering/flex.dart:1329:32)
#36     RenderObject.layout (package:flutter/src/rendering/object.dart:2768:7)
#37     ChildLayoutHelper.layoutChild (package:flutter/src/rendering/layout_helper.dart:62:11)
#38     RenderFlex._computeSizes (package:flutter/src/rendering/flex.dart:1237:28)
#39     RenderFlex.performLayout (package:flutter/src/rendering/flex.dart:1329:32)
#40     RenderObject.layout (package:flutter/src/rendering/object.dart:2768:7)
#41     RenderPadding.performLayout (package:flutter/src/rendering/shifted_box.dart:262:12)
#42     RenderObject.layout (package:flutter/src/rendering/object.dart:2768:7)
#43     RenderPadding.performLayout (package:flutter/src/rendering/shifted_box.dart:262:12)
#44     RenderObject.layout (package:flutter/src/rendering/object.dart:2768:7)
#45     RenderStack.layoutPositionedChild (package:flutter/src/rendering/stack.dart:549:11)
#46     RenderStack.performLayout (package:flutter/src/rendering/stack.dart:691:13)
#47     RenderObject.layout (package:flutter/src/rendering/object.dart:2768:7)
#48     _RenderLayoutBuilder.performLayout (package:flutter/src/widgets/layout_builder.dart:449:14)
#49     RenderObject.layout (package:flutter/src/rendering/object.dart:2768:7)
#50     ChildLayoutHelper.layoutChild (package:flutter/src/rendering/layout_helper.dart:62:11)
#51     RenderFlex._computeSizes (package:flutter/src/rendering/flex.dart:1275:26)
#52     RenderFlex.performLayout (package:flutter/src/rendering/flex.dart:1329:32)
#53     RenderObject.layout (package:flutter/src/rendering/object.dart:2768:7)
#54     MultiChildLayoutDelegate.layoutChild (package:flutter/src/rendering/custom_layout.dart:180:12)
#55     _ScaffoldLayout.performLayout (package:flutter/src/material/scaffold.dart:1111:7)
#56     MultiChildLayoutDelegate._callPerformLayout (package:flutter/src/rendering/custom_layout.dart:246:7)
#57     RenderCustomMultiChildLayoutBox.performLayout (package:flutter/src/rendering/custom_layout.dart:417:14)
#58     RenderObject._layoutWithoutResize (package:flutter/src/rendering/object.dart:2616:7)
#59     PipelineOwner.flushLayout (package:flutter/src/rendering/object.dart:1174:18)
#60     PipelineOwner.flushLayout (package:flutter/src/rendering/object.dart:1187:15)
#61     AutomatedTestWidgetsFlutterBinding.drawFrame (package:flutter_test/src/binding.dart:2133:27)
#62     RendererBinding._handlePersistentFrameCallback (package:flutter/src/rendering/binding.dart:495:5)
#63     SchedulerBinding._invokeFrameCallback (package:flutter/src/scheduler/binding.dart:1430:15)
#64     SchedulerBinding.handleDrawFrame (package:flutter/src/scheduler/binding.dart:1345:9)
#65     AutomatedTestWidgetsFlutterBinding.pump.<anonymous closure> (package:flutter_test/src/binding.dart:1960:9)
#68     TestAsyncUtils.guard (package:flutter_test/src/test_async_utils.dart:74:41)
#69     AutomatedTestWidgetsFlutterBinding.pump (package:flutter_test/src/binding.dart:1949:27)
#70     WidgetTester.pump.<anonymous closure> (package:flutter_test/src/widget_tester.dart:652:53)
#73     TestAsyncUtils.guard (package:flutter_test/src/test_async_utils.dart:74:41)
#74     WidgetTester.pump (package:flutter_test/src/widget_tester.dart:652:27)
#75     main.<anonymous closure> (file:///C:/Users/User/.codex/worktrees/hadayah-wave4v2-integration/Streamer_app/project/test/map_tricity_widgets_test.dart:156:26)
<asynchronous suspension>
#76     testWidgets.<anonymous closure>.<anonymous closure> (package:flutter_test/src/widget_tester.dart:192:15)
<asynchronous suspension>
#77     TestWidgetsFlutterBinding._runTestBody (package:flutter_test/src/binding.dart:1682:5)
<asynchronous suspension>
<asynchronous suspension>
(elided 5 frames from dart:async and package:stack_trace)

The following RenderObject was being processed when the exception was fired: RenderShrinkWrappingViewport#4bc76 relayoutBoundary=up21 NEEDS-LAYOUT NEEDS-PAINT NEEDS-COMPOSITING-BITS-UPDATE:
  needs compositing
  creator: ShrinkWrappingViewport ← IgnorePointer-[GlobalKey#9bb8e] ← Semantics ← Listener ←
    _GestureSemantics ← RawGestureDetector-[LabeledGlobalKey<RawGestureDetectorState>#6ff53] ←
    Listener ← _ScrollableScope ← _ScrollSemantics-[GlobalKey#964e5] ←
    NotificationListener<ScrollMetricsNotification> ← Transform ← StretchEffect ← ⋯
  parentData: <none> (can use size)
  constraints: BoxConstraints(0.0<=w<=118.0, 0.0<=h<=238.0)
  size: MISSING
  axisDirection: down
  crossAxisDirection: right
  offset: ScrollPositionWithSingleContext#4634c(offset: 0.0, range: null..null, viewport: null,
    ScrollableState, AlwaysScrollableScrollPhysics -> ClampingScrollPhysics ->
    RangeMaintainingScrollPhysics, IdleScrollActivity#3dbf7, ScrollDirection.idle)
This RenderObject had the following descendants (showing up to depth 5):
    child 0: RenderSliverPadding#20921 relayoutBoundary=up22 NEEDS-PAINT NEEDS-COMPOSITING-BITS-UPDATE
      child: RenderSliverList#a3362 relayoutBoundary=up23 NEEDS-PAINT NEEDS-COMPOSITING-BITS-UPDATE
        child with index 0: RenderIndexedSemantics#53187 relayoutBoundary=up24 NEEDS-PAINT NEEDS-COMPOSITING-BITS-UPDATE
          child: RenderRepaintBoundary#c7e24 relayoutBoundary=up25 NEEDS-PAINT NEEDS-COMPOSITING-BITS-UPDATE
            child: RenderSemanticsAnnotations#2e2f7 relayoutBoundary=up26 NEEDS-PAINT NEEDS-COMPOSITING-BITS-UPDATE
════════════════════════════════════════════════════════════════════════════════════════════════════
══╡ EXCEPTION CAUGHT BY RENDERING LIBRARY ╞═════════════════════════════════════════════════════════
The following assertion was thrown during performLayout():
RenderBox was not laid out: RenderShrinkWrappingViewport#4bc76 relayoutBoundary=up21 NEEDS-PAINT
NEEDS-COMPOSITING-BITS-UPDATE
'package:flutter/src/rendering/box.dart':
Failed assertion: line 2251 pos 12: 'hasSize'

Either the assertion indicates an error in the framework itself, or we should provide substantially
more information in this error message to help you determine and fix the underlying cause.
In either case, please report this assertion by filing a bug on GitHub:
  https://github.com/flutter/flutter/issues/new?template=02_bug.yml

The relevant error-causing widget was:
  ListView
  ListView:file:///C:/Users/User/.codex/worktrees/hadayah-wave4v2-integration/Streamer_app/project/lib/features/map/presentation/widgets/top_spatial_search_bar.dart:225:29

When the exception was thrown, this was the stack:
#2      RenderBox.size (package:flutter/src/rendering/box.dart:2251:12)
#3      RenderProxyBoxMixin.performLayout (package:flutter/src/rendering/proxy_box.dart:118:62)
#4      RenderObject.layout (package:flutter/src/rendering/object.dart:2768:7)
#5      RenderProxyBoxMixin.performLayout (package:flutter/src/rendering/proxy_box.dart:118:18)
#6      RenderObject.layout (package:flutter/src/rendering/object.dart:2768:7)
#7      RenderProxyBoxMixin.performLayout (package:flutter/src/rendering/proxy_box.dart:118:18)
#8      RenderObject.layout (package:flutter/src/rendering/object.dart:2768:7)
#9      RenderProxyBoxMixin.performLayout (package:flutter/src/rendering/proxy_box.dart:118:18)
#10     RenderObject.layout (package:flutter/src/rendering/object.dart:2768:7)
#11     RenderProxyBoxMixin.performLayout (package:flutter/src/rendering/proxy_box.dart:118:18)
#12     RenderObject.layout (package:flutter/src/rendering/object.dart:2768:7)
#13     RenderProxyBoxMixin.performLayout (package:flutter/src/rendering/proxy_box.dart:118:18)
#14     RenderObject.layout (package:flutter/src/rendering/object.dart:2768:7)
#15     RenderProxyBoxMixin.performLayout (package:flutter/src/rendering/proxy_box.dart:118:18)
#16     RenderObject.layout (package:flutter/src/rendering/object.dart:2768:7)
#17     RenderProxyBoxMixin.performLayout (package:flutter/src/rendering/proxy_box.dart:118:18)
#18     _RenderCustomClip.performLayout (package:flutter/src/rendering/proxy_box.dart:1549:11)
#19     RenderObject.layout (package:flutter/src/rendering/object.dart:2768:7)
#20     RenderPadding.performLayout (package:flutter/src/rendering/shifted_box.dart:262:12)
#21     RenderObject.layout (package:flutter/src/rendering/object.dart:2768:7)
#22     RenderProxyBoxMixin.performLayout (package:flutter/src/rendering/proxy_box.dart:118:18)
#23     RenderObject.layout (package:flutter/src/rendering/object.dart:2768:7)
#24     RenderConstrainedBox.performLayout (package:flutter/src/rendering/proxy_box.dart:296:14)
#25     RenderObject.layout (package:flutter/src/rendering/object.dart:2768:7)
#26     RenderPadding.performLayout (package:flutter/src/rendering/shifted_box.dart:262:12)
#27     RenderObject.layout (package:flutter/src/rendering/object.dart:2768:7)
#28     ChildLayoutHelper.layoutChild (package:flutter/src/rendering/layout_helper.dart:62:11)
#29     RenderFlex._computeSizes (package:flutter/src/rendering/flex.dart:1237:28)
#30     RenderFlex.performLayout (package:flutter/src/rendering/flex.dart:1329:32)
#31     RenderObject.layout (package:flutter/src/rendering/object.dart:2768:7)
#32     ChildLayoutHelper.layoutChild (package:flutter/src/rendering/layout_helper.dart:62:11)
#33     RenderFlex._computeSizes (package:flutter/src/rendering/flex.dart:1275:26)
#34     RenderFlex.performLayout (package:flutter/src/rendering/flex.dart:1329:32)
#35     RenderObject.layout (package:flutter/src/rendering/object.dart:2768:7)
#36     ChildLayoutHelper.layoutChild (package:flutter/src/rendering/layout_helper.dart:62:11)
#37     RenderFlex._computeSizes (package:flutter/src/rendering/flex.dart:1237:28)
#38     RenderFlex.performLayout (package:flutter/src/rendering/flex.dart:1329:32)
#39     RenderObject.layout (package:flutter/src/rendering/object.dart:2768:7)
#40     RenderPadding.performLayout (package:flutter/src/rendering/shifted_box.dart:262:12)
#41     RenderObject.layout (package:flutter/src/rendering/object.dart:2768:7)
#42     RenderPadding.performLayout (package:flutter/src/rendering/shifted_box.dart:262:12)
#43     RenderObject.layout (package:flutter/src/rendering/object.dart:2768:7)
#44     RenderStack.layoutPositionedChild (package:flutter/src/rendering/stack.dart:549:11)
#45     RenderStack.performLayout (package:flutter/src/rendering/stack.dart:691:13)
#46     RenderObject.layout (package:flutter/src/rendering/object.dart:2768:7)
#47     _RenderLayoutBuilder.performLayout (package:flutter/src/widgets/layout_builder.dart:449:14)
#48     RenderObject.layout (package:flutter/src/rendering/object.dart:2768:7)
#49     ChildLayoutHelper.layoutChild (package:flutter/src/rendering/layout_helper.dart:62:11)
#50     RenderFlex._computeSizes (package:flutter/src/rendering/flex.dart:1275:26)
#51     RenderFlex.performLayout (package:flutter/src/rendering/flex.dart:1329:32)
#52     RenderObject.layout (package:flutter/src/rendering/object.dart:2768:7)
#53     MultiChildLayoutDelegate.layoutChild (package:flutter/src/rendering/custom_layout.dart:180:12)
#54     _ScaffoldLayout.performLayout (package:flutter/src/material/scaffold.dart:1111:7)
#55     MultiChildLayoutDelegate._callPerformLayout (package:flutter/src/rendering/custom_layout.dart:246:7)
#56     RenderCustomMultiChildLayoutBox.performLayout (package:flutter/src/rendering/custom_layout.dart:417:14)
#57     RenderObject._layoutWithoutResize (package:flutter/src/rendering/object.dart:2616:7)
#58     PipelineOwner.flushLayout (package:flutter/src/rendering/object.dart:1174:18)
#59     PipelineOwner.flushLayout (package:flutter/src/rendering/object.dart:1187:15)
#60     AutomatedTestWidgetsFlutterBinding.drawFrame (package:flutter_test/src/binding.dart:2133:27)
#61     RendererBinding._handlePersistentFrameCallback (package:flutter/src/rendering/binding.dart:495:5)
#62     SchedulerBinding._invokeFrameCallback (package:flutter/src/scheduler/binding.dart:1430:15)
#63     SchedulerBinding.handleDrawFrame (package:flutter/src/scheduler/binding.dart:1345:9)
#64     AutomatedTestWidgetsFlutterBinding.pump.<anonymous closure> (package:flutter_test/src/binding.dart:1960:9)
#67     TestAsyncUtils.guard (package:flutter_test/src/test_async_utils.dart:74:41)
#68     AutomatedTestWidgetsFlutterBinding.pump (package:flutter_test/src/binding.dart:1949:27)
#69     WidgetTester.pump.<anonymous closure> (package:flutter_test/src/widget_tester.dart:652:53)
#72     TestAsyncUtils.guard (package:flutter_test/src/test_async_utils.dart:74:41)
#73     WidgetTester.pump (package:flutter_test/src/widget_tester.dart:652:27)
#74     main.<anonymous closure> (file:///C:/Users/User/.codex/worktrees/hadayah-wave4v2-integration/Streamer_app/project/test/map_tricity_widgets_test.dart:156:26)
<asynchronous suspension>
#75     testWidgets.<anonymous closure>.<anonymous closure> (package:flutter_test/src/widget_tester.dart:192:15)
<asynchronous suspension>
#76     TestWidgetsFlutterBinding._runTestBody (package:flutter_test/src/binding.dart:1682:5)
<asynchronous suspension>
<asynchronous suspension>
(elided 7 frames from class _AssertionError, dart:async, and package:stack_trace)

The following RenderObject was being processed when the exception was fired: RenderIgnorePointer#029bd relayoutBoundary=up20 NEEDS-LAYOUT NEEDS-PAINT NEEDS-COMPOSITING-BITS-UPDATE:
  creator: IgnorePointer-[GlobalKey#9bb8e] ← Semantics ← Listener ← _GestureSemantics ←
    RawGestureDetector-[LabeledGlobalKey<RawGestureDetectorState>#6ff53] ← Listener ← _ScrollableScope
    ← _ScrollSemantics-[GlobalKey#964e5] ← NotificationListener<ScrollMetricsNotification> ← Transform
    ← StretchEffect ← ClipRect ← ⋯
  parentData: <none> (can use size)
  constraints: BoxConstraints(0.0<=w<=118.0, 0.0<=h<=238.0)
  size: MISSING
  ignoring: false
  ignoringSemantics: null
This RenderObject had the following descendants (showing up to depth 5):
    child: RenderShrinkWrappingViewport#4bc76 relayoutBoundary=up21 NEEDS-PAINT NEEDS-COMPOSITING-BITS-UPDATE
      child 0: RenderSliverPadding#20921 relayoutBoundary=up22 NEEDS-PAINT NEEDS-COMPOSITING-BITS-UPDATE
        child: RenderSliverList#a3362 relayoutBoundary=up23 NEEDS-PAINT NEEDS-COMPOSITING-BITS-UPDATE
          child with index 0: RenderIndexedSemantics#53187 relayoutBoundary=up24 NEEDS-PAINT NEEDS-COMPOSITING-BITS-UPDATE
            child: RenderRepaintBoundary#c7e24 relayoutBoundary=up25 NEEDS-PAINT NEEDS-COMPOSITING-BITS-UPDATE
════════════════════════════════════════════════════════════════════════════════════════════════════
══╡ EXCEPTION CAUGHT BY RENDERING LIBRARY ╞═════════════════════════════════════════════════════════
The following assertion was thrown during performLayout():
RenderBox was not laid out: RenderIgnorePointer#029bd relayoutBoundary=up20 NEEDS-PAINT
NEEDS-COMPOSITING-BITS-UPDATE
'package:flutter/src/rendering/box.dart':
Failed assertion: line 2251 pos 12: 'hasSize'

Either the assertion indicates an error in the framework itself, or we should provide substantially
more information in this error message to help you determine and fix the underlying cause.
In either case, please report this assertion by filing a bug on GitHub:
  https://github.com/flutter/flutter/issues/new?template=02_bug.yml

The relevant error-causing widget was:
  ListView
  ListView:file:///C:/Users/User/.codex/worktrees/hadayah-wave4v2-integration/Streamer_app/project/lib/features/map/presentation/widgets/top_spatial_search_bar.dart:225:29

When the exception was thrown, this was the stack:
#2      RenderBox.size (package:flutter/src/rendering/box.dart:2251:12)
#3      RenderProxyBoxMixin.performLayout (package:flutter/src/rendering/proxy_box.dart:118:62)
#4      RenderObject.layout (package:flutter/src/rendering/object.dart:2768:7)
#5      RenderProxyBoxMixin.performLayout (package:flutter/src/rendering/proxy_box.dart:118:18)
#6      RenderObject.layout (package:flutter/src/rendering/object.dart:2768:7)
#7      RenderProxyBoxMixin.performLayout (package:flutter/src/rendering/proxy_box.dart:118:18)
#8      RenderObject.layout (package:flutter/src/rendering/object.dart:2768:7)
#9      RenderProxyBoxMixin.performLayout (package:flutter/src/rendering/proxy_box.dart:118:18)
#10     RenderObject.layout (package:flutter/src/rendering/object.dart:2768:7)
#11     RenderProxyBoxMixin.performLayout (package:flutter/src/rendering/proxy_box.dart:118:18)
#12     RenderObject.layout (package:flutter/src/rendering/object.dart:2768:7)
#13     RenderProxyBoxMixin.performLayout (package:flutter/src/rendering/proxy_box.dart:118:18)
#14     RenderObject.layout (package:flutter/src/rendering/object.dart:2768:7)
#15     RenderProxyBoxMixin.performLayout (package:flutter/src/rendering/proxy_box.dart:118:18)
#16     _RenderCustomClip.performLayout (package:flutter/src/rendering/proxy_box.dart:1549:11)
#17     RenderObject.layout (package:flutter/src/rendering/object.dart:2768:7)
#18     RenderPadding.performLayout (package:flutter/src/rendering/shifted_box.dart:262:12)
#19     RenderObject.layout (package:flutter/src/rendering/object.dart:2768:7)
#20     RenderProxyBoxMixin.performLayout (package:flutter/src/rendering/proxy_box.dart:118:18)
#21     RenderObject.layout (package:flutter/src/rendering/object.dart:2768:7)
#22     RenderConstrainedBox.performLayout (package:flutter/src/rendering/proxy_box.dart:296:14)
#23     RenderObject.layout (package:flutter/src/rendering/object.dart:2768:7)
#24     RenderPadding.performLayout (package:flutter/src/rendering/shifted_box.dart:262:12)
#25     RenderObject.layout (package:flutter/src/rendering/object.dart:2768:7)
#26     ChildLayoutHelper.layoutChild (package:flutter/src/rendering/layout_helper.dart:62:11)
#27     RenderFlex._computeSizes (package:flutter/src/rendering/flex.dart:1237:28)
#28     RenderFlex.performLayout (package:flutter/src/rendering/flex.dart:1329:32)
#29     RenderObject.layout (package:flutter/src/rendering/object.dart:2768:7)
#30     ChildLayoutHelper.layoutChild (package:flutter/src/rendering/layout_helper.dart:62:11)
#31     RenderFlex._computeSizes (package:flutter/src/rendering/flex.dart:1275:26)
#32     RenderFlex.performLayout (package:flutter/src/rendering/flex.dart:1329:32)
#33     RenderObject.layout (package:flutter/src/rendering/object.dart:2768:7)
#34     ChildLayoutHelper.layoutChild (package:flutter/src/rendering/layout_helper.dart:62:11)
#35     RenderFlex._computeSizes (package:flutter/src/rendering/flex.dart:1237:28)
#36     RenderFlex.performLayout (package:flutter/src/rendering/flex.dart:1329:32)
#37     RenderObject.layout (package:flutter/src/rendering/object.dart:2768:7)
#38     RenderPadding.performLayout (package:flutter/src/rendering/shifted_box.dart:262:12)
#39     RenderObject.layout (package:flutter/src/rendering/object.dart:2768:7)
#40     RenderPadding.performLayout (package:flutter/src/rendering/shifted_box.dart:262:12)
#41     RenderObject.layout (package:flutter/src/rendering/object.dart:2768:7)
#42     RenderStack.layoutPositionedChild (package:flutter/src/rendering/stack.dart:549:11)
#43     RenderStack.performLayout (package:flutter/src/rendering/stack.dart:691:13)
#44     RenderObject.layout (package:flutter/src/rendering/object.dart:2768:7)
#45     _RenderLayoutBuilder.performLayout (package:flutter/src/widgets/layout_builder.dart:449:14)
#46     RenderObject.layout (package:flutter/src/rendering/object.dart:2768:7)
#47     ChildLayoutHelper.layoutChild (package:flutter/src/rendering/layout_helper.dart:62:11)
#48     RenderFlex._computeSizes (package:flutter/src/rendering/flex.dart:1275:26)
#49     RenderFlex.performLayout (package:flutter/src/rendering/flex.dart:1329:32)
#50     RenderObject.layout (package:flutter/src/rendering/object.dart:2768:7)
#51     MultiChildLayoutDelegate.layoutChild (package:flutter/src/rendering/custom_layout.dart:180:12)
#52     _ScaffoldLayout.performLayout (package:flutter/src/material/scaffold.dart:1111:7)
#53     MultiChildLayoutDelegate._callPerformLayout (package:flutter/src/rendering/custom_layout.dart:246:7)
#54     RenderCustomMultiChildLayoutBox.performLayout (package:flutter/src/rendering/custom_layout.dart:417:14)
#55     RenderObject._layoutWithoutResize (package:flutter/src/rendering/object.dart:2616:7)
#56     PipelineOwner.flushLayout (package:flutter/src/rendering/object.dart:1174:18)
#57     PipelineOwner.flushLayout (package:flutter/src/rendering/object.dart:1187:15)
#58     AutomatedTestWidgetsFlutterBinding.drawFrame (package:flutter_test/src/binding.dart:2133:27)
#59     RendererBinding._handlePersistentFrameCallback (package:flutter/src/rendering/binding.dart:495:5)
#60     SchedulerBinding._invokeFrameCallback (package:flutter/src/scheduler/binding.dart:1430:15)
#61     SchedulerBinding.handleDrawFrame (package:flutter/src/scheduler/binding.dart:1345:9)
#62     AutomatedTestWidgetsFlutterBinding.pump.<anonymous closure> (package:flutter_test/src/binding.dart:1960:9)
#65     TestAsyncUtils.guard (package:flutter_test/src/test_async_utils.dart:74:41)
#66     AutomatedTestWidgetsFlutterBinding.pump (package:flutter_test/src/binding.dart:1949:27)
#67     WidgetTester.pump.<anonymous closure> (package:flutter_test/src/widget_tester.dart:652:53)
#70     TestAsyncUtils.guard (package:flutter_test/src/test_async_utils.dart:74:41)
#71     WidgetTester.pump (package:flutter_test/src/widget_tester.dart:652:27)
#72     main.<anonymous closure> (file:///C:/Users/User/.codex/worktrees/hadayah-wave4v2-integration/Streamer_app/project/test/map_tricity_widgets_test.dart:156:26)
<asynchronous suspension>
#73     testWidgets.<anonymous closure>.<anonymous closure> (package:flutter_test/src/widget_tester.dart:192:15)
<asynchronous suspension>
#74     TestWidgetsFlutterBinding._runTestBody (package:flutter_test/src/binding.dart:1682:5)
<asynchronous suspension>
<asynchronous suspension>
(elided 7 frames from class _AssertionError, dart:async, and package:stack_trace)

The following RenderObject was being processed when the exception was fired: RenderSemanticsAnnotations#218b8 relayoutBoundary=up19 NEEDS-LAYOUT NEEDS-PAINT NEEDS-COMPOSITING-BITS-UPDATE:
  creator: Semantics ← Listener ← _GestureSemantics ←
    RawGestureDetector-[LabeledGlobalKey<RawGestureDetectorState>#6ff53] ← Listener ← _ScrollableScope
    ← _ScrollSemantics-[GlobalKey#964e5] ← NotificationListener<ScrollMetricsNotification> ← Transform
    ← StretchEffect ← ClipRect ← AnimatedBuilder ← ⋯
  parentData: <none> (can use size)
  constraints: BoxConstraints(0.0<=w<=118.0, 0.0<=h<=238.0)
  size: MISSING
This RenderObject had the following descendants (showing up to depth 5):
    child: RenderIgnorePointer#029bd relayoutBoundary=up20 NEEDS-PAINT NEEDS-COMPOSITING-BITS-UPDATE
      child: RenderShrinkWrappingViewport#4bc76 relayoutBoundary=up21 NEEDS-PAINT NEEDS-COMPOSITING-BITS-UPDATE
        child 0: RenderSliverPadding#20921 relayoutBoundary=up22 NEEDS-PAINT NEEDS-COMPOSITING-BITS-UPDATE
          child: RenderSliverList#a3362 relayoutBoundary=up23 NEEDS-PAINT NEEDS-COMPOSITING-BITS-UPDATE
            child with index 0: RenderIndexedSemantics#53187 relayoutBoundary=up24 NEEDS-PAINT NEEDS-COMPOSITING-BITS-UPDATE
════════════════════════════════════════════════════════════════════════════════════════════════════
══╡ EXCEPTION CAUGHT BY RENDERING LIBRARY ╞═════════════════════════════════════════════════════════
The following assertion was thrown during performLayout():
RenderBox was not laid out: RenderSemanticsAnnotations#218b8 relayoutBoundary=up19 NEEDS-PAINT
NEEDS-COMPOSITING-BITS-UPDATE
'package:flutter/src/rendering/box.dart':
Failed assertion: line 2251 pos 12: 'hasSize'

Either the assertion indicates an error in the framework itself, or we should provide substantially
more information in this error message to help you determine and fix the underlying cause.
In either case, please report this assertion by filing a bug on GitHub:
  https://github.com/flutter/flutter/issues/new?template=02_bug.yml

The relevant error-causing widget was:
  ListView
  ListView:file:///C:/Users/User/.codex/worktrees/hadayah-wave4v2-integration/Streamer_app/project/lib/features/map/presentation/widgets/top_spatial_search_bar.dart:225:29

When the exception was thrown, this was the stack:
#2      RenderBox.size (package:flutter/src/rendering/box.dart:2251:12)
#3      RenderProxyBoxMixin.performLayout (package:flutter/src/rendering/proxy_box.dart:118:62)
#4      RenderObject.layout (package:flutter/src/rendering/object.dart:2768:7)
#5      RenderProxyBoxMixin.performLayout (package:flutter/src/rendering/proxy_box.dart:118:18)
#6      RenderObject.layout (package:flutter/src/rendering/object.dart:2768:7)
#7      RenderProxyBoxMixin.performLayout (package:flutter/src/rendering/proxy_box.dart:118:18)
#8      RenderObject.layout (package:flutter/src/rendering/object.dart:2768:7)
#9      RenderProxyBoxMixin.performLayout (package:flutter/src/rendering/proxy_box.dart:118:18)
#10     RenderObject.layout (package:flutter/src/rendering/object.dart:2768:7)
#11     RenderProxyBoxMixin.performLayout (package:flutter/src/rendering/proxy_box.dart:118:18)
#12     RenderObject.layout (package:flutter/src/rendering/object.dart:2768:7)
#13     RenderProxyBoxMixin.performLayout (package:flutter/src/rendering/proxy_box.dart:118:18)
#14     _RenderCustomClip.performLayout (package:flutter/src/rendering/proxy_box.dart:1549:11)
#15     RenderObject.layout (package:flutter/src/rendering/object.dart:2768:7)
#16     RenderPadding.performLayout (package:flutter/src/rendering/shifted_box.dart:262:12)
#17     RenderObject.layout (package:flutter/src/rendering/object.dart:2768:7)
#18     RenderProxyBoxMixin.performLayout (package:flutter/src/rendering/proxy_box.dart:118:18)
#19     RenderObject.layout (package:flutter/src/rendering/object.dart:2768:7)
#20     RenderConstrainedBox.performLayout (package:flutter/src/rendering/proxy_box.dart:296:14)
#21     RenderObject.layout (package:flutter/src/rendering/object.dart:2768:7)
#22     RenderPadding.performLayout (package:flutter/src/rendering/shifted_box.dart:262:12)
#23     RenderObject.layout (package:flutter/src/rendering/object.dart:2768:7)
#24     ChildLayoutHelper.layoutChild (package:flutter/src/rendering/layout_helper.dart:62:11)
#25     RenderFlex._computeSizes (package:flutter/src/rendering/flex.dart:1237:28)
#26     RenderFlex.performLayout (package:flutter/src/rendering/flex.dart:1329:32)
#27     RenderObject.layout (package:flutter/src/rendering/object.dart:2768:7)
#28     ChildLayoutHelper.layoutChild (package:flutter/src/rendering/layout_helper.dart:62:11)
#29     RenderFlex._computeSizes (package:flutter/src/rendering/flex.dart:1275:26)
#30     RenderFlex.performLayout (package:flutter/src/rendering/flex.dart:1329:32)
#31     RenderObject.layout (package:flutter/src/rendering/object.dart:2768:7)
#32     ChildLayoutHelper.layoutChild (package:flutter/src/rendering/layout_helper.dart:62:11)
#33     RenderFlex._computeSizes (package:flutter/src/rendering/flex.dart:1237:28)
#34     RenderFlex.performLayout (package:flutter/src/rendering/flex.dart:1329:32)
#35     RenderObject.layout (package:flutter/src/rendering/object.dart:2768:7)
#36     RenderPadding.performLayout (package:flutter/src/rendering/shifted_box.dart:262:12)
#37     RenderObject.layout (package:flutter/src/rendering/object.dart:2768:7)
#38     RenderPadding.performLayout (package:flutter/src/rendering/shifted_box.dart:262:12)
#39     RenderObject.layout (package:flutter/src/rendering/object.dart:2768:7)
#40     RenderStack.layoutPositionedChild (package:flutter/src/rendering/stack.dart:549:11)
#41     RenderStack.performLayout (package:flutter/src/rendering/stack.dart:691:13)
#42     RenderObject.layout (package:flutter/src/rendering/object.dart:2768:7)
#43     _RenderLayoutBuilder.performLayout (package:flutter/src/widgets/layout_builder.dart:449:14)
#44     RenderObject.layout (package:flutter/src/rendering/object.dart:2768:7)
#45     ChildLayoutHelper.layoutChild (package:flutter/src/rendering/layout_helper.dart:62:11)
#46     RenderFlex._computeSizes (package:flutter/src/rendering/flex.dart:1275:26)
#47     RenderFlex.performLayout (package:flutter/src/rendering/flex.dart:1329:32)
#48     RenderObject.layout (package:flutter/src/rendering/object.dart:2768:7)
#49     MultiChildLayoutDelegate.layoutChild (package:flutter/src/rendering/custom_layout.dart:180:12)
#50     _ScaffoldLayout.performLayout (package:flutter/src/material/scaffold.dart:1111:7)
#51     MultiChildLayoutDelegate._callPerformLayout (package:flutter/src/rendering/custom_layout.dart:246:7)
#52     RenderCustomMultiChildLayoutBox.performLayout (package:flutter/src/rendering/custom_layout.dart:417:14)
#53     RenderObject._layoutWithoutResize (package:flutter/src/rendering/object.dart:2616:7)
#54     PipelineOwner.flushLayout (package:flutter/src/rendering/object.dart:1174:18)
#55     PipelineOwner.flushLayout (package:flutter/src/rendering/object.dart:1187:15)
#56     AutomatedTestWidgetsFlutterBinding.drawFrame (package:flutter_test/src/binding.dart:2133:27)
#57     RendererBinding._handlePersistentFrameCallback (package:flutter/src/rendering/binding.dart:495:5)
#58     SchedulerBinding._invokeFrameCallback (package:flutter/src/scheduler/binding.dart:1430:15)
#59     SchedulerBinding.handleDrawFrame (package:flutter/src/scheduler/binding.dart:1345:9)
#60     AutomatedTestWidgetsFlutterBinding.pump.<anonymous closure> (package:flutter_test/src/binding.dart:1960:9)
#63     TestAsyncUtils.guard (package:flutter_test/src/test_async_utils.dart:74:41)
#64     AutomatedTestWidgetsFlutterBinding.pump (package:flutter_test/src/binding.dart:1949:27)
#65     WidgetTester.pump.<anonymous closure> (package:flutter_test/src/widget_tester.dart:652:53)
#68     TestAsyncUtils.guard (package:flutter_test/src/test_async_utils.dart:74:41)
#69     WidgetTester.pump (package:flutter_test/src/widget_tester.dart:652:27)
#70     main.<anonymous closure> (file:///C:/Users/User/.codex/worktrees/hadayah-wave4v2-integration/Streamer_app/project/test/map_tricity_widgets_test.dart:156:26)
<asynchronous suspension>
#71     testWidgets.<anonymous closure>.<anonymous closure> (package:flutter_test/src/widget_tester.dart:192:15)
<asynchronous suspension>
#72     TestWidgetsFlutterBinding._runTestBody (package:flutter_test/src/binding.dart:1682:5)
<asynchronous suspension>
<asynchronous suspension>
(elided 7 frames from class _AssertionError, dart:async, and package:stack_trace)

The following RenderObject was being processed when the exception was fired: RenderPointerListener#032a0 relayoutBoundary=up18 NEEDS-LAYOUT NEEDS-PAINT NEEDS-COMPOSITING-BITS-UPDATE:
  creator: Listener ← _GestureSemantics ←
    RawGestureDetector-[LabeledGlobalKey<RawGestureDetectorState>#6ff53] ← Listener ← _ScrollableScope
    ← _ScrollSemantics-[GlobalKey#964e5] ← NotificationListener<ScrollMetricsNotification> ← Transform
    ← StretchEffect ← ClipRect ← AnimatedBuilder ← NotificationListener<ScrollNotification> ← ⋯
  parentData: <none> (can use size)
  constraints: BoxConstraints(0.0<=w<=118.0, 0.0<=h<=238.0)
  size: MISSING
  behavior: opaque
  listeners: down, panZoomStart
This RenderObject had the following descendants (showing up to depth 5):
    child: RenderSemanticsAnnotations#218b8 relayoutBoundary=up19 NEEDS-PAINT NEEDS-COMPOSITING-BITS-UPDATE
      child: RenderIgnorePointer#029bd relayoutBoundary=up20 NEEDS-PAINT NEEDS-COMPOSITING-BITS-UPDATE
        child: RenderShrinkWrappingViewport#4bc76 relayoutBoundary=up21 NEEDS-PAINT NEEDS-COMPOSITING-BITS-UPDATE
          child 0: RenderSliverPadding#20921 relayoutBoundary=up22 NEEDS-PAINT NEEDS-COMPOSITING-BITS-UPDATE
            child: RenderSliverList#a3362 relayoutBoundary=up23 NEEDS-PAINT NEEDS-COMPOSITING-BITS-UPDATE
════════════════════════════════════════════════════════════════════════════════════════════════════
══╡ EXCEPTION CAUGHT BY RENDERING LIBRARY ╞═════════════════════════════════════════════════════════
The following assertion was thrown during performLayout():
RenderBox was not laid out: RenderPointerListener#032a0 relayoutBoundary=up18 NEEDS-PAINT
NEEDS-COMPOSITING-BITS-UPDATE
'package:flutter/src/rendering/box.dart':
Failed assertion: line 2251 pos 12: 'hasSize'

Either the assertion indicates an error in the framework itself, or we should provide substantially
more information in this error message to help you determine and fix the underlying cause.
In either case, please report this assertion by filing a bug on GitHub:
  https://github.com/flutter/flutter/issues/new?template=02_bug.yml

The relevant error-causing widget was:
  ListView
  ListView:file:///C:/Users/User/.codex/worktrees/hadayah-wave4v2-integration/Streamer_app/project/lib/features/map/presentation/widgets/top_spatial_search_bar.dart:225:29

When the exception was thrown, this was the stack:
#2      RenderBox.size (package:flutter/src/rendering/box.dart:2251:12)
#3      RenderProxyBoxMixin.performLayout (package:flutter/src/rendering/proxy_box.dart:118:62)
#4      RenderObject.layout (package:flutter/src/rendering/object.dart:2768:7)
#5      RenderProxyBoxMixin.performLayout (package:flutter/src/rendering/proxy_box.dart:118:18)
#6      RenderObject.layout (package:flutter/src/rendering/object.dart:2768:7)
#7      RenderProxyBoxMixin.performLayout (package:flutter/src/rendering/proxy_box.dart:118:18)
#8      RenderObject.layout (package:flutter/src/rendering/object.dart:2768:7)
#9      RenderProxyBoxMixin.performLayout (package:flutter/src/rendering/proxy_box.dart:118:18)
#10     RenderObject.layout (package:flutter/src/rendering/object.dart:2768:7)
#11     RenderProxyBoxMixin.performLayout (package:flutter/src/rendering/proxy_box.dart:118:18)
#12     _RenderCustomClip.performLayout (package:flutter/src/rendering/proxy_box.dart:1549:11)
#13     RenderObject.layout (package:flutter/src/rendering/object.dart:2768:7)
#14     RenderPadding.performLayout (package:flutter/src/rendering/shifted_box.dart:262:12)
#15     RenderObject.layout (package:flutter/src/rendering/object.dart:2768:7)
#16     RenderProxyBoxMixin.performLayout (package:flutter/src/rendering/proxy_box.dart:118:18)
#17     RenderObject.layout (package:flutter/src/rendering/object.dart:2768:7)
#18     RenderConstrainedBox.performLayout (package:flutter/src/rendering/proxy_box.dart:296:14)
#19     RenderObject.layout (package:flutter/src/rendering/object.dart:2768:7)
#20     RenderPadding.performLayout (package:flutter/src/rendering/shifted_box.dart:262:12)
#21     RenderObject.layout (package:flutter/src/rendering/object.dart:2768:7)
#22     ChildLayoutHelper.layoutChild (package:flutter/src/rendering/layout_helper.dart:62:11)
#23     RenderFlex._computeSizes (package:flutter/src/rendering/flex.dart:1237:28)
#24     RenderFlex.performLayout (package:flutter/src/rendering/flex.dart:1329:32)
#25     RenderObject.layout (package:flutter/src/rendering/object.dart:2768:7)
#26     ChildLayoutHelper.layoutChild (package:flutter/src/rendering/layout_helper.dart:62:11)
#27     RenderFlex._computeSizes (package:flutter/src/rendering/flex.dart:1275:26)
#28     RenderFlex.performLayout (package:flutter/src/rendering/flex.dart:1329:32)
#29     RenderObject.layout (package:flutter/src/rendering/object.dart:2768:7)
#30     ChildLayoutHelper.layoutChild (package:flutter/src/rendering/layout_helper.dart:62:11)
#31     RenderFlex._computeSizes (package:flutter/src/rendering/flex.dart:1237:28)
#32     RenderFlex.performLayout (package:flutter/src/rendering/flex.dart:1329:32)
#33     RenderObject.layout (package:flutter/src/rendering/object.dart:2768:7)
#34     RenderPadding.performLayout (package:flutter/src/rendering/shifted_box.dart:262:12)
#35     RenderObject.layout (package:flutter/src/rendering/object.dart:2768:7)
#36     RenderPadding.performLayout (package:flutter/src/rendering/shifted_box.dart:262:12)
#37     RenderObject.layout (package:flutter/src/rendering/object.dart:2768:7)
#38     RenderStack.layoutPositionedChild (package:flutter/src/rendering/stack.dart:549:11)
#39     RenderStack.performLayout (package:flutter/src/rendering/stack.dart:691:13)
#40     RenderObject.layout (package:flutter/src/rendering/object.dart:2768:7)
#41     _RenderLayoutBuilder.performLayout (package:flutter/src/widgets/layout_builder.dart:449:14)
#42     RenderObject.layout (package:flutter/src/rendering/object.dart:2768:7)
#43     ChildLayoutHelper.layoutChild (package:flutter/src/rendering/layout_helper.dart:62:11)
#44     RenderFlex._computeSizes (package:flutter/src/rendering/flex.dart:1275:26)
#45     RenderFlex.performLayout (package:flutter/src/rendering/flex.dart:1329:32)
#46     RenderObject.layout (package:flutter/src/rendering/object.dart:2768:7)
#47     MultiChildLayoutDelegate.layoutChild (package:flutter/src/rendering/custom_layout.dart:180:12)
#48     _ScaffoldLayout.performLayout (package:flutter/src/material/scaffold.dart:1111:7)
#49     MultiChildLayoutDelegate._callPerformLayout (package:flutter/src/rendering/custom_layout.dart:246:7)
#50     RenderCustomMultiChildLayoutBox.performLayout (package:flutter/src/rendering/custom_layout.dart:417:14)
#51     RenderObject._layoutWithoutResize (package:flutter/src/rendering/object.dart:2616:7)
#52     PipelineOwner.flushLayout (package:flutter/src/rendering/object.dart:1174:18)
#53     PipelineOwner.flushLayout (package:flutter/src/rendering/object.dart:1187:15)
#54     AutomatedTestWidgetsFlutterBinding.drawFrame (package:flutter_test/src/binding.dart:2133:27)
#55     RendererBinding._handlePersistentFrameCallback (package:flutter/src/rendering/binding.dart:495:5)
#56     SchedulerBinding._invokeFrameCallback (package:flutter/src/scheduler/binding.dart:1430:15)
#57     SchedulerBinding.handleDrawFrame (package:flutter/src/scheduler/binding.dart:1345:9)
#58     AutomatedTestWidgetsFlutterBinding.pump.<anonymous closure> (package:flutter_test/src/binding.dart:1960:9)
#61     TestAsyncUtils.guard (package:flutter_test/src/test_async_utils.dart:74:41)
#62     AutomatedTestWidgetsFlutterBinding.pump (package:flutter_test/src/binding.dart:1949:27)
#63     WidgetTester.pump.<anonymous closure> (package:flutter_test/src/widget_tester.dart:652:53)
#66     TestAsyncUtils.guard (package:flutter_test/src/test_async_utils.dart:74:41)
#67     WidgetTester.pump (package:flutter_test/src/widget_tester.dart:652:27)
#68     main.<anonymous closure> (file:///C:/Users/User/.codex/worktrees/hadayah-wave4v2-integration/Streamer_app/project/test/map_tricity_widgets_test.dart:156:26)
<asynchronous suspension>
#69     testWidgets.<anonymous closure>.<anonymous closure> (package:flutter_test/src/widget_tester.dart:192:15)
<asynchronous suspension>
#70     TestWidgetsFlutterBinding._runTestBody (package:flutter_test/src/binding.dart:1682:5)
<asynchronous suspension>
<asynchronous suspension>
(elided 7 frames from class _AssertionError, dart:async, and package:stack_trace)

The following RenderObject was being processed when the exception was fired: RenderSemanticsGestureHandler#17348 relayoutBoundary=up17 NEEDS-LAYOUT NEEDS-PAINT NEEDS-COMPOSITING-BITS-UPDATE:
  creator: _GestureSemantics ← RawGestureDetector-[LabeledGlobalKey<RawGestureDetectorState>#6ff53] ←
    Listener ← _ScrollableScope ← _ScrollSemantics-[GlobalKey#964e5] ←
    NotificationListener<ScrollMetricsNotification> ← Transform ← StretchEffect ← ClipRect ←
    AnimatedBuilder ← NotificationListener<ScrollNotification> ← StretchingOverscrollIndicator ← ⋯
  parentData: <none> (can use size)
  constraints: BoxConstraints(0.0<=w<=118.0, 0.0<=h<=238.0)
  size: MISSING
  behavior: opaque
  gestures: <none>
This RenderObject had the following descendants (showing up to depth 5):
    child: RenderPointerListener#032a0 relayoutBoundary=up18 NEEDS-PAINT NEEDS-COMPOSITING-BITS-UPDATE
      child: RenderSemanticsAnnotations#218b8 relayoutBoundary=up19 NEEDS-PAINT NEEDS-COMPOSITING-BITS-UPDATE
        child: RenderIgnorePointer#029bd relayoutBoundary=up20 NEEDS-PAINT NEEDS-COMPOSITING-BITS-UPDATE
          child: RenderShrinkWrappingViewport#4bc76 relayoutBoundary=up21 NEEDS-PAINT NEEDS-COMPOSITING-BITS-UPDATE
            child 0: RenderSliverPadding#20921 relayoutBoundary=up22 NEEDS-PAINT NEEDS-COMPOSITING-BITS-UPDATE
════════════════════════════════════════════════════════════════════════════════════════════════════
══╡ EXCEPTION CAUGHT BY RENDERING LIBRARY ╞═════════════════════════════════════════════════════════
The following assertion was thrown during performLayout():
RenderBox was not laid out: RenderSemanticsGestureHandler#17348 relayoutBoundary=up17 NEEDS-PAINT
NEEDS-COMPOSITING-BITS-UPDATE
'package:flutter/src/rendering/box.dart':
Failed assertion: line 2251 pos 12: 'hasSize'

Either the assertion indicates an error in the framework itself, or we should provide substantially
more information in this error message to help you determine and fix the underlying cause.
In either case, please report this assertion by filing a bug on GitHub:
  https://github.com/flutter/flutter/issues/new?template=02_bug.yml

The relevant error-causing widget was:
  ListView
  ListView:file:///C:/Users/User/.codex/worktrees/hadayah-wave4v2-integration/Streamer_app/project/lib/features/map/presentation/widgets/top_spatial_search_bar.dart:225:29

When the exception was thrown, this was the stack:
#2      RenderBox.size (package:flutter/src/rendering/box.dart:2251:12)
#3      RenderProxyBoxMixin.performLayout (package:flutter/src/rendering/proxy_box.dart:118:62)
#4      RenderObject.layout (package:flutter/src/rendering/object.dart:2768:7)
#5      RenderProxyBoxMixin.performLayout (package:flutter/src/rendering/proxy_box.dart:118:18)
#6      RenderObject.layout (package:flutter/src/rendering/object.dart:2768:7)
#7      RenderProxyBoxMixin.performLayout (package:flutter/src/rendering/proxy_box.dart:118:18)
#8      RenderObject.layout (package:flutter/src/rendering/object.dart:2768:7)
#9      RenderProxyBoxMixin.performLayout (package:flutter/src/rendering/proxy_box.dart:118:18)
#10     _RenderCustomClip.performLayout (package:flutter/src/rendering/proxy_box.dart:1549:11)
#11     RenderObject.layout (package:flutter/src/rendering/object.dart:2768:7)
#12     RenderPadding.performLayout (package:flutter/src/rendering/shifted_box.dart:262:12)
#13     RenderObject.layout (package:flutter/src/rendering/object.dart:2768:7)
#14     RenderProxyBoxMixin.performLayout (package:flutter/src/rendering/proxy_box.dart:118:18)
#15     RenderObject.layout (package:flutter/src/rendering/object.dart:2768:7)
#16     RenderConstrainedBox.performLayout (package:flutter/src/rendering/proxy_box.dart:296:14)
#17     RenderObject.layout (package:flutter/src/rendering/object.dart:2768:7)
#18     RenderPadding.performLayout (package:flutter/src/rendering/shifted_box.dart:262:12)
#19     RenderObject.layout (package:flutter/src/rendering/object.dart:2768:7)
#20     ChildLayoutHelper.layoutChild (package:flutter/src/rendering/layout_helper.dart:62:11)
#21     RenderFlex._computeSizes (package:flutter/src/rendering/flex.dart:1237:28)
#22     RenderFlex.performLayout (package:flutter/src/rendering/flex.dart:1329:32)
#23     RenderObject.layout (package:flutter/src/rendering/object.dart:2768:7)
#24     ChildLayoutHelper.layoutChild (package:flutter/src/rendering/layout_helper.dart:62:11)
#25     RenderFlex._computeSizes (package:flutter/src/rendering/flex.dart:1275:26)
#26     RenderFlex.performLayout (package:flutter/src/rendering/flex.dart:1329:32)
#27     RenderObject.layout (package:flutter/src/rendering/object.dart:2768:7)
#28     ChildLayoutHelper.layoutChild (package:flutter/src/rendering/layout_helper.dart:62:11)
#29     RenderFlex._computeSizes (package:flutter/src/rendering/flex.dart:1237:28)
#30     RenderFlex.performLayout (package:flutter/src/rendering/flex.dart:1329:32)
#31     RenderObject.layout (package:flutter/src/rendering/object.dart:2768:7)
#32     RenderPadding.performLayout (package:flutter/src/rendering/shifted_box.dart:262:12)
#33     RenderObject.layout (package:flutter/src/rendering/object.dart:2768:7)
#34     RenderPadding.performLayout (package:flutter/src/rendering/shifted_box.dart:262:12)
#35     RenderObject.layout (package:flutter/src/rendering/object.dart:2768:7)
#36     RenderStack.layoutPositionedChild (package:flutter/src/rendering/stack.dart:549:11)
#37     RenderStack.performLayout (package:flutter/src/rendering/stack.dart:691:13)
#38     RenderObject.layout (package:flutter/src/rendering/object.dart:2768:7)
#39     _RenderLayoutBuilder.performLayout (package:flutter/src/widgets/layout_builder.dart:449:14)
#40     RenderObject.layout (package:flutter/src/rendering/object.dart:2768:7)
#41     ChildLayoutHelper.layoutChild (package:flutter/src/rendering/layout_helper.dart:62:11)
#42     RenderFlex._computeSizes (package:flutter/src/rendering/flex.dart:1275:26)
#43     RenderFlex.performLayout (package:flutter/src/rendering/flex.dart:1329:32)
#44     RenderObject.layout (package:flutter/src/rendering/object.dart:2768:7)
#45     MultiChildLayoutDelegate.layoutChild (package:flutter/src/rendering/custom_layout.dart:180:12)
#46     _ScaffoldLayout.performLayout (package:flutter/src/material/scaffold.dart:1111:7)
#47     MultiChildLayoutDelegate._callPerformLayout (package:flutter/src/rendering/custom_layout.dart:246:7)
#48     RenderCustomMultiChildLayoutBox.performLayout (package:flutter/src/rendering/custom_layout.dart:417:14)
#49     RenderObject._layoutWithoutResize (package:flutter/src/rendering/object.dart:2616:7)
#50     PipelineOwner.flushLayout (package:flutter/src/rendering/object.dart:1174:18)
#51     PipelineOwner.flushLayout (package:flutter/src/rendering/object.dart:1187:15)
#52     AutomatedTestWidgetsFlutterBinding.drawFrame (package:flutter_test/src/binding.dart:2133:27)
#53     RendererBinding._handlePersistentFrameCallback (package:flutter/src/rendering/binding.dart:495:5)
#54     SchedulerBinding._invokeFrameCallback (package:flutter/src/scheduler/binding.dart:1430:15)
#55     SchedulerBinding.handleDrawFrame (package:flutter/src/scheduler/binding.dart:1345:9)
#56     AutomatedTestWidgetsFlutterBinding.pump.<anonymous closure> (package:flutter_test/src/binding.dart:1960:9)
#59     TestAsyncUtils.guard (package:flutter_test/src/test_async_utils.dart:74:41)
#60     AutomatedTestWidgetsFlutterBinding.pump (package:flutter_test/src/binding.dart:1949:27)
#61     WidgetTester.pump.<anonymous closure> (package:flutter_test/src/widget_tester.dart:652:53)
#64     TestAsyncUtils.guard (package:flutter_test/src/test_async_utils.dart:74:41)
#65     WidgetTester.pump (package:flutter_test/src/widget_tester.dart:652:27)
#66     main.<anonymous closure> (file:///C:/Users/User/.codex/worktrees/hadayah-wave4v2-integration/Streamer_app/project/test/map_tricity_widgets_test.dart:156:26)
<asynchronous suspension>
#67     testWidgets.<anonymous closure>.<anonymous closure> (package:flutter_test/src/widget_tester.dart:192:15)
<asynchronous suspension>
#68     TestWidgetsFlutterBinding._runTestBody (package:flutter_test/src/binding.dart:1682:5)
<asynchronous suspension>
<asynchronous suspension>
(elided 7 frames from class _AssertionError, dart:async, and package:stack_trace)

The following RenderObject was being processed when the exception was fired: RenderPointerListener#01c8d relayoutBoundary=up16 NEEDS-LAYOUT NEEDS-PAINT NEEDS-COMPOSITING-BITS-UPDATE:
  creator: Listener ← _ScrollableScope ← _ScrollSemantics-[GlobalKey#964e5] ←
    NotificationListener<ScrollMetricsNotification> ← Transform ← StretchEffect ← ClipRect ←
    AnimatedBuilder ← NotificationListener<ScrollNotification> ← StretchingOverscrollIndicator ←
    Scrollable ← PrimaryScrollController ← ⋯
  parentData: <none> (can use size)
  constraints: BoxConstraints(0.0<=w<=118.0, 0.0<=h<=238.0)
  size: MISSING
  behavior: deferToChild
  listeners: signal
This RenderObject had the following descendants (showing up to depth 5):
    child: RenderSemanticsGestureHandler#17348 relayoutBoundary=up17 NEEDS-PAINT NEEDS-COMPOSITING-BITS-UPDATE
      child: RenderPointerListener#032a0 relayoutBoundary=up18 NEEDS-PAINT NEEDS-COMPOSITING-BITS-UPDATE
        child: RenderSemanticsAnnotations#218b8 relayoutBoundary=up19 NEEDS-PAINT NEEDS-COMPOSITING-BITS-UPDATE
          child: RenderIgnorePointer#029bd relayoutBoundary=up20 NEEDS-PAINT NEEDS-COMPOSITING-BITS-UPDATE
            child: RenderShrinkWrappingViewport#4bc76 relayoutBoundary=up21 NEEDS-PAINT NEEDS-COMPOSITING-BITS-UPDATE
════════════════════════════════════════════════════════════════════════════════════════════════════
══╡ EXCEPTION CAUGHT BY RENDERING LIBRARY ╞═════════════════════════════════════════════════════════
The following assertion was thrown during performLayout():
RenderBox was not laid out: RenderPointerListener#01c8d relayoutBoundary=up16 NEEDS-PAINT
NEEDS-COMPOSITING-BITS-UPDATE
'package:flutter/src/rendering/box.dart':
Failed assertion: line 2251 pos 12: 'hasSize'

Either the assertion indicates an error in the framework itself, or we should provide substantially
more information in this error message to help you determine and fix the underlying cause.
In either case, please report this assertion by filing a bug on GitHub:
  https://github.com/flutter/flutter/issues/new?template=02_bug.yml

The relevant error-causing widget was:
  ListView
  ListView:file:///C:/Users/User/.codex/worktrees/hadayah-wave4v2-integration/Streamer_app/project/lib/features/map/presentation/widgets/top_spatial_search_bar.dart:225:29

When the exception was thrown, this was the stack:
#2      RenderBox.size (package:flutter/src/rendering/box.dart:2251:12)
#3      RenderProxyBoxMixin.performLayout (package:flutter/src/rendering/proxy_box.dart:118:62)
#4      RenderObject.layout (package:flutter/src/rendering/object.dart:2768:7)
#5      RenderProxyBoxMixin.performLayout (package:flutter/src/rendering/proxy_box.dart:118:18)
#6      RenderObject.layout (package:flutter/src/rendering/object.dart:2768:7)
#7      RenderProxyBoxMixin.performLayout (package:flutter/src/rendering/proxy_box.dart:118:18)
#8      _RenderCustomClip.performLayout (package:flutter/src/rendering/proxy_box.dart:1549:11)
#9      RenderObject.layout (package:flutter/src/rendering/object.dart:2768:7)
#10     RenderPadding.performLayout (package:flutter/src/rendering/shifted_box.dart:262:12)
#11     RenderObject.layout (package:flutter/src/rendering/object.dart:2768:7)
#12     RenderProxyBoxMixin.performLayout (package:flutter/src/rendering/proxy_box.dart:118:18)
#13     RenderObject.layout (package:flutter/src/rendering/object.dart:2768:7)
#14     RenderConstrainedBox.performLayout (package:flutter/src/rendering/proxy_box.dart:296:14)
#15     RenderObject.layout (package:flutter/src/rendering/object.dart:2768:7)
#16     RenderPadding.performLayout (package:flutter/src/rendering/shifted_box.dart:262:12)
#17     RenderObject.layout (package:flutter/src/rendering/object.dart:2768:7)
#18     ChildLayoutHelper.layoutChild (package:flutter/src/rendering/layout_helper.dart:62:11)
#19     RenderFlex._computeSizes (package:flutter/src/rendering/flex.dart:1237:28)
#20     RenderFlex.performLayout (package:flutter/src/rendering/flex.dart:1329:32)
#21     RenderObject.layout (package:flutter/src/rendering/object.dart:2768:7)
#22     ChildLayoutHelper.layoutChild (package:flutter/src/rendering/layout_helper.dart:62:11)
#23     RenderFlex._computeSizes (package:flutter/src/rendering/flex.dart:1275:26)
#24     RenderFlex.performLayout (package:flutter/src/rendering/flex.dart:1329:32)
#25     RenderObject.layout (package:flutter/src/rendering/object.dart:2768:7)
#26     ChildLayoutHelper.layoutChild (package:flutter/src/rendering/layout_helper.dart:62:11)
#27     RenderFlex._computeSizes (package:flutter/src/rendering/flex.dart:1237:28)
#28     RenderFlex.performLayout (package:flutter/src/rendering/flex.dart:1329:32)
#29     RenderObject.layout (package:flutter/src/rendering/object.dart:2768:7)
#30     RenderPadding.performLayout (package:flutter/src/rendering/shifted_box.dart:262:12)
#31     RenderObject.layout (package:flutter/src/rendering/object.dart:2768:7)
#32     RenderPadding.performLayout (package:flutter/src/rendering/shifted_box.dart:262:12)
#33     RenderObject.layout (package:flutter/src/rendering/object.dart:2768:7)
#34     RenderStack.layoutPositionedChild (package:flutter/src/rendering/stack.dart:549:11)
#35     RenderStack.performLayout (package:flutter/src/rendering/stack.dart:691:13)
#36     RenderObject.layout (package:flutter/src/rendering/object.dart:2768:7)
#37     _RenderLayoutBuilder.performLayout (package:flutter/src/widgets/layout_builder.dart:449:14)
#38     RenderObject.layout (package:flutter/src/rendering/object.dart:2768:7)
#39     ChildLayoutHelper.layoutChild (package:flutter/src/rendering/layout_helper.dart:62:11)
#40     RenderFlex._computeSizes (package:flutter/src/rendering/flex.dart:1275:26)
#41     RenderFlex.performLayout (package:flutter/src/rendering/flex.dart:1329:32)
#42     RenderObject.layout (package:flutter/src/rendering/object.dart:2768:7)
#43     MultiChildLayoutDelegate.layoutChild (package:flutter/src/rendering/custom_layout.dart:180:12)
#44     _ScaffoldLayout.performLayout (package:flutter/src/material/scaffold.dart:1111:7)
#45     MultiChildLayoutDelegate._callPerformLayout (package:flutter/src/rendering/custom_layout.dart:246:7)
#46     RenderCustomMultiChildLayoutBox.performLayout (package:flutter/src/rendering/custom_layout.dart:417:14)
#47     RenderObject._layoutWithoutResize (package:flutter/src/rendering/object.dart:2616:7)
#48     PipelineOwner.flushLayout (package:flutter/src/rendering/object.dart:1174:18)
#49     PipelineOwner.flushLayout (package:flutter/src/rendering/object.dart:1187:15)
#50     AutomatedTestWidgetsFlutterBinding.drawFrame (package:flutter_test/src/binding.dart:2133:27)
#51     RendererBinding._handlePersistentFrameCallback (package:flutter/src/rendering/binding.dart:495:5)
#52     SchedulerBinding._invokeFrameCallback (package:flutter/src/scheduler/binding.dart:1430:15)
#53     SchedulerBinding.handleDrawFrame (package:flutter/src/scheduler/binding.dart:1345:9)
#54     AutomatedTestWidgetsFlutterBinding.pump.<anonymous closure> (package:flutter_test/src/binding.dart:1960:9)
#57     TestAsyncUtils.guard (package:flutter_test/src/test_async_utils.dart:74:41)
#58     AutomatedTestWidgetsFlutterBinding.pump (package:flutter_test/src/binding.dart:1949:27)
#59     WidgetTester.pump.<anonymous closure> (package:flutter_test/src/widget_tester.dart:652:53)
#62     TestAsyncUtils.guard (package:flutter_test/src/test_async_utils.dart:74:41)
#63     WidgetTester.pump (package:flutter_test/src/widget_tester.dart:652:27)
#64     main.<anonymous closure> (file:///C:/Users/User/.codex/worktrees/hadayah-wave4v2-integration/Streamer_app/project/test/map_tricity_widgets_test.dart:156:26)
<asynchronous suspension>
#65     testWidgets.<anonymous closure>.<anonymous closure> (package:flutter_test/src/widget_tester.dart:192:15)
<asynchronous suspension>
#66     TestWidgetsFlutterBinding._runTestBody (package:flutter_test/src/binding.dart:1682:5)
<asynchronous suspension>
<asynchronous suspension>
(elided 7 frames from class _AssertionError, dart:async, and package:stack_trace)

The following RenderObject was being processed when the exception was fired: _RenderScrollSemantics#f31bd relayoutBoundary=up15 NEEDS-LAYOUT NEEDS-PAINT NEEDS-COMPOSITING-BITS-UPDATE:
  creator: _ScrollSemantics-[GlobalKey#964e5] ← NotificationListener<ScrollMetricsNotification> ←
    Transform ← StretchEffect ← ClipRect ← AnimatedBuilder ← NotificationListener<ScrollNotification>
    ← StretchingOverscrollIndicator ← Scrollable ← PrimaryScrollController ← ListView ← Padding ← ⋯
  parentData: <none> (can use size)
  constraints: BoxConstraints(0.0<=w<=118.0, 0.0<=h<=238.0)
  semantic boundary
  size: MISSING
This RenderObject had the following descendants (showing up to depth 5):
    child: RenderPointerListener#01c8d relayoutBoundary=up16 NEEDS-PAINT NEEDS-COMPOSITING-BITS-UPDATE
      child: RenderSemanticsGestureHandler#17348 relayoutBoundary=up17 NEEDS-PAINT NEEDS-COMPOSITING-BITS-UPDATE
        child: RenderPointerListener#032a0 relayoutBoundary=up18 NEEDS-PAINT NEEDS-COMPOSITING-BITS-UPDATE
          child: RenderSemanticsAnnotations#218b8 relayoutBoundary=up19 NEEDS-PAINT NEEDS-COMPOSITING-BITS-UPDATE
            child: RenderIgnorePointer#029bd relayoutBoundary=up20 NEEDS-PAINT NEEDS-COMPOSITING-BITS-UPDATE
════════════════════════════════════════════════════════════════════════════════════════════════════
══╡ EXCEPTION CAUGHT BY RENDERING LIBRARY ╞═════════════════════════════════════════════════════════
The following assertion was thrown during performLayout():
RenderBox was not laid out: _RenderScrollSemantics#f31bd relayoutBoundary=up15 NEEDS-PAINT
NEEDS-COMPOSITING-BITS-UPDATE
'package:flutter/src/rendering/box.dart':
Failed assertion: line 2251 pos 12: 'hasSize'

Either the assertion indicates an error in the framework itself, or we should provide substantially
more information in this error message to help you determine and fix the underlying cause.
In either case, please report this assertion by filing a bug on GitHub:
  https://github.com/flutter/flutter/issues/new?template=02_bug.yml

The relevant error-causing widget was:
  ListView
  ListView:file:///C:/Users/User/.codex/worktrees/hadayah-wave4v2-integration/Streamer_app/project/lib/features/map/presentation/widgets/top_spatial_search_bar.dart:225:29

When the exception was thrown, this was the stack:
#2      RenderBox.size (package:flutter/src/rendering/box.dart:2251:12)
#3      RenderProxyBoxMixin.performLayout (package:flutter/src/rendering/proxy_box.dart:118:62)
#4      RenderObject.layout (package:flutter/src/rendering/object.dart:2768:7)
#5      RenderProxyBoxMixin.performLayout (package:flutter/src/rendering/proxy_box.dart:118:18)
#6      _RenderCustomClip.performLayout (package:flutter/src/rendering/proxy_box.dart:1549:11)
#7      RenderObject.layout (package:flutter/src/rendering/object.dart:2768:7)
#8      RenderPadding.performLayout (package:flutter/src/rendering/shifted_box.dart:262:12)
#9      RenderObject.layout (package:flutter/src/rendering/object.dart:2768:7)
#10     RenderProxyBoxMixin.performLayout (package:flutter/src/rendering/proxy_box.dart:118:18)
#11     RenderObject.layout (package:flutter/src/rendering/object.dart:2768:7)
#12     RenderConstrainedBox.performLayout (package:flutter/src/rendering/proxy_box.dart:296:14)
#13     RenderObject.layout (package:flutter/src/rendering/object.dart:2768:7)
#14     RenderPadding.performLayout (package:flutter/src/rendering/shifted_box.dart:262:12)
#15     RenderObject.layout (package:flutter/src/rendering/object.dart:2768:7)
#16     ChildLayoutHelper.layoutChild (package:flutter/src/rendering/layout_helper.dart:62:11)
#17     RenderFlex._computeSizes (package:flutter/src/rendering/flex.dart:1237:28)
#18     RenderFlex.performLayout (package:flutter/src/rendering/flex.dart:1329:32)
#19     RenderObject.layout (package:flutter/src/rendering/object.dart:2768:7)
#20     ChildLayoutHelper.layoutChild (package:flutter/src/rendering/layout_helper.dart:62:11)
#21     RenderFlex._computeSizes (package:flutter/src/rendering/flex.dart:1275:26)
#22     RenderFlex.performLayout (package:flutter/src/rendering/flex.dart:1329:32)
#23     RenderObject.layout (package:flutter/src/rendering/object.dart:2768:7)
#24     ChildLayoutHelper.layoutChild (package:flutter/src/rendering/layout_helper.dart:62:11)
#25     RenderFlex._computeSizes (package:flutter/src/rendering/flex.dart:1237:28)
#26     RenderFlex.performLayout (package:flutter/src/rendering/flex.dart:1329:32)
#27     RenderObject.layout (package:flutter/src/rendering/object.dart:2768:7)
#28     RenderPadding.performLayout (package:flutter/src/rendering/shifted_box.dart:262:12)
#29     RenderObject.layout (package:flutter/src/rendering/object.dart:2768:7)
#30     RenderPadding.performLayout (package:flutter/src/rendering/shifted_box.dart:262:12)
#31     RenderObject.layout (package:flutter/src/rendering/object.dart:2768:7)
#32     RenderStack.layoutPositionedChild (package:flutter/src/rendering/stack.dart:549:11)
#33     RenderStack.performLayout (package:flutter/src/rendering/stack.dart:691:13)
#34     RenderObject.layout (package:flutter/src/rendering/object.dart:2768:7)
#35     _RenderLayoutBuilder.performLayout (package:flutter/src/widgets/layout_builder.dart:449:14)
#36     RenderObject.layout (package:flutter/src/rendering/object.dart:2768:7)
#37     ChildLayoutHelper.layoutChild (package:flutter/src/rendering/layout_helper.dart:62:11)
#38     RenderFlex._computeSizes (package:flutter/src/rendering/flex.dart:1275:26)
#39     RenderFlex.performLayout (package:flutter/src/rendering/flex.dart:1329:32)
#40     RenderObject.layout (package:flutter/src/rendering/object.dart:2768:7)
#41     MultiChildLayoutDelegate.layoutChild (package:flutter/src/rendering/custom_layout.dart:180:12)
#42     _ScaffoldLayout.performLayout (package:flutter/src/material/scaffold.dart:1111:7)
#43     MultiChildLayoutDelegate._callPerformLayout (package:flutter/src/rendering/custom_layout.dart:246:7)
#44     RenderCustomMultiChildLayoutBox.performLayout (package:flutter/src/rendering/custom_layout.dart:417:14)
#45     RenderObject._layoutWithoutResize (package:flutter/src/rendering/object.dart:2616:7)
#46     PipelineOwner.flushLayout (package:flutter/src/rendering/object.dart:1174:18)
#47     PipelineOwner.flushLayout (package:flutter/src/rendering/object.dart:1187:15)
#48     AutomatedTestWidgetsFlutterBinding.drawFrame (package:flutter_test/src/binding.dart:2133:27)
#49     RendererBinding._handlePersistentFrameCallback (package:flutter/src/rendering/binding.dart:495:5)
#50     SchedulerBinding._invokeFrameCallback (package:flutter/src/scheduler/binding.dart:1430:15)
#51     SchedulerBinding.handleDrawFrame (package:flutter/src/scheduler/binding.dart:1345:9)
#52     AutomatedTestWidgetsFlutterBinding.pump.<anonymous closure> (package:flutter_test/src/binding.dart:1960:9)
#55     TestAsyncUtils.guard (package:flutter_test/src/test_async_utils.dart:74:41)
#56     AutomatedTestWidgetsFlutterBinding.pump (package:flutter_test/src/binding.dart:1949:27)
#57     WidgetTester.pump.<anonymous closure> (package:flutter_test/src/widget_tester.dart:652:53)
#60     TestAsyncUtils.guard (package:flutter_test/src/test_async_utils.dart:74:41)
#61     WidgetTester.pump (package:flutter_test/src/widget_tester.dart:652:27)
#62     main.<anonymous closure> (file:///C:/Users/User/.codex/worktrees/hadayah-wave4v2-integration/Streamer_app/project/test/map_tricity_widgets_test.dart:156:26)
<asynchronous suspension>
#63     testWidgets.<anonymous closure>.<anonymous closure> (package:flutter_test/src/widget_tester.dart:192:15)
<asynchronous suspension>
#64     TestWidgetsFlutterBinding._runTestBody (package:flutter_test/src/binding.dart:1682:5)
<asynchronous suspension>
<asynchronous suspension>
(elided 7 frames from class _AssertionError, dart:async, and package:stack_trace)

The following RenderObject was being processed when the exception was fired: RenderTransform#fdcf4 relayoutBoundary=up14 NEEDS-LAYOUT NEEDS-PAINT NEEDS-COMPOSITING-BITS-UPDATE:
  creator: Transform ← StretchEffect ← ClipRect ← AnimatedBuilder ←
    NotificationListener<ScrollNotification> ← StretchingOverscrollIndicator ← Scrollable ←
    PrimaryScrollController ← ListView ← Padding ← DecoratedBox ← ConstrainedBox ← ⋯
  parentData: <none> (can use size)
  constraints: BoxConstraints(0.0<=w<=118.0, 0.0<=h<=238.0)
  size: MISSING
  transform matrix:
    [0] 1.0,0.0,0.0,0.0
    [1] 0.0,1.0,0.0,0.0
    [2] 0.0,0.0,1.0,0.0
    [3] 0.0,0.0,0.0,1.0
  origin: null
  alignment: AlignmentDirectional.bottomCenter
  textDirection: ltr
  transformHitTests: true
This RenderObject had the following descendants (showing up to depth 5):
    child: _RenderScrollSemantics#f31bd relayoutBoundary=up15 NEEDS-PAINT NEEDS-COMPOSITING-BITS-UPDATE
      child: RenderPointerListener#01c8d relayoutBoundary=up16 NEEDS-PAINT NEEDS-COMPOSITING-BITS-UPDATE
        child: RenderSemanticsGestureHandler#17348 relayoutBoundary=up17 NEEDS-PAINT NEEDS-COMPOSITING-BITS-UPDATE
          child: RenderPointerListener#032a0 relayoutBoundary=up18 NEEDS-PAINT NEEDS-COMPOSITING-BITS-UPDATE
            child: RenderSemanticsAnnotations#218b8 relayoutBoundary=up19 NEEDS-PAINT NEEDS-COMPOSITING-BITS-UPDATE
════════════════════════════════════════════════════════════════════════════════════════════════════
══╡ EXCEPTION CAUGHT BY RENDERING LIBRARY ╞═════════════════════════════════════════════════════════
The following assertion was thrown during performLayout():
RenderBox was not laid out: RenderTransform#fdcf4 relayoutBoundary=up14 NEEDS-PAINT
NEEDS-COMPOSITING-BITS-UPDATE
'package:flutter/src/rendering/box.dart':
Failed assertion: line 2251 pos 12: 'hasSize'

Either the assertion indicates an error in the framework itself, or we should provide substantially
more information in this error message to help you determine and fix the underlying cause.
In either case, please report this assertion by filing a bug on GitHub:
  https://github.com/flutter/flutter/issues/new?template=02_bug.yml

The relevant error-causing widget was:
  ListView
  ListView:file:///C:/Users/User/.codex/worktrees/hadayah-wave4v2-integration/Streamer_app/project/lib/features/map/presentation/widgets/top_spatial_search_bar.dart:225:29

When the exception was thrown, this was the stack:
#2      RenderBox.size (package:flutter/src/rendering/box.dart:2251:12)
#3      RenderProxyBoxMixin.performLayout (package:flutter/src/rendering/proxy_box.dart:118:62)
#4      _RenderCustomClip.performLayout (package:flutter/src/rendering/proxy_box.dart:1549:11)
#5      RenderObject.layout (package:flutter/src/rendering/object.dart:2768:7)
#6      RenderPadding.performLayout (package:flutter/src/rendering/shifted_box.dart:262:12)
#7      RenderObject.layout (package:flutter/src/rendering/object.dart:2768:7)
#8      RenderProxyBoxMixin.performLayout (package:flutter/src/rendering/proxy_box.dart:118:18)
#9      RenderObject.layout (package:flutter/src/rendering/object.dart:2768:7)
#10     RenderConstrainedBox.performLayout (package:flutter/src/rendering/proxy_box.dart:296:14)
#11     RenderObject.layout (package:flutter/src/rendering/object.dart:2768:7)
#12     RenderPadding.performLayout (package:flutter/src/rendering/shifted_box.dart:262:12)
#13     RenderObject.layout (package:flutter/src/rendering/object.dart:2768:7)
#14     ChildLayoutHelper.layoutChild (package:flutter/src/rendering/layout_helper.dart:62:11)
#15     RenderFlex._computeSizes (package:flutter/src/rendering/flex.dart:1237:28)
#16     RenderFlex.performLayout (package:flutter/src/rendering/flex.dart:1329:32)
#17     RenderObject.layout (package:flutter/src/rendering/object.dart:2768:7)
#18     ChildLayoutHelper.layoutChild (package:flutter/src/rendering/layout_helper.dart:62:11)
#19     RenderFlex._computeSizes (package:flutter/src/rendering/flex.dart:1275:26)
#20     RenderFlex.performLayout (package:flutter/src/rendering/flex.dart:1329:32)
#21     RenderObject.layout (package:flutter/src/rendering/object.dart:2768:7)
#22     ChildLayoutHelper.layoutChild (package:flutter/src/rendering/layout_helper.dart:62:11)
#23     RenderFlex._computeSizes (package:flutter/src/rendering/flex.dart:1237:28)
#24     RenderFlex.performLayout (package:flutter/src/rendering/flex.dart:1329:32)
#25     RenderObject.layout (package:flutter/src/rendering/object.dart:2768:7)
#26     RenderPadding.performLayout (package:flutter/src/rendering/shifted_box.dart:262:12)
#27     RenderObject.layout (package:flutter/src/rendering/object.dart:2768:7)
#28     RenderPadding.performLayout (package:flutter/src/rendering/shifted_box.dart:262:12)
#29     RenderObject.layout (package:flutter/src/rendering/object.dart:2768:7)
#30     RenderStack.layoutPositionedChild (package:flutter/src/rendering/stack.dart:549:11)
#31     RenderStack.performLayout (package:flutter/src/rendering/stack.dart:691:13)
#32     RenderObject.layout (package:flutter/src/rendering/object.dart:2768:7)
#33     _RenderLayoutBuilder.performLayout (package:flutter/src/widgets/layout_builder.dart:449:14)
#34     RenderObject.layout (package:flutter/src/rendering/object.dart:2768:7)
#35     ChildLayoutHelper.layoutChild (package:flutter/src/rendering/layout_helper.dart:62:11)
#36     RenderFlex._computeSizes (package:flutter/src/rendering/flex.dart:1275:26)
#37     RenderFlex.performLayout (package:flutter/src/rendering/flex.dart:1329:32)
#38     RenderObject.layout (package:flutter/src/rendering/object.dart:2768:7)
#39     MultiChildLayoutDelegate.layoutChild (package:flutter/src/rendering/custom_layout.dart:180:12)
#40     _ScaffoldLayout.performLayout (package:flutter/src/material/scaffold.dart:1111:7)
#41     MultiChildLayoutDelegate._callPerformLayout (package:flutter/src/rendering/custom_layout.dart:246:7)
#42     RenderCustomMultiChildLayoutBox.performLayout (package:flutter/src/rendering/custom_layout.dart:417:14)
#43     RenderObject._layoutWithoutResize (package:flutter/src/rendering/object.dart:2616:7)
#44     PipelineOwner.flushLayout (package:flutter/src/rendering/object.dart:1174:18)
#45     PipelineOwner.flushLayout (package:flutter/src/rendering/object.dart:1187:15)
#46     AutomatedTestWidgetsFlutterBinding.drawFrame (package:flutter_test/src/binding.dart:2133:27)
#47     RendererBinding._handlePersistentFrameCallback (package:flutter/src/rendering/binding.dart:495:5)
#48     SchedulerBinding._invokeFrameCallback (package:flutter/src/scheduler/binding.dart:1430:15)
#49     SchedulerBinding.handleDrawFrame (package:flutter/src/scheduler/binding.dart:1345:9)
#50     AutomatedTestWidgetsFlutterBinding.pump.<anonymous closure> (package:flutter_test/src/binding.dart:1960:9)
#53     TestAsyncUtils.guard (package:flutter_test/src/test_async_utils.dart:74:41)
#54     AutomatedTestWidgetsFlutterBinding.pump (package:flutter_test/src/binding.dart:1949:27)
#55     WidgetTester.pump.<anonymous closure> (package:flutter_test/src/widget_tester.dart:652:53)
#58     TestAsyncUtils.guard (package:flutter_test/src/test_async_utils.dart:74:41)
#59     WidgetTester.pump (package:flutter_test/src/widget_tester.dart:652:27)
#60     main.<anonymous closure> (file:///C:/Users/User/.codex/worktrees/hadayah-wave4v2-integration/Streamer_app/project/test/map_tricity_widgets_test.dart:156:26)
<asynchronous suspension>
#61     testWidgets.<anonymous closure>.<anonymous closure> (package:flutter_test/src/widget_tester.dart:192:15)
<asynchronous suspension>
#62     TestWidgetsFlutterBinding._runTestBody (package:flutter_test/src/binding.dart:1682:5)
<asynchronous suspension>
<asynchronous suspension>
(elided 7 frames from class _AssertionError, dart:async, and package:stack_trace)

The following RenderObject was being processed when the exception was fired: RenderClipRect#5a6e5 relayoutBoundary=up13 NEEDS-LAYOUT NEEDS-PAINT NEEDS-COMPOSITING-BITS-UPDATE:
  creator: ClipRect ← AnimatedBuilder ← NotificationListener<ScrollNotification> ←
    StretchingOverscrollIndicator ← Scrollable ← PrimaryScrollController ← ListView ← Padding ←
    DecoratedBox ← ConstrainedBox ← Padding ← Container ← ⋯
  parentData: offset=Offset(0.0, 0.0) (can use size)
  constraints: BoxConstraints(0.0<=w<=118.0, 0.0<=h<=238.0)
  size: MISSING
This RenderObject had the following descendants (showing up to depth 5):
    child: RenderTransform#fdcf4 relayoutBoundary=up14 NEEDS-PAINT NEEDS-COMPOSITING-BITS-UPDATE
      child: _RenderScrollSemantics#f31bd relayoutBoundary=up15 NEEDS-PAINT NEEDS-COMPOSITING-BITS-UPDATE
        child: RenderPointerListener#01c8d relayoutBoundary=up16 NEEDS-PAINT NEEDS-COMPOSITING-BITS-UPDATE
          child: RenderSemanticsGestureHandler#17348 relayoutBoundary=up17 NEEDS-PAINT NEEDS-COMPOSITING-BITS-UPDATE
            child: RenderPointerListener#032a0 relayoutBoundary=up18 NEEDS-PAINT NEEDS-COMPOSITING-BITS-UPDATE
════════════════════════════════════════════════════════════════════════════════════════════════════
══╡ EXCEPTION CAUGHT BY RENDERING LIBRARY ╞═════════════════════════════════════════════════════════
The following assertion was thrown during performLayout():
RenderBox was not laid out: RenderClipRect#5a6e5 relayoutBoundary=up13 NEEDS-PAINT
NEEDS-COMPOSITING-BITS-UPDATE
'package:flutter/src/rendering/box.dart':
Failed assertion: line 2251 pos 12: 'hasSize'

Either the assertion indicates an error in the framework itself, or we should provide substantially
more information in this error message to help you determine and fix the underlying cause.
In either case, please report this assertion by filing a bug on GitHub:
  https://github.com/flutter/flutter/issues/new?template=02_bug.yml

The relevant error-causing widget was:
  Container
  Container:file:///C:/Users/User/.codex/worktrees/hadayah-wave4v2-integration/Streamer_app/project/lib/features/map/presentation/widgets/top_spatial_search_bar.dart:210:11

When the exception was thrown, this was the stack:
#2      RenderBox.size (package:flutter/src/rendering/box.dart:2251:12)
#3      RenderPadding.performLayout (package:flutter/src/rendering/shifted_box.dart:266:40)
#4      RenderObject.layout (package:flutter/src/rendering/object.dart:2768:7)
#5      RenderProxyBoxMixin.performLayout (package:flutter/src/rendering/proxy_box.dart:118:18)
#6      RenderObject.layout (package:flutter/src/rendering/object.dart:2768:7)
#7      RenderConstrainedBox.performLayout (package:flutter/src/rendering/proxy_box.dart:296:14)
#8      RenderObject.layout (package:flutter/src/rendering/object.dart:2768:7)
#9      RenderPadding.performLayout (package:flutter/src/rendering/shifted_box.dart:262:12)
#10     RenderObject.layout (package:flutter/src/rendering/object.dart:2768:7)
#11     ChildLayoutHelper.layoutChild (package:flutter/src/rendering/layout_helper.dart:62:11)
#12     RenderFlex._computeSizes (package:flutter/src/rendering/flex.dart:1237:28)
#13     RenderFlex.performLayout (package:flutter/src/rendering/flex.dart:1329:32)
#14     RenderObject.layout (package:flutter/src/rendering/object.dart:2768:7)
#15     ChildLayoutHelper.layoutChild (package:flutter/src/rendering/layout_helper.dart:62:11)
#16     RenderFlex._computeSizes (package:flutter/src/rendering/flex.dart:1275:26)
#17     RenderFlex.performLayout (package:flutter/src/rendering/flex.dart:1329:32)
#18     RenderObject.layout (package:flutter/src/rendering/object.dart:2768:7)
#19     ChildLayoutHelper.layoutChild (package:flutter/src/rendering/layout_helper.dart:62:11)
#20     RenderFlex._computeSizes (package:flutter/src/rendering/flex.dart:1237:28)
#21     RenderFlex.performLayout (package:flutter/src/rendering/flex.dart:1329:32)
#22     RenderObject.layout (package:flutter/src/rendering/object.dart:2768:7)
#23     RenderPadding.performLayout (package:flutter/src/rendering/shifted_box.dart:262:12)
#24     RenderObject.layout (package:flutter/src/rendering/object.dart:2768:7)
#25     RenderPadding.performLayout (package:flutter/src/rendering/shifted_box.dart:262:12)
#26     RenderObject.layout (package:flutter/src/rendering/object.dart:2768:7)
#27     RenderStack.layoutPositionedChild (package:flutter/src/rendering/stack.dart:549:11)
#28     RenderStack.performLayout (package:flutter/src/rendering/stack.dart:691:13)
#29     RenderObject.layout (package:flutter/src/rendering/object.dart:2768:7)
#30     _RenderLayoutBuilder.performLayout (package:flutter/src/widgets/layout_builder.dart:449:14)
#31     RenderObject.layout (package:flutter/src/rendering/object.dart:2768:7)
#32     ChildLayoutHelper.layoutChild (package:flutter/src/rendering/layout_helper.dart:62:11)
#33     RenderFlex._computeSizes (package:flutter/src/rendering/flex.dart:1275:26)
#34     RenderFlex.performLayout (package:flutter/src/rendering/flex.dart:1329:32)
#35     RenderObject.layout (package:flutter/src/rendering/object.dart:2768:7)
#36     MultiChildLayoutDelegate.layoutChild (package:flutter/src/rendering/custom_layout.dart:180:12)
#37     _ScaffoldLayout.performLayout (package:flutter/src/material/scaffold.dart:1111:7)
#38     MultiChildLayoutDelegate._callPerformLayout (package:flutter/src/rendering/custom_layout.dart:246:7)
#39     RenderCustomMultiChildLayoutBox.performLayout (package:flutter/src/rendering/custom_layout.dart:417:14)
#40     RenderObject._layoutWithoutResize (package:flutter/src/rendering/object.dart:2616:7)
#41     PipelineOwner.flushLayout (package:flutter/src/rendering/object.dart:1174:18)
#42     PipelineOwner.flushLayout (package:flutter/src/rendering/object.dart:1187:15)
#43     AutomatedTestWidgetsFlutterBinding.drawFrame (package:flutter_test/src/binding.dart:2133:27)
#44     RendererBinding._handlePersistentFrameCallback (package:flutter/src/rendering/binding.dart:495:5)
#45     SchedulerBinding._invokeFrameCallback (package:flutter/src/scheduler/binding.dart:1430:15)
#46     SchedulerBinding.handleDrawFrame (package:flutter/src/scheduler/binding.dart:1345:9)
#47     AutomatedTestWidgetsFlutterBinding.pump.<anonymous closure> (package:flutter_test/src/binding.dart:1960:9)
#50     TestAsyncUtils.guard (package:flutter_test/src/test_async_utils.dart:74:41)
#51     AutomatedTestWidgetsFlutterBinding.pump (package:flutter_test/src/binding.dart:1949:27)
#52     WidgetTester.pump.<anonymous closure> (package:flutter_test/src/widget_tester.dart:652:53)
#55     TestAsyncUtils.guard (package:flutter_test/src/test_async_utils.dart:74:41)
#56     WidgetTester.pump (package:flutter_test/src/widget_tester.dart:652:27)
#57     main.<anonymous closure> (file:///C:/Users/User/.codex/worktrees/hadayah-wave4v2-integration/Streamer_app/project/test/map_tricity_widgets_test.dart:156:26)
<asynchronous suspension>
#58     testWidgets.<anonymous closure>.<anonymous closure> (package:flutter_test/src/widget_tester.dart:192:15)
<asynchronous suspension>
#59     TestWidgetsFlutterBinding._runTestBody (package:flutter_test/src/binding.dart:1682:5)
<asynchronous suspension>
<asynchronous suspension>
(elided 7 frames from class _AssertionError, dart:async, and package:stack_trace)

The following RenderObject was being processed when the exception was fired: RenderPadding#e11a1 relayoutBoundary=up12 NEEDS-LAYOUT NEEDS-PAINT NEEDS-COMPOSITING-BITS-UPDATE:
  creator: Padding ← DecoratedBox ← ConstrainedBox ← Padding ← Container ← Column ←
    TopSpatialSearchBar ← Expanded ← Row ← Column ← Padding-[GlobalKey#5fedb] ← MediaQuery ← ⋯
  parentData: <none> (can use size)
  constraints: BoxConstraints(0.0<=w<=120.0, 0.0<=h<=240.0)
  size: MISSING
  padding: EdgeInsets.all(1.0)
  textDirection: ltr
This RenderObject had the following descendants (showing up to depth 5):
    child: RenderClipRect#5a6e5 relayoutBoundary=up13 NEEDS-PAINT NEEDS-COMPOSITING-BITS-UPDATE
      child: RenderTransform#fdcf4 relayoutBoundary=up14 NEEDS-PAINT NEEDS-COMPOSITING-BITS-UPDATE
        child: _RenderScrollSemantics#f31bd relayoutBoundary=up15 NEEDS-PAINT NEEDS-COMPOSITING-BITS-UPDATE
          child: RenderPointerListener#01c8d relayoutBoundary=up16 NEEDS-PAINT NEEDS-COMPOSITING-BITS-UPDATE
            child: RenderSemanticsGestureHandler#17348 relayoutBoundary=up17 NEEDS-PAINT NEEDS-COMPOSITING-BITS-UPDATE
════════════════════════════════════════════════════════════════════════════════════════════════════
══╡ EXCEPTION CAUGHT BY RENDERING LIBRARY ╞═════════════════════════════════════════════════════════
The following assertion was thrown during performLayout():
RenderBox was not laid out: RenderPadding#e11a1 relayoutBoundary=up12 NEEDS-PAINT
NEEDS-COMPOSITING-BITS-UPDATE
'package:flutter/src/rendering/box.dart':
Failed assertion: line 2251 pos 12: 'hasSize'

Either the assertion indicates an error in the framework itself, or we should provide substantially
more information in this error message to help you determine and fix the underlying cause.
In either case, please report this assertion by filing a bug on GitHub:
  https://github.com/flutter/flutter/issues/new?template=02_bug.yml

The relevant error-causing widget was:
  Container
  Container:file:///C:/Users/User/.codex/worktrees/hadayah-wave4v2-integration/Streamer_app/project/lib/features/map/presentation/widgets/top_spatial_search_bar.dart:210:11

When the exception was thrown, this was the stack:
#2      RenderBox.size (package:flutter/src/rendering/box.dart:2251:12)
#3      RenderProxyBoxMixin.performLayout (package:flutter/src/rendering/proxy_box.dart:118:62)
#4      RenderObject.layout (package:flutter/src/rendering/object.dart:2768:7)
#5      RenderConstrainedBox.performLayout (package:flutter/src/rendering/proxy_box.dart:296:14)
#6      RenderObject.layout (package:flutter/src/rendering/object.dart:2768:7)
#7      RenderPadding.performLayout (package:flutter/src/rendering/shifted_box.dart:262:12)
#8      RenderObject.layout (package:flutter/src/rendering/object.dart:2768:7)
#9      ChildLayoutHelper.layoutChild (package:flutter/src/rendering/layout_helper.dart:62:11)
#10     RenderFlex._computeSizes (package:flutter/src/rendering/flex.dart:1237:28)
#11     RenderFlex.performLayout (package:flutter/src/rendering/flex.dart:1329:32)
#12     RenderObject.layout (package:flutter/src/rendering/object.dart:2768:7)
#13     ChildLayoutHelper.layoutChild (package:flutter/src/rendering/layout_helper.dart:62:11)
#14     RenderFlex._computeSizes (package:flutter/src/rendering/flex.dart:1275:26)
#15     RenderFlex.performLayout (package:flutter/src/rendering/flex.dart:1329:32)
#16     RenderObject.layout (package:flutter/src/rendering/object.dart:2768:7)
#17     ChildLayoutHelper.layoutChild (package:flutter/src/rendering/layout_helper.dart:62:11)
#18     RenderFlex._computeSizes (package:flutter/src/rendering/flex.dart:1237:28)
#19     RenderFlex.performLayout (package:flutter/src/rendering/flex.dart:1329:32)
#20     RenderObject.layout (package:flutter/src/rendering/object.dart:2768:7)
#21     RenderPadding.performLayout (package:flutter/src/rendering/shifted_box.dart:262:12)
#22     RenderObject.layout (package:flutter/src/rendering/object.dart:2768:7)
#23     RenderPadding.performLayout (package:flutter/src/rendering/shifted_box.dart:262:12)
#24     RenderObject.layout (package:flutter/src/rendering/object.dart:2768:7)
#25     RenderStack.layoutPositionedChild (package:flutter/src/rendering/stack.dart:549:11)
#26     RenderStack.performLayout (package:flutter/src/rendering/stack.dart:691:13)
#27     RenderObject.layout (package:flutter/src/rendering/object.dart:2768:7)
#28     _RenderLayoutBuilder.performLayout (package:flutter/src/widgets/layout_builder.dart:449:14)
#29     RenderObject.layout (package:flutter/src/rendering/object.dart:2768:7)
#30     ChildLayoutHelper.layoutChild (package:flutter/src/rendering/layout_helper.dart:62:11)
#31     RenderFlex._computeSizes (package:flutter/src/rendering/flex.dart:1275:26)
#32     RenderFlex.performLayout (package:flutter/src/rendering/flex.dart:1329:32)
#33     RenderObject.layout (package:flutter/src/rendering/object.dart:2768:7)
#34     MultiChildLayoutDelegate.layoutChild (package:flutter/src/rendering/custom_layout.dart:180:12)
#35     _ScaffoldLayout.performLayout (package:flutter/src/material/scaffold.dart:1111:7)
#36     MultiChildLayoutDelegate._callPerformLayout (package:flutter/src/rendering/custom_layout.dart:246:7)
#37     RenderCustomMultiChildLayoutBox.performLayout (package:flutter/src/rendering/custom_layout.dart:417:14)
#38     RenderObject._layoutWithoutResize (package:flutter/src/rendering/object.dart:2616:7)
#39     PipelineOwner.flushLayout (package:flutter/src/rendering/object.dart:1174:18)
#40     PipelineOwner.flushLayout (package:flutter/src/rendering/object.dart:1187:15)
#41     AutomatedTestWidgetsFlutterBinding.drawFrame (package:flutter_test/src/binding.dart:2133:27)
#42     RendererBinding._handlePersistentFrameCallback (package:flutter/src/rendering/binding.dart:495:5)
#43     SchedulerBinding._invokeFrameCallback (package:flutter/src/scheduler/binding.dart:1430:15)
#44     SchedulerBinding.handleDrawFrame (package:flutter/src/scheduler/binding.dart:1345:9)
#45     AutomatedTestWidgetsFlutterBinding.pump.<anonymous closure> (package:flutter_test/src/binding.dart:1960:9)
#48     TestAsyncUtils.guard (package:flutter_test/src/test_async_utils.dart:74:41)
#49     AutomatedTestWidgetsFlutterBinding.pump (package:flutter_test/src/binding.dart:1949:27)
#50     WidgetTester.pump.<anonymous closure> (package:flutter_test/src/widget_tester.dart:652:53)
#53     TestAsyncUtils.guard (package:flutter_test/src/test_async_utils.dart:74:41)
#54     WidgetTester.pump (package:flutter_test/src/widget_tester.dart:652:27)
#55     main.<anonymous closure> (file:///C:/Users/User/.codex/worktrees/hadayah-wave4v2-integration/Streamer_app/project/test/map_tricity_widgets_test.dart:156:26)
<asynchronous suspension>
#56     testWidgets.<anonymous closure>.<anonymous closure> (package:flutter_test/src/widget_tester.dart:192:15)
<asynchronous suspension>
#57     TestWidgetsFlutterBinding._runTestBody (package:flutter_test/src/binding.dart:1682:5)
<asynchronous suspension>
<asynchronous suspension>
(elided 7 frames from class _AssertionError, dart:async, and package:stack_trace)

The following RenderObject was being processed when the exception was fired: RenderDecoratedBox#c6690 relayoutBoundary=up11 NEEDS-LAYOUT NEEDS-PAINT NEEDS-COMPOSITING-BITS-UPDATE:
  creator: DecoratedBox ← ConstrainedBox ← Padding ← Container ← Column ← TopSpatialSearchBar ←
    Expanded ← Row ← Column ← Padding-[GlobalKey#5fedb] ← MediaQuery ← Padding ← ⋯
  parentData: <none> (can use size)
  constraints: BoxConstraints(0.0<=w<=120.0, 0.0<=h<=240.0)
  size: MISSING
  decoration: BoxDecoration:
    color: Color(alpha: 0.9500, red: 1.0000, green: 1.0000, blue: 1.0000, colorSpace: ColorSpace.sRGB)
    border: Border.all(BorderSide(color: Color(alpha: 1.0000, red: 0.8510, green: 0.8667, blue: 0.8706,
      colorSpace: ColorSpace.sRGB)))
    borderRadius: BorderRadius.circular(12.0)
    boxShadow: BoxShadow(Color(alpha: 0.2000, red: 0.1412, green: 0.2078, blue: 0.2118, colorSpace:
      ColorSpace.sRGB), Offset(0.0, 6.0), 20.0, 0.0, BlurStyle.normal)
  configuration: ImageConfiguration(bundle: PlatformAssetBundle#3afa3(), devicePixelRatio: 1.0,
    locale: en, textDirection: TextDirection.ltr, platform: android)
This RenderObject had the following descendants (showing up to depth 5):
    child: RenderPadding#e11a1 relayoutBoundary=up12 NEEDS-PAINT NEEDS-COMPOSITING-BITS-UPDATE
      child: RenderClipRect#5a6e5 relayoutBoundary=up13 NEEDS-PAINT NEEDS-COMPOSITING-BITS-UPDATE
        child: RenderTransform#fdcf4 relayoutBoundary=up14 NEEDS-PAINT NEEDS-COMPOSITING-BITS-UPDATE
          child: _RenderScrollSemantics#f31bd relayoutBoundary=up15 NEEDS-PAINT NEEDS-COMPOSITING-BITS-UPDATE
            child: RenderPointerListener#01c8d relayoutBoundary=up16 NEEDS-PAINT NEEDS-COMPOSITING-BITS-UPDATE
════════════════════════════════════════════════════════════════════════════════════════════════════
══╡ EXCEPTION CAUGHT BY RENDERING LIBRARY ╞═════════════════════════════════════════════════════════
The following assertion was thrown during performLayout():
RenderBox was not laid out: RenderDecoratedBox#c6690 relayoutBoundary=up11 NEEDS-PAINT
NEEDS-COMPOSITING-BITS-UPDATE
'package:flutter/src/rendering/box.dart':
Failed assertion: line 2251 pos 12: 'hasSize'

Either the assertion indicates an error in the framework itself, or we should provide substantially
more information in this error message to help you determine and fix the underlying cause.
In either case, please report this assertion by filing a bug on GitHub:
  https://github.com/flutter/flutter/issues/new?template=02_bug.yml

The relevant error-causing widget was:
  Container
  Container:file:///C:/Users/User/.codex/worktrees/hadayah-wave4v2-integration/Streamer_app/project/lib/features/map/presentation/widgets/top_spatial_search_bar.dart:210:11

When the exception was thrown, this was the stack:
#2      RenderBox.size (package:flutter/src/rendering/box.dart:2251:12)
#3      RenderConstrainedBox.performLayout (package:flutter/src/rendering/proxy_box.dart:297:21)
#4      RenderObject.layout (package:flutter/src/rendering/object.dart:2768:7)
#5      RenderPadding.performLayout (package:flutter/src/rendering/shifted_box.dart:262:12)
#6      RenderObject.layout (package:flutter/src/rendering/object.dart:2768:7)
#7      ChildLayoutHelper.layoutChild (package:flutter/src/rendering/layout_helper.dart:62:11)
#8      RenderFlex._computeSizes (package:flutter/src/rendering/flex.dart:1237:28)
#9      RenderFlex.performLayout (package:flutter/src/rendering/flex.dart:1329:32)
#10     RenderObject.layout (package:flutter/src/rendering/object.dart:2768:7)
#11     ChildLayoutHelper.layoutChild (package:flutter/src/rendering/layout_helper.dart:62:11)
#12     RenderFlex._computeSizes (package:flutter/src/rendering/flex.dart:1275:26)
#13     RenderFlex.performLayout (package:flutter/src/rendering/flex.dart:1329:32)
#14     RenderObject.layout (package:flutter/src/rendering/object.dart:2768:7)
#15     ChildLayoutHelper.layoutChild (package:flutter/src/rendering/layout_helper.dart:62:11)
#16     RenderFlex._computeSizes (package:flutter/src/rendering/flex.dart:1237:28)
#17     RenderFlex.performLayout (package:flutter/src/rendering/flex.dart:1329:32)
#18     RenderObject.layout (package:flutter/src/rendering/object.dart:2768:7)
#19     RenderPadding.performLayout (package:flutter/src/rendering/shifted_box.dart:262:12)
#20     RenderObject.layout (package:flutter/src/rendering/object.dart:2768:7)
#21     RenderPadding.performLayout (package:flutter/src/rendering/shifted_box.dart:262:12)
#22     RenderObject.layout (package:flutter/src/rendering/object.dart:2768:7)
#23     RenderStack.layoutPositionedChild (package:flutter/src/rendering/stack.dart:549:11)
#24     RenderStack.performLayout (package:flutter/src/rendering/stack.dart:691:13)
#25     RenderObject.layout (package:flutter/src/rendering/object.dart:2768:7)
#26     _RenderLayoutBuilder.performLayout (package:flutter/src/widgets/layout_builder.dart:449:14)
#27     RenderObject.layout (package:flutter/src/rendering/object.dart:2768:7)
#28     ChildLayoutHelper.layoutChild (package:flutter/src/rendering/layout_helper.dart:62:11)
#29     RenderFlex._computeSizes (package:flutter/src/rendering/flex.dart:1275:26)
#30     RenderFlex.performLayout (package:flutter/src/rendering/flex.dart:1329:32)
#31     RenderObject.layout (package:flutter/src/rendering/object.dart:2768:7)
#32     MultiChildLayoutDelegate.layoutChild (package:flutter/src/rendering/custom_layout.dart:180:12)
#33     _ScaffoldLayout.performLayout (package:flutter/src/material/scaffold.dart:1111:7)
#34     MultiChildLayoutDelegate._callPerformLayout (package:flutter/src/rendering/custom_layout.dart:246:7)
#35     RenderCustomMultiChildLayoutBox.performLayout (package:flutter/src/rendering/custom_layout.dart:417:14)
#36     RenderObject._layoutWithoutResize (package:flutter/src/rendering/object.dart:2616:7)
#37     PipelineOwner.flushLayout (package:flutter/src/rendering/object.dart:1174:18)
#38     PipelineOwner.flushLayout (package:flutter/src/rendering/object.dart:1187:15)
#39     AutomatedTestWidgetsFlutterBinding.drawFrame (package:flutter_test/src/binding.dart:2133:27)
#40     RendererBinding._handlePersistentFrameCallback (package:flutter/src/rendering/binding.dart:495:5)
#41     SchedulerBinding._invokeFrameCallback (package:flutter/src/scheduler/binding.dart:1430:15)
#42     SchedulerBinding.handleDrawFrame (package:flutter/src/scheduler/binding.dart:1345:9)
#43     AutomatedTestWidgetsFlutterBinding.pump.<anonymous closure> (package:flutter_test/src/binding.dart:1960:9)
#46     TestAsyncUtils.guard (package:flutter_test/src/test_async_utils.dart:74:41)
#47     AutomatedTestWidgetsFlutterBinding.pump (package:flutter_test/src/binding.dart:1949:27)
#48     WidgetTester.pump.<anonymous closure> (package:flutter_test/src/widget_tester.dart:652:53)
#51     TestAsyncUtils.guard (package:flutter_test/src/test_async_utils.dart:74:41)
#52     WidgetTester.pump (package:flutter_test/src/widget_tester.dart:652:27)
#53     main.<anonymous closure> (file:///C:/Users/User/.codex/worktrees/hadayah-wave4v2-integration/Streamer_app/project/test/map_tricity_widgets_test.dart:156:26)
<asynchronous suspension>
#54     testWidgets.<anonymous closure>.<anonymous closure> (package:flutter_test/src/widget_tester.dart:192:15)
<asynchronous suspension>
#55     TestWidgetsFlutterBinding._runTestBody (package:flutter_test/src/binding.dart:1682:5)
<asynchronous suspension>
<asynchronous suspension>
(elided 7 frames from class _AssertionError, dart:async, and package:stack_trace)

The following RenderObject was being processed when the exception was fired: RenderConstrainedBox#77065 relayoutBoundary=up10 NEEDS-LAYOUT NEEDS-PAINT NEEDS-COMPOSITING-BITS-UPDATE:
  creator: ConstrainedBox ← Padding ← Container ← Column ← TopSpatialSearchBar ← Expanded ← Row ←
    Column ← Padding-[GlobalKey#5fedb] ← MediaQuery ← Padding ← SafeArea ← ⋯
  parentData: offset=Offset(0.0, 0.0) (can use size)
  constraints: BoxConstraints(0.0<=w<=120.0, 0.0<=h<=Infinity)
  size: MISSING
  additionalConstraints: BoxConstraints(0.0<=w<=Infinity, 0.0<=h<=240.0)
This RenderObject had the following descendants (showing up to depth 5):
    child: RenderDecoratedBox#c6690 relayoutBoundary=up11 NEEDS-PAINT NEEDS-COMPOSITING-BITS-UPDATE
      child: RenderPadding#e11a1 relayoutBoundary=up12 NEEDS-PAINT NEEDS-COMPOSITING-BITS-UPDATE
        child: RenderClipRect#5a6e5 relayoutBoundary=up13 NEEDS-PAINT NEEDS-COMPOSITING-BITS-UPDATE
          child: RenderTransform#fdcf4 relayoutBoundary=up14 NEEDS-PAINT NEEDS-COMPOSITING-BITS-UPDATE
            child: _RenderScrollSemantics#f31bd relayoutBoundary=up15 NEEDS-PAINT NEEDS-COMPOSITING-BITS-UPDATE
════════════════════════════════════════════════════════════════════════════════════════════════════
══╡ EXCEPTION CAUGHT BY RENDERING LIBRARY ╞═════════════════════════════════════════════════════════
The following assertion was thrown during performLayout():
RenderBox was not laid out: RenderConstrainedBox#77065 relayoutBoundary=up10 NEEDS-PAINT
NEEDS-COMPOSITING-BITS-UPDATE
'package:flutter/src/rendering/box.dart':
Failed assertion: line 2251 pos 12: 'hasSize'

Either the assertion indicates an error in the framework itself, or we should provide substantially
more information in this error message to help you determine and fix the underlying cause.
In either case, please report this assertion by filing a bug on GitHub:
  https://github.com/flutter/flutter/issues/new?template=02_bug.yml

The relevant error-causing widget was:
  Container
  Container:file:///C:/Users/User/.codex/worktrees/hadayah-wave4v2-integration/Streamer_app/project/lib/features/map/presentation/widgets/top_spatial_search_bar.dart:210:11

When the exception was thrown, this was the stack:
#2      RenderBox.size (package:flutter/src/rendering/box.dart:2251:12)
#3      RenderPadding.performLayout (package:flutter/src/rendering/shifted_box.dart:266:40)
#4      RenderObject.layout (package:flutter/src/rendering/object.dart:2768:7)
#5      ChildLayoutHelper.layoutChild (package:flutter/src/rendering/layout_helper.dart:62:11)
#6      RenderFlex._computeSizes (package:flutter/src/rendering/flex.dart:1237:28)
#7      RenderFlex.performLayout (package:flutter/src/rendering/flex.dart:1329:32)
#8      RenderObject.layout (package:flutter/src/rendering/object.dart:2768:7)
#9      ChildLayoutHelper.layoutChild (package:flutter/src/rendering/layout_helper.dart:62:11)
#10     RenderFlex._computeSizes (package:flutter/src/rendering/flex.dart:1275:26)
#11     RenderFlex.performLayout (package:flutter/src/rendering/flex.dart:1329:32)
#12     RenderObject.layout (package:flutter/src/rendering/object.dart:2768:7)
#13     ChildLayoutHelper.layoutChild (package:flutter/src/rendering/layout_helper.dart:62:11)
#14     RenderFlex._computeSizes (package:flutter/src/rendering/flex.dart:1237:28)
#15     RenderFlex.performLayout (package:flutter/src/rendering/flex.dart:1329:32)
#16     RenderObject.layout (package:flutter/src/rendering/object.dart:2768:7)
#17     RenderPadding.performLayout (package:flutter/src/rendering/shifted_box.dart:262:12)
#18     RenderObject.layout (package:flutter/src/rendering/object.dart:2768:7)
#19     RenderPadding.performLayout (package:flutter/src/rendering/shifted_box.dart:262:12)
#20     RenderObject.layout (package:flutter/src/rendering/object.dart:2768:7)
#21     RenderStack.layoutPositionedChild (package:flutter/src/rendering/stack.dart:549:11)
#22     RenderStack.performLayout (package:flutter/src/rendering/stack.dart:691:13)
#23     RenderObject.layout (package:flutter/src/rendering/object.dart:2768:7)
#24     _RenderLayoutBuilder.performLayout (package:flutter/src/widgets/layout_builder.dart:449:14)
#25     RenderObject.layout (package:flutter/src/rendering/object.dart:2768:7)
#26     ChildLayoutHelper.layoutChild (package:flutter/src/rendering/layout_helper.dart:62:11)
#27     RenderFlex._computeSizes (package:flutter/src/rendering/flex.dart:1275:26)
#28     RenderFlex.performLayout (package:flutter/src/rendering/flex.dart:1329:32)
#29     RenderObject.layout (package:flutter/src/rendering/object.dart:2768:7)
#30     MultiChildLayoutDelegate.layoutChild (package:flutter/src/rendering/custom_layout.dart:180:12)
#31     _ScaffoldLayout.performLayout (package:flutter/src/material/scaffold.dart:1111:7)
#32     MultiChildLayoutDelegate._callPerformLayout (package:flutter/src/rendering/custom_layout.dart:246:7)
#33     RenderCustomMultiChildLayoutBox.performLayout (package:flutter/src/rendering/custom_layout.dart:417:14)
#34     RenderObject._layoutWithoutResize (package:flutter/src/rendering/object.dart:2616:7)
#35     PipelineOwner.flushLayout (package:flutter/src/rendering/object.dart:1174:18)
#36     PipelineOwner.flushLayout (package:flutter/src/rendering/object.dart:1187:15)
#37     AutomatedTestWidgetsFlutterBinding.drawFrame (package:flutter_test/src/binding.dart:2133:27)
#38     RendererBinding._handlePersistentFrameCallback (package:flutter/src/rendering/binding.dart:495:5)
#39     SchedulerBinding._invokeFrameCallback (package:flutter/src/scheduler/binding.dart:1430:15)
#40     SchedulerBinding.handleDrawFrame (package:flutter/src/scheduler/binding.dart:1345:9)
#41     AutomatedTestWidgetsFlutterBinding.pump.<anonymous closure> (package:flutter_test/src/binding.dart:1960:9)
#44     TestAsyncUtils.guard (package:flutter_test/src/test_async_utils.dart:74:41)
#45     AutomatedTestWidgetsFlutterBinding.pump (package:flutter_test/src/binding.dart:1949:27)
#46     WidgetTester.pump.<anonymous closure> (package:flutter_test/src/widget_tester.dart:652:53)
#49     TestAsyncUtils.guard (package:flutter_test/src/test_async_utils.dart:74:41)
#50     WidgetTester.pump (package:flutter_test/src/widget_tester.dart:652:27)
#51     main.<anonymous closure> (file:///C:/Users/User/.codex/worktrees/hadayah-wave4v2-integration/Streamer_app/project/test/map_tricity_widgets_test.dart:156:26)
<asynchronous suspension>
#52     testWidgets.<anonymous closure>.<anonymous closure> (package:flutter_test/src/widget_tester.dart:192:15)
<asynchronous suspension>
#53     TestWidgetsFlutterBinding._runTestBody (package:flutter_test/src/binding.dart:1682:5)
<asynchronous suspension>
<asynchronous suspension>
(elided 7 frames from class _AssertionError, dart:async, and package:stack_trace)

The following RenderObject was being processed when the exception was fired: RenderPadding#edfa9 relayoutBoundary=up9 NEEDS-LAYOUT NEEDS-PAINT NEEDS-COMPOSITING-BITS-UPDATE:
  creator: Padding ← Container ← Column ← TopSpatialSearchBar ← Expanded ← Row ← Column ←
    Padding-[GlobalKey#5fedb] ← MediaQuery ← Padding ← SafeArea ← Positioned ← ⋯
  parentData: offset=Offset(0.0, 0.0); flex=null; fit=null (can use size)
  constraints: BoxConstraints(0.0<=w<=120.0, 0.0<=h<=Infinity)
  size: MISSING
  padding: EdgeInsets(0.0, 8.0, 0.0, 0.0)
  textDirection: ltr
This RenderObject had the following descendants (showing up to depth 5):
    child: RenderConstrainedBox#77065 relayoutBoundary=up10 NEEDS-PAINT NEEDS-COMPOSITING-BITS-UPDATE
      child: RenderDecoratedBox#c6690 relayoutBoundary=up11 NEEDS-PAINT NEEDS-COMPOSITING-BITS-UPDATE
        child: RenderPadding#e11a1 relayoutBoundary=up12 NEEDS-PAINT NEEDS-COMPOSITING-BITS-UPDATE
          child: RenderClipRect#5a6e5 relayoutBoundary=up13 NEEDS-PAINT NEEDS-COMPOSITING-BITS-UPDATE
            child: RenderTransform#fdcf4 relayoutBoundary=up14 NEEDS-PAINT NEEDS-COMPOSITING-BITS-UPDATE
════════════════════════════════════════════════════════════════════════════════════════════════════
══╡ EXCEPTION CAUGHT BY RENDERING LIBRARY ╞═════════════════════════════════════════════════════════
The following assertion was thrown during performLayout():
RenderBox was not laid out: RenderPadding#edfa9 relayoutBoundary=up9 NEEDS-PAINT
NEEDS-COMPOSITING-BITS-UPDATE
'package:flutter/src/rendering/box.dart':
Failed assertion: line 2251 pos 12: 'hasSize'

Either the assertion indicates an error in the framework itself, or we should provide substantially
more information in this error message to help you determine and fix the underlying cause.
In either case, please report this assertion by filing a bug on GitHub:
  https://github.com/flutter/flutter/issues/new?template=02_bug.yml

The relevant error-causing widget was:
  Column
  Column:file:///C:/Users/User/.codex/worktrees/hadayah-wave4v2-integration/Streamer_app/project/lib/features/map/presentation/widgets/top_spatial_search_bar.dart:146:12

When the exception was thrown, this was the stack:
#2      RenderBox.size (package:flutter/src/rendering/box.dart:2251:12)
#3      ChildLayoutHelper.layoutChild (package:flutter/src/rendering/layout_helper.dart:63:18)
#4      RenderFlex._computeSizes (package:flutter/src/rendering/flex.dart:1237:28)
#5      RenderFlex.performLayout (package:flutter/src/rendering/flex.dart:1329:32)
#6      RenderObject.layout (package:flutter/src/rendering/object.dart:2768:7)
#7      ChildLayoutHelper.layoutChild (package:flutter/src/rendering/layout_helper.dart:62:11)
#8      RenderFlex._computeSizes (package:flutter/src/rendering/flex.dart:1275:26)
#9      RenderFlex.performLayout (package:flutter/src/rendering/flex.dart:1329:32)
#10     RenderObject.layout (package:flutter/src/rendering/object.dart:2768:7)
#11     ChildLayoutHelper.layoutChild (package:flutter/src/rendering/layout_helper.dart:62:11)
#12     RenderFlex._computeSizes (package:flutter/src/rendering/flex.dart:1237:28)
#13     RenderFlex.performLayout (package:flutter/src/rendering/flex.dart:1329:32)
#14     RenderObject.layout (package:flutter/src/rendering/object.dart:2768:7)
#15     RenderPadding.performLayout (package:flutter/src/rendering/shifted_box.dart:262:12)
#16     RenderObject.layout (package:flutter/src/rendering/object.dart:2768:7)
#17     RenderPadding.performLayout (package:flutter/src/rendering/shifted_box.dart:262:12)
#18     RenderObject.layout (package:flutter/src/rendering/object.dart:2768:7)
#19     RenderStack.layoutPositionedChild (package:flutter/src/rendering/stack.dart:549:11)
#20     RenderStack.performLayout (package:flutter/src/rendering/stack.dart:691:13)
#21     RenderObject.layout (package:flutter/src/rendering/object.dart:2768:7)
#22     _RenderLayoutBuilder.performLayout (package:flutter/src/widgets/layout_builder.dart:449:14)
#23     RenderObject.layout (package:flutter/src/rendering/object.dart:2768:7)
#24     ChildLayoutHelper.layoutChild (package:flutter/src/rendering/layout_helper.dart:62:11)
#25     RenderFlex._computeSizes (package:flutter/src/rendering/flex.dart:1275:26)
#26     RenderFlex.performLayout (package:flutter/src/rendering/flex.dart:1329:32)
#27     RenderObject.layout (package:flutter/src/rendering/object.dart:2768:7)
#28     MultiChildLayoutDelegate.layoutChild (package:flutter/src/rendering/custom_layout.dart:180:12)
#29     _ScaffoldLayout.performLayout (package:flutter/src/material/scaffold.dart:1111:7)
#30     MultiChildLayoutDelegate._callPerformLayout (package:flutter/src/rendering/custom_layout.dart:246:7)
#31     RenderCustomMultiChildLayoutBox.performLayout (package:flutter/src/rendering/custom_layout.dart:417:14)
#32     RenderObject._layoutWithoutResize (package:flutter/src/rendering/object.dart:2616:7)
#33     PipelineOwner.flushLayout (package:flutter/src/rendering/object.dart:1174:18)
#34     PipelineOwner.flushLayout (package:flutter/src/rendering/object.dart:1187:15)
#35     AutomatedTestWidgetsFlutterBinding.drawFrame (package:flutter_test/src/binding.dart:2133:27)
#36     RendererBinding._handlePersistentFrameCallback (package:flutter/src/rendering/binding.dart:495:5)
#37     SchedulerBinding._invokeFrameCallback (package:flutter/src/scheduler/binding.dart:1430:15)
#38     SchedulerBinding.handleDrawFrame (package:flutter/src/scheduler/binding.dart:1345:9)
#39     AutomatedTestWidgetsFlutterBinding.pump.<anonymous closure> (package:flutter_test/src/binding.dart:1960:9)
#42     TestAsyncUtils.guard (package:flutter_test/src/test_async_utils.dart:74:41)
#43     AutomatedTestWidgetsFlutterBinding.pump (package:flutter_test/src/binding.dart:1949:27)
#44     WidgetTester.pump.<anonymous closure> (package:flutter_test/src/widget_tester.dart:652:53)
#47     TestAsyncUtils.guard (package:flutter_test/src/test_async_utils.dart:74:41)
#48     WidgetTester.pump (package:flutter_test/src/widget_tester.dart:652:27)
#49     main.<anonymous closure> (file:///C:/Users/User/.codex/worktrees/hadayah-wave4v2-integration/Streamer_app/project/test/map_tricity_widgets_test.dart:156:26)
<asynchronous suspension>
#50     testWidgets.<anonymous closure>.<anonymous closure> (package:flutter_test/src/widget_tester.dart:192:15)
<asynchronous suspension>
#51     TestWidgetsFlutterBinding._runTestBody (package:flutter_test/src/binding.dart:1682:5)
<asynchronous suspension>
<asynchronous suspension>
(elided 7 frames from class _AssertionError, dart:async, and package:stack_trace)

The following RenderObject was being processed when the exception was fired: RenderFlex#6f5d4 relayoutBoundary=up8 NEEDS-LAYOUT NEEDS-PAINT NEEDS-COMPOSITING-BITS-UPDATE:
  needs compositing
  creator: Column ← TopSpatialSearchBar ← Expanded ← Row ← Column ← Padding-[GlobalKey#5fedb] ←
    MediaQuery ← Padding ← SafeArea ← Positioned ← PositionedDirectional ← Stack ← ⋯
  parentData: offset=Offset(0.0, 7.0); flex=1; fit=FlexFit.tight (can use size)
  constraints: BoxConstraints(w=120.0, 0.0<=h<=Infinity)
  size: Size(120.0, 46.0)
  direction: vertical
  mainAxisAlignment: start
  mainAxisSize: min
  crossAxisAlignment: center
  verticalDirection: down
  spacing: 0.0
This RenderObject had the following descendants (showing up to depth 5):
    child 1: RenderConstrainedBox#48c09 relayoutBoundary=up9 NEEDS-PAINT NEEDS-COMPOSITING-BITS-UPDATE
      child: RenderDecoratedBox#6999c relayoutBoundary=up10 NEEDS-PAINT NEEDS-COMPOSITING-BITS-UPDATE
        child: RenderPadding#7728f relayoutBoundary=up11 NEEDS-PAINT NEEDS-COMPOSITING-BITS-UPDATE
          child: RenderMouseRegion#7bc10 relayoutBoundary=up12 NEEDS-PAINT NEEDS-COMPOSITING-BITS-UPDATE
            child: RenderTapRegion#80ca5 relayoutBoundary=up13 NEEDS-PAINT NEEDS-COMPOSITING-BITS-UPDATE
    child 2: RenderPadding#edfa9 relayoutBoundary=up9 NEEDS-PAINT NEEDS-COMPOSITING-BITS-UPDATE
      child: RenderConstrainedBox#77065 relayoutBoundary=up10 NEEDS-PAINT NEEDS-COMPOSITING-BITS-UPDATE
        child: RenderDecoratedBox#c6690 relayoutBoundary=up11 NEEDS-PAINT NEEDS-COMPOSITING-BITS-UPDATE
          child: RenderPadding#e11a1 relayoutBoundary=up12 NEEDS-PAINT NEEDS-COMPOSITING-BITS-UPDATE
            child: RenderClipRect#5a6e5 relayoutBoundary=up13 NEEDS-PAINT NEEDS-COMPOSITING-BITS-UPDATE
════════════════════════════════════════════════════════════════════════════════════════════════════
══╡ EXCEPTION CAUGHT BY RENDERING LIBRARY ╞═════════════════════════════════════════════════════════
The following assertion was thrown during paint():
RenderBox was not laid out: RenderTransform#fdcf4 relayoutBoundary=up14 NEEDS-PAINT
'package:flutter/src/rendering/box.dart':
Failed assertion: line 2251 pos 12: 'hasSize'

Either the assertion indicates an error in the framework itself, or we should provide substantially
more information in this error message to help you determine and fix the underlying cause.
In either case, please report this assertion by filing a bug on GitHub:
  https://github.com/flutter/flutter/issues/new?template=02_bug.yml

The relevant error-causing widget was:
  Scaffold-[LabeledGlobalKey<ScaffoldState>#9fca6]
  Scaffold:file:///C:/Users/User/.codex/worktrees/hadayah-wave4v2-integration/Streamer_app/project/lib/features/map/presentation/spatial_map_screen.dart:580:12

When the exception was thrown, this was the stack:
#2      RenderBox.size (package:flutter/src/rendering/box.dart:2251:12)
#3      RenderTransform._effectiveTransform (package:flutter/src/rendering/proxy_box.dart:2700:49)
#4      RenderTransform.applyPaintTransform (package:flutter/src/rendering/proxy_box.dart:2783:24)
#5      InkFeature._getPaintTransform (package:flutter/src/material/material.dart:757:21)
#6      InkFeature._paint (package:flutter/src/material/material.dart:771:32)
#7      _RenderInkFeatures.paint (package:flutter/src/material/material.dart:629:20)
#8      RenderObject._paintWithContext (package:flutter/src/rendering/object.dart:3429:7)
#9      PaintingContext.paintChild (package:flutter/src/rendering/object.dart:265:13)
#10     RenderProxyBoxMixin.paint (package:flutter/src/rendering/proxy_box.dart:143:13)
#11     RenderPhysicalModel.paint.<anonymous closure> (package:flutter/src/rendering/proxy_box.dart:2252:15)
#12     PaintingContext.pushClipRRect (package:flutter/src/rendering/object.dart:626:14)
#13     RenderPhysicalModel.paint (package:flutter/src/rendering/proxy_box.dart:2239:21)
#14     RenderObject._paintWithContext (package:flutter/src/rendering/object.dart:3429:7)
#15     PaintingContext.paintChild (package:flutter/src/rendering/object.dart:265:13)
#16     RenderProxyBoxMixin.paint (package:flutter/src/rendering/proxy_box.dart:143:13)
#17     RenderObject._paintWithContext (package:flutter/src/rendering/object.dart:3429:7)
#18     PaintingContext.paintChild (package:flutter/src/rendering/object.dart:265:13)
#19     RenderProxyBoxMixin.paint (package:flutter/src/rendering/proxy_box.dart:143:13)
#20     RenderObject._paintWithContext (package:flutter/src/rendering/object.dart:3429:7)
#21     PaintingContext._repaintCompositedChild (package:flutter/src/rendering/object.dart:180:11)
#22     PaintingContext.repaintCompositedChild (package:flutter/src/rendering/object.dart:125:5)
#23     PipelineOwner.flushPaint (package:flutter/src/rendering/object.dart:1325:31)
#24     PipelineOwner.flushPaint (package:flutter/src/rendering/object.dart:1335:15)
#25     AutomatedTestWidgetsFlutterBinding.drawFrame (package:flutter_test/src/binding.dart:2137:31)
#26     RendererBinding._handlePersistentFrameCallback (package:flutter/src/rendering/binding.dart:495:5)
#27     SchedulerBinding._invokeFrameCallback (package:flutter/src/scheduler/binding.dart:1430:15)
#28     SchedulerBinding.handleDrawFrame (package:flutter/src/scheduler/binding.dart:1345:9)
#29     AutomatedTestWidgetsFlutterBinding.pump.<anonymous closure> (package:flutter_test/src/binding.dart:1960:9)
#32     TestAsyncUtils.guard (package:flutter_test/src/test_async_utils.dart:74:41)
#33     AutomatedTestWidgetsFlutterBinding.pump (package:flutter_test/src/binding.dart:1949:27)
#34     WidgetTester.pump.<anonymous closure> (package:flutter_test/src/widget_tester.dart:652:53)
#37     TestAsyncUtils.guard (package:flutter_test/src/test_async_utils.dart:74:41)
#38     WidgetTester.pump (package:flutter_test/src/widget_tester.dart:652:27)
#39     main.<anonymous closure> (file:///C:/Users/User/.codex/worktrees/hadayah-wave4v2-integration/Streamer_app/project/test/map_tricity_widgets_test.dart:156:26)
<asynchronous suspension>
#40     testWidgets.<anonymous closure>.<anonymous closure> (package:flutter_test/src/widget_tester.dart:192:15)
<asynchronous suspension>
#41     TestWidgetsFlutterBinding._runTestBody (package:flutter_test/src/binding.dart:1682:5)
<asynchronous suspension>
<asynchronous suspension>
(elided 7 frames from class _AssertionError, dart:async, and package:stack_trace)

The following RenderObject was being processed when the exception was fired: _RenderInkFeatures#b45bd:
  needs compositing
  creator: _InkFeatures-[GlobalKey#fd125 ink renderer] ←
    NotificationListener<LayoutChangedNotification> ← PhysicalModel ← AnimatedPhysicalModel ← Material
    ← _ScrollNotificationObserverScope ← NotificationListener<ScrollNotification> ←
    NotificationListener<ScrollMetricsNotification> ← ScrollNotificationObserver ← _ScaffoldScope ←
    Scaffold-[LabeledGlobalKey<ScaffoldState>#9fca6] ← SpatialMapScreen ← ⋯
  parentData: <none> (can use size)
  constraints: BoxConstraints(w=320.0, h=800.0)
  size: Size(320.0, 800.0)
This RenderObject had the following descendants (showing up to depth 5):
    child: RenderCustomMultiChildLayoutBox#3179a NEEDS-PAINT
      child 1: RenderFlex#cb8a1 relayoutBoundary=up1 NEEDS-PAINT
        child 1: _RenderLayoutBuilder#63887 relayoutBoundary=up2 NEEDS-PAINT
          child: RenderStack#a5bf6 relayoutBoundary=up3 NEEDS-PAINT
            child 1: _RenderColoredBox#c89b0
            child 2: RenderPositionedBox#a5f9d relayoutBoundary=up4
            child 3: RenderConstrainedBox#9631e relayoutBoundary=up4
            child 4: RenderPadding#25e44 relayoutBoundary=up4 NEEDS-PAINT
            child 5: RenderFlex#100d5 relayoutBoundary=up4
            child 6: RenderConstrainedBox#41079 relayoutBoundary=up4
            child 7: RenderPhysicalShape#92d03 relayoutBoundary=up4
      child 2: RenderStack#fae64 relayoutBoundary=up1
        child 1: RenderTransform#f9278 relayoutBoundary=up2
          child: RenderTransform#1d1b8 relayoutBoundary=up3 NEEDS-PAINT
      child 3: RenderPositionedBox#ae822
        child: RenderPointerListener#e9559 relayoutBoundary=up1
          child: RenderLimitedBox#d1f75 relayoutBoundary=up2
            child: RenderConstrainedBox#c0f7c relayoutBoundary=up3
════════════════════════════════════════════════════════════════════════════════════════════════════
══╡ EXCEPTION CAUGHT BY SCHEDULER LIBRARY ╞═════════════════════════════════════════════════════════
The following _TypeError was thrown during a scheduler callback:
Null check operator used on a null value

When the exception was thrown, this was the stack:
#0      RenderViewportBase.visitChildrenForSemantics.<anonymous closure> (package:flutter/src/rendering/viewport.dart:355:30)
#1      WhereIterator.moveNext (dart:_internal/iterable.dart:468:13)
#2      Iterable.forEach (dart:core/iterable.dart:366:23)
#3      RenderViewportBase.visitChildrenForSemantics (package:flutter/src/rendering/viewport.dart:359:10)
#4      _RenderObjectSemantics.isBlockingPreviousSibling (package:flutter/src/rendering/object.dart:5520:18)
#5      _RenderObjectSemantics.isBlockingPreviousSibling.<anonymous closure> (package:flutter/src/rendering/object.dart:5522:26)
#6      RenderObjectWithChildMixin.visitChildren (package:flutter/src/rendering/object.dart:4104:14)
#7      RenderObject.visitChildrenForSemantics (package:flutter/src/rendering/object.dart:3789:5)
#8      RenderIgnorePointer.visitChildrenForSemantics (package:flutter/src/rendering/proxy_box.dart:3806:11)
#9      _RenderObjectSemantics.isBlockingPreviousSibling (package:flutter/src/rendering/object.dart:5520:18)
#10     _RenderObjectSemantics.isBlockingPreviousSibling.<anonymous closure> (package:flutter/src/rendering/object.dart:5522:26)
#11     RenderObjectWithChildMixin.visitChildren (package:flutter/src/rendering/object.dart:4104:14)
#12     RenderObject.visitChildrenForSemantics (package:flutter/src/rendering/object.dart:3789:5)
#13     SemanticsAnnotationsMixin.visitChildrenForSemantics (package:flutter/src/rendering/object.dart:4783:11)
#14     _RenderObjectSemantics.isBlockingPreviousSibling (package:flutter/src/rendering/object.dart:5520:18)
#15     _RenderObjectSemantics.isBlockingPreviousSibling.<anonymous closure> (package:flutter/src/rendering/object.dart:5522:26)
#16     RenderObjectWithChildMixin.visitChildren (package:flutter/src/rendering/object.dart:4104:14)
#17     RenderObject.visitChildrenForSemantics (package:flutter/src/rendering/object.dart:3789:5)
#18     _RenderObjectSemantics.isBlockingPreviousSibling (package:flutter/src/rendering/object.dart:5520:18)
#19     _RenderObjectSemantics.isBlockingPreviousSibling.<anonymous closure> (package:flutter/src/rendering/object.dart:5522:26)
#20     RenderObjectWithChildMixin.visitChildren (package:flutter/src/rendering/object.dart:4104:14)
#21     RenderObject.visitChildrenForSemantics (package:flutter/src/rendering/object.dart:3789:5)
#22     _RenderObjectSemantics.isBlockingPreviousSibling (package:flutter/src/rendering/object.dart:5520:18)
#23     _RenderObjectSemantics.isBlockingPreviousSibling.<anonymous closure> (package:flutter/src/rendering/object.dart:5522:26)
#24     RenderObjectWithChildMixin.visitChildren (package:flutter/src/rendering/object.dart:4104:14)
#25     RenderObject.visitChildrenForSemantics (package:flutter/src/rendering/object.dart:3789:5)
#26     _RenderObjectSemantics.isBlockingPreviousSibling (package:flutter/src/rendering/object.dart:5520:18)
#27     _RenderObjectSemantics._getNonBlockedChildren.<anonymous closure> (package:flutter/src/rendering/object.dart:5669:34)
#28     RenderObjectWithChildMixin.visitChildren (package:flutter/src/rendering/object.dart:4104:14)
#29     RenderObject.visitChildrenForSemantics (package:flutter/src/rendering/object.dart:3789:5)
#30     _RenderObjectSemantics._getNonBlockedChildren (package:flutter/src/rendering/object.dart:5668:18)
#31     _RenderObjectSemantics._collectChildMergeUpAndSiblingGroup (package:flutter/src/rendering/object.dart:5736:57)
#32     _RenderObjectSemantics.updateChildren (package:flutter/src/rendering/object.dart:5608:50)
#33     _RenderObjectSemantics._didUpdateParentData (package:flutter/src/rendering/object.dart:5815:5)
#34     _RenderObjectSemantics._collectChildMergeUpAndSiblingGroup (package:flutter/src/rendering/object.dart:5738:22)
#35     _RenderObjectSemantics.updateChildren (package:flutter/src/rendering/object.dart:5608:50)
#36     _RenderObjectSemantics._didUpdateParentData (package:flutter/src/rendering/object.dart:5815:5)
#37     _RenderObjectSemantics._collectChildMergeUpAndSiblingGroup (package:flutter/src/rendering/object.dart:5738:22)
#38     _RenderObjectSemantics.updateChildren (package:flutter/src/rendering/object.dart:5608:50)
#39     _RenderObjectSemantics._didUpdateParentData (package:flutter/src/rendering/object.dart:5815:5)
#40     _RenderObjectSemantics._collectChildMergeUpAndSiblingGroup (package:flutter/src/rendering/object.dart:5738:22)
#41     _RenderObjectSemantics.updateChildren (package:flutter/src/rendering/object.dart:5608:50)
#42     _RenderObjectSemantics._didUpdateParentData (package:flutter/src/rendering/object.dart:5815:5)
#43     _RenderObjectSemantics._collectChildMergeUpAndSiblingGroup (package:flutter/src/rendering/object.dart:5738:22)
#44     _RenderObjectSemantics.updateChildren (package:flutter/src/rendering/object.dart:5608:50)
#45     _RenderObjectSemantics._didUpdateParentData (package:flutter/src/rendering/object.dart:5815:5)
#46     _RenderObjectSemantics._collectChildMergeUpAndSiblingGroup (package:flutter/src/rendering/object.dart:5738:22)
#47     _RenderObjectSemantics.updateChildren (package:flutter/src/rendering/object.dart:5608:50)
#48     _RenderObjectSemantics._didUpdateParentData (package:flutter/src/rendering/object.dart:5815:5)
#49     _RenderObjectSemantics._collectChildMergeUpAndSiblingGroup (package:flutter/src/rendering/object.dart:5738:22)
#50     _RenderObjectSemantics.updateChildren (package:flutter/src/rendering/object.dart:5608:50)
#51     _RenderObjectSemantics._didUpdateParentData (package:flutter/src/rendering/object.dart:5815:5)
#52     _RenderObjectSemantics._collectChildMergeUpAndSiblingGroup (package:flutter/src/rendering/object.dart:5738:22)
#53     _RenderObjectSemantics.updateChildren (package:flutter/src/rendering/object.dart:5608:50)
#54     _RenderObjectSemantics._didUpdateParentData (package:flutter/src/rendering/object.dart:5815:5)
#55     _RenderObjectSemantics._collectChildMergeUpAndSiblingGroup (package:flutter/src/rendering/object.dart:5738:22)
#56     _RenderObjectSemantics.updateChildren (package:flutter/src/rendering/object.dart:5608:50)
#57     _RenderObjectSemantics._didUpdateParentData (package:flutter/src/rendering/object.dart:5815:5)
#58     _RenderObjectSemantics._collectChildMergeUpAndSiblingGroup (package:flutter/src/rendering/object.dart:5738:22)
#59     _RenderObjectSemantics.updateChildren (package:flutter/src/rendering/object.dart:5608:50)
#60     _RenderObjectSemantics._didUpdateParentData (package:flutter/src/rendering/object.dart:5815:5)
#61     _RenderObjectSemantics._collectChildMergeUpAndSiblingGroup (package:flutter/src/rendering/object.dart:5738:22)
#62     _RenderObjectSemantics.updateChildren (package:flutter/src/rendering/object.dart:5608:50)
#63     _RenderObjectSemantics._didUpdateParentData (package:flutter/src/rendering/object.dart:5815:5)
#64     _RenderObjectSemantics._collectChildMergeUpAndSiblingGroup (package:flutter/src/rendering/object.dart:5738:22)
#65     _RenderObjectSemantics.updateChildren (package:flutter/src/rendering/object.dart:5608:50)
#66     _RenderObjectSemantics._didUpdateParentData (package:flutter/src/rendering/object.dart:5815:5)
#67     _RenderObjectSemantics._collectChildMergeUpAndSiblingGroup (package:flutter/src/rendering/object.dart:5738:22)
#68     _RenderObjectSemantics.updateChildren (package:flutter/src/rendering/object.dart:5608:50)
#69     _RenderObjectSemantics._didUpdateParentData (package:flutter/src/rendering/object.dart:5815:5)
#70     _RenderObjectSemantics._collectChildMergeUpAndSiblingGroup (package:flutter/src/rendering/object.dart:5738:22)
#71     _RenderObjectSemantics.updateChildren (package:flutter/src/rendering/object.dart:5608:50)
#72     _RenderObjectSemantics._didUpdateParentData (package:flutter/src/rendering/object.dart:5815:5)
#73     _RenderObjectSemantics._collectChildMergeUpAndSiblingGroup (package:flutter/src/rendering/object.dart:5738:22)
#74     _RenderObjectSemantics.updateChildren (package:flutter/src/rendering/object.dart:5608:50)
#75     _RenderObjectSemantics._didUpdateParentData (package:flutter/src/rendering/object.dart:5815:5)
#76     _RenderObjectSemantics._collectChildMergeUpAndSiblingGroup (package:flutter/src/rendering/object.dart:5738:22)
#77     _RenderObjectSemantics.updateChildren (package:flutter/src/rendering/object.dart:5608:50)
#78     _RenderObjectSemantics._didUpdateParentData (package:flutter/src/rendering/object.dart:5815:5)
#79     _RenderObjectSemantics._collectChildMergeUpAndSiblingGroup (package:flutter/src/rendering/object.dart:5738:22)
#80     _RenderObjectSemantics.updateChildren (package:flutter/src/rendering/object.dart:5608:50)
#81     _RenderObjectSemantics._didUpdateParentData (package:flutter/src/rendering/object.dart:5815:5)
#82     _RenderObjectSemantics._collectChildMergeUpAndSiblingGroup (package:flutter/src/rendering/object.dart:5738:22)
#83     _RenderObjectSemantics.updateChildren (package:flutter/src/rendering/object.dart:5608:50)
#84     _RenderObjectSemantics._didUpdateParentData (package:flutter/src/rendering/object.dart:5815:5)
#85     _RenderObjectSemantics._collectChildMergeUpAndSiblingGroup (package:flutter/src/rendering/object.dart:5738:22)
#86     _RenderObjectSemantics.updateChildren (package:flutter/src/rendering/object.dart:5608:50)
#87     _RenderObjectSemantics._didUpdateParentData (package:flutter/src/rendering/object.dart:5815:5)
#88     _RenderObjectSemantics._collectChildMergeUpAndSiblingGroup (package:flutter/src/rendering/object.dart:5738:22)
#89     _RenderObjectSemantics.updateChildren (package:flutter/src/rendering/object.dart:5608:50)
#90     _RenderObjectSemantics._didUpdateParentData (package:flutter/src/rendering/object.dart:5815:5)
#91     _RenderObjectSemantics._collectChildMergeUpAndSiblingGroup (package:flutter/src/rendering/object.dart:5738:22)
#92     _RenderObjectSemantics.updateChildren (package:flutter/src/rendering/object.dart:5608:50)
#93     _RenderObjectSemantics._didUpdateParentData (package:flutter/src/rendering/object.dart:5815:5)
#94     _RenderObjectSemantics._collectChildMergeUpAndSiblingGroup (package:flutter/src/rendering/object.dart:5738:22)
#95     _RenderObjectSemantics.updateChildren (package:flutter/src/rendering/object.dart:5608:50)
#96     _RenderObjectSemantics._didUpdateParentData (package:flutter/src/rendering/object.dart:5815:5)
#97     _RenderObjectSemantics._collectChildMergeUpAndSiblingGroup (package:flutter/src/rendering/object.dart:5738:22)
#98     _RenderObjectSemantics.updateChildren (package:flutter/src/rendering/object.dart:5608:50)
#99     _RenderObjectSemantics._didUpdateParentData (package:flutter/src/rendering/object.dart:5815:5)
#100    _RenderObjectSemantics._collectChildMergeUpAndSiblingGroup (package:flutter/src/rendering/object.dart:5738:22)
#101    _RenderObjectSemantics.updateChildren (package:flutter/src/rendering/object.dart:5608:50)
#102    _RenderObjectSemantics._didUpdateParentData (package:flutter/src/rendering/object.dart:5815:5)
#103    _RenderObjectSemantics._collectChildMergeUpAndSiblingGroup (package:flutter/src/rendering/object.dart:5738:22)
#104    _RenderObjectSemantics.updateChildren (package:flutter/src/rendering/object.dart:5608:50)
#105    _RenderObjectSemantics._didUpdateParentData (package:flutter/src/rendering/object.dart:5815:5)
#106    _RenderObjectSemantics._collectChildMergeUpAndSiblingGroup (package:flutter/src/rendering/object.dart:5738:22)
#107    _RenderObjectSemantics.updateChildren (package:flutter/src/rendering/object.dart:5608:50)
#108    _RenderObjectSemantics._didUpdateParentData (package:flutter/src/rendering/object.dart:5815:5)
#109    _RenderObjectSemantics._collectChildMergeUpAndSiblingGroup (package:flutter/src/rendering/object.dart:5738:22)
#110    _RenderObjectSemantics.updateChildren (package:flutter/src/rendering/object.dart:5608:50)
#111    _RenderObjectSemantics._didUpdateParentData (package:flutter/src/rendering/object.dart:5815:5)
#112    _RenderObjectSemantics._collectChildMergeUpAndSiblingGroup (package:flutter/src/rendering/object.dart:5738:22)
#113    _RenderObjectSemantics.updateChildren (package:flutter/src/rendering/object.dart:5608:50)
#114    _RenderObjectSemantics._didUpdateParentData (package:flutter/src/rendering/object.dart:5815:5)
#115    _RenderObjectSemantics._collectChildMergeUpAndSiblingGroup (package:flutter/src/rendering/object.dart:5738:22)
#116    _RenderObjectSemantics.updateChildren (package:flutter/src/rendering/object.dart:5608:50)
#117    _RenderObjectSemantics._didUpdateParentData (package:flutter/src/rendering/object.dart:5815:5)
#118    _RenderObjectSemantics._collectChildMergeUpAndSiblingGroup (package:flutter/src/rendering/object.dart:5738:22)
#119    _RenderObjectSemantics.updateChildren (package:flutter/src/rendering/object.dart:5608:50)
#120    _RenderObjectSemantics._didUpdateParentData (package:flutter/src/rendering/object.dart:5815:5)
#121    _RenderObjectSemantics._collectChildMergeUpAndSiblingGroup (package:flutter/src/rendering/object.dart:5738:22)
#122    _RenderObjectSemantics.updateChildren (package:flutter/src/rendering/object.dart:5608:50)
#123    _RenderObjectSemantics._didUpdateParentData (package:flutter/src/rendering/object.dart:5815:5)
#124    _RenderObjectSemantics._collectChildMergeUpAndSiblingGroup (package:flutter/src/rendering/object.dart:5738:22)
#125    _RenderObjectSemantics.updateChildren (package:flutter/src/rendering/object.dart:5608:50)
#126    _RenderObjectSemantics._didUpdateParentData (package:flutter/src/rendering/object.dart:5815:5)
#127    _RenderObjectSemantics._collectChildMergeUpAndSiblingGroup (package:flutter/src/rendering/object.dart:5738:22)
#128    _RenderObjectSemantics.updateChildren (package:flutter/src/rendering/object.dart:5608:50)
#129    _RenderObjectSemantics._didUpdateParentData (package:flutter/src/rendering/object.dart:5815:5)
#130    _RenderObjectSemantics._collectChildMergeUpAndSiblingGroup (package:flutter/src/rendering/object.dart:5738:22)
#131    _RenderObjectSemantics.updateChildren (package:flutter/src/rendering/object.dart:5608:50)
#132    _RenderObjectSemantics._didUpdateParentData (package:flutter/src/rendering/object.dart:5815:5)
#133    _RenderObjectSemantics._collectChildMergeUpAndSiblingGroup (package:flutter/src/rendering/object.dart:5738:22)
#134    _RenderObjectSemantics.updateChildren (package:flutter/src/rendering/object.dart:5608:50)
#135    _RenderObjectSemantics._didUpdateParentData (package:flutter/src/rendering/object.dart:5815:5)
#136    _RenderObjectSemantics._collectChildMergeUpAndSiblingGroup (package:flutter/src/rendering/object.dart:5738:22)
#137    _RenderObjectSemantics.updateChildren (package:flutter/src/rendering/object.dart:5608:50)
#138    _RenderObjectSemantics._didUpdateParentData (package:flutter/src/rendering/object.dart:5815:5)
#139    _RenderObjectSemantics._collectChildMergeUpAndSiblingGroup (package:flutter/src/rendering/object.dart:5738:22)
#140    _RenderObjectSemantics.updateChildren (package:flutter/src/rendering/object.dart:5608:50)
#141    _RenderObjectSemantics._didUpdateParentData (package:flutter/src/rendering/object.dart:5815:5)
#142    _RenderObjectSemantics._collectChildMergeUpAndSiblingGroup (package:flutter/src/rendering/object.dart:5738:22)
#143    _RenderObjectSemantics.updateChildren (package:flutter/src/rendering/object.dart:5608:50)
#144    _RenderObjectSemantics._didUpdateParentData (package:flutter/src/rendering/object.dart:5815:5)
#145    _RenderObjectSemantics._collectChildMergeUpAndSiblingGroup (package:flutter/src/rendering/object.dart:5738:22)
#146    _RenderObjectSemantics.updateChildren (package:flutter/src/rendering/object.dart:5608:50)
#147    _RenderObjectSemantics._didUpdateParentData (package:flutter/src/rendering/object.dart:5815:5)
#148    _RenderObjectSemantics._collectChildMergeUpAndSiblingGroup (package:flutter/src/rendering/object.dart:5738:22)
#149    _RenderObjectSemantics.updateChildren (package:flutter/src/rendering/object.dart:5608:50)
#150    _RenderObjectSemantics._didUpdateParentData (package:flutter/src/rendering/object.dart:5815:5)
#151    _RenderObjectSemantics._collectChildMergeUpAndSiblingGroup (package:flutter/src/rendering/object.dart:5738:22)
#152    _RenderObjectSemantics.updateChildren (package:flutter/src/rendering/object.dart:5608:50)
#153    _RenderObjectSemantics._didUpdateParentData (package:flutter/src/rendering/object.dart:5815:5)
#154    _RenderObjectSemantics._collectChildMergeUpAndSiblingGroup (package:flutter/src/rendering/object.dart:5738:22)
#155    _RenderObjectSemantics.updateChildren (package:flutter/src/rendering/object.dart:5608:50)
#156    _RenderObjectSemantics._didUpdateParentData (package:flutter/src/rendering/object.dart:5815:5)
#157    _RenderObjectSemantics._collectChildMergeUpAndSiblingGroup (package:flutter/src/rendering/object.dart:5738:22)
#158    _RenderObjectSemantics.updateChildren (package:flutter/src/rendering/object.dart:5608:50)
#159    _RenderObjectSemantics._didUpdateParentData (package:flutter/src/rendering/object.dart:5815:5)
#160    _RenderObjectSemantics._collectChildMergeUpAndSiblingGroup (package:flutter/src/rendering/object.dart:5738:22)
#161    _RenderObjectSemantics.updateChildren (package:flutter/src/rendering/object.dart:5608:50)
#162    _RenderObjectSemantics._didUpdateParentData (package:flutter/src/rendering/object.dart:5815:5)
#163    _RenderObjectSemantics._collectChildMergeUpAndSiblingGroup (package:flutter/src/rendering/object.dart:5738:22)
#164    _RenderObjectSemantics.updateChildren (package:flutter/src/rendering/object.dart:5608:50)
#165    _RenderObjectSemantics._didUpdateParentData (package:flutter/src/rendering/object.dart:5815:5)
#166    _RenderObjectSemantics._collectChildMergeUpAndSiblingGroup (package:flutter/src/rendering/object.dart:5738:22)
#167    _RenderObjectSemantics.updateChildren (package:flutter/src/rendering/object.dart:5608:50)
#168    _RenderObjectSemantics._didUpdateParentData (package:flutter/src/rendering/object.dart:5815:5)
#169    _RenderObjectSemantics._collectChildMergeUpAndSiblingGroup (package:flutter/src/rendering/object.dart:5738:22)
#170    _RenderObjectSemantics.updateChildren (package:flutter/src/rendering/object.dart:5608:50)
#171    PipelineOwner.flushSemantics (package:flutter/src/rendering/object.dart:1473:25)
#172    PipelineOwner.flushSemantics (package:flutter/src/rendering/object.dart:1518:15)
#173    AutomatedTestWidgetsFlutterBinding.drawFrame (package:flutter_test/src/binding.dart:2144:35)
#174    RendererBinding._handlePersistentFrameCallback (package:flutter/src/rendering/binding.dart:495:5)
#175    SchedulerBinding._invokeFrameCallback (package:flutter/src/scheduler/binding.dart:1430:15)
#176    SchedulerBinding.handleDrawFrame (package:flutter/src/scheduler/binding.dart:1345:9)
#177    AutomatedTestWidgetsFlutterBinding.pump.<anonymous closure> (package:flutter_test/src/binding.dart:1960:9)
#180    TestAsyncUtils.guard (package:flutter_test/src/test_async_utils.dart:74:41)
#181    AutomatedTestWidgetsFlutterBinding.pump (package:flutter_test/src/binding.dart:1949:27)
#182    WidgetTester.pump.<anonymous closure> (package:flutter_test/src/widget_tester.dart:652:53)
#185    TestAsyncUtils.guard (package:flutter_test/src/test_async_utils.dart:74:41)
#186    WidgetTester.pump (package:flutter_test/src/widget_tester.dart:652:27)
#187    main.<anonymous closure> (file:///C:/Users/User/.codex/worktrees/hadayah-wave4v2-integration/Streamer_app/project/test/map_tricity_widgets_test.dart:156:26)
<asynchronous suspension>
#188    testWidgets.<anonymous closure>.<anonymous closure> (package:flutter_test/src/widget_tester.dart:192:15)
<asynchronous suspension>
#189    TestWidgetsFlutterBinding._runTestBody (package:flutter_test/src/binding.dart:1682:5)
<asynchronous suspension>
<asynchronous suspension>
(elided 5 frames from dart:async and package:stack_trace)
════════════════════════════════════════════════════════════════════════════════════════════════════
══╡ EXCEPTION CAUGHT BY RENDERING LIBRARY ╞═════════════════════════════════════════════════════════
The following assertion was thrown during paint():
RenderBox was not laid out: RenderTransform#fdcf4 relayoutBoundary=up14 NEEDS-PAINT
'package:flutter/src/rendering/box.dart':
Failed assertion: line 2251 pos 12: 'hasSize'

Either the assertion indicates an error in the framework itself, or we should provide substantially
more information in this error message to help you determine and fix the underlying cause.
In either case, please report this assertion by filing a bug on GitHub:
  https://github.com/flutter/flutter/issues/new?template=02_bug.yml

The relevant error-causing widget was:
  Scaffold-[LabeledGlobalKey<ScaffoldState>#9fca6]
  Scaffold:file:///C:/Users/User/.codex/worktrees/hadayah-wave4v2-integration/Streamer_app/project/lib/features/map/presentation/spatial_map_screen.dart:580:12

When the exception was thrown, this was the stack:
#2      RenderBox.size (package:flutter/src/rendering/box.dart:2251:12)
#3      RenderTransform._effectiveTransform (package:flutter/src/rendering/proxy_box.dart:2700:49)
#4      RenderTransform.applyPaintTransform (package:flutter/src/rendering/proxy_box.dart:2783:24)
#5      InkFeature._getPaintTransform (package:flutter/src/material/material.dart:757:21)
#6      InkFeature._paint (package:flutter/src/material/material.dart:771:32)
#7      _RenderInkFeatures.paint (package:flutter/src/material/material.dart:629:20)
#8      RenderObject._paintWithContext (package:flutter/src/rendering/object.dart:3429:7)
#9      PaintingContext.paintChild (package:flutter/src/rendering/object.dart:265:13)
#10     RenderProxyBoxMixin.paint (package:flutter/src/rendering/proxy_box.dart:143:13)
#11     RenderPhysicalModel.paint.<anonymous closure> (package:flutter/src/rendering/proxy_box.dart:2252:15)
#12     PaintingContext.pushClipRRect (package:flutter/src/rendering/object.dart:626:14)
#13     RenderPhysicalModel.paint (package:flutter/src/rendering/proxy_box.dart:2239:21)
#14     RenderObject._paintWithContext (package:flutter/src/rendering/object.dart:3429:7)
#15     PaintingContext.paintChild (package:flutter/src/rendering/object.dart:265:13)
#16     RenderProxyBoxMixin.paint (package:flutter/src/rendering/proxy_box.dart:143:13)
#17     RenderObject._paintWithContext (package:flutter/src/rendering/object.dart:3429:7)
#18     PaintingContext.paintChild (package:flutter/src/rendering/object.dart:265:13)
#19     RenderProxyBoxMixin.paint (package:flutter/src/rendering/proxy_box.dart:143:13)
#20     RenderObject._paintWithContext (package:flutter/src/rendering/object.dart:3429:7)
#21     PaintingContext._repaintCompositedChild (package:flutter/src/rendering/object.dart:180:11)
#22     PaintingContext.repaintCompositedChild (package:flutter/src/rendering/object.dart:125:5)
#23     PipelineOwner.flushPaint (package:flutter/src/rendering/object.dart:1325:31)
#24     PipelineOwner.flushPaint (package:flutter/src/rendering/object.dart:1335:15)
#25     AutomatedTestWidgetsFlutterBinding.drawFrame (package:flutter_test/src/binding.dart:2137:31)
#26     RendererBinding._handlePersistentFrameCallback (package:flutter/src/rendering/binding.dart:495:5)
#27     SchedulerBinding._invokeFrameCallback (package:flutter/src/scheduler/binding.dart:1430:15)
#28     SchedulerBinding.handleDrawFrame (package:flutter/src/scheduler/binding.dart:1345:9)
#29     AutomatedTestWidgetsFlutterBinding.pump.<anonymous closure> (package:flutter_test/src/binding.dart:1960:9)
#32     TestAsyncUtils.guard (package:flutter_test/src/test_async_utils.dart:74:41)
#33     AutomatedTestWidgetsFlutterBinding.pump (package:flutter_test/src/binding.dart:1949:27)
#34     WidgetTester.pump.<anonymous closure> (package:flutter_test/src/widget_tester.dart:652:53)
#37     TestAsyncUtils.guard (package:flutter_test/src/test_async_utils.dart:74:41)
#38     WidgetTester.pump (package:flutter_test/src/widget_tester.dart:652:27)
#39     main.<anonymous closure> (file:///C:/Users/User/.codex/worktrees/hadayah-wave4v2-integration/Streamer_app/project/test/map_tricity_widgets_test.dart:157:26)
<asynchronous suspension>
#40     testWidgets.<anonymous closure>.<anonymous closure> (package:flutter_test/src/widget_tester.dart:192:15)
<asynchronous suspension>
#41     TestWidgetsFlutterBinding._runTestBody (package:flutter_test/src/binding.dart:1682:5)
<asynchronous suspension>
<asynchronous suspension>
(elided 7 frames from class _AssertionError, dart:async, and package:stack_trace)

The following RenderObject was being processed when the exception was fired: _RenderInkFeatures#b45bd:
  needs compositing
  creator: _InkFeatures-[GlobalKey#fd125 ink renderer] ←
    NotificationListener<LayoutChangedNotification> ← PhysicalModel ← AnimatedPhysicalModel ← Material
    ← _ScrollNotificationObserverScope ← NotificationListener<ScrollNotification> ←
    NotificationListener<ScrollMetricsNotification> ← ScrollNotificationObserver ← _ScaffoldScope ←
    Scaffold-[LabeledGlobalKey<ScaffoldState>#9fca6] ← SpatialMapScreen ← ⋯
  parentData: <none> (can use size)
  constraints: BoxConstraints(w=320.0, h=800.0)
  size: Size(320.0, 800.0)
This RenderObject had the following descendants (showing up to depth 5):
    child: RenderCustomMultiChildLayoutBox#3179a NEEDS-PAINT
      child 1: RenderFlex#cb8a1 relayoutBoundary=up1 NEEDS-PAINT
        child 1: _RenderLayoutBuilder#63887 relayoutBoundary=up2 NEEDS-PAINT
          child: RenderStack#a5bf6 relayoutBoundary=up3 NEEDS-PAINT
            child 1: _RenderColoredBox#c89b0
            child 2: RenderPositionedBox#a5f9d relayoutBoundary=up4
            child 3: RenderConstrainedBox#9631e relayoutBoundary=up4
            child 4: RenderPadding#25e44 relayoutBoundary=up4 NEEDS-PAINT
            child 5: RenderFlex#100d5 relayoutBoundary=up4
            child 6: RenderConstrainedBox#41079 relayoutBoundary=up4
            child 7: RenderPhysicalShape#92d03 relayoutBoundary=up4
      child 2: RenderStack#fae64 relayoutBoundary=up1
        child 1: RenderTransform#f9278 relayoutBoundary=up2
          child: RenderTransform#1d1b8 relayoutBoundary=up3 NEEDS-PAINT
      child 3: RenderPositionedBox#ae822
        child: RenderPointerListener#e9559 relayoutBoundary=up1
          child: RenderLimitedBox#d1f75 relayoutBoundary=up2
            child: RenderConstrainedBox#c0f7c relayoutBoundary=up3
════════════════════════════════════════════════════════════════════════════════════════════════════
══╡ EXCEPTION CAUGHT BY SCHEDULER LIBRARY ╞═════════════════════════════════════════════════════════
The following assertion was thrown during a scheduler callback:
'package:flutter/src/rendering/object.dart': Failed assertion: line 5493 pos 14:
'!semantics.parentDataDirty': is not true.

When the exception was thrown, this was the stack:
#2      _RenderObjectSemantics.debugCheckForParentData.debugCheckParentDataNotDirty (package:flutter/src/rendering/object.dart:5493:14)
#3      List.forEach (dart:core-patch/growable_array.dart:428:8)
#4      _RenderObjectSemantics.debugCheckForParentData.debugCheckParentDataNotDirty (package:flutter/src/rendering/object.dart:5494:42)
#5      List.forEach (dart:core-patch/growable_array.dart:428:8)
#6      _RenderObjectSemantics.debugCheckForParentData.debugCheckParentDataNotDirty (package:flutter/src/rendering/object.dart:5494:42)
#7      List.forEach (dart:core-patch/growable_array.dart:428:8)
#8      _RenderObjectSemantics.debugCheckForParentData.debugCheckParentDataNotDirty (package:flutter/src/rendering/object.dart:5494:42)
#9      List.forEach (dart:core-patch/growable_array.dart:428:8)
#10     _RenderObjectSemantics.debugCheckForParentData.debugCheckParentDataNotDirty (package:flutter/src/rendering/object.dart:5494:42)
#11     List.forEach (dart:core-patch/growable_array.dart:428:8)
#12     _RenderObjectSemantics.debugCheckForParentData.debugCheckParentDataNotDirty (package:flutter/src/rendering/object.dart:5494:42)
#13     List.forEach (dart:core-patch/growable_array.dart:428:8)
#14     _RenderObjectSemantics.debugCheckForParentData.debugCheckParentDataNotDirty (package:flutter/src/rendering/object.dart:5494:42)
#15     List.forEach (dart:core-patch/growable_array.dart:428:8)
#16     _RenderObjectSemantics.debugCheckForParentData.debugCheckParentDataNotDirty (package:flutter/src/rendering/object.dart:5494:42)
#17     List.forEach (dart:core-patch/growable_array.dart:428:8)
#18     _RenderObjectSemantics.debugCheckForParentData.debugCheckParentDataNotDirty (package:flutter/src/rendering/object.dart:5494:42)
#19     List.forEach (dart:core-patch/growable_array.dart:428:8)
#20     _RenderObjectSemantics.debugCheckForParentData.debugCheckParentDataNotDirty (package:flutter/src/rendering/object.dart:5494:42)
#21     List.forEach (dart:core-patch/growable_array.dart:428:8)
#22     _RenderObjectSemantics.debugCheckForParentData.debugCheckParentDataNotDirty (package:flutter/src/rendering/object.dart:5494:42)
#23     List.forEach (dart:core-patch/growable_array.dart:428:8)
#24     _RenderObjectSemantics.debugCheckForParentData.debugCheckParentDataNotDirty (package:flutter/src/rendering/object.dart:5494:42)
#25     List.forEach (dart:core-patch/growable_array.dart:428:8)
#26     _RenderObjectSemantics.debugCheckForParentData.debugCheckParentDataNotDirty (package:flutter/src/rendering/object.dart:5494:42)
#27     List.forEach (dart:core-patch/growable_array.dart:428:8)
#28     _RenderObjectSemantics.debugCheckForParentData.debugCheckParentDataNotDirty (package:flutter/src/rendering/object.dart:5494:42)
#29     List.forEach (dart:core-patch/growable_array.dart:428:8)
#30     _RenderObjectSemantics.debugCheckForParentData.debugCheckParentDataNotDirty (package:flutter/src/rendering/object.dart:5494:42)
#31     List.forEach (dart:core-patch/growable_array.dart:428:8)
#32     _RenderObjectSemantics.debugCheckForParentData.debugCheckParentDataNotDirty (package:flutter/src/rendering/object.dart:5494:42)
#33     List.forEach (dart:core-patch/growable_array.dart:428:8)
#34     _RenderObjectSemantics.debugCheckForParentData.debugCheckParentDataNotDirty (package:flutter/src/rendering/object.dart:5494:42)
#35     List.forEach (dart:core-patch/growable_array.dart:428:8)
#36     _RenderObjectSemantics.debugCheckForParentData.debugCheckParentDataNotDirty (package:flutter/src/rendering/object.dart:5494:42)
#37     List.forEach (dart:core-patch/growable_array.dart:428:8)
#38     _RenderObjectSemantics.debugCheckForParentData.debugCheckParentDataNotDirty (package:flutter/src/rendering/object.dart:5494:42)
#39     List.forEach (dart:core-patch/growable_array.dart:428:8)
#40     _RenderObjectSemantics.debugCheckForParentData.debugCheckParentDataNotDirty (package:flutter/src/rendering/object.dart:5494:42)
#41     List.forEach (dart:core-patch/growable_array.dart:428:8)
#42     _RenderObjectSemantics.debugCheckForParentData.debugCheckParentDataNotDirty (package:flutter/src/rendering/object.dart:5494:42)
#43     List.forEach (dart:core-patch/growable_array.dart:428:8)
#44     _RenderObjectSemantics.debugCheckForParentData.debugCheckParentDataNotDirty (package:flutter/src/rendering/object.dart:5494:42)
#45     List.forEach (dart:core-patch/growable_array.dart:428:8)
#46     _RenderObjectSemantics.debugCheckForParentData.debugCheckParentDataNotDirty (package:flutter/src/rendering/object.dart:5494:42)
#47     List.forEach (dart:core-patch/growable_array.dart:428:8)
#48     _RenderObjectSemantics.debugCheckForParentData.debugCheckParentDataNotDirty (package:flutter/src/rendering/object.dart:5494:42)
#49     List.forEach (dart:core-patch/growable_array.dart:428:8)
#50     _RenderObjectSemantics.debugCheckForParentData.debugCheckParentDataNotDirty (package:flutter/src/rendering/object.dart:5494:42)
#51     List.forEach (dart:core-patch/growable_array.dart:428:8)
#52     _RenderObjectSemantics.debugCheckForParentData.debugCheckParentDataNotDirty (package:flutter/src/rendering/object.dart:5494:42)
#53     List.forEach (dart:core-patch/growable_array.dart:428:8)
#54     _RenderObjectSemantics.debugCheckForParentData.debugCheckParentDataNotDirty (package:flutter/src/rendering/object.dart:5494:42)
#55     List.forEach (dart:core-patch/growable_array.dart:428:8)
#56     _RenderObjectSemantics.debugCheckForParentData.debugCheckParentDataNotDirty (package:flutter/src/rendering/object.dart:5494:42)
#57     List.forEach (dart:core-patch/growable_array.dart:428:8)
#58     _RenderObjectSemantics.debugCheckForParentData.debugCheckParentDataNotDirty (package:flutter/src/rendering/object.dart:5494:42)
#59     List.forEach (dart:core-patch/growable_array.dart:428:8)
#60     _RenderObjectSemantics.debugCheckForParentData.debugCheckParentDataNotDirty (package:flutter/src/rendering/object.dart:5494:42)
#61     List.forEach (dart:core-patch/growable_array.dart:428:8)
#62     _RenderObjectSemantics.debugCheckForParentData.debugCheckParentDataNotDirty (package:flutter/src/rendering/object.dart:5494:42)
#63     List.forEach (dart:core-patch/growable_array.dart:428:8)
#64     _RenderObjectSemantics.debugCheckForParentData.debugCheckParentDataNotDirty (package:flutter/src/rendering/object.dart:5494:42)
#65     List.forEach (dart:core-patch/growable_array.dart:428:8)
#66     _RenderObjectSemantics.debugCheckForParentData.debugCheckParentDataNotDirty (package:flutter/src/rendering/object.dart:5494:42)
#67     List.forEach (dart:core-patch/growable_array.dart:428:8)
#68     _RenderObjectSemantics.debugCheckForParentData.debugCheckParentDataNotDirty (package:flutter/src/rendering/object.dart:5494:42)
#69     List.forEach (dart:core-patch/growable_array.dart:428:8)
#70     _RenderObjectSemantics.debugCheckForParentData.debugCheckParentDataNotDirty (package:flutter/src/rendering/object.dart:5494:42)
#71     List.forEach (dart:core-patch/growable_array.dart:428:8)
#72     _RenderObjectSemantics.debugCheckForParentData.debugCheckParentDataNotDirty (package:flutter/src/rendering/object.dart:5494:42)
#73     List.forEach (dart:core-patch/growable_array.dart:428:8)
#74     _RenderObjectSemantics.debugCheckForParentData.debugCheckParentDataNotDirty (package:flutter/src/rendering/object.dart:5494:42)
#75     List.forEach (dart:core-patch/growable_array.dart:428:8)
#76     _RenderObjectSemantics.debugCheckForParentData.debugCheckParentDataNotDirty (package:flutter/src/rendering/object.dart:5494:42)
#77     List.forEach (dart:core-patch/growable_array.dart:428:8)
#78     _RenderObjectSemantics.debugCheckForParentData.debugCheckParentDataNotDirty (package:flutter/src/rendering/object.dart:5494:42)
#79     List.forEach (dart:core-patch/growable_array.dart:428:8)
#80     _RenderObjectSemantics.debugCheckForParentData.debugCheckParentDataNotDirty (package:flutter/src/rendering/object.dart:5494:42)
#81     List.forEach (dart:core-patch/growable_array.dart:428:8)
#82     _RenderObjectSemantics.debugCheckForParentData.debugCheckParentDataNotDirty (package:flutter/src/rendering/object.dart:5494:42)
#83     List.forEach (dart:core-patch/growable_array.dart:428:8)
#84     _RenderObjectSemantics.debugCheckForParentData.debugCheckParentDataNotDirty (package:flutter/src/rendering/object.dart:5494:42)
#85     List.forEach (dart:core-patch/growable_array.dart:428:8)
#86     _RenderObjectSemantics.debugCheckForParentData.debugCheckParentDataNotDirty (package:flutter/src/rendering/object.dart:5494:42)
#87     List.forEach (dart:core-patch/growable_array.dart:428:8)
#88     _RenderObjectSemantics.debugCheckForParentData.debugCheckParentDataNotDirty (package:flutter/src/rendering/object.dart:5494:42)
#89     List.forEach (dart:core-patch/growable_array.dart:428:8)
#90     _RenderObjectSemantics.debugCheckForParentData.debugCheckParentDataNotDirty (package:flutter/src/rendering/object.dart:5494:42)
#91     List.forEach (dart:core-patch/growable_array.dart:428:8)
#92     _RenderObjectSemantics.debugCheckForParentData.debugCheckParentDataNotDirty (package:flutter/src/rendering/object.dart:5494:42)
#93     List.forEach (dart:core-patch/growable_array.dart:428:8)
#94     _RenderObjectSemantics.debugCheckForParentData.debugCheckParentDataNotDirty (package:flutter/src/rendering/object.dart:5494:42)
#95     List.forEach (dart:core-patch/growable_array.dart:428:8)
#96     _RenderObjectSemantics.debugCheckForParentData.debugCheckParentDataNotDirty (package:flutter/src/rendering/object.dart:5494:42)
#97     _RenderObjectSemantics.debugCheckForParentData (package:flutter/src/rendering/object.dart:5497:5)
#98     PipelineOwner.flushSemantics.<anonymous closure> (package:flutter/src/rendering/object.dart:1483:34)
#99     PipelineOwner.flushSemantics (package:flutter/src/rendering/object.dart:1486:8)
#100    PipelineOwner.flushSemantics (package:flutter/src/rendering/object.dart:1518:15)
#101    AutomatedTestWidgetsFlutterBinding.drawFrame (package:flutter_test/src/binding.dart:2144:35)
#102    RendererBinding._handlePersistentFrameCallback (package:flutter/src/rendering/binding.dart:495:5)
#103    SchedulerBinding._invokeFrameCallback (package:flutter/src/scheduler/binding.dart:1430:15)
#104    SchedulerBinding.handleDrawFrame (package:flutter/src/scheduler/binding.dart:1345:9)
#105    AutomatedTestWidgetsFlutterBinding.pump.<anonymous closure> (package:flutter_test/src/binding.dart:1960:9)
#108    TestAsyncUtils.guard (package:flutter_test/src/test_async_utils.dart:74:41)
#109    AutomatedTestWidgetsFlutterBinding.pump (package:flutter_test/src/binding.dart:1949:27)
#110    WidgetTester.pump.<anonymous closure> (package:flutter_test/src/widget_tester.dart:652:53)
#113    TestAsyncUtils.guard (package:flutter_test/src/test_async_utils.dart:74:41)
#114    WidgetTester.pump (package:flutter_test/src/widget_tester.dart:652:27)
#115    main.<anonymous closure> (file:///C:/Users/User/.codex/worktrees/hadayah-wave4v2-integration/Streamer_app/project/test/map_tricity_widgets_test.dart:157:26)
<asynchronous suspension>
#116    testWidgets.<anonymous closure>.<anonymous closure> (package:flutter_test/src/widget_tester.dart:192:15)
<asynchronous suspension>
#117    TestWidgetsFlutterBinding._runTestBody (package:flutter_test/src/binding.dart:1682:5)
<asynchronous suspension>
<asynchronous suspension>
(elided 7 frames from class _AssertionError, dart:async, and package:stack_trace)
════════════════════════════════════════════════════════════════════════════════════════════════════
══╡ EXCEPTION CAUGHT BY FLUTTER TEST FRAMEWORK ╞════════════════════════════════════════════════════
The following assertion was thrown running a test:
RenderBox was not laid out: RenderIndexedSemantics#53187 relayoutBoundary=up24 NEEDS-PAINT
'package:flutter/src/rendering/box.dart':
Failed assertion: line 2251 pos 12: 'hasSize'

Either the assertion indicates an error in the framework itself, or we should provide substantially
more information in this error message to help you determine and fix the underlying cause.
In either case, please report this assertion by filing a bug on GitHub:
  https://github.com/flutter/flutter/issues/new?template=02_bug.yml

When the exception was thrown, this was the stack:
#2      RenderBox.size (package:flutter/src/rendering/box.dart:2251:12)
#3      RenderBox.paintBounds (package:flutter/src/rendering/box.dart:3109:41)
#4      SliverMultiBoxAdaptorElement.debugVisitOnstageChildren.<anonymous closure> (package:flutter/src/widgets/sliver.dart:1290:50)
#5      WhereIterator.moveNext (dart:_internal/iterable.dart:468:13)
#6      Iterable.forEach (dart:core/iterable.dart:366:23)
#7      SliverMultiBoxAdaptorElement.debugVisitOnstageChildren (package:flutter/src/widgets/sliver.dart:1299:10)
#8      _DepthFirstElementTreeIterator._collectChildren (package:flutter_test/src/tree_traversal.dart:131:12)
#9      _DepthFirstTreeIterator.moveNext (package:flutter_test/src/tree_traversal.dart:77:16)
#10     CachingIterable._fillNext (package:flutter/src/foundation/basic_types.dart:206:27)
#11     _LazyListIterator.moveNext (package:flutter/src/foundation/basic_types.dart:236:21)
#12     WhereIterator.moveNext (dart:_internal/iterable.dart:467:22)
#13     CachingIterable._fillNext (package:flutter/src/foundation/basic_types.dart:206:27)
#14     _LazyListIterator.moveNext (package:flutter/src/foundation/basic_types.dart:236:21)
#15     _AncestorFinderMixin.allCandidates (package:flutter_test/src/finders.dart:1814:49)
#16     FinderBase.evaluate (package:flutter_test/src/finders.dart:987:76)
#17     _AncestorFinderMixin.allCandidates (package:flutter_test/src/finders.dart:1814:49)
#18     FinderBase.evaluate (package:flutter_test/src/finders.dart:987:76)
#19     WidgetController.widgetList (package:flutter_test/src/controller.dart:843:19)
#20     WidgetController._maybeViewOf (package:flutter_test/src/controller.dart:790:34)
#21     WidgetController.tap (package:flutter_test/src/controller.dart:1059:31)
#22     main.<anonymous closure> (file:///C:/Users/User/.codex/worktrees/hadayah-wave4v2-integration/Streamer_app/project/test/map_tricity_widgets_test.dart:158:26)
<asynchronous suspension>
#23     testWidgets.<anonymous closure>.<anonymous closure> (package:flutter_test/src/widget_tester.dart:192:15)
<asynchronous suspension>
#24     TestWidgetsFlutterBinding._runTestBody (package:flutter_test/src/binding.dart:1682:5)
<asynchronous suspension>
<asynchronous suspension>
(elided 3 frames from class _AssertionError and package:stack_trace)

The test description was:
  selected card en width=320.0 text=2.0 BroadcastType.liveVideo
════════════════════════════════════════════════════════════════════════════════════════════════════
══╡ EXCEPTION CAUGHT BY FLUTTER TEST FRAMEWORK ╞════════════════════════════════════════════════════
The following message was thrown:
Multiple exceptions (31) were detected during the running of the current test, and at least one was
unexpected.
════════════════════════════════════════════════════════════════════════════════════════════════════
00:03 +0 -2: selected card en width=320.0 text=2.0 BroadcastType.liveVideo [E]
  Test failed. See exception logs above.
  The test description was: selected card en width=320.0 text=2.0 BroadcastType.liveVideo
  
00:03 +0 -2: selected card en width=320.0 text=2.0 BroadcastType.liveAudio
Realtime public streamer subscription failed: 'package:supabase_flutter/src/supabase.dart': Failed assertion: line 45 pos 7: '_instance._isInitialized': You must initialize the supabase instance before calling Supabase.instance
Realtime academic_categories subscription failed: 'package:supabase_flutter/src/supabase.dart': Failed assertion: line 45 pos 7: '_instance._isInitialized': You must initialize the supabase instance before calling Supabase.instance
Supabase auth listener not attached (Supabase not initialized?): 'package:supabase_flutter/src/supabase.dart': Failed assertion: line 45 pos 7: '_instance._isInitialized': You must initialize the supabase instance before calling Supabase.instance
loadVerifiedStreamersFromBackend failed: Bad state: Backend unavailable
_refreshAcademicCategories failed: Bad state: Backend unavailable
[90m[🌎 Easy Localization] [DEBUG] Start[0m
[90m[🌎 Easy Localization] [DEBUG] Init state[0m
[32m[🌎 Easy Localization] [INFO] Start locale loaded en[0m
[90m[🌎 Easy Localization] [DEBUG] Build[0m
[90m[🌎 Easy Localization] [DEBUG] Init Localization Delegate[0m
[90m[🌎 Easy Localization] [DEBUG] Init provider[0m
[90m[🌎 Easy Localization] [DEBUG] Load Localization Delegate[0m
[90m[🌎 Easy Localization] [DEBUG] Build[0m
[90m[🌎 Easy Localization] [DEBUG] Init Localization Delegate[0m
[90m[🌎 Easy Localization] [DEBUG] Init provider[0m
══╡ EXCEPTION CAUGHT BY RENDERING LIBRARY ╞═════════════════════════════════════════════════════════
The following assertion was thrown during performLayout():
Trailing widget consumes the entire tile width (including ListTile.contentPadding).
Either resize the tile width so that the trailing widget plus any content padding do not exceed the
tile width, or use a sized widget, or consider replacing ListTile with a custom widget.
See also: https://api.flutter.dev/flutter/material/ListTile-class.html#material.ListTile.4

The relevant error-causing widget was:
  ListTile
  ListTile:file:///C:/Users/User/.codex/worktrees/hadayah-wave4v2-integration/Streamer_app/project/lib/features/map/presentation/widgets/top_spatial_search_bar.dart:241:24

When the exception was thrown, this was the stack:
#0      _RenderListTile._computeSizes.<anonymous closure> (package:flutter/src/material/list_tile.dart:1533:7)
#1      _RenderListTile._computeSizes (package:flutter/src/material/list_tile.dart:1546:6)
#2      _RenderListTile.performLayout (package:flutter/src/material/list_tile.dart:1666:27)
#3      RenderObject.layout (package:flutter/src/rendering/object.dart:2768:7)
#4      RenderPadding.performLayout (package:flutter/src/rendering/shifted_box.dart:262:12)
#5      RenderObject.layout (package:flutter/src/rendering/object.dart:2768:7)
#6      RenderPadding.performLayout (package:flutter/src/rendering/shifted_box.dart:262:12)
#7      RenderObject.layout (package:flutter/src/rendering/object.dart:2768:7)
#8      RenderProxyBoxMixin.performLayout (package:flutter/src/rendering/proxy_box.dart:118:18)
#9      RenderObject.layout (package:flutter/src/rendering/object.dart:2768:7)
#10     RenderProxyBoxMixin.performLayout (package:flutter/src/rendering/proxy_box.dart:118:18)
#11     RenderObject.layout (package:flutter/src/rendering/object.dart:2768:7)
#12     RenderProxyBoxMixin.performLayout (package:flutter/src/rendering/proxy_box.dart:118:18)
#13     RenderObject.layout (package:flutter/src/rendering/object.dart:2768:7)
#14     RenderProxyBoxMixin.performLayout (package:flutter/src/rendering/proxy_box.dart:118:18)
#15     RenderObject.layout (package:flutter/src/rendering/object.dart:2768:7)
#16     RenderProxyBoxMixin.performLayout (package:flutter/src/rendering/proxy_box.dart:118:18)
#17     RenderObject.layout (package:flutter/src/rendering/object.dart:2768:7)
#18     RenderProxyBoxMixin.performLayout (package:flutter/src/rendering/proxy_box.dart:118:18)
#19     RenderObject.layout (package:flutter/src/rendering/object.dart:2768:7)
#20     RenderProxyBoxMixin.performLayout (package:flutter/src/rendering/proxy_box.dart:118:18)
#21     RenderObject.layout (package:flutter/src/rendering/object.dart:2768:7)
#22     RenderSliverList.performLayout (package:flutter/src/rendering/sliver_list.dart:209:28)
#23     RenderObject.layout (package:flutter/src/rendering/object.dart:2768:7)
#24     RenderSliverEdgeInsetsPadding.performLayout (package:flutter/src/rendering/sliver_padding.dart:133:12)
#25     RenderSliverPadding.performLayout (package:flutter/src/rendering/sliver_padding.dart:368:11)
#26     RenderObject.layout (package:flutter/src/rendering/object.dart:2768:7)
#27     RenderViewportBase.layoutChildSequence (package:flutter/src/rendering/viewport.dart:673:13)
#28     RenderShrinkWrappingViewport._attemptLayout (package:flutter/src/rendering/viewport.dart:2010:12)
#29     RenderShrinkWrappingViewport.performLayout (package:flutter/src/rendering/viewport.dart:1964:20)
#30     RenderObject.layout (package:flutter/src/rendering/object.dart:2768:7)
#31     RenderProxyBoxMixin.performLayout (package:flutter/src/rendering/proxy_box.dart:118:18)
#32     RenderObject.layout (package:flutter/src/rendering/object.dart:2768:7)
#33     RenderProxyBoxMixin.performLayout (package:flutter/src/rendering/proxy_box.dart:118:18)
#34     RenderObject.layout (package:flutter/src/rendering/object.dart:2768:7)
#35     RenderProxyBoxMixin.performLayout (package:flutter/src/rendering/proxy_box.dart:118:18)
#36     RenderObject.layout (package:flutter/src/rendering/object.dart:2768:7)
#37     RenderProxyBoxMixin.performLayout (package:flutter/src/rendering/proxy_box.dart:118:18)
#38     RenderObject.layout (package:flutter/src/rendering/object.dart:2768:7)
#39     RenderProxyBoxMixin.performLayout (package:flutter/src/rendering/proxy_box.dart:118:18)
#40     RenderObject.layout (package:flutter/src/rendering/object.dart:2768:7)
#41     RenderProxyBoxMixin.performLayout (package:flutter/src/rendering/proxy_box.dart:118:18)
#42     RenderObject.layout (package:flutter/src/rendering/object.dart:2768:7)
#43     RenderProxyBoxMixin.performLayout (package:flutter/src/rendering/proxy_box.dart:118:18)
#44     RenderObject.layout (package:flutter/src/rendering/object.dart:2768:7)
#45     RenderProxyBoxMixin.performLayout (package:flutter/src/rendering/proxy_box.dart:118:18)
#46     _RenderCustomClip.performLayout (package:flutter/src/rendering/proxy_box.dart:1549:11)
#47     RenderObject.layout (package:flutter/src/rendering/object.dart:2768:7)
#48     RenderPadding.performLayout (package:flutter/src/rendering/shifted_box.dart:262:12)
#49     RenderObject.layout (package:flutter/src/rendering/object.dart:2768:7)
#50     RenderProxyBoxMixin.performLayout (package:flutter/src/rendering/proxy_box.dart:118:18)
#51     RenderObject.layout (package:flutter/src/rendering/object.dart:2768:7)
#52     RenderConstrainedBox.performLayout (package:flutter/src/rendering/proxy_box.dart:296:14)
#53     RenderObject.layout (package:flutter/src/rendering/object.dart:2768:7)
#54     RenderPadding.performLayout (package:flutter/src/rendering/shifted_box.dart:262:12)
#55     RenderObject.layout (package:flutter/src/rendering/object.dart:2768:7)
#56     ChildLayoutHelper.layoutChild (package:flutter/src/rendering/layout_helper.dart:62:11)
#57     RenderFlex._computeSizes (package:flutter/src/rendering/flex.dart:1237:28)
#58     RenderFlex.performLayout (package:flutter/src/rendering/flex.dart:1329:32)
#59     RenderObject.layout (package:flutter/src/rendering/object.dart:2768:7)
#60     ChildLayoutHelper.layoutChild (package:flutter/src/rendering/layout_helper.dart:62:11)
#61     RenderFlex._computeSizes (package:flutter/src/rendering/flex.dart:1275:26)
#62     RenderFlex.performLayout (package:flutter/src/rendering/flex.dart:1329:32)
#63     RenderObject.layout (package:flutter/src/rendering/object.dart:2768:7)
#64     ChildLayoutHelper.layoutChild (package:flutter/src/rendering/layout_helper.dart:62:11)
#65     RenderFlex._computeSizes (package:flutter/src/rendering/flex.dart:1237:28)
#66     RenderFlex.performLayout (package:flutter/src/rendering/flex.dart:1329:32)
#67     RenderObject.layout (package:flutter/src/rendering/object.dart:2768:7)
#68     RenderPadding.performLayout (package:flutter/src/rendering/shifted_box.dart:262:12)
#69     RenderObject.layout (package:flutter/src/rendering/object.dart:2768:7)
#70     RenderPadding.performLayout (package:flutter/src/rendering/shifted_box.dart:262:12)
#71     RenderObject.layout (package:flutter/src/rendering/object.dart:2768:7)
#72     RenderStack.layoutPositionedChild (package:flutter/src/rendering/stack.dart:549:11)
#73     RenderStack.performLayout (package:flutter/src/rendering/stack.dart:691:13)
#74     RenderObject.layout (package:flutter/src/rendering/object.dart:2768:7)
#75     _RenderLayoutBuilder.performLayout (package:flutter/src/widgets/layout_builder.dart:449:14)
#76     RenderObject.layout (package:flutter/src/rendering/object.dart:2768:7)
#77     ChildLayoutHelper.layoutChild (package:flutter/src/rendering/layout_helper.dart:62:11)
#78     RenderFlex._computeSizes (package:flutter/src/rendering/flex.dart:1275:26)
#79     RenderFlex.performLayout (package:flutter/src/rendering/flex.dart:1329:32)
#80     RenderObject.layout (package:flutter/src/rendering/object.dart:2768:7)
#81     MultiChildLayoutDelegate.layoutChild (package:flutter/src/rendering/custom_layout.dart:180:12)
#82     _ScaffoldLayout.performLayout (package:flutter/src/material/scaffold.dart:1111:7)
#83     MultiChildLayoutDelegate._callPerformLayout (package:flutter/src/rendering/custom_layout.dart:246:7)
#84     RenderCustomMultiChildLayoutBox.performLayout (package:flutter/src/rendering/custom_layout.dart:417:14)
#85     RenderObject._layoutWithoutResize (package:flutter/src/rendering/object.dart:2616:7)
#86     PipelineOwner.flushLayout (package:flutter/src/rendering/object.dart:1174:18)
#87     PipelineOwner.flushLayout (package:flutter/src/rendering/object.dart:1187:15)
#88     AutomatedTestWidgetsFlutterBinding.drawFrame (package:flutter_test/src/binding.dart:2133:27)
#89     RendererBinding._handlePersistentFrameCallback (package:flutter/src/rendering/binding.dart:495:5)
#90     SchedulerBinding._invokeFrameCallback (package:flutter/src/scheduler/binding.dart:1430:15)
#91     SchedulerBinding.handleDrawFrame (package:flutter/src/scheduler/binding.dart:1345:9)
#92     AutomatedTestWidgetsFlutterBinding.pump.<anonymous closure> (package:flutter_test/src/binding.dart:1960:9)
#95     TestAsyncUtils.guard (package:flutter_test/src/test_async_utils.dart:74:41)
#96     AutomatedTestWidgetsFlutterBinding.pump (package:flutter_test/src/binding.dart:1949:27)
#97     WidgetTester.pump.<anonymous closure> (package:flutter_test/src/widget_tester.dart:652:53)
#100    TestAsyncUtils.guard (package:flutter_test/src/test_async_utils.dart:74:41)
#101    WidgetTester.pump (package:flutter_test/src/widget_tester.dart:652:27)
#102    main.<anonymous closure> (file:///C:/Users/User/.codex/worktrees/hadayah-wave4v2-integration/Streamer_app/project/test/map_tricity_widgets_test.dart:156:26)
<asynchronous suspension>
#103    testWidgets.<anonymous closure>.<anonymous closure> (package:flutter_test/src/widget_tester.dart:192:15)
<asynchronous suspension>
#104    TestWidgetsFlutterBinding._runTestBody (package:flutter_test/src/binding.dart:1682:5)
<asynchronous suspension>
<asynchronous suspension>
(elided 5 frames from dart:async and package:stack_trace)

The following RenderObject was being processed when the exception was fired: _RenderListTile#eae46 relayoutBoundary=up33 NEEDS-PAINT NEEDS-COMPOSITING-BITS-UPDATE:
  creator: _ListTile ← IconButtonTheme ← IconTheme ← Builder ← MediaQuery ← Padding ← SafeArea ←
    Builder ← Padding-[GlobalKey#4a6b6] ← Ink ← Semantics ← Listener ← ⋯
  parentData: offset=Offset(16.0, 0.0) (can use size)
  constraints: BoxConstraints(w=78.0, 0.0<=h<=Infinity)
  size: MISSING
This RenderObject had the following descendants (showing up to depth 5):
    leading: RenderDecoratedBox#7cfb4 relayoutBoundary=up34 NEEDS-PAINT NEEDS-COMPOSITING-BITS-UPDATE
      child: RenderPadding#5a7b4 relayoutBoundary=up35 NEEDS-PAINT NEEDS-COMPOSITING-BITS-UPDATE
        child: RenderSemanticsAnnotations#f6ae4 relayoutBoundary=up36 NEEDS-PAINT NEEDS-COMPOSITING-BITS-UPDATE
          child: RenderExcludeSemantics#f47c7 relayoutBoundary=up37 NEEDS-PAINT NEEDS-COMPOSITING-BITS-UPDATE
            child: RenderConstrainedBox#1fae3 relayoutBoundary=up38 NEEDS-PAINT NEEDS-COMPOSITING-BITS-UPDATE
    title: RenderParagraph#6c152 NEEDS-LAYOUT NEEDS-PAINT
      text: TextSpan
    subtitle: RenderParagraph#6e22e NEEDS-LAYOUT NEEDS-PAINT
      text: TextSpan
    trailing: RenderDecoratedBox#fa798 relayoutBoundary=up34 NEEDS-PAINT NEEDS-COMPOSITING-BITS-UPDATE
      child: RenderPadding#185ac relayoutBoundary=up35 NEEDS-PAINT NEEDS-COMPOSITING-BITS-UPDATE
        child: RenderParagraph#5444e relayoutBoundary=up36 NEEDS-PAINT
          text: TextSpan
════════════════════════════════════════════════════════════════════════════════════════════════════
══╡ EXCEPTION CAUGHT BY RENDERING LIBRARY ╞═════════════════════════════════════════════════════════
The following assertion was thrown during performLayout():
RenderBox was not laid out: _RenderListTile#eae46 relayoutBoundary=up33 NEEDS-PAINT
NEEDS-COMPOSITING-BITS-UPDATE
'package:flutter/src/rendering/box.dart':
Failed assertion: line 2251 pos 12: 'hasSize'

Either the assertion indicates an error in the framework itself, or we should provide substantially
more information in this error message to help you determine and fix the underlying cause.
In either case, please report this assertion by filing a bug on GitHub:
  https://github.com/flutter/flutter/issues/new?template=02_bug.yml

The relevant error-causing widget was:
  ListTile
  ListTile:file:///C:/Users/User/.codex/worktrees/hadayah-wave4v2-integration/Streamer_app/project/lib/features/map/presentation/widgets/top_spatial_search_bar.dart:241:24

When the exception was thrown, this was the stack:
#2      RenderBox.size (package:flutter/src/rendering/box.dart:2251:12)
#3      RenderPadding.performLayout (package:flutter/src/rendering/shifted_box.dart:266:40)
#4      RenderObject.layout (package:flutter/src/rendering/object.dart:2768:7)
#5      RenderPadding.performLayout (package:flutter/src/rendering/shifted_box.dart:262:12)
#6      RenderObject.layout (package:flutter/src/rendering/object.dart:2768:7)
#7      RenderProxyBoxMixin.performLayout (package:flutter/src/rendering/proxy_box.dart:118:18)
#8      RenderObject.layout (package:flutter/src/rendering/object.dart:2768:7)
#9      RenderProxyBoxMixin.performLayout (package:flutter/src/rendering/proxy_box.dart:118:18)
#10     RenderObject.layout (package:flutter/src/rendering/object.dart:2768:7)
#11     RenderProxyBoxMixin.performLayout (package:flutter/src/rendering/proxy_box.dart:118:18)
#12     RenderObject.layout (package:flutter/src/rendering/object.dart:2768:7)
#13     RenderProxyBoxMixin.performLayout (package:flutter/src/rendering/proxy_box.dart:118:18)
#14     RenderObject.layout (package:flutter/src/rendering/object.dart:2768:7)
#15     RenderProxyBoxMixin.performLayout (package:flutter/src/rendering/proxy_box.dart:118:18)
#16     RenderObject.layout (package:flutter/src/rendering/object.dart:2768:7)
#17     RenderProxyBoxMixin.performLayout (package:flutter/src/rendering/proxy_box.dart:118:18)
#18     RenderObject.layout (package:flutter/src/rendering/object.dart:2768:7)
#19     RenderProxyBoxMixin.performLayout (package:flutter/src/rendering/proxy_box.dart:118:18)
#20     RenderObject.layout (package:flutter/src/rendering/object.dart:2768:7)
#21     RenderSliverList.performLayout (package:flutter/src/rendering/sliver_list.dart:209:28)
#22     RenderObject.layout (package:flutter/src/rendering/object.dart:2768:7)
#23     RenderSliverEdgeInsetsPadding.performLayout (package:flutter/src/rendering/sliver_padding.dart:133:12)
#24     RenderSliverPadding.performLayout (package:flutter/src/rendering/sliver_padding.dart:368:11)
#25     RenderObject.layout (package:flutter/src/rendering/object.dart:2768:7)
#26     RenderViewportBase.layoutChildSequence (package:flutter/src/rendering/viewport.dart:673:13)
#27     RenderShrinkWrappingViewport._attemptLayout (package:flutter/src/rendering/viewport.dart:2010:12)
#28     RenderShrinkWrappingViewport.performLayout (package:flutter/src/rendering/viewport.dart:1964:20)
#29     RenderObject.layout (package:flutter/src/rendering/object.dart:2768:7)
#30     RenderProxyBoxMixin.performLayout (package:flutter/src/rendering/proxy_box.dart:118:18)
#31     RenderObject.layout (package:flutter/src/rendering/object.dart:2768:7)
#32     RenderProxyBoxMixin.performLayout (package:flutter/src/rendering/proxy_box.dart:118:18)
#33     RenderObject.layout (package:flutter/src/rendering/object.dart:2768:7)
#34     RenderProxyBoxMixin.performLayout (package:flutter/src/rendering/proxy_box.dart:118:18)
#35     RenderObject.layout (package:flutter/src/rendering/object.dart:2768:7)
#36     RenderProxyBoxMixin.performLayout (package:flutter/src/rendering/proxy_box.dart:118:18)
#37     RenderObject.layout (package:flutter/src/rendering/object.dart:2768:7)
#38     RenderProxyBoxMixin.performLayout (package:flutter/src/rendering/proxy_box.dart:118:18)
#39     RenderObject.layout (package:flutter/src/rendering/object.dart:2768:7)
#40     RenderProxyBoxMixin.performLayout (package:flutter/src/rendering/proxy_box.dart:118:18)
#41     RenderObject.layout (package:flutter/src/rendering/object.dart:2768:7)
#42     RenderProxyBoxMixin.performLayout (package:flutter/src/rendering/proxy_box.dart:118:18)
#43     RenderObject.layout (package:flutter/src/rendering/object.dart:2768:7)
#44     RenderProxyBoxMixin.performLayout (package:flutter/src/rendering/proxy_box.dart:118:18)
#45     _RenderCustomClip.performLayout (package:flutter/src/rendering/proxy_box.dart:1549:11)
#46     RenderObject.layout (package:flutter/src/rendering/object.dart:2768:7)
#47     RenderPadding.performLayout (package:flutter/src/rendering/shifted_box.dart:262:12)
#48     RenderObject.layout (package:flutter/src/rendering/object.dart:2768:7)
#49     RenderProxyBoxMixin.performLayout (package:flutter/src/rendering/proxy_box.dart:118:18)
#50     RenderObject.layout (package:flutter/src/rendering/object.dart:2768:7)
#51     RenderConstrainedBox.performLayout (package:flutter/src/rendering/proxy_box.dart:296:14)
#52     RenderObject.layout (package:flutter/src/rendering/object.dart:2768:7)
#53     RenderPadding.performLayout (package:flutter/src/rendering/shifted_box.dart:262:12)
#54     RenderObject.layout (package:flutter/src/rendering/object.dart:2768:7)
#55     ChildLayoutHelper.layoutChild (package:flutter/src/rendering/layout_helper.dart:62:11)
#56     RenderFlex._computeSizes (package:flutter/src/rendering/flex.dart:1237:28)
#57     RenderFlex.performLayout (package:flutter/src/rendering/flex.dart:1329:32)
#58     RenderObject.layout (package:flutter/src/rendering/object.dart:2768:7)
#59     ChildLayoutHelper.layoutChild (package:flutter/src/rendering/layout_helper.dart:62:11)
#60     RenderFlex._computeSizes (package:flutter/src/rendering/flex.dart:1275:26)
#61     RenderFlex.performLayout (package:flutter/src/rendering/flex.dart:1329:32)
#62     RenderObject.layout (package:flutter/src/rendering/object.dart:2768:7)
#63     ChildLayoutHelper.layoutChild (package:flutter/src/rendering/layout_helper.dart:62:11)
#64     RenderFlex._computeSizes (package:flutter/src/rendering/flex.dart:1237:28)
#65     RenderFlex.performLayout (package:flutter/src/rendering/flex.dart:1329:32)
#66     RenderObject.layout (package:flutter/src/rendering/object.dart:2768:7)
#67     RenderPadding.performLayout (package:flutter/src/rendering/shifted_box.dart:262:12)
#68     RenderObject.layout (package:flutter/src/rendering/object.dart:2768:7)
#69     RenderPadding.performLayout (package:flutter/src/rendering/shifted_box.dart:262:12)
#70     RenderObject.layout (package:flutter/src/rendering/object.dart:2768:7)
#71     RenderStack.layoutPositionedChild (package:flutter/src/rendering/stack.dart:549:11)
#72     RenderStack.performLayout (package:flutter/src/rendering/stack.dart:691:13)
#73     RenderObject.layout (package:flutter/src/rendering/object.dart:2768:7)
#74     _RenderLayoutBuilder.performLayout (package:flutter/src/widgets/layout_builder.dart:449:14)
#75     RenderObject.layout (package:flutter/src/rendering/object.dart:2768:7)
#76     ChildLayoutHelper.layoutChild (package:flutter/src/rendering/layout_helper.dart:62:11)
#77     RenderFlex._computeSizes (package:flutter/src/rendering/flex.dart:1275:26)
#78     RenderFlex.performLayout (package:flutter/src/rendering/flex.dart:1329:32)
#79     RenderObject.layout (package:flutter/src/rendering/object.dart:2768:7)
#80     MultiChildLayoutDelegate.layoutChild (package:flutter/src/rendering/custom_layout.dart:180:12)
#81     _ScaffoldLayout.performLayout (package:flutter/src/material/scaffold.dart:1111:7)
#82     MultiChildLayoutDelegate._callPerformLayout (package:flutter/src/rendering/custom_layout.dart:246:7)
#83     RenderCustomMultiChildLayoutBox.performLayout (package:flutter/src/rendering/custom_layout.dart:417:14)
#84     RenderObject._layoutWithoutResize (package:flutter/src/rendering/object.dart:2616:7)
#85     PipelineOwner.flushLayout (package:flutter/src/rendering/object.dart:1174:18)
#86     PipelineOwner.flushLayout (package:flutter/src/rendering/object.dart:1187:15)
#87     AutomatedTestWidgetsFlutterBinding.drawFrame (package:flutter_test/src/binding.dart:2133:27)
#88     RendererBinding._handlePersistentFrameCallback (package:flutter/src/rendering/binding.dart:495:5)
#89     SchedulerBinding._invokeFrameCallback (package:flutter/src/scheduler/binding.dart:1430:15)
#90     SchedulerBinding.handleDrawFrame (package:flutter/src/scheduler/binding.dart:1345:9)
#91     AutomatedTestWidgetsFlutterBinding.pump.<anonymous closure> (package:flutter_test/src/binding.dart:1960:9)
#94     TestAsyncUtils.guard (package:flutter_test/src/test_async_utils.dart:74:41)
#95     AutomatedTestWidgetsFlutterBinding.pump (package:flutter_test/src/binding.dart:1949:27)
#96     WidgetTester.pump.<anonymous closure> (package:flutter_test/src/widget_tester.dart:652:53)
#99     TestAsyncUtils.guard (package:flutter_test/src/test_async_utils.dart:74:41)
#100    WidgetTester.pump (package:flutter_test/src/widget_tester.dart:652:27)
#101    main.<anonymous closure> (file:///C:/Users/User/.codex/worktrees/hadayah-wave4v2-integration/Streamer_app/project/test/map_tricity_widgets_test.dart:156:26)
<asynchronous suspension>
#102    testWidgets.<anonymous closure>.<anonymous closure> (package:flutter_test/src/widget_tester.dart:192:15)
<asynchronous suspension>
#103    TestWidgetsFlutterBinding._runTestBody (package:flutter_test/src/binding.dart:1682:5)
<asynchronous suspension>
<asynchronous suspension>
(elided 7 frames from class _AssertionError, dart:async, and package:stack_trace)

The following RenderObject was being processed when the exception was fired: RenderPadding#e11c2 relayoutBoundary=up32 NEEDS-LAYOUT NEEDS-PAINT NEEDS-COMPOSITING-BITS-UPDATE:
  creator: Padding ← SafeArea ← Builder ← Padding-[GlobalKey#4a6b6] ← Ink ← Semantics ← Listener ←
    RawGestureDetector ← GestureDetector ← Semantics ← DefaultSelectionStyle ← Builder ← ⋯
  parentData: offset=Offset(0.0, 0.0) (can use size)
  constraints: BoxConstraints(w=118.0, 0.0<=h<=Infinity)
  size: MISSING
  padding: EdgeInsets(16.0, 0.0, 24.0, 0.0)
  textDirection: ltr
This RenderObject had the following descendants (showing up to depth 5):
    child: _RenderListTile#eae46 relayoutBoundary=up33 NEEDS-PAINT NEEDS-COMPOSITING-BITS-UPDATE
      leading: RenderDecoratedBox#7cfb4 relayoutBoundary=up34 NEEDS-PAINT NEEDS-COMPOSITING-BITS-UPDATE
        child: RenderPadding#5a7b4 relayoutBoundary=up35 NEEDS-PAINT NEEDS-COMPOSITING-BITS-UPDATE
          child: RenderSemanticsAnnotations#f6ae4 relayoutBoundary=up36 NEEDS-PAINT NEEDS-COMPOSITING-BITS-UPDATE
            child: RenderExcludeSemantics#f47c7 relayoutBoundary=up37 NEEDS-PAINT NEEDS-COMPOSITING-BITS-UPDATE
      title: RenderParagraph#6c152 NEEDS-LAYOUT NEEDS-PAINT
        text: TextSpan
      subtitle: RenderParagraph#6e22e NEEDS-LAYOUT NEEDS-PAINT
        text: TextSpan
      trailing: RenderDecoratedBox#fa798 relayoutBoundary=up34 NEEDS-PAINT NEEDS-COMPOSITING-BITS-UPDATE
        child: RenderPadding#185ac relayoutBoundary=up35 NEEDS-PAINT NEEDS-COMPOSITING-BITS-UPDATE
          child: RenderParagraph#5444e relayoutBoundary=up36 NEEDS-PAINT
            text: TextSpan
════════════════════════════════════════════════════════════════════════════════════════════════════
══╡ EXCEPTION CAUGHT BY RENDERING LIBRARY ╞═════════════════════════════════════════════════════════
The following assertion was thrown during performLayout():
RenderBox was not laid out: RenderPadding#e11c2 relayoutBoundary=up32 NEEDS-PAINT
NEEDS-COMPOSITING-BITS-UPDATE
'package:flutter/src/rendering/box.dart':
Failed assertion: line 2251 pos 12: 'hasSize'

Either the assertion indicates an error in the framework itself, or we should provide substantially
more information in this error message to help you determine and fix the underlying cause.
In either case, please report this assertion by filing a bug on GitHub:
  https://github.com/flutter/flutter/issues/new?template=02_bug.yml

The relevant error-causing widget was:
  ListTile
  ListTile:file:///C:/Users/User/.codex/worktrees/hadayah-wave4v2-integration/Streamer_app/project/lib/features/map/presentation/widgets/top_spatial_search_bar.dart:241:24

When the exception was thrown, this was the stack:
#2      RenderBox.size (package:flutter/src/rendering/box.dart:2251:12)
#3      RenderPadding.performLayout (package:flutter/src/rendering/shifted_box.dart:266:40)
#4      RenderObject.layout (package:flutter/src/rendering/object.dart:2768:7)
#5      RenderProxyBoxMixin.performLayout (package:flutter/src/rendering/proxy_box.dart:118:18)
#6      RenderObject.layout (package:flutter/src/rendering/object.dart:2768:7)
#7      RenderProxyBoxMixin.performLayout (package:flutter/src/rendering/proxy_box.dart:118:18)
#8      RenderObject.layout (package:flutter/src/rendering/object.dart:2768:7)
#9      RenderProxyBoxMixin.performLayout (package:flutter/src/rendering/proxy_box.dart:118:18)
#10     RenderObject.layout (package:flutter/src/rendering/object.dart:2768:7)
#11     RenderProxyBoxMixin.performLayout (package:flutter/src/rendering/proxy_box.dart:118:18)
#12     RenderObject.layout (package:flutter/src/rendering/object.dart:2768:7)
#13     RenderProxyBoxMixin.performLayout (package:flutter/src/rendering/proxy_box.dart:118:18)
#14     RenderObject.layout (package:flutter/src/rendering/object.dart:2768:7)
#15     RenderProxyBoxMixin.performLayout (package:flutter/src/rendering/proxy_box.dart:118:18)
#16     RenderObject.layout (package:flutter/src/rendering/object.dart:2768:7)
#17     RenderProxyBoxMixin.performLayout (package:flutter/src/rendering/proxy_box.dart:118:18)
#18     RenderObject.layout (package:flutter/src/rendering/object.dart:2768:7)
#19     RenderSliverList.performLayout (package:flutter/src/rendering/sliver_list.dart:209:28)
#20     RenderObject.layout (package:flutter/src/rendering/object.dart:2768:7)
#21     RenderSliverEdgeInsetsPadding.performLayout (package:flutter/src/rendering/sliver_padding.dart:133:12)
#22     RenderSliverPadding.performLayout (package:flutter/src/rendering/sliver_padding.dart:368:11)
#23     RenderObject.layout (package:flutter/src/rendering/object.dart:2768:7)
#24     RenderViewportBase.layoutChildSequence (package:flutter/src/rendering/viewport.dart:673:13)
#25     RenderShrinkWrappingViewport._attemptLayout (package:flutter/src/rendering/viewport.dart:2010:12)
#26     RenderShrinkWrappingViewport.performLayout (package:flutter/src/rendering/viewport.dart:1964:20)
#27     RenderObject.layout (package:flutter/src/rendering/object.dart:2768:7)
#28     RenderProxyBoxMixin.performLayout (package:flutter/src/rendering/proxy_box.dart:118:18)
#29     RenderObject.layout (package:flutter/src/rendering/object.dart:2768:7)
#30     RenderProxyBoxMixin.performLayout (package:flutter/src/rendering/proxy_box.dart:118:18)
#31     RenderObject.layout (package:flutter/src/rendering/object.dart:2768:7)
#32     RenderProxyBoxMixin.performLayout (package:flutter/src/rendering/proxy_box.dart:118:18)
#33     RenderObject.layout (package:flutter/src/rendering/object.dart:2768:7)
#34     RenderProxyBoxMixin.performLayout (package:flutter/src/rendering/proxy_box.dart:118:18)
#35     RenderObject.layout (package:flutter/src/rendering/object.dart:2768:7)
#36     RenderProxyBoxMixin.performLayout (package:flutter/src/rendering/proxy_box.dart:118:18)
#37     RenderObject.layout (package:flutter/src/rendering/object.dart:2768:7)
#38     RenderProxyBoxMixin.performLayout (package:flutter/src/rendering/proxy_box.dart:118:18)
#39     RenderObject.layout (package:flutter/src/rendering/object.dart:2768:7)
#40     RenderProxyBoxMixin.performLayout (package:flutter/src/rendering/proxy_box.dart:118:18)
#41     RenderObject.layout (package:flutter/src/rendering/object.dart:2768:7)
#42     RenderProxyBoxMixin.performLayout (package:flutter/src/rendering/proxy_box.dart:118:18)
#43     _RenderCustomClip.performLayout (package:flutter/src/rendering/proxy_box.dart:1549:11)
#44     RenderObject.layout (package:flutter/src/rendering/object.dart:2768:7)
#45     RenderPadding.performLayout (package:flutter/src/rendering/shifted_box.dart:262:12)
#46     RenderObject.layout (package:flutter/src/rendering/object.dart:2768:7)
#47     RenderProxyBoxMixin.performLayout (package:flutter/src/rendering/proxy_box.dart:118:18)
#48     RenderObject.layout (package:flutter/src/rendering/object.dart:2768:7)
#49     RenderConstrainedBox.performLayout (package:flutter/src/rendering/proxy_box.dart:296:14)
#50     RenderObject.layout (package:flutter/src/rendering/object.dart:2768:7)
#51     RenderPadding.performLayout (package:flutter/src/rendering/shifted_box.dart:262:12)
#52     RenderObject.layout (package:flutter/src/rendering/object.dart:2768:7)
#53     ChildLayoutHelper.layoutChild (package:flutter/src/rendering/layout_helper.dart:62:11)
#54     RenderFlex._computeSizes (package:flutter/src/rendering/flex.dart:1237:28)
#55     RenderFlex.performLayout (package:flutter/src/rendering/flex.dart:1329:32)
#56     RenderObject.layout (package:flutter/src/rendering/object.dart:2768:7)
#57     ChildLayoutHelper.layoutChild (package:flutter/src/rendering/layout_helper.dart:62:11)
#58     RenderFlex._computeSizes (package:flutter/src/rendering/flex.dart:1275:26)
#59     RenderFlex.performLayout (package:flutter/src/rendering/flex.dart:1329:32)
#60     RenderObject.layout (package:flutter/src/rendering/object.dart:2768:7)
#61     ChildLayoutHelper.layoutChild (package:flutter/src/rendering/layout_helper.dart:62:11)
#62     RenderFlex._computeSizes (package:flutter/src/rendering/flex.dart:1237:28)
#63     RenderFlex.performLayout (package:flutter/src/rendering/flex.dart:1329:32)
#64     RenderObject.layout (package:flutter/src/rendering/object.dart:2768:7)
#65     RenderPadding.performLayout (package:flutter/src/rendering/shifted_box.dart:262:12)
#66     RenderObject.layout (package:flutter/src/rendering/object.dart:2768:7)
#67     RenderPadding.performLayout (package:flutter/src/rendering/shifted_box.dart:262:12)
#68     RenderObject.layout (package:flutter/src/rendering/object.dart:2768:7)
#69     RenderStack.layoutPositionedChild (package:flutter/src/rendering/stack.dart:549:11)
#70     RenderStack.performLayout (package:flutter/src/rendering/stack.dart:691:13)
#71     RenderObject.layout (package:flutter/src/rendering/object.dart:2768:7)
#72     _RenderLayoutBuilder.performLayout (package:flutter/src/widgets/layout_builder.dart:449:14)
#73     RenderObject.layout (package:flutter/src/rendering/object.dart:2768:7)
#74     ChildLayoutHelper.layoutChild (package:flutter/src/rendering/layout_helper.dart:62:11)
#75     RenderFlex._computeSizes (package:flutter/src/rendering/flex.dart:1275:26)
#76     RenderFlex.performLayout (package:flutter/src/rendering/flex.dart:1329:32)
#77     RenderObject.layout (package:flutter/src/rendering/object.dart:2768:7)
#78     MultiChildLayoutDelegate.layoutChild (package:flutter/src/rendering/custom_layout.dart:180:12)
#79     _ScaffoldLayout.performLayout (package:flutter/src/material/scaffold.dart:1111:7)
#80     MultiChildLayoutDelegate._callPerformLayout (package:flutter/src/rendering/custom_layout.dart:246:7)
#81     RenderCustomMultiChildLayoutBox.performLayout (package:flutter/src/rendering/custom_layout.dart:417:14)
#82     RenderObject._layoutWithoutResize (package:flutter/src/rendering/object.dart:2616:7)
#83     PipelineOwner.flushLayout (package:flutter/src/rendering/object.dart:1174:18)
#84     PipelineOwner.flushLayout (package:flutter/src/rendering/object.dart:1187:15)
#85     AutomatedTestWidgetsFlutterBinding.drawFrame (package:flutter_test/src/binding.dart:2133:27)
#86     RendererBinding._handlePersistentFrameCallback (package:flutter/src/rendering/binding.dart:495:5)
#87     SchedulerBinding._invokeFrameCallback (package:flutter/src/scheduler/binding.dart:1430:15)
#88     SchedulerBinding.handleDrawFrame (package:flutter/src/scheduler/binding.dart:1345:9)
#89     AutomatedTestWidgetsFlutterBinding.pump.<anonymous closure> (package:flutter_test/src/binding.dart:1960:9)
#92     TestAsyncUtils.guard (package:flutter_test/src/test_async_utils.dart:74:41)
#93     AutomatedTestWidgetsFlutterBinding.pump (package:flutter_test/src/binding.dart:1949:27)
#94     WidgetTester.pump.<anonymous closure> (package:flutter_test/src/widget_tester.dart:652:53)
#97     TestAsyncUtils.guard (package:flutter_test/src/test_async_utils.dart:74:41)
#98     WidgetTester.pump (package:flutter_test/src/widget_tester.dart:652:27)
#99     main.<anonymous closure> (file:///C:/Users/User/.codex/worktrees/hadayah-wave4v2-integration/Streamer_app/project/test/map_tricity_widgets_test.dart:156:26)
<asynchronous suspension>
#100    testWidgets.<anonymous closure>.<anonymous closure> (package:flutter_test/src/widget_tester.dart:192:15)
<asynchronous suspension>
#101    TestWidgetsFlutterBinding._runTestBody (package:flutter_test/src/binding.dart:1682:5)
<asynchronous suspension>
<asynchronous suspension>
(elided 7 frames from class _AssertionError, dart:async, and package:stack_trace)

The following RenderObject was being processed when the exception was fired: RenderPadding#36a39 relayoutBoundary=up31 NEEDS-LAYOUT NEEDS-PAINT NEEDS-COMPOSITING-BITS-UPDATE:
  creator: Padding-[GlobalKey#4a6b6] ← Ink ← Semantics ← Listener ← RawGestureDetector ←
    GestureDetector ← Semantics ← DefaultSelectionStyle ← Builder ← MouseRegion ← Semantics ←
    _FocusInheritedScope ← ⋯
  parentData: <none> (can use size)
  constraints: BoxConstraints(w=118.0, 0.0<=h<=Infinity)
  size: MISSING
  padding: EdgeInsets.zero
  textDirection: ltr
This RenderObject had the following descendants (showing up to depth 5):
    child: RenderPadding#e11c2 relayoutBoundary=up32 NEEDS-PAINT NEEDS-COMPOSITING-BITS-UPDATE
      child: _RenderListTile#eae46 relayoutBoundary=up33 NEEDS-PAINT NEEDS-COMPOSITING-BITS-UPDATE
        leading: RenderDecoratedBox#7cfb4 relayoutBoundary=up34 NEEDS-PAINT NEEDS-COMPOSITING-BITS-UPDATE
          child: RenderPadding#5a7b4 relayoutBoundary=up35 NEEDS-PAINT NEEDS-COMPOSITING-BITS-UPDATE
            child: RenderSemanticsAnnotations#f6ae4 relayoutBoundary=up36 NEEDS-PAINT NEEDS-COMPOSITING-BITS-UPDATE
        title: RenderParagraph#6c152 NEEDS-LAYOUT NEEDS-PAINT
          text: TextSpan
        subtitle: RenderParagraph#6e22e NEEDS-LAYOUT NEEDS-PAINT
          text: TextSpan
        trailing: RenderDecoratedBox#fa798 relayoutBoundary=up34 NEEDS-PAINT NEEDS-COMPOSITING-BITS-UPDATE
          child: RenderPadding#185ac relayoutBoundary=up35 NEEDS-PAINT NEEDS-COMPOSITING-BITS-UPDATE
            child: RenderParagraph#5444e relayoutBoundary=up36 NEEDS-PAINT
════════════════════════════════════════════════════════════════════════════════════════════════════
══╡ EXCEPTION CAUGHT BY RENDERING LIBRARY ╞═════════════════════════════════════════════════════════
The following assertion was thrown during performLayout():
RenderBox was not laid out: RenderPadding#36a39 relayoutBoundary=up31 NEEDS-PAINT
NEEDS-COMPOSITING-BITS-UPDATE
'package:flutter/src/rendering/box.dart':
Failed assertion: line 2251 pos 12: 'hasSize'

Either the assertion indicates an error in the framework itself, or we should provide substantially
more information in this error message to help you determine and fix the underlying cause.
In either case, please report this assertion by filing a bug on GitHub:
  https://github.com/flutter/flutter/issues/new?template=02_bug.yml

The relevant error-causing widget was:
  ListTile
  ListTile:file:///C:/Users/User/.codex/worktrees/hadayah-wave4v2-integration/Streamer_app/project/lib/features/map/presentation/widgets/top_spatial_search_bar.dart:241:24

When the exception was thrown, this was the stack:
#2      RenderBox.size (package:flutter/src/rendering/box.dart:2251:12)
#3      RenderProxyBoxMixin.performLayout (package:flutter/src/rendering/proxy_box.dart:118:62)
#4      RenderObject.layout (package:flutter/src/rendering/object.dart:2768:7)
#5      RenderProxyBoxMixin.performLayout (package:flutter/src/rendering/proxy_box.dart:118:18)
#6      RenderObject.layout (package:flutter/src/rendering/object.dart:2768:7)
#7      RenderProxyBoxMixin.performLayout (package:flutter/src/rendering/proxy_box.dart:118:18)
#8      RenderObject.layout (package:flutter/src/rendering/object.dart:2768:7)
#9      RenderProxyBoxMixin.performLayout (package:flutter/src/rendering/proxy_box.dart:118:18)
#10     RenderObject.layout (package:flutter/src/rendering/object.dart:2768:7)
#11     RenderProxyBoxMixin.performLayout (package:flutter/src/rendering/proxy_box.dart:118:18)
#12     RenderObject.layout (package:flutter/src/rendering/object.dart:2768:7)
#13     RenderProxyBoxMixin.performLayout (package:flutter/src/rendering/proxy_box.dart:118:18)
#14     RenderObject.layout (package:flutter/src/rendering/object.dart:2768:7)
#15     RenderProxyBoxMixin.performLayout (package:flutter/src/rendering/proxy_box.dart:118:18)
#16     RenderObject.layout (package:flutter/src/rendering/object.dart:2768:7)
#17     RenderSliverList.performLayout (package:flutter/src/rendering/sliver_list.dart:209:28)
#18     RenderObject.layout (package:flutter/src/rendering/object.dart:2768:7)
#19     RenderSliverEdgeInsetsPadding.performLayout (package:flutter/src/rendering/sliver_padding.dart:133:12)
#20     RenderSliverPadding.performLayout (package:flutter/src/rendering/sliver_padding.dart:368:11)
#21     RenderObject.layout (package:flutter/src/rendering/object.dart:2768:7)
#22     RenderViewportBase.layoutChildSequence (package:flutter/src/rendering/viewport.dart:673:13)
#23     RenderShrinkWrappingViewport._attemptLayout (package:flutter/src/rendering/viewport.dart:2010:12)
#24     RenderShrinkWrappingViewport.performLayout (package:flutter/src/rendering/viewport.dart:1964:20)
#25     RenderObject.layout (package:flutter/src/rendering/object.dart:2768:7)
#26     RenderProxyBoxMixin.performLayout (package:flutter/src/rendering/proxy_box.dart:118:18)
#27     RenderObject.layout (package:flutter/src/rendering/object.dart:2768:7)
#28     RenderProxyBoxMixin.performLayout (package:flutter/src/rendering/proxy_box.dart:118:18)
#29     RenderObject.layout (package:flutter/src/rendering/object.dart:2768:7)
#30     RenderProxyBoxMixin.performLayout (package:flutter/src/rendering/proxy_box.dart:118:18)
#31     RenderObject.layout (package:flutter/src/rendering/object.dart:2768:7)
#32     RenderProxyBoxMixin.performLayout (package:flutter/src/rendering/proxy_box.dart:118:18)
#33     RenderObject.layout (package:flutter/src/rendering/object.dart:2768:7)
#34     RenderProxyBoxMixin.performLayout (package:flutter/src/rendering/proxy_box.dart:118:18)
#35     RenderObject.layout (package:flutter/src/rendering/object.dart:2768:7)
#36     RenderProxyBoxMixin.performLayout (package:flutter/src/rendering/proxy_box.dart:118:18)
#37     RenderObject.layout (package:flutter/src/rendering/object.dart:2768:7)
#38     RenderProxyBoxMixin.performLayout (package:flutter/src/rendering/proxy_box.dart:118:18)
#39     RenderObject.layout (package:flutter/src/rendering/object.dart:2768:7)
#40     RenderProxyBoxMixin.performLayout (package:flutter/src/rendering/proxy_box.dart:118:18)
#41     _RenderCustomClip.performLayout (package:flutter/src/rendering/proxy_box.dart:1549:11)
#42     RenderObject.layout (package:flutter/src/rendering/object.dart:2768:7)
#43     RenderPadding.performLayout (package:flutter/src/rendering/shifted_box.dart:262:12)
#44     RenderObject.layout (package:flutter/src/rendering/object.dart:2768:7)
#45     RenderProxyBoxMixin.performLayout (package:flutter/src/rendering/proxy_box.dart:118:18)
#46     RenderObject.layout (package:flutter/src/rendering/object.dart:2768:7)
#47     RenderConstrainedBox.performLayout (package:flutter/src/rendering/proxy_box.dart:296:14)
#48     RenderObject.layout (package:flutter/src/rendering/object.dart:2768:7)
#49     RenderPadding.performLayout (package:flutter/src/rendering/shifted_box.dart:262:12)
#50     RenderObject.layout (package:flutter/src/rendering/object.dart:2768:7)
#51     ChildLayoutHelper.layoutChild (package:flutter/src/rendering/layout_helper.dart:62:11)
#52     RenderFlex._computeSizes (package:flutter/src/rendering/flex.dart:1237:28)
#53     RenderFlex.performLayout (package:flutter/src/rendering/flex.dart:1329:32)
#54     RenderObject.layout (package:flutter/src/rendering/object.dart:2768:7)
#55     ChildLayoutHelper.layoutChild (package:flutter/src/rendering/layout_helper.dart:62:11)
#56     RenderFlex._computeSizes (package:flutter/src/rendering/flex.dart:1275:26)
#57     RenderFlex.performLayout (package:flutter/src/rendering/flex.dart:1329:32)
#58     RenderObject.layout (package:flutter/src/rendering/object.dart:2768:7)
#59     ChildLayoutHelper.layoutChild (package:flutter/src/rendering/layout_helper.dart:62:11)
#60     RenderFlex._computeSizes (package:flutter/src/rendering/flex.dart:1237:28)
#61     RenderFlex.performLayout (package:flutter/src/rendering/flex.dart:1329:32)
#62     RenderObject.layout (package:flutter/src/rendering/object.dart:2768:7)
#63     RenderPadding.performLayout (package:flutter/src/rendering/shifted_box.dart:262:12)
#64     RenderObject.layout (package:flutter/src/rendering/object.dart:2768:7)
#65     RenderPadding.performLayout (package:flutter/src/rendering/shifted_box.dart:262:12)
#66     RenderObject.layout (package:flutter/src/rendering/object.dart:2768:7)
#67     RenderStack.layoutPositionedChild (package:flutter/src/rendering/stack.dart:549:11)
#68     RenderStack.performLayout (package:flutter/src/rendering/stack.dart:691:13)
#69     RenderObject.layout (package:flutter/src/rendering/object.dart:2768:7)
#70     _RenderLayoutBuilder.performLayout (package:flutter/src/widgets/layout_builder.dart:449:14)
#71     RenderObject.layout (package:flutter/src/rendering/object.dart:2768:7)
#72     ChildLayoutHelper.layoutChild (package:flutter/src/rendering/layout_helper.dart:62:11)
#73     RenderFlex._computeSizes (package:flutter/src/rendering/flex.dart:1275:26)
#74     RenderFlex.performLayout (package:flutter/src/rendering/flex.dart:1329:32)
#75     RenderObject.layout (package:flutter/src/rendering/object.dart:2768:7)
#76     MultiChildLayoutDelegate.layoutChild (package:flutter/src/rendering/custom_layout.dart:180:12)
#77     _ScaffoldLayout.performLayout (package:flutter/src/material/scaffold.dart:1111:7)
#78     MultiChildLayoutDelegate._callPerformLayout (package:flutter/src/rendering/custom_layout.dart:246:7)
#79     RenderCustomMultiChildLayoutBox.performLayout (package:flutter/src/rendering/custom_layout.dart:417:14)
#80     RenderObject._layoutWithoutResize (package:flutter/src/rendering/object.dart:2616:7)
#81     PipelineOwner.flushLayout (package:flutter/src/rendering/object.dart:1174:18)
#82     PipelineOwner.flushLayout (package:flutter/src/rendering/object.dart:1187:15)
#83     AutomatedTestWidgetsFlutterBinding.drawFrame (package:flutter_test/src/binding.dart:2133:27)
#84     RendererBinding._handlePersistentFrameCallback (package:flutter/src/rendering/binding.dart:495:5)
#85     SchedulerBinding._invokeFrameCallback (package:flutter/src/scheduler/binding.dart:1430:15)
#86     SchedulerBinding.handleDrawFrame (package:flutter/src/scheduler/binding.dart:1345:9)
#87     AutomatedTestWidgetsFlutterBinding.pump.<anonymous closure> (package:flutter_test/src/binding.dart:1960:9)
#90     TestAsyncUtils.guard (package:flutter_test/src/test_async_utils.dart:74:41)
#91     AutomatedTestWidgetsFlutterBinding.pump (package:flutter_test/src/binding.dart:1949:27)
#92     WidgetTester.pump.<anonymous closure> (package:flutter_test/src/widget_tester.dart:652:53)
#95     TestAsyncUtils.guard (package:flutter_test/src/test_async_utils.dart:74:41)
#96     WidgetTester.pump (package:flutter_test/src/widget_tester.dart:652:27)
#97     main.<anonymous closure> (file:///C:/Users/User/.codex/worktrees/hadayah-wave4v2-integration/Streamer_app/project/test/map_tricity_widgets_test.dart:156:26)
<asynchronous suspension>
#98     testWidgets.<anonymous closure>.<anonymous closure> (package:flutter_test/src/widget_tester.dart:192:15)
<asynchronous suspension>
#99     TestWidgetsFlutterBinding._runTestBody (package:flutter_test/src/binding.dart:1682:5)
<asynchronous suspension>
<asynchronous suspension>
(elided 7 frames from class _AssertionError, dart:async, and package:stack_trace)

The following RenderObject was being processed when the exception was fired: RenderSemanticsAnnotations#4d60a relayoutBoundary=up30 NEEDS-LAYOUT NEEDS-PAINT NEEDS-COMPOSITING-BITS-UPDATE:
  creator: Semantics ← Listener ← RawGestureDetector ← GestureDetector ← Semantics ←
    DefaultSelectionStyle ← Builder ← MouseRegion ← Semantics ← _FocusInheritedScope ← Focus ←
    _ActionsScope ← ⋯
  parentData: <none> (can use size)
  constraints: BoxConstraints(w=118.0, 0.0<=h<=Infinity)
  size: MISSING
This RenderObject had the following descendants (showing up to depth 5):
    child: RenderPadding#36a39 relayoutBoundary=up31 NEEDS-PAINT NEEDS-COMPOSITING-BITS-UPDATE
      child: RenderPadding#e11c2 relayoutBoundary=up32 NEEDS-PAINT NEEDS-COMPOSITING-BITS-UPDATE
        child: _RenderListTile#eae46 relayoutBoundary=up33 NEEDS-PAINT NEEDS-COMPOSITING-BITS-UPDATE
          leading: RenderDecoratedBox#7cfb4 relayoutBoundary=up34 NEEDS-PAINT NEEDS-COMPOSITING-BITS-UPDATE
            child: RenderPadding#5a7b4 relayoutBoundary=up35 NEEDS-PAINT NEEDS-COMPOSITING-BITS-UPDATE
          title: RenderParagraph#6c152 NEEDS-LAYOUT NEEDS-PAINT
            text: TextSpan
          subtitle: RenderParagraph#6e22e NEEDS-LAYOUT NEEDS-PAINT
            text: TextSpan
          trailing: RenderDecoratedBox#fa798 relayoutBoundary=up34 NEEDS-PAINT NEEDS-COMPOSITING-BITS-UPDATE
            child: RenderPadding#185ac relayoutBoundary=up35 NEEDS-PAINT NEEDS-COMPOSITING-BITS-UPDATE
════════════════════════════════════════════════════════════════════════════════════════════════════
══╡ EXCEPTION CAUGHT BY RENDERING LIBRARY ╞═════════════════════════════════════════════════════════
The following assertion was thrown during performLayout():
RenderBox was not laid out: RenderSemanticsAnnotations#4d60a relayoutBoundary=up30 NEEDS-PAINT
NEEDS-COMPOSITING-BITS-UPDATE
'package:flutter/src/rendering/box.dart':
Failed assertion: line 2251 pos 12: 'hasSize'

Either the assertion indicates an error in the framework itself, or we should provide substantially
more information in this error message to help you determine and fix the underlying cause.
In either case, please report this assertion by filing a bug on GitHub:
  https://github.com/flutter/flutter/issues/new?template=02_bug.yml

The relevant error-causing widget was:
  ListTile
  ListTile:file:///C:/Users/User/.codex/worktrees/hadayah-wave4v2-integration/Streamer_app/project/lib/features/map/presentation/widgets/top_spatial_search_bar.dart:241:24

When the exception was thrown, this was the stack:
#2      RenderBox.size (package:flutter/src/rendering/box.dart:2251:12)
#3      RenderProxyBoxMixin.performLayout (package:flutter/src/rendering/proxy_box.dart:118:62)
#4      RenderObject.layout (package:flutter/src/rendering/object.dart:2768:7)
#5      RenderProxyBoxMixin.performLayout (package:flutter/src/rendering/proxy_box.dart:118:18)
#6      RenderObject.layout (package:flutter/src/rendering/object.dart:2768:7)
#7      RenderProxyBoxMixin.performLayout (package:flutter/src/rendering/proxy_box.dart:118:18)
#8      RenderObject.layout (package:flutter/src/rendering/object.dart:2768:7)
#9      RenderProxyBoxMixin.performLayout (package:flutter/src/rendering/proxy_box.dart:118:18)
#10     RenderObject.layout (package:flutter/src/rendering/object.dart:2768:7)
#11     RenderProxyBoxMixin.performLayout (package:flutter/src/rendering/proxy_box.dart:118:18)
#12     RenderObject.layout (package:flutter/src/rendering/object.dart:2768:7)
#13     RenderProxyBoxMixin.performLayout (package:flutter/src/rendering/proxy_box.dart:118:18)
#14     RenderObject.layout (package:flutter/src/rendering/object.dart:2768:7)
#15     RenderSliverList.performLayout (package:flutter/src/rendering/sliver_list.dart:209:28)
#16     RenderObject.layout (package:flutter/src/rendering/object.dart:2768:7)
#17     RenderSliverEdgeInsetsPadding.performLayout (package:flutter/src/rendering/sliver_padding.dart:133:12)
#18     RenderSliverPadding.performLayout (package:flutter/src/rendering/sliver_padding.dart:368:11)
#19     RenderObject.layout (package:flutter/src/rendering/object.dart:2768:7)
#20     RenderViewportBase.layoutChildSequence (package:flutter/src/rendering/viewport.dart:673:13)
#21     RenderShrinkWrappingViewport._attemptLayout (package:flutter/src/rendering/viewport.dart:2010:12)
#22     RenderShrinkWrappingViewport.performLayout (package:flutter/src/rendering/viewport.dart:1964:20)
#23     RenderObject.layout (package:flutter/src/rendering/object.dart:2768:7)
#24     RenderProxyBoxMixin.performLayout (package:flutter/src/rendering/proxy_box.dart:118:18)
#25     RenderObject.layout (package:flutter/src/rendering/object.dart:2768:7)
#26     RenderProxyBoxMixin.performLayout (package:flutter/src/rendering/proxy_box.dart:118:18)
#27     RenderObject.layout (package:flutter/src/rendering/object.dart:2768:7)
#28     RenderProxyBoxMixin.performLayout (package:flutter/src/rendering/proxy_box.dart:118:18)
#29     RenderObject.layout (package:flutter/src/rendering/object.dart:2768:7)
#30     RenderProxyBoxMixin.performLayout (package:flutter/src/rendering/proxy_box.dart:118:18)
#31     RenderObject.layout (package:flutter/src/rendering/object.dart:2768:7)
#32     RenderProxyBoxMixin.performLayout (package:flutter/src/rendering/proxy_box.dart:118:18)
#33     RenderObject.layout (package:flutter/src/rendering/object.dart:2768:7)
#34     RenderProxyBoxMixin.performLayout (package:flutter/src/rendering/proxy_box.dart:118:18)
#35     RenderObject.layout (package:flutter/src/rendering/object.dart:2768:7)
#36     RenderProxyBoxMixin.performLayout (package:flutter/src/rendering/proxy_box.dart:118:18)
#37     RenderObject.layout (package:flutter/src/rendering/object.dart:2768:7)
#38     RenderProxyBoxMixin.performLayout (package:flutter/src/rendering/proxy_box.dart:118:18)
#39     _RenderCustomClip.performLayout (package:flutter/src/rendering/proxy_box.dart:1549:11)
#40     RenderObject.layout (package:flutter/src/rendering/object.dart:2768:7)
#41     RenderPadding.performLayout (package:flutter/src/rendering/shifted_box.dart:262:12)
#42     RenderObject.layout (package:flutter/src/rendering/object.dart:2768:7)
#43     RenderProxyBoxMixin.performLayout (package:flutter/src/rendering/proxy_box.dart:118:18)
#44     RenderObject.layout (package:flutter/src/rendering/object.dart:2768:7)
#45     RenderConstrainedBox.performLayout (package:flutter/src/rendering/proxy_box.dart:296:14)
#46     RenderObject.layout (package:flutter/src/rendering/object.dart:2768:7)
#47     RenderPadding.performLayout (package:flutter/src/rendering/shifted_box.dart:262:12)
#48     RenderObject.layout (package:flutter/src/rendering/object.dart:2768:7)
#49     ChildLayoutHelper.layoutChild (package:flutter/src/rendering/layout_helper.dart:62:11)
#50     RenderFlex._computeSizes (package:flutter/src/rendering/flex.dart:1237:28)
#51     RenderFlex.performLayout (package:flutter/src/rendering/flex.dart:1329:32)
#52     RenderObject.layout (package:flutter/src/rendering/object.dart:2768:7)
#53     ChildLayoutHelper.layoutChild (package:flutter/src/rendering/layout_helper.dart:62:11)
#54     RenderFlex._computeSizes (package:flutter/src/rendering/flex.dart:1275:26)
#55     RenderFlex.performLayout (package:flutter/src/rendering/flex.dart:1329:32)
#56     RenderObject.layout (package:flutter/src/rendering/object.dart:2768:7)
#57     ChildLayoutHelper.layoutChild (package:flutter/src/rendering/layout_helper.dart:62:11)
#58     RenderFlex._computeSizes (package:flutter/src/rendering/flex.dart:1237:28)
#59     RenderFlex.performLayout (package:flutter/src/rendering/flex.dart:1329:32)
#60     RenderObject.layout (package:flutter/src/rendering/object.dart:2768:7)
#61     RenderPadding.performLayout (package:flutter/src/rendering/shifted_box.dart:262:12)
#62     RenderObject.layout (package:flutter/src/rendering/object.dart:2768:7)
#63     RenderPadding.performLayout (package:flutter/src/rendering/shifted_box.dart:262:12)
#64     RenderObject.layout (package:flutter/src/rendering/object.dart:2768:7)
#65     RenderStack.layoutPositionedChild (package:flutter/src/rendering/stack.dart:549:11)
#66     RenderStack.performLayout (package:flutter/src/rendering/stack.dart:691:13)
#67     RenderObject.layout (package:flutter/src/rendering/object.dart:2768:7)
#68     _RenderLayoutBuilder.performLayout (package:flutter/src/widgets/layout_builder.dart:449:14)
#69     RenderObject.layout (package:flutter/src/rendering/object.dart:2768:7)
#70     ChildLayoutHelper.layoutChild (package:flutter/src/rendering/layout_helper.dart:62:11)
#71     RenderFlex._computeSizes (package:flutter/src/rendering/flex.dart:1275:26)
#72     RenderFlex.performLayout (package:flutter/src/rendering/flex.dart:1329:32)
#73     RenderObject.layout (package:flutter/src/rendering/object.dart:2768:7)
#74     MultiChildLayoutDelegate.layoutChild (package:flutter/src/rendering/custom_layout.dart:180:12)
#75     _ScaffoldLayout.performLayout (package:flutter/src/material/scaffold.dart:1111:7)
#76     MultiChildLayoutDelegate._callPerformLayout (package:flutter/src/rendering/custom_layout.dart:246:7)
#77     RenderCustomMultiChildLayoutBox.performLayout (package:flutter/src/rendering/custom_layout.dart:417:14)
#78     RenderObject._layoutWithoutResize (package:flutter/src/rendering/object.dart:2616:7)
#79     PipelineOwner.flushLayout (package:flutter/src/rendering/object.dart:1174:18)
#80     PipelineOwner.flushLayout (package:flutter/src/rendering/object.dart:1187:15)
#81     AutomatedTestWidgetsFlutterBinding.drawFrame (package:flutter_test/src/binding.dart:2133:27)
#82     RendererBinding._handlePersistentFrameCallback (package:flutter/src/rendering/binding.dart:495:5)
#83     SchedulerBinding._invokeFrameCallback (package:flutter/src/scheduler/binding.dart:1430:15)
#84     SchedulerBinding.handleDrawFrame (package:flutter/src/scheduler/binding.dart:1345:9)
#85     AutomatedTestWidgetsFlutterBinding.pump.<anonymous closure> (package:flutter_test/src/binding.dart:1960:9)
#88     TestAsyncUtils.guard (package:flutter_test/src/test_async_utils.dart:74:41)
#89     AutomatedTestWidgetsFlutterBinding.pump (package:flutter_test/src/binding.dart:1949:27)
#90     WidgetTester.pump.<anonymous closure> (package:flutter_test/src/widget_tester.dart:652:53)
#93     TestAsyncUtils.guard (package:flutter_test/src/test_async_utils.dart:74:41)
#94     WidgetTester.pump (package:flutter_test/src/widget_tester.dart:652:27)
#95     main.<anonymous closure> (file:///C:/Users/User/.codex/worktrees/hadayah-wave4v2-integration/Streamer_app/project/test/map_tricity_widgets_test.dart:156:26)
<asynchronous suspension>
#96     testWidgets.<anonymous closure>.<anonymous closure> (package:flutter_test/src/widget_tester.dart:192:15)
<asynchronous suspension>
#97     TestWidgetsFlutterBinding._runTestBody (package:flutter_test/src/binding.dart:1682:5)
<asynchronous suspension>
<asynchronous suspension>
(elided 7 frames from class _AssertionError, dart:async, and package:stack_trace)

The following RenderObject was being processed when the exception was fired: RenderPointerListener#302ee relayoutBoundary=up29 NEEDS-LAYOUT NEEDS-PAINT NEEDS-COMPOSITING-BITS-UPDATE:
  creator: Listener ← RawGestureDetector ← GestureDetector ← Semantics ← DefaultSelectionStyle ←
    Builder ← MouseRegion ← Semantics ← _FocusInheritedScope ← Focus ← _ActionsScope ← Actions ← ⋯
  parentData: <none> (can use size)
  constraints: BoxConstraints(w=118.0, 0.0<=h<=Infinity)
  size: MISSING
  behavior: opaque
  listeners: down, panZoomStart
This RenderObject had the following descendants (showing up to depth 5):
    child: RenderSemanticsAnnotations#4d60a relayoutBoundary=up30 NEEDS-PAINT NEEDS-COMPOSITING-BITS-UPDATE
      child: RenderPadding#36a39 relayoutBoundary=up31 NEEDS-PAINT NEEDS-COMPOSITING-BITS-UPDATE
        child: RenderPadding#e11c2 relayoutBoundary=up32 NEEDS-PAINT NEEDS-COMPOSITING-BITS-UPDATE
          child: _RenderListTile#eae46 relayoutBoundary=up33 NEEDS-PAINT NEEDS-COMPOSITING-BITS-UPDATE
            leading: RenderDecoratedBox#7cfb4 relayoutBoundary=up34 NEEDS-PAINT NEEDS-COMPOSITING-BITS-UPDATE
            title: RenderParagraph#6c152 NEEDS-LAYOUT NEEDS-PAINT
            subtitle: RenderParagraph#6e22e NEEDS-LAYOUT NEEDS-PAINT
            trailing: RenderDecoratedBox#fa798 relayoutBoundary=up34 NEEDS-PAINT NEEDS-COMPOSITING-BITS-UPDATE
════════════════════════════════════════════════════════════════════════════════════════════════════
══╡ EXCEPTION CAUGHT BY RENDERING LIBRARY ╞═════════════════════════════════════════════════════════
The following assertion was thrown during performLayout():
RenderBox was not laid out: RenderPointerListener#302ee relayoutBoundary=up29 NEEDS-PAINT
NEEDS-COMPOSITING-BITS-UPDATE
'package:flutter/src/rendering/box.dart':
Failed assertion: line 2251 pos 12: 'hasSize'

Either the assertion indicates an error in the framework itself, or we should provide substantially
more information in this error message to help you determine and fix the underlying cause.
In either case, please report this assertion by filing a bug on GitHub:
  https://github.com/flutter/flutter/issues/new?template=02_bug.yml

The relevant error-causing widget was:
  ListTile
  ListTile:file:///C:/Users/User/.codex/worktrees/hadayah-wave4v2-integration/Streamer_app/project/lib/features/map/presentation/widgets/top_spatial_search_bar.dart:241:24

When the exception was thrown, this was the stack:
#2      RenderBox.size (package:flutter/src/rendering/box.dart:2251:12)
#3      RenderProxyBoxMixin.performLayout (package:flutter/src/rendering/proxy_box.dart:118:62)
#4      RenderObject.layout (package:flutter/src/rendering/object.dart:2768:7)
#5      RenderProxyBoxMixin.performLayout (package:flutter/src/rendering/proxy_box.dart:118:18)
#6      RenderObject.layout (package:flutter/src/rendering/object.dart:2768:7)
#7      RenderProxyBoxMixin.performLayout (package:flutter/src/rendering/proxy_box.dart:118:18)
#8      RenderObject.layout (package:flutter/src/rendering/object.dart:2768:7)
#9      RenderProxyBoxMixin.performLayout (package:flutter/src/rendering/proxy_box.dart:118:18)
#10     RenderObject.layout (package:flutter/src/rendering/object.dart:2768:7)
#11     RenderProxyBoxMixin.performLayout (package:flutter/src/rendering/proxy_box.dart:118:18)
#12     RenderObject.layout (package:flutter/src/rendering/object.dart:2768:7)
#13     RenderSliverList.performLayout (package:flutter/src/rendering/sliver_list.dart:209:28)
#14     RenderObject.layout (package:flutter/src/rendering/object.dart:2768:7)
#15     RenderSliverEdgeInsetsPadding.performLayout (package:flutter/src/rendering/sliver_padding.dart:133:12)
#16     RenderSliverPadding.performLayout (package:flutter/src/rendering/sliver_padding.dart:368:11)
#17     RenderObject.layout (package:flutter/src/rendering/object.dart:2768:7)
#18     RenderViewportBase.layoutChildSequence (package:flutter/src/rendering/viewport.dart:673:13)
#19     RenderShrinkWrappingViewport._attemptLayout (package:flutter/src/rendering/viewport.dart:2010:12)
#20     RenderShrinkWrappingViewport.performLayout (package:flutter/src/rendering/viewport.dart:1964:20)
#21     RenderObject.layout (package:flutter/src/rendering/object.dart:2768:7)
#22     RenderProxyBoxMixin.performLayout (package:flutter/src/rendering/proxy_box.dart:118:18)
#23     RenderObject.layout (package:flutter/src/rendering/object.dart:2768:7)
#24     RenderProxyBoxMixin.performLayout (package:flutter/src/rendering/proxy_box.dart:118:18)
#25     RenderObject.layout (package:flutter/src/rendering/object.dart:2768:7)
#26     RenderProxyBoxMixin.performLayout (package:flutter/src/rendering/proxy_box.dart:118:18)
#27     RenderObject.layout (package:flutter/src/rendering/object.dart:2768:7)
#28     RenderProxyBoxMixin.performLayout (package:flutter/src/rendering/proxy_box.dart:118:18)
#29     RenderObject.layout (package:flutter/src/rendering/object.dart:2768:7)
#30     RenderProxyBoxMixin.performLayout (package:flutter/src/rendering/proxy_box.dart:118:18)
#31     RenderObject.layout (package:flutter/src/rendering/object.dart:2768:7)
#32     RenderProxyBoxMixin.performLayout (package:flutter/src/rendering/proxy_box.dart:118:18)
#33     RenderObject.layout (package:flutter/src/rendering/object.dart:2768:7)
#34     RenderProxyBoxMixin.performLayout (package:flutter/src/rendering/proxy_box.dart:118:18)
#35     RenderObject.layout (package:flutter/src/rendering/object.dart:2768:7)
#36     RenderProxyBoxMixin.performLayout (package:flutter/src/rendering/proxy_box.dart:118:18)
#37     _RenderCustomClip.performLayout (package:flutter/src/rendering/proxy_box.dart:1549:11)
#38     RenderObject.layout (package:flutter/src/rendering/object.dart:2768:7)
#39     RenderPadding.performLayout (package:flutter/src/rendering/shifted_box.dart:262:12)
#40     RenderObject.layout (package:flutter/src/rendering/object.dart:2768:7)
#41     RenderProxyBoxMixin.performLayout (package:flutter/src/rendering/proxy_box.dart:118:18)
#42     RenderObject.layout (package:flutter/src/rendering/object.dart:2768:7)
#43     RenderConstrainedBox.performLayout (package:flutter/src/rendering/proxy_box.dart:296:14)
#44     RenderObject.layout (package:flutter/src/rendering/object.dart:2768:7)
#45     RenderPadding.performLayout (package:flutter/src/rendering/shifted_box.dart:262:12)
#46     RenderObject.layout (package:flutter/src/rendering/object.dart:2768:7)
#47     ChildLayoutHelper.layoutChild (package:flutter/src/rendering/layout_helper.dart:62:11)
#48     RenderFlex._computeSizes (package:flutter/src/rendering/flex.dart:1237:28)
#49     RenderFlex.performLayout (package:flutter/src/rendering/flex.dart:1329:32)
#50     RenderObject.layout (package:flutter/src/rendering/object.dart:2768:7)
#51     ChildLayoutHelper.layoutChild (package:flutter/src/rendering/layout_helper.dart:62:11)
#52     RenderFlex._computeSizes (package:flutter/src/rendering/flex.dart:1275:26)
#53     RenderFlex.performLayout (package:flutter/src/rendering/flex.dart:1329:32)
#54     RenderObject.layout (package:flutter/src/rendering/object.dart:2768:7)
#55     ChildLayoutHelper.layoutChild (package:flutter/src/rendering/layout_helper.dart:62:11)
#56     RenderFlex._computeSizes (package:flutter/src/rendering/flex.dart:1237:28)
#57     RenderFlex.performLayout (package:flutter/src/rendering/flex.dart:1329:32)
#58     RenderObject.layout (package:flutter/src/rendering/object.dart:2768:7)
#59     RenderPadding.performLayout (package:flutter/src/rendering/shifted_box.dart:262:12)
#60     RenderObject.layout (package:flutter/src/rendering/object.dart:2768:7)
#61     RenderPadding.performLayout (package:flutter/src/rendering/shifted_box.dart:262:12)
#62     RenderObject.layout (package:flutter/src/rendering/object.dart:2768:7)
#63     RenderStack.layoutPositionedChild (package:flutter/src/rendering/stack.dart:549:11)
#64     RenderStack.performLayout (package:flutter/src/rendering/stack.dart:691:13)
#65     RenderObject.layout (package:flutter/src/rendering/object.dart:2768:7)
#66     _RenderLayoutBuilder.performLayout (package:flutter/src/widgets/layout_builder.dart:449:14)
#67     RenderObject.layout (package:flutter/src/rendering/object.dart:2768:7)
#68     ChildLayoutHelper.layoutChild (package:flutter/src/rendering/layout_helper.dart:62:11)
#69     RenderFlex._computeSizes (package:flutter/src/rendering/flex.dart:1275:26)
#70     RenderFlex.performLayout (package:flutter/src/rendering/flex.dart:1329:32)
#71     RenderObject.layout (package:flutter/src/rendering/object.dart:2768:7)
#72     MultiChildLayoutDelegate.layoutChild (package:flutter/src/rendering/custom_layout.dart:180:12)
#73     _ScaffoldLayout.performLayout (package:flutter/src/material/scaffold.dart:1111:7)
#74     MultiChildLayoutDelegate._callPerformLayout (package:flutter/src/rendering/custom_layout.dart:246:7)
#75     RenderCustomMultiChildLayoutBox.performLayout (package:flutter/src/rendering/custom_layout.dart:417:14)
#76     RenderObject._layoutWithoutResize (package:flutter/src/rendering/object.dart:2616:7)
#77     PipelineOwner.flushLayout (package:flutter/src/rendering/object.dart:1174:18)
#78     PipelineOwner.flushLayout (package:flutter/src/rendering/object.dart:1187:15)
#79     AutomatedTestWidgetsFlutterBinding.drawFrame (package:flutter_test/src/binding.dart:2133:27)
#80     RendererBinding._handlePersistentFrameCallback (package:flutter/src/rendering/binding.dart:495:5)
#81     SchedulerBinding._invokeFrameCallback (package:flutter/src/scheduler/binding.dart:1430:15)
#82     SchedulerBinding.handleDrawFrame (package:flutter/src/scheduler/binding.dart:1345:9)
#83     AutomatedTestWidgetsFlutterBinding.pump.<anonymous closure> (package:flutter_test/src/binding.dart:1960:9)
#86     TestAsyncUtils.guard (package:flutter_test/src/test_async_utils.dart:74:41)
#87     AutomatedTestWidgetsFlutterBinding.pump (package:flutter_test/src/binding.dart:1949:27)
#88     WidgetTester.pump.<anonymous closure> (package:flutter_test/src/widget_tester.dart:652:53)
#91     TestAsyncUtils.guard (package:flutter_test/src/test_async_utils.dart:74:41)
#92     WidgetTester.pump (package:flutter_test/src/widget_tester.dart:652:27)
#93     main.<anonymous closure> (file:///C:/Users/User/.codex/worktrees/hadayah-wave4v2-integration/Streamer_app/project/test/map_tricity_widgets_test.dart:156:26)
<asynchronous suspension>
#94     testWidgets.<anonymous closure>.<anonymous closure> (package:flutter_test/src/widget_tester.dart:192:15)
<asynchronous suspension>
#95     TestWidgetsFlutterBinding._runTestBody (package:flutter_test/src/binding.dart:1682:5)
<asynchronous suspension>
<asynchronous suspension>
(elided 7 frames from class _AssertionError, dart:async, and package:stack_trace)

The following RenderObject was being processed when the exception was fired: RenderSemanticsAnnotations#990a8 relayoutBoundary=up28 NEEDS-LAYOUT NEEDS-PAINT NEEDS-COMPOSITING-BITS-UPDATE:
  creator: Semantics ← DefaultSelectionStyle ← Builder ← MouseRegion ← Semantics ←
    _FocusInheritedScope ← Focus ← _ActionsScope ← Actions ← _ParentInkResponseProvider ←
    _InkResponseStateWidget ← InkWell ← ⋯
  parentData: <none> (can use size)
  constraints: BoxConstraints(w=118.0, 0.0<=h<=Infinity)
  size: MISSING
This RenderObject had the following descendants (showing up to depth 5):
    child: RenderPointerListener#302ee relayoutBoundary=up29 NEEDS-PAINT NEEDS-COMPOSITING-BITS-UPDATE
      child: RenderSemanticsAnnotations#4d60a relayoutBoundary=up30 NEEDS-PAINT NEEDS-COMPOSITING-BITS-UPDATE
        child: RenderPadding#36a39 relayoutBoundary=up31 NEEDS-PAINT NEEDS-COMPOSITING-BITS-UPDATE
          child: RenderPadding#e11c2 relayoutBoundary=up32 NEEDS-PAINT NEEDS-COMPOSITING-BITS-UPDATE
            child: _RenderListTile#eae46 relayoutBoundary=up33 NEEDS-PAINT NEEDS-COMPOSITING-BITS-UPDATE
════════════════════════════════════════════════════════════════════════════════════════════════════
══╡ EXCEPTION CAUGHT BY RENDERING LIBRARY ╞═════════════════════════════════════════════════════════
The following assertion was thrown during performLayout():
RenderBox was not laid out: RenderSemanticsAnnotations#990a8 relayoutBoundary=up28 NEEDS-PAINT
NEEDS-COMPOSITING-BITS-UPDATE
'package:flutter/src/rendering/box.dart':
Failed assertion: line 2251 pos 12: 'hasSize'

Either the assertion indicates an error in the framework itself, or we should provide substantially
more information in this error message to help you determine and fix the underlying cause.
In either case, please report this assertion by filing a bug on GitHub:
  https://github.com/flutter/flutter/issues/new?template=02_bug.yml

The relevant error-causing widget was:
  ListTile
  ListTile:file:///C:/Users/User/.codex/worktrees/hadayah-wave4v2-integration/Streamer_app/project/lib/features/map/presentation/widgets/top_spatial_search_bar.dart:241:24

When the exception was thrown, this was the stack:
#2      RenderBox.size (package:flutter/src/rendering/box.dart:2251:12)
#3      RenderProxyBoxMixin.performLayout (package:flutter/src/rendering/proxy_box.dart:118:62)
#4      RenderObject.layout (package:flutter/src/rendering/object.dart:2768:7)
#5      RenderProxyBoxMixin.performLayout (package:flutter/src/rendering/proxy_box.dart:118:18)
#6      RenderObject.layout (package:flutter/src/rendering/object.dart:2768:7)
#7      RenderProxyBoxMixin.performLayout (package:flutter/src/rendering/proxy_box.dart:118:18)
#8      RenderObject.layout (package:flutter/src/rendering/object.dart:2768:7)
#9      RenderProxyBoxMixin.performLayout (package:flutter/src/rendering/proxy_box.dart:118:18)
#10     RenderObject.layout (package:flutter/src/rendering/object.dart:2768:7)
#11     RenderSliverList.performLayout (package:flutter/src/rendering/sliver_list.dart:209:28)
#12     RenderObject.layout (package:flutter/src/rendering/object.dart:2768:7)
#13     RenderSliverEdgeInsetsPadding.performLayout (package:flutter/src/rendering/sliver_padding.dart:133:12)
#14     RenderSliverPadding.performLayout (package:flutter/src/rendering/sliver_padding.dart:368:11)
#15     RenderObject.layout (package:flutter/src/rendering/object.dart:2768:7)
#16     RenderViewportBase.layoutChildSequence (package:flutter/src/rendering/viewport.dart:673:13)
#17     RenderShrinkWrappingViewport._attemptLayout (package:flutter/src/rendering/viewport.dart:2010:12)
#18     RenderShrinkWrappingViewport.performLayout (package:flutter/src/rendering/viewport.dart:1964:20)
#19     RenderObject.layout (package:flutter/src/rendering/object.dart:2768:7)
#20     RenderProxyBoxMixin.performLayout (package:flutter/src/rendering/proxy_box.dart:118:18)
#21     RenderObject.layout (package:flutter/src/rendering/object.dart:2768:7)
#22     RenderProxyBoxMixin.performLayout (package:flutter/src/rendering/proxy_box.dart:118:18)
#23     RenderObject.layout (package:flutter/src/rendering/object.dart:2768:7)
#24     RenderProxyBoxMixin.performLayout (package:flutter/src/rendering/proxy_box.dart:118:18)
#25     RenderObject.layout (package:flutter/src/rendering/object.dart:2768:7)
#26     RenderProxyBoxMixin.performLayout (package:flutter/src/rendering/proxy_box.dart:118:18)
#27     RenderObject.layout (package:flutter/src/rendering/object.dart:2768:7)
#28     RenderProxyBoxMixin.performLayout (package:flutter/src/rendering/proxy_box.dart:118:18)
#29     RenderObject.layout (package:flutter/src/rendering/object.dart:2768:7)
#30     RenderProxyBoxMixin.performLayout (package:flutter/src/rendering/proxy_box.dart:118:18)
#31     RenderObject.layout (package:flutter/src/rendering/object.dart:2768:7)
#32     RenderProxyBoxMixin.performLayout (package:flutter/src/rendering/proxy_box.dart:118:18)
#33     RenderObject.layout (package:flutter/src/rendering/object.dart:2768:7)
#34     RenderProxyBoxMixin.performLayout (package:flutter/src/rendering/proxy_box.dart:118:18)
#35     _RenderCustomClip.performLayout (package:flutter/src/rendering/proxy_box.dart:1549:11)
#36     RenderObject.layout (package:flutter/src/rendering/object.dart:2768:7)
#37     RenderPadding.performLayout (package:flutter/src/rendering/shifted_box.dart:262:12)
#38     RenderObject.layout (package:flutter/src/rendering/object.dart:2768:7)
#39     RenderProxyBoxMixin.performLayout (package:flutter/src/rendering/proxy_box.dart:118:18)
#40     RenderObject.layout (package:flutter/src/rendering/object.dart:2768:7)
#41     RenderConstrainedBox.performLayout (package:flutter/src/rendering/proxy_box.dart:296:14)
#42     RenderObject.layout (package:flutter/src/rendering/object.dart:2768:7)
#43     RenderPadding.performLayout (package:flutter/src/rendering/shifted_box.dart:262:12)
#44     RenderObject.layout (package:flutter/src/rendering/object.dart:2768:7)
#45     ChildLayoutHelper.layoutChild (package:flutter/src/rendering/layout_helper.dart:62:11)
#46     RenderFlex._computeSizes (package:flutter/src/rendering/flex.dart:1237:28)
#47     RenderFlex.performLayout (package:flutter/src/rendering/flex.dart:1329:32)
#48     RenderObject.layout (package:flutter/src/rendering/object.dart:2768:7)
#49     ChildLayoutHelper.layoutChild (package:flutter/src/rendering/layout_helper.dart:62:11)
#50     RenderFlex._computeSizes (package:flutter/src/rendering/flex.dart:1275:26)
#51     RenderFlex.performLayout (package:flutter/src/rendering/flex.dart:1329:32)
#52     RenderObject.layout (package:flutter/src/rendering/object.dart:2768:7)
#53     ChildLayoutHelper.layoutChild (package:flutter/src/rendering/layout_helper.dart:62:11)
#54     RenderFlex._computeSizes (package:flutter/src/rendering/flex.dart:1237:28)
#55     RenderFlex.performLayout (package:flutter/src/rendering/flex.dart:1329:32)
#56     RenderObject.layout (package:flutter/src/rendering/object.dart:2768:7)
#57     RenderPadding.performLayout (package:flutter/src/rendering/shifted_box.dart:262:12)
#58     RenderObject.layout (package:flutter/src/rendering/object.dart:2768:7)
#59     RenderPadding.performLayout (package:flutter/src/rendering/shifted_box.dart:262:12)
#60     RenderObject.layout (package:flutter/src/rendering/object.dart:2768:7)
#61     RenderStack.layoutPositionedChild (package:flutter/src/rendering/stack.dart:549:11)
#62     RenderStack.performLayout (package:flutter/src/rendering/stack.dart:691:13)
#63     RenderObject.layout (package:flutter/src/rendering/object.dart:2768:7)
#64     _RenderLayoutBuilder.performLayout (package:flutter/src/widgets/layout_builder.dart:449:14)
#65     RenderObject.layout (package:flutter/src/rendering/object.dart:2768:7)
#66     ChildLayoutHelper.layoutChild (package:flutter/src/rendering/layout_helper.dart:62:11)
#67     RenderFlex._computeSizes (package:flutter/src/rendering/flex.dart:1275:26)
#68     RenderFlex.performLayout (package:flutter/src/rendering/flex.dart:1329:32)
#69     RenderObject.layout (package:flutter/src/rendering/object.dart:2768:7)
#70     MultiChildLayoutDelegate.layoutChild (package:flutter/src/rendering/custom_layout.dart:180:12)
#71     _ScaffoldLayout.performLayout (package:flutter/src/material/scaffold.dart:1111:7)
#72     MultiChildLayoutDelegate._callPerformLayout (package:flutter/src/rendering/custom_layout.dart:246:7)
#73     RenderCustomMultiChildLayoutBox.performLayout (package:flutter/src/rendering/custom_layout.dart:417:14)
#74     RenderObject._layoutWithoutResize (package:flutter/src/rendering/object.dart:2616:7)
#75     PipelineOwner.flushLayout (package:flutter/src/rendering/object.dart:1174:18)
#76     PipelineOwner.flushLayout (package:flutter/src/rendering/object.dart:1187:15)
#77     AutomatedTestWidgetsFlutterBinding.drawFrame (package:flutter_test/src/binding.dart:2133:27)
#78     RendererBinding._handlePersistentFrameCallback (package:flutter/src/rendering/binding.dart:495:5)
#79     SchedulerBinding._invokeFrameCallback (package:flutter/src/scheduler/binding.dart:1430:15)
#80     SchedulerBinding.handleDrawFrame (package:flutter/src/scheduler/binding.dart:1345:9)
#81     AutomatedTestWidgetsFlutterBinding.pump.<anonymous closure> (package:flutter_test/src/binding.dart:1960:9)
#84     TestAsyncUtils.guard (package:flutter_test/src/test_async_utils.dart:74:41)
#85     AutomatedTestWidgetsFlutterBinding.pump (package:flutter_test/src/binding.dart:1949:27)
#86     WidgetTester.pump.<anonymous closure> (package:flutter_test/src/widget_tester.dart:652:53)
#89     TestAsyncUtils.guard (package:flutter_test/src/test_async_utils.dart:74:41)
#90     WidgetTester.pump (package:flutter_test/src/widget_tester.dart:652:27)
#91     main.<anonymous closure> (file:///C:/Users/User/.codex/worktrees/hadayah-wave4v2-integration/Streamer_app/project/test/map_tricity_widgets_test.dart:156:26)
<asynchronous suspension>
#92     testWidgets.<anonymous closure>.<anonymous closure> (package:flutter_test/src/widget_tester.dart:192:15)
<asynchronous suspension>
#93     TestWidgetsFlutterBinding._runTestBody (package:flutter_test/src/binding.dart:1682:5)
<asynchronous suspension>
<asynchronous suspension>
(elided 7 frames from class _AssertionError, dart:async, and package:stack_trace)

The following RenderObject was being processed when the exception was fired: RenderMouseRegion#9c189 relayoutBoundary=up27 NEEDS-LAYOUT NEEDS-PAINT NEEDS-COMPOSITING-BITS-UPDATE:
  creator: MouseRegion ← Semantics ← _FocusInheritedScope ← Focus ← _ActionsScope ← Actions ←
    _ParentInkResponseProvider ← _InkResponseStateWidget ← InkWell ← ListTile ← RepaintBoundary ←
    IndexedSemantics ← ⋯
  parentData: <none> (can use size)
  constraints: BoxConstraints(w=118.0, 0.0<=h<=Infinity)
  size: MISSING
  behavior: opaque
  listeners: enter, exit
  cursor: SystemMouseCursor(click)
This RenderObject had the following descendants (showing up to depth 5):
    child: RenderSemanticsAnnotations#990a8 relayoutBoundary=up28 NEEDS-PAINT NEEDS-COMPOSITING-BITS-UPDATE
      child: RenderPointerListener#302ee relayoutBoundary=up29 NEEDS-PAINT NEEDS-COMPOSITING-BITS-UPDATE
        child: RenderSemanticsAnnotations#4d60a relayoutBoundary=up30 NEEDS-PAINT NEEDS-COMPOSITING-BITS-UPDATE
          child: RenderPadding#36a39 relayoutBoundary=up31 NEEDS-PAINT NEEDS-COMPOSITING-BITS-UPDATE
            child: RenderPadding#e11c2 relayoutBoundary=up32 NEEDS-PAINT NEEDS-COMPOSITING-BITS-UPDATE
════════════════════════════════════════════════════════════════════════════════════════════════════
══╡ EXCEPTION CAUGHT BY RENDERING LIBRARY ╞═════════════════════════════════════════════════════════
The following assertion was thrown during performLayout():
RenderBox was not laid out: RenderMouseRegion#9c189 relayoutBoundary=up27 NEEDS-PAINT
NEEDS-COMPOSITING-BITS-UPDATE
'package:flutter/src/rendering/box.dart':
Failed assertion: line 2251 pos 12: 'hasSize'

Either the assertion indicates an error in the framework itself, or we should provide substantially
more information in this error message to help you determine and fix the underlying cause.
In either case, please report this assertion by filing a bug on GitHub:
  https://github.com/flutter/flutter/issues/new?template=02_bug.yml

The relevant error-causing widget was:
  ListTile
  ListTile:file:///C:/Users/User/.codex/worktrees/hadayah-wave4v2-integration/Streamer_app/project/lib/features/map/presentation/widgets/top_spatial_search_bar.dart:241:24

When the exception was thrown, this was the stack:
#2      RenderBox.size (package:flutter/src/rendering/box.dart:2251:12)
#3      RenderProxyBoxMixin.performLayout (package:flutter/src/rendering/proxy_box.dart:118:62)
#4      RenderObject.layout (package:flutter/src/rendering/object.dart:2768:7)
#5      RenderProxyBoxMixin.performLayout (package:flutter/src/rendering/proxy_box.dart:118:18)
#6      RenderObject.layout (package:flutter/src/rendering/object.dart:2768:7)
#7      RenderProxyBoxMixin.performLayout (package:flutter/src/rendering/proxy_box.dart:118:18)
#8      RenderObject.layout (package:flutter/src/rendering/object.dart:2768:7)
#9      RenderSliverList.performLayout (package:flutter/src/rendering/sliver_list.dart:209:28)
#10     RenderObject.layout (package:flutter/src/rendering/object.dart:2768:7)
#11     RenderSliverEdgeInsetsPadding.performLayout (package:flutter/src/rendering/sliver_padding.dart:133:12)
#12     RenderSliverPadding.performLayout (package:flutter/src/rendering/sliver_padding.dart:368:11)
#13     RenderObject.layout (package:flutter/src/rendering/object.dart:2768:7)
#14     RenderViewportBase.layoutChildSequence (package:flutter/src/rendering/viewport.dart:673:13)
#15     RenderShrinkWrappingViewport._attemptLayout (package:flutter/src/rendering/viewport.dart:2010:12)
#16     RenderShrinkWrappingViewport.performLayout (package:flutter/src/rendering/viewport.dart:1964:20)
#17     RenderObject.layout (package:flutter/src/rendering/object.dart:2768:7)
#18     RenderProxyBoxMixin.performLayout (package:flutter/src/rendering/proxy_box.dart:118:18)
#19     RenderObject.layout (package:flutter/src/rendering/object.dart:2768:7)
#20     RenderProxyBoxMixin.performLayout (package:flutter/src/rendering/proxy_box.dart:118:18)
#21     RenderObject.layout (package:flutter/src/rendering/object.dart:2768:7)
#22     RenderProxyBoxMixin.performLayout (package:flutter/src/rendering/proxy_box.dart:118:18)
#23     RenderObject.layout (package:flutter/src/rendering/object.dart:2768:7)
#24     RenderProxyBoxMixin.performLayout (package:flutter/src/rendering/proxy_box.dart:118:18)
#25     RenderObject.layout (package:flutter/src/rendering/object.dart:2768:7)
#26     RenderProxyBoxMixin.performLayout (package:flutter/src/rendering/proxy_box.dart:118:18)
#27     RenderObject.layout (package:flutter/src/rendering/object.dart:2768:7)
#28     RenderProxyBoxMixin.performLayout (package:flutter/src/rendering/proxy_box.dart:118:18)
#29     RenderObject.layout (package:flutter/src/rendering/object.dart:2768:7)
#30     RenderProxyBoxMixin.performLayout (package:flutter/src/rendering/proxy_box.dart:118:18)
#31     RenderObject.layout (package:flutter/src/rendering/object.dart:2768:7)
#32     RenderProxyBoxMixin.performLayout (package:flutter/src/rendering/proxy_box.dart:118:18)
#33     _RenderCustomClip.performLayout (package:flutter/src/rendering/proxy_box.dart:1549:11)
#34     RenderObject.layout (package:flutter/src/rendering/object.dart:2768:7)
#35     RenderPadding.performLayout (package:flutter/src/rendering/shifted_box.dart:262:12)
#36     RenderObject.layout (package:flutter/src/rendering/object.dart:2768:7)
#37     RenderProxyBoxMixin.performLayout (package:flutter/src/rendering/proxy_box.dart:118:18)
#38     RenderObject.layout (package:flutter/src/rendering/object.dart:2768:7)
#39     RenderConstrainedBox.performLayout (package:flutter/src/rendering/proxy_box.dart:296:14)
#40     RenderObject.layout (package:flutter/src/rendering/object.dart:2768:7)
#41     RenderPadding.performLayout (package:flutter/src/rendering/shifted_box.dart:262:12)
#42     RenderObject.layout (package:flutter/src/rendering/object.dart:2768:7)
#43     ChildLayoutHelper.layoutChild (package:flutter/src/rendering/layout_helper.dart:62:11)
#44     RenderFlex._computeSizes (package:flutter/src/rendering/flex.dart:1237:28)
#45     RenderFlex.performLayout (package:flutter/src/rendering/flex.dart:1329:32)
#46     RenderObject.layout (package:flutter/src/rendering/object.dart:2768:7)
#47     ChildLayoutHelper.layoutChild (package:flutter/src/rendering/layout_helper.dart:62:11)
#48     RenderFlex._computeSizes (package:flutter/src/rendering/flex.dart:1275:26)
#49     RenderFlex.performLayout (package:flutter/src/rendering/flex.dart:1329:32)
#50     RenderObject.layout (package:flutter/src/rendering/object.dart:2768:7)
#51     ChildLayoutHelper.layoutChild (package:flutter/src/rendering/layout_helper.dart:62:11)
#52     RenderFlex._computeSizes (package:flutter/src/rendering/flex.dart:1237:28)
#53     RenderFlex.performLayout (package:flutter/src/rendering/flex.dart:1329:32)
#54     RenderObject.layout (package:flutter/src/rendering/object.dart:2768:7)
#55     RenderPadding.performLayout (package:flutter/src/rendering/shifted_box.dart:262:12)
#56     RenderObject.layout (package:flutter/src/rendering/object.dart:2768:7)
#57     RenderPadding.performLayout (package:flutter/src/rendering/shifted_box.dart:262:12)
#58     RenderObject.layout (package:flutter/src/rendering/object.dart:2768:7)
#59     RenderStack.layoutPositionedChild (package:flutter/src/rendering/stack.dart:549:11)
#60     RenderStack.performLayout (package:flutter/src/rendering/stack.dart:691:13)
#61     RenderObject.layout (package:flutter/src/rendering/object.dart:2768:7)
#62     _RenderLayoutBuilder.performLayout (package:flutter/src/widgets/layout_builder.dart:449:14)
#63     RenderObject.layout (package:flutter/src/rendering/object.dart:2768:7)
#64     ChildLayoutHelper.layoutChild (package:flutter/src/rendering/layout_helper.dart:62:11)
#65     RenderFlex._computeSizes (package:flutter/src/rendering/flex.dart:1275:26)
#66     RenderFlex.performLayout (package:flutter/src/rendering/flex.dart:1329:32)
#67     RenderObject.layout (package:flutter/src/rendering/object.dart:2768:7)
#68     MultiChildLayoutDelegate.layoutChild (package:flutter/src/rendering/custom_layout.dart:180:12)
#69     _ScaffoldLayout.performLayout (package:flutter/src/material/scaffold.dart:1111:7)
#70     MultiChildLayoutDelegate._callPerformLayout (package:flutter/src/rendering/custom_layout.dart:246:7)
#71     RenderCustomMultiChildLayoutBox.performLayout (package:flutter/src/rendering/custom_layout.dart:417:14)
#72     RenderObject._layoutWithoutResize (package:flutter/src/rendering/object.dart:2616:7)
#73     PipelineOwner.flushLayout (package:flutter/src/rendering/object.dart:1174:18)
#74     PipelineOwner.flushLayout (package:flutter/src/rendering/object.dart:1187:15)
#75     AutomatedTestWidgetsFlutterBinding.drawFrame (package:flutter_test/src/binding.dart:2133:27)
#76     RendererBinding._handlePersistentFrameCallback (package:flutter/src/rendering/binding.dart:495:5)
#77     SchedulerBinding._invokeFrameCallback (package:flutter/src/scheduler/binding.dart:1430:15)
#78     SchedulerBinding.handleDrawFrame (package:flutter/src/scheduler/binding.dart:1345:9)
#79     AutomatedTestWidgetsFlutterBinding.pump.<anonymous closure> (package:flutter_test/src/binding.dart:1960:9)
#82     TestAsyncUtils.guard (package:flutter_test/src/test_async_utils.dart:74:41)
#83     AutomatedTestWidgetsFlutterBinding.pump (package:flutter_test/src/binding.dart:1949:27)
#84     WidgetTester.pump.<anonymous closure> (package:flutter_test/src/widget_tester.dart:652:53)
#87     TestAsyncUtils.guard (package:flutter_test/src/test_async_utils.dart:74:41)
#88     WidgetTester.pump (package:flutter_test/src/widget_tester.dart:652:27)
#89     main.<anonymous closure> (file:///C:/Users/User/.codex/worktrees/hadayah-wave4v2-integration/Streamer_app/project/test/map_tricity_widgets_test.dart:156:26)
<asynchronous suspension>
#90     testWidgets.<anonymous closure>.<anonymous closure> (package:flutter_test/src/widget_tester.dart:192:15)
<asynchronous suspension>
#91     TestWidgetsFlutterBinding._runTestBody (package:flutter_test/src/binding.dart:1682:5)
<asynchronous suspension>
<asynchronous suspension>
(elided 7 frames from class _AssertionError, dart:async, and package:stack_trace)

The following RenderObject was being processed when the exception was fired: RenderSemanticsAnnotations#16eac relayoutBoundary=up26 NEEDS-LAYOUT NEEDS-PAINT NEEDS-COMPOSITING-BITS-UPDATE:
  creator: Semantics ← _FocusInheritedScope ← Focus ← _ActionsScope ← Actions ←
    _ParentInkResponseProvider ← _InkResponseStateWidget ← InkWell ← ListTile ← RepaintBoundary ←
    IndexedSemantics ← _SelectionKeepAlive ← ⋯
  parentData: <none> (can use size)
  constraints: BoxConstraints(w=118.0, 0.0<=h<=Infinity)
  size: MISSING
This RenderObject had the following descendants (showing up to depth 5):
    child: RenderMouseRegion#9c189 relayoutBoundary=up27 NEEDS-PAINT NEEDS-COMPOSITING-BITS-UPDATE
      child: RenderSemanticsAnnotations#990a8 relayoutBoundary=up28 NEEDS-PAINT NEEDS-COMPOSITING-BITS-UPDATE
        child: RenderPointerListener#302ee relayoutBoundary=up29 NEEDS-PAINT NEEDS-COMPOSITING-BITS-UPDATE
          child: RenderSemanticsAnnotations#4d60a relayoutBoundary=up30 NEEDS-PAINT NEEDS-COMPOSITING-BITS-UPDATE
            child: RenderPadding#36a39 relayoutBoundary=up31 NEEDS-PAINT NEEDS-COMPOSITING-BITS-UPDATE
════════════════════════════════════════════════════════════════════════════════════════════════════
══╡ EXCEPTION CAUGHT BY RENDERING LIBRARY ╞═════════════════════════════════════════════════════════
The following assertion was thrown during performLayout():
RenderBox was not laid out: RenderSemanticsAnnotations#16eac relayoutBoundary=up26 NEEDS-PAINT
NEEDS-COMPOSITING-BITS-UPDATE
'package:flutter/src/rendering/box.dart':
Failed assertion: line 2251 pos 12: 'hasSize'

Either the assertion indicates an error in the framework itself, or we should provide substantially
more information in this error message to help you determine and fix the underlying cause.
In either case, please report this assertion by filing a bug on GitHub:
  https://github.com/flutter/flutter/issues/new?template=02_bug.yml

The relevant error-causing widget was:
  ListView
  ListView:file:///C:/Users/User/.codex/worktrees/hadayah-wave4v2-integration/Streamer_app/project/lib/features/map/presentation/widgets/top_spatial_search_bar.dart:225:29

When the exception was thrown, this was the stack:
#2      RenderBox.size (package:flutter/src/rendering/box.dart:2251:12)
#3      RenderProxyBoxMixin.performLayout (package:flutter/src/rendering/proxy_box.dart:118:62)
#4      RenderObject.layout (package:flutter/src/rendering/object.dart:2768:7)
#5      RenderProxyBoxMixin.performLayout (package:flutter/src/rendering/proxy_box.dart:118:18)
#6      RenderObject.layout (package:flutter/src/rendering/object.dart:2768:7)
#7      RenderSliverList.performLayout (package:flutter/src/rendering/sliver_list.dart:209:28)
#8      RenderObject.layout (package:flutter/src/rendering/object.dart:2768:7)
#9      RenderSliverEdgeInsetsPadding.performLayout (package:flutter/src/rendering/sliver_padding.dart:133:12)
#10     RenderSliverPadding.performLayout (package:flutter/src/rendering/sliver_padding.dart:368:11)
#11     RenderObject.layout (package:flutter/src/rendering/object.dart:2768:7)
#12     RenderViewportBase.layoutChildSequence (package:flutter/src/rendering/viewport.dart:673:13)
#13     RenderShrinkWrappingViewport._attemptLayout (package:flutter/src/rendering/viewport.dart:2010:12)
#14     RenderShrinkWrappingViewport.performLayout (package:flutter/src/rendering/viewport.dart:1964:20)
#15     RenderObject.layout (package:flutter/src/rendering/object.dart:2768:7)
#16     RenderProxyBoxMixin.performLayout (package:flutter/src/rendering/proxy_box.dart:118:18)
#17     RenderObject.layout (package:flutter/src/rendering/object.dart:2768:7)
#18     RenderProxyBoxMixin.performLayout (package:flutter/src/rendering/proxy_box.dart:118:18)
#19     RenderObject.layout (package:flutter/src/rendering/object.dart:2768:7)
#20     RenderProxyBoxMixin.performLayout (package:flutter/src/rendering/proxy_box.dart:118:18)
#21     RenderObject.layout (package:flutter/src/rendering/object.dart:2768:7)
#22     RenderProxyBoxMixin.performLayout (package:flutter/src/rendering/proxy_box.dart:118:18)
#23     RenderObject.layout (package:flutter/src/rendering/object.dart:2768:7)
#24     RenderProxyBoxMixin.performLayout (package:flutter/src/rendering/proxy_box.dart:118:18)
#25     RenderObject.layout (package:flutter/src/rendering/object.dart:2768:7)
#26     RenderProxyBoxMixin.performLayout (package:flutter/src/rendering/proxy_box.dart:118:18)
#27     RenderObject.layout (package:flutter/src/rendering/object.dart:2768:7)
#28     RenderProxyBoxMixin.performLayout (package:flutter/src/rendering/proxy_box.dart:118:18)
#29     RenderObject.layout (package:flutter/src/rendering/object.dart:2768:7)
#30     RenderProxyBoxMixin.performLayout (package:flutter/src/rendering/proxy_box.dart:118:18)
#31     _RenderCustomClip.performLayout (package:flutter/src/rendering/proxy_box.dart:1549:11)
#32     RenderObject.layout (package:flutter/src/rendering/object.dart:2768:7)
#33     RenderPadding.performLayout (package:flutter/src/rendering/shifted_box.dart:262:12)
#34     RenderObject.layout (package:flutter/src/rendering/object.dart:2768:7)
#35     RenderProxyBoxMixin.performLayout (package:flutter/src/rendering/proxy_box.dart:118:18)
#36     RenderObject.layout (package:flutter/src/rendering/object.dart:2768:7)
#37     RenderConstrainedBox.performLayout (package:flutter/src/rendering/proxy_box.dart:296:14)
#38     RenderObject.layout (package:flutter/src/rendering/object.dart:2768:7)
#39     RenderPadding.performLayout (package:flutter/src/rendering/shifted_box.dart:262:12)
#40     RenderObject.layout (package:flutter/src/rendering/object.dart:2768:7)
#41     ChildLayoutHelper.layoutChild (package:flutter/src/rendering/layout_helper.dart:62:11)
#42     RenderFlex._computeSizes (package:flutter/src/rendering/flex.dart:1237:28)
#43     RenderFlex.performLayout (package:flutter/src/rendering/flex.dart:1329:32)
#44     RenderObject.layout (package:flutter/src/rendering/object.dart:2768:7)
#45     ChildLayoutHelper.layoutChild (package:flutter/src/rendering/layout_helper.dart:62:11)
#46     RenderFlex._computeSizes (package:flutter/src/rendering/flex.dart:1275:26)
#47     RenderFlex.performLayout (package:flutter/src/rendering/flex.dart:1329:32)
#48     RenderObject.layout (package:flutter/src/rendering/object.dart:2768:7)
#49     ChildLayoutHelper.layoutChild (package:flutter/src/rendering/layout_helper.dart:62:11)
#50     RenderFlex._computeSizes (package:flutter/src/rendering/flex.dart:1237:28)
#51     RenderFlex.performLayout (package:flutter/src/rendering/flex.dart:1329:32)
#52     RenderObject.layout (package:flutter/src/rendering/object.dart:2768:7)
#53     RenderPadding.performLayout (package:flutter/src/rendering/shifted_box.dart:262:12)
#54     RenderObject.layout (package:flutter/src/rendering/object.dart:2768:7)
#55     RenderPadding.performLayout (package:flutter/src/rendering/shifted_box.dart:262:12)
#56     RenderObject.layout (package:flutter/src/rendering/object.dart:2768:7)
#57     RenderStack.layoutPositionedChild (package:flutter/src/rendering/stack.dart:549:11)
#58     RenderStack.performLayout (package:flutter/src/rendering/stack.dart:691:13)
#59     RenderObject.layout (package:flutter/src/rendering/object.dart:2768:7)
#60     _RenderLayoutBuilder.performLayout (package:flutter/src/widgets/layout_builder.dart:449:14)
#61     RenderObject.layout (package:flutter/src/rendering/object.dart:2768:7)
#62     ChildLayoutHelper.layoutChild (package:flutter/src/rendering/layout_helper.dart:62:11)
#63     RenderFlex._computeSizes (package:flutter/src/rendering/flex.dart:1275:26)
#64     RenderFlex.performLayout (package:flutter/src/rendering/flex.dart:1329:32)
#65     RenderObject.layout (package:flutter/src/rendering/object.dart:2768:7)
#66     MultiChildLayoutDelegate.layoutChild (package:flutter/src/rendering/custom_layout.dart:180:12)
#67     _ScaffoldLayout.performLayout (package:flutter/src/material/scaffold.dart:1111:7)
#68     MultiChildLayoutDelegate._callPerformLayout (package:flutter/src/rendering/custom_layout.dart:246:7)
#69     RenderCustomMultiChildLayoutBox.performLayout (package:flutter/src/rendering/custom_layout.dart:417:14)
#70     RenderObject._layoutWithoutResize (package:flutter/src/rendering/object.dart:2616:7)
#71     PipelineOwner.flushLayout (package:flutter/src/rendering/object.dart:1174:18)
#72     PipelineOwner.flushLayout (package:flutter/src/rendering/object.dart:1187:15)
#73     AutomatedTestWidgetsFlutterBinding.drawFrame (package:flutter_test/src/binding.dart:2133:27)
#74     RendererBinding._handlePersistentFrameCallback (package:flutter/src/rendering/binding.dart:495:5)
#75     SchedulerBinding._invokeFrameCallback (package:flutter/src/scheduler/binding.dart:1430:15)
#76     SchedulerBinding.handleDrawFrame (package:flutter/src/scheduler/binding.dart:1345:9)
#77     AutomatedTestWidgetsFlutterBinding.pump.<anonymous closure> (package:flutter_test/src/binding.dart:1960:9)
#80     TestAsyncUtils.guard (package:flutter_test/src/test_async_utils.dart:74:41)
#81     AutomatedTestWidgetsFlutterBinding.pump (package:flutter_test/src/binding.dart:1949:27)
#82     WidgetTester.pump.<anonymous closure> (package:flutter_test/src/widget_tester.dart:652:53)
#85     TestAsyncUtils.guard (package:flutter_test/src/test_async_utils.dart:74:41)
#86     WidgetTester.pump (package:flutter_test/src/widget_tester.dart:652:27)
#87     main.<anonymous closure> (file:///C:/Users/User/.codex/worktrees/hadayah-wave4v2-integration/Streamer_app/project/test/map_tricity_widgets_test.dart:156:26)
<asynchronous suspension>
#88     testWidgets.<anonymous closure>.<anonymous closure> (package:flutter_test/src/widget_tester.dart:192:15)
<asynchronous suspension>
#89     TestWidgetsFlutterBinding._runTestBody (package:flutter_test/src/binding.dart:1682:5)
<asynchronous suspension>
<asynchronous suspension>
(elided 7 frames from class _AssertionError, dart:async, and package:stack_trace)

The following RenderObject was being processed when the exception was fired: RenderRepaintBoundary#71998 relayoutBoundary=up25 NEEDS-LAYOUT NEEDS-PAINT NEEDS-COMPOSITING-BITS-UPDATE:
  needs compositing
  creator: RepaintBoundary ← IndexedSemantics ← _SelectionKeepAlive ←
    NotificationListener<KeepAliveNotification> ← KeepAlive ← AutomaticKeepAlive ← KeyedSubtree ←
    SliverList ← MediaQuery ← SliverPadding ← ShrinkWrappingViewport ← IgnorePointer-[GlobalKey#185e2]
    ← ⋯
  parentData: <none> (can use size)
  constraints: BoxConstraints(w=118.0, 0.0<=h<=Infinity)
  size: MISSING
  usefulness ratio: no metrics collected yet (never painted)
This RenderObject had the following descendants (showing up to depth 5):
    child: RenderSemanticsAnnotations#16eac relayoutBoundary=up26 NEEDS-PAINT NEEDS-COMPOSITING-BITS-UPDATE
      child: RenderMouseRegion#9c189 relayoutBoundary=up27 NEEDS-PAINT NEEDS-COMPOSITING-BITS-UPDATE
        child: RenderSemanticsAnnotations#990a8 relayoutBoundary=up28 NEEDS-PAINT NEEDS-COMPOSITING-BITS-UPDATE
          child: RenderPointerListener#302ee relayoutBoundary=up29 NEEDS-PAINT NEEDS-COMPOSITING-BITS-UPDATE
            child: RenderSemanticsAnnotations#4d60a relayoutBoundary=up30 NEEDS-PAINT NEEDS-COMPOSITING-BITS-UPDATE
════════════════════════════════════════════════════════════════════════════════════════════════════
══╡ EXCEPTION CAUGHT BY RENDERING LIBRARY ╞═════════════════════════════════════════════════════════
The following assertion was thrown during performLayout():
RenderBox was not laid out: RenderRepaintBoundary#71998 relayoutBoundary=up25 NEEDS-PAINT
NEEDS-COMPOSITING-BITS-UPDATE
'package:flutter/src/rendering/box.dart':
Failed assertion: line 2251 pos 12: 'hasSize'

Either the assertion indicates an error in the framework itself, or we should provide substantially
more information in this error message to help you determine and fix the underlying cause.
In either case, please report this assertion by filing a bug on GitHub:
  https://github.com/flutter/flutter/issues/new?template=02_bug.yml

The relevant error-causing widget was:
  ListView
  ListView:file:///C:/Users/User/.codex/worktrees/hadayah-wave4v2-integration/Streamer_app/project/lib/features/map/presentation/widgets/top_spatial_search_bar.dart:225:29

When the exception was thrown, this was the stack:
#2      RenderBox.size (package:flutter/src/rendering/box.dart:2251:12)
#3      RenderProxyBoxMixin.performLayout (package:flutter/src/rendering/proxy_box.dart:118:62)
#4      RenderObject.layout (package:flutter/src/rendering/object.dart:2768:7)
#5      RenderSliverList.performLayout (package:flutter/src/rendering/sliver_list.dart:209:28)
#6      RenderObject.layout (package:flutter/src/rendering/object.dart:2768:7)
#7      RenderSliverEdgeInsetsPadding.performLayout (package:flutter/src/rendering/sliver_padding.dart:133:12)
#8      RenderSliverPadding.performLayout (package:flutter/src/rendering/sliver_padding.dart:368:11)
#9      RenderObject.layout (package:flutter/src/rendering/object.dart:2768:7)
#10     RenderViewportBase.layoutChildSequence (package:flutter/src/rendering/viewport.dart:673:13)
#11     RenderShrinkWrappingViewport._attemptLayout (package:flutter/src/rendering/viewport.dart:2010:12)
#12     RenderShrinkWrappingViewport.performLayout (package:flutter/src/rendering/viewport.dart:1964:20)
#13     RenderObject.layout (package:flutter/src/rendering/object.dart:2768:7)
#14     RenderProxyBoxMixin.performLayout (package:flutter/src/rendering/proxy_box.dart:118:18)
#15     RenderObject.layout (package:flutter/src/rendering/object.dart:2768:7)
#16     RenderProxyBoxMixin.performLayout (package:flutter/src/rendering/proxy_box.dart:118:18)
#17     RenderObject.layout (package:flutter/src/rendering/object.dart:2768:7)
#18     RenderProxyBoxMixin.performLayout (package:flutter/src/rendering/proxy_box.dart:118:18)
#19     RenderObject.layout (package:flutter/src/rendering/object.dart:2768:7)
#20     RenderProxyBoxMixin.performLayout (package:flutter/src/rendering/proxy_box.dart:118:18)
#21     RenderObject.layout (package:flutter/src/rendering/object.dart:2768:7)
#22     RenderProxyBoxMixin.performLayout (package:flutter/src/rendering/proxy_box.dart:118:18)
#23     RenderObject.layout (package:flutter/src/rendering/object.dart:2768:7)
#24     RenderProxyBoxMixin.performLayout (package:flutter/src/rendering/proxy_box.dart:118:18)
#25     RenderObject.layout (package:flutter/src/rendering/object.dart:2768:7)
#26     RenderProxyBoxMixin.performLayout (package:flutter/src/rendering/proxy_box.dart:118:18)
#27     RenderObject.layout (package:flutter/src/rendering/object.dart:2768:7)
#28     RenderProxyBoxMixin.performLayout (package:flutter/src/rendering/proxy_box.dart:118:18)
#29     _RenderCustomClip.performLayout (package:flutter/src/rendering/proxy_box.dart:1549:11)
#30     RenderObject.layout (package:flutter/src/rendering/object.dart:2768:7)
#31     RenderPadding.performLayout (package:flutter/src/rendering/shifted_box.dart:262:12)
#32     RenderObject.layout (package:flutter/src/rendering/object.dart:2768:7)
#33     RenderProxyBoxMixin.performLayout (package:flutter/src/rendering/proxy_box.dart:118:18)
#34     RenderObject.layout (package:flutter/src/rendering/object.dart:2768:7)
#35     RenderConstrainedBox.performLayout (package:flutter/src/rendering/proxy_box.dart:296:14)
#36     RenderObject.layout (package:flutter/src/rendering/object.dart:2768:7)
#37     RenderPadding.performLayout (package:flutter/src/rendering/shifted_box.dart:262:12)
#38     RenderObject.layout (package:flutter/src/rendering/object.dart:2768:7)
#39     ChildLayoutHelper.layoutChild (package:flutter/src/rendering/layout_helper.dart:62:11)
#40     RenderFlex._computeSizes (package:flutter/src/rendering/flex.dart:1237:28)
#41     RenderFlex.performLayout (package:flutter/src/rendering/flex.dart:1329:32)
#42     RenderObject.layout (package:flutter/src/rendering/object.dart:2768:7)
#43     ChildLayoutHelper.layoutChild (package:flutter/src/rendering/layout_helper.dart:62:11)
#44     RenderFlex._computeSizes (package:flutter/src/rendering/flex.dart:1275:26)
#45     RenderFlex.performLayout (package:flutter/src/rendering/flex.dart:1329:32)
#46     RenderObject.layout (package:flutter/src/rendering/object.dart:2768:7)
#47     ChildLayoutHelper.layoutChild (package:flutter/src/rendering/layout_helper.dart:62:11)
#48     RenderFlex._computeSizes (package:flutter/src/rendering/flex.dart:1237:28)
#49     RenderFlex.performLayout (package:flutter/src/rendering/flex.dart:1329:32)
#50     RenderObject.layout (package:flutter/src/rendering/object.dart:2768:7)
#51     RenderPadding.performLayout (package:flutter/src/rendering/shifted_box.dart:262:12)
#52     RenderObject.layout (package:flutter/src/rendering/object.dart:2768:7)
#53     RenderPadding.performLayout (package:flutter/src/rendering/shifted_box.dart:262:12)
#54     RenderObject.layout (package:flutter/src/rendering/object.dart:2768:7)
#55     RenderStack.layoutPositionedChild (package:flutter/src/rendering/stack.dart:549:11)
#56     RenderStack.performLayout (package:flutter/src/rendering/stack.dart:691:13)
#57     RenderObject.layout (package:flutter/src/rendering/object.dart:2768:7)
#58     _RenderLayoutBuilder.performLayout (package:flutter/src/widgets/layout_builder.dart:449:14)
#59     RenderObject.layout (package:flutter/src/rendering/object.dart:2768:7)
#60     ChildLayoutHelper.layoutChild (package:flutter/src/rendering/layout_helper.dart:62:11)
#61     RenderFlex._computeSizes (package:flutter/src/rendering/flex.dart:1275:26)
#62     RenderFlex.performLayout (package:flutter/src/rendering/flex.dart:1329:32)
#63     RenderObject.layout (package:flutter/src/rendering/object.dart:2768:7)
#64     MultiChildLayoutDelegate.layoutChild (package:flutter/src/rendering/custom_layout.dart:180:12)
#65     _ScaffoldLayout.performLayout (package:flutter/src/material/scaffold.dart:1111:7)
#66     MultiChildLayoutDelegate._callPerformLayout (package:flutter/src/rendering/custom_layout.dart:246:7)
#67     RenderCustomMultiChildLayoutBox.performLayout (package:flutter/src/rendering/custom_layout.dart:417:14)
#68     RenderObject._layoutWithoutResize (package:flutter/src/rendering/object.dart:2616:7)
#69     PipelineOwner.flushLayout (package:flutter/src/rendering/object.dart:1174:18)
#70     PipelineOwner.flushLayout (package:flutter/src/rendering/object.dart:1187:15)
#71     AutomatedTestWidgetsFlutterBinding.drawFrame (package:flutter_test/src/binding.dart:2133:27)
#72     RendererBinding._handlePersistentFrameCallback (package:flutter/src/rendering/binding.dart:495:5)
#73     SchedulerBinding._invokeFrameCallback (package:flutter/src/scheduler/binding.dart:1430:15)
#74     SchedulerBinding.handleDrawFrame (package:flutter/src/scheduler/binding.dart:1345:9)
#75     AutomatedTestWidgetsFlutterBinding.pump.<anonymous closure> (package:flutter_test/src/binding.dart:1960:9)
#78     TestAsyncUtils.guard (package:flutter_test/src/test_async_utils.dart:74:41)
#79     AutomatedTestWidgetsFlutterBinding.pump (package:flutter_test/src/binding.dart:1949:27)
#80     WidgetTester.pump.<anonymous closure> (package:flutter_test/src/widget_tester.dart:652:53)
#83     TestAsyncUtils.guard (package:flutter_test/src/test_async_utils.dart:74:41)
#84     WidgetTester.pump (package:flutter_test/src/widget_tester.dart:652:27)
#85     main.<anonymous closure> (file:///C:/Users/User/.codex/worktrees/hadayah-wave4v2-integration/Streamer_app/project/test/map_tricity_widgets_test.dart:156:26)
<asynchronous suspension>
#86     testWidgets.<anonymous closure>.<anonymous closure> (package:flutter_test/src/widget_tester.dart:192:15)
<asynchronous suspension>
#87     TestWidgetsFlutterBinding._runTestBody (package:flutter_test/src/binding.dart:1682:5)
<asynchronous suspension>
<asynchronous suspension>
(elided 7 frames from class _AssertionError, dart:async, and package:stack_trace)

The following RenderObject was being processed when the exception was fired: RenderIndexedSemantics#57da1 relayoutBoundary=up24 NEEDS-LAYOUT NEEDS-PAINT NEEDS-COMPOSITING-BITS-UPDATE:
  creator: IndexedSemantics ← _SelectionKeepAlive ← NotificationListener<KeepAliveNotification> ←
    KeepAlive ← AutomaticKeepAlive ← KeyedSubtree ← SliverList ← MediaQuery ← SliverPadding ←
    ShrinkWrappingViewport ← IgnorePointer-[GlobalKey#185e2] ← Semantics ← ⋯
  parentData: index=0; layoutOffset=0.0 (can use size)
  constraints: BoxConstraints(w=118.0, 0.0<=h<=Infinity)
  size: MISSING
  index: 0
This RenderObject had the following descendants (showing up to depth 5):
    child: RenderRepaintBoundary#71998 relayoutBoundary=up25 NEEDS-PAINT NEEDS-COMPOSITING-BITS-UPDATE
      child: RenderSemanticsAnnotations#16eac relayoutBoundary=up26 NEEDS-PAINT NEEDS-COMPOSITING-BITS-UPDATE
        child: RenderMouseRegion#9c189 relayoutBoundary=up27 NEEDS-PAINT NEEDS-COMPOSITING-BITS-UPDATE
          child: RenderSemanticsAnnotations#990a8 relayoutBoundary=up28 NEEDS-PAINT NEEDS-COMPOSITING-BITS-UPDATE
            child: RenderPointerListener#302ee relayoutBoundary=up29 NEEDS-PAINT NEEDS-COMPOSITING-BITS-UPDATE
════════════════════════════════════════════════════════════════════════════════════════════════════
══╡ EXCEPTION CAUGHT BY RENDERING LIBRARY ╞═════════════════════════════════════════════════════════
The following assertion was thrown during performLayout():
'package:flutter/src/rendering/sliver_multi_box_adaptor.dart': Failed assertion: line 629 pos 12:
'child.hasSize': is not true.

Either the assertion indicates an error in the framework itself, or we should provide substantially
more information in this error message to help you determine and fix the underlying cause.
In either case, please report this assertion by filing a bug on GitHub:
  https://github.com/flutter/flutter/issues/new?template=02_bug.yml

The relevant error-causing widget was:
  ListView
  ListView:file:///C:/Users/User/.codex/worktrees/hadayah-wave4v2-integration/Streamer_app/project/lib/features/map/presentation/widgets/top_spatial_search_bar.dart:225:29

When the exception was thrown, this was the stack:
#2      RenderSliverMultiBoxAdaptor.paintExtentOf (package:flutter/src/rendering/sliver_multi_box_adaptor.dart:629:12)
#3      RenderSliverList.performLayout (package:flutter/src/rendering/sliver_list.dart:222:58)
#4      RenderObject.layout (package:flutter/src/rendering/object.dart:2768:7)
#5      RenderSliverEdgeInsetsPadding.performLayout (package:flutter/src/rendering/sliver_padding.dart:133:12)
#6      RenderSliverPadding.performLayout (package:flutter/src/rendering/sliver_padding.dart:368:11)
#7      RenderObject.layout (package:flutter/src/rendering/object.dart:2768:7)
#8      RenderViewportBase.layoutChildSequence (package:flutter/src/rendering/viewport.dart:673:13)
#9      RenderShrinkWrappingViewport._attemptLayout (package:flutter/src/rendering/viewport.dart:2010:12)
#10     RenderShrinkWrappingViewport.performLayout (package:flutter/src/rendering/viewport.dart:1964:20)
#11     RenderObject.layout (package:flutter/src/rendering/object.dart:2768:7)
#12     RenderProxyBoxMixin.performLayout (package:flutter/src/rendering/proxy_box.dart:118:18)
#13     RenderObject.layout (package:flutter/src/rendering/object.dart:2768:7)
#14     RenderProxyBoxMixin.performLayout (package:flutter/src/rendering/proxy_box.dart:118:18)
#15     RenderObject.layout (package:flutter/src/rendering/object.dart:2768:7)
#16     RenderProxyBoxMixin.performLayout (package:flutter/src/rendering/proxy_box.dart:118:18)
#17     RenderObject.layout (package:flutter/src/rendering/object.dart:2768:7)
#18     RenderProxyBoxMixin.performLayout (package:flutter/src/rendering/proxy_box.dart:118:18)
#19     RenderObject.layout (package:flutter/src/rendering/object.dart:2768:7)
#20     RenderProxyBoxMixin.performLayout (package:flutter/src/rendering/proxy_box.dart:118:18)
#21     RenderObject.layout (package:flutter/src/rendering/object.dart:2768:7)
#22     RenderProxyBoxMixin.performLayout (package:flutter/src/rendering/proxy_box.dart:118:18)
#23     RenderObject.layout (package:flutter/src/rendering/object.dart:2768:7)
#24     RenderProxyBoxMixin.performLayout (package:flutter/src/rendering/proxy_box.dart:118:18)
#25     RenderObject.layout (package:flutter/src/rendering/object.dart:2768:7)
#26     RenderProxyBoxMixin.performLayout (package:flutter/src/rendering/proxy_box.dart:118:18)
#27     _RenderCustomClip.performLayout (package:flutter/src/rendering/proxy_box.dart:1549:11)
#28     RenderObject.layout (package:flutter/src/rendering/object.dart:2768:7)
#29     RenderPadding.performLayout (package:flutter/src/rendering/shifted_box.dart:262:12)
#30     RenderObject.layout (package:flutter/src/rendering/object.dart:2768:7)
#31     RenderProxyBoxMixin.performLayout (package:flutter/src/rendering/proxy_box.dart:118:18)
#32     RenderObject.layout (package:flutter/src/rendering/object.dart:2768:7)
#33     RenderConstrainedBox.performLayout (package:flutter/src/rendering/proxy_box.dart:296:14)
#34     RenderObject.layout (package:flutter/src/rendering/object.dart:2768:7)
#35     RenderPadding.performLayout (package:flutter/src/rendering/shifted_box.dart:262:12)
#36     RenderObject.layout (package:flutter/src/rendering/object.dart:2768:7)
#37     ChildLayoutHelper.layoutChild (package:flutter/src/rendering/layout_helper.dart:62:11)
#38     RenderFlex._computeSizes (package:flutter/src/rendering/flex.dart:1237:28)
#39     RenderFlex.performLayout (package:flutter/src/rendering/flex.dart:1329:32)
#40     RenderObject.layout (package:flutter/src/rendering/object.dart:2768:7)
#41     ChildLayoutHelper.layoutChild (package:flutter/src/rendering/layout_helper.dart:62:11)
#42     RenderFlex._computeSizes (package:flutter/src/rendering/flex.dart:1275:26)
#43     RenderFlex.performLayout (package:flutter/src/rendering/flex.dart:1329:32)
#44     RenderObject.layout (package:flutter/src/rendering/object.dart:2768:7)
#45     ChildLayoutHelper.layoutChild (package:flutter/src/rendering/layout_helper.dart:62:11)
#46     RenderFlex._computeSizes (package:flutter/src/rendering/flex.dart:1237:28)
#47     RenderFlex.performLayout (package:flutter/src/rendering/flex.dart:1329:32)
#48     RenderObject.layout (package:flutter/src/rendering/object.dart:2768:7)
#49     RenderPadding.performLayout (package:flutter/src/rendering/shifted_box.dart:262:12)
#50     RenderObject.layout (package:flutter/src/rendering/object.dart:2768:7)
#51     RenderPadding.performLayout (package:flutter/src/rendering/shifted_box.dart:262:12)
#52     RenderObject.layout (package:flutter/src/rendering/object.dart:2768:7)
#53     RenderStack.layoutPositionedChild (package:flutter/src/rendering/stack.dart:549:11)
#54     RenderStack.performLayout (package:flutter/src/rendering/stack.dart:691:13)
#55     RenderObject.layout (package:flutter/src/rendering/object.dart:2768:7)
#56     _RenderLayoutBuilder.performLayout (package:flutter/src/widgets/layout_builder.dart:449:14)
#57     RenderObject.layout (package:flutter/src/rendering/object.dart:2768:7)
#58     ChildLayoutHelper.layoutChild (package:flutter/src/rendering/layout_helper.dart:62:11)
#59     RenderFlex._computeSizes (package:flutter/src/rendering/flex.dart:1275:26)
#60     RenderFlex.performLayout (package:flutter/src/rendering/flex.dart:1329:32)
#61     RenderObject.layout (package:flutter/src/rendering/object.dart:2768:7)
#62     MultiChildLayoutDelegate.layoutChild (package:flutter/src/rendering/custom_layout.dart:180:12)
#63     _ScaffoldLayout.performLayout (package:flutter/src/material/scaffold.dart:1111:7)
#64     MultiChildLayoutDelegate._callPerformLayout (package:flutter/src/rendering/custom_layout.dart:246:7)
#65     RenderCustomMultiChildLayoutBox.performLayout (package:flutter/src/rendering/custom_layout.dart:417:14)
#66     RenderObject._layoutWithoutResize (package:flutter/src/rendering/object.dart:2616:7)
#67     PipelineOwner.flushLayout (package:flutter/src/rendering/object.dart:1174:18)
#68     PipelineOwner.flushLayout (package:flutter/src/rendering/object.dart:1187:15)
#69     AutomatedTestWidgetsFlutterBinding.drawFrame (package:flutter_test/src/binding.dart:2133:27)
#70     RendererBinding._handlePersistentFrameCallback (package:flutter/src/rendering/binding.dart:495:5)
#71     SchedulerBinding._invokeFrameCallback (package:flutter/src/scheduler/binding.dart:1430:15)
#72     SchedulerBinding.handleDrawFrame (package:flutter/src/scheduler/binding.dart:1345:9)
#73     AutomatedTestWidgetsFlutterBinding.pump.<anonymous closure> (package:flutter_test/src/binding.dart:1960:9)
#76     TestAsyncUtils.guard (package:flutter_test/src/test_async_utils.dart:74:41)
#77     AutomatedTestWidgetsFlutterBinding.pump (package:flutter_test/src/binding.dart:1949:27)
#78     WidgetTester.pump.<anonymous closure> (package:flutter_test/src/widget_tester.dart:652:53)
#81     TestAsyncUtils.guard (package:flutter_test/src/test_async_utils.dart:74:41)
#82     WidgetTester.pump (package:flutter_test/src/widget_tester.dart:652:27)
#83     main.<anonymous closure> (file:///C:/Users/User/.codex/worktrees/hadayah-wave4v2-integration/Streamer_app/project/test/map_tricity_widgets_test.dart:156:26)
<asynchronous suspension>
#84     testWidgets.<anonymous closure>.<anonymous closure> (package:flutter_test/src/widget_tester.dart:192:15)
<asynchronous suspension>
#85     TestWidgetsFlutterBinding._runTestBody (package:flutter_test/src/binding.dart:1682:5)
<asynchronous suspension>
<asynchronous suspension>
(elided 7 frames from class _AssertionError, dart:async, and package:stack_trace)

The following RenderObject was being processed when the exception was fired: RenderSliverList#5cade relayoutBoundary=up23 NEEDS-LAYOUT NEEDS-PAINT NEEDS-COMPOSITING-BITS-UPDATE:
  creator: SliverList ← MediaQuery ← SliverPadding ← ShrinkWrappingViewport ←
    IgnorePointer-[GlobalKey#185e2] ← Semantics ← Listener ← _GestureSemantics ←
    RawGestureDetector-[LabeledGlobalKey<RawGestureDetectorState>#ec6da] ← Listener ← _ScrollableScope
    ← _ScrollSemantics-[GlobalKey#c8de9] ← ⋯
  parentData: paintOffset=Offset(0.0, 0.0) (can use size)
  constraints: SliverConstraints(AxisDirection.down, GrowthDirection.forward, ScrollDirection.idle,
    scrollOffset: 0.0, precedingScrollExtent: 0.0, remainingPaintExtent: 238.0, crossAxisExtent:
    118.0, crossAxisDirection: AxisDirection.right, viewportMainAxisExtent: 238.0,
    remainingCacheExtent: 488.0, cacheOrigin: 0.0)
  geometry: null
  currently live children: 0 to 0
This RenderObject had the following descendants (showing up to depth 5):
    child with index 0: RenderIndexedSemantics#57da1 relayoutBoundary=up24 NEEDS-PAINT NEEDS-COMPOSITING-BITS-UPDATE
      child: RenderRepaintBoundary#71998 relayoutBoundary=up25 NEEDS-PAINT NEEDS-COMPOSITING-BITS-UPDATE
        child: RenderSemanticsAnnotations#16eac relayoutBoundary=up26 NEEDS-PAINT NEEDS-COMPOSITING-BITS-UPDATE
          child: RenderMouseRegion#9c189 relayoutBoundary=up27 NEEDS-PAINT NEEDS-COMPOSITING-BITS-UPDATE
            child: RenderSemanticsAnnotations#990a8 relayoutBoundary=up28 NEEDS-PAINT NEEDS-COMPOSITING-BITS-UPDATE
════════════════════════════════════════════════════════════════════════════════════════════════════
══╡ EXCEPTION CAUGHT BY RENDERING LIBRARY ╞═════════════════════════════════════════════════════════
The following _TypeError was thrown during performLayout():
Null check operator used on a null value

The relevant error-causing widget was:
  ListView
  ListView:file:///C:/Users/User/.codex/worktrees/hadayah-wave4v2-integration/Streamer_app/project/lib/features/map/presentation/widgets/top_spatial_search_bar.dart:225:29

When the exception was thrown, this was the stack:
#0      RenderSliverEdgeInsetsPadding.performLayout (package:flutter/src/rendering/sliver_padding.dart:147:63)
#1      RenderSliverPadding.performLayout (package:flutter/src/rendering/sliver_padding.dart:368:11)
#2      RenderObject.layout (package:flutter/src/rendering/object.dart:2768:7)
#3      RenderViewportBase.layoutChildSequence (package:flutter/src/rendering/viewport.dart:673:13)
#4      RenderShrinkWrappingViewport._attemptLayout (package:flutter/src/rendering/viewport.dart:2010:12)
#5      RenderShrinkWrappingViewport.performLayout (package:flutter/src/rendering/viewport.dart:1964:20)
#6      RenderObject.layout (package:flutter/src/rendering/object.dart:2768:7)
#7      RenderProxyBoxMixin.performLayout (package:flutter/src/rendering/proxy_box.dart:118:18)
#8      RenderObject.layout (package:flutter/src/rendering/object.dart:2768:7)
#9      RenderProxyBoxMixin.performLayout (package:flutter/src/rendering/proxy_box.dart:118:18)
#10     RenderObject.layout (package:flutter/src/rendering/object.dart:2768:7)
#11     RenderProxyBoxMixin.performLayout (package:flutter/src/rendering/proxy_box.dart:118:18)
#12     RenderObject.layout (package:flutter/src/rendering/object.dart:2768:7)
#13     RenderProxyBoxMixin.performLayout (package:flutter/src/rendering/proxy_box.dart:118:18)
#14     RenderObject.layout (package:flutter/src/rendering/object.dart:2768:7)
#15     RenderProxyBoxMixin.performLayout (package:flutter/src/rendering/proxy_box.dart:118:18)
#16     RenderObject.layout (package:flutter/src/rendering/object.dart:2768:7)
#17     RenderProxyBoxMixin.performLayout (package:flutter/src/rendering/proxy_box.dart:118:18)
#18     RenderObject.layout (package:flutter/src/rendering/object.dart:2768:7)
#19     RenderProxyBoxMixin.performLayout (package:flutter/src/rendering/proxy_box.dart:118:18)
#20     RenderObject.layout (package:flutter/src/rendering/object.dart:2768:7)
#21     RenderProxyBoxMixin.performLayout (package:flutter/src/rendering/proxy_box.dart:118:18)
#22     _RenderCustomClip.performLayout (package:flutter/src/rendering/proxy_box.dart:1549:11)
#23     RenderObject.layout (package:flutter/src/rendering/object.dart:2768:7)
#24     RenderPadding.performLayout (package:flutter/src/rendering/shifted_box.dart:262:12)
#25     RenderObject.layout (package:flutter/src/rendering/object.dart:2768:7)
#26     RenderProxyBoxMixin.performLayout (package:flutter/src/rendering/proxy_box.dart:118:18)
#27     RenderObject.layout (package:flutter/src/rendering/object.dart:2768:7)
#28     RenderConstrainedBox.performLayout (package:flutter/src/rendering/proxy_box.dart:296:14)
#29     RenderObject.layout (package:flutter/src/rendering/object.dart:2768:7)
#30     RenderPadding.performLayout (package:flutter/src/rendering/shifted_box.dart:262:12)
#31     RenderObject.layout (package:flutter/src/rendering/object.dart:2768:7)
#32     ChildLayoutHelper.layoutChild (package:flutter/src/rendering/layout_helper.dart:62:11)
#33     RenderFlex._computeSizes (package:flutter/src/rendering/flex.dart:1237:28)
#34     RenderFlex.performLayout (package:flutter/src/rendering/flex.dart:1329:32)
#35     RenderObject.layout (package:flutter/src/rendering/object.dart:2768:7)
#36     ChildLayoutHelper.layoutChild (package:flutter/src/rendering/layout_helper.dart:62:11)
#37     RenderFlex._computeSizes (package:flutter/src/rendering/flex.dart:1275:26)
#38     RenderFlex.performLayout (package:flutter/src/rendering/flex.dart:1329:32)
#39     RenderObject.layout (package:flutter/src/rendering/object.dart:2768:7)
#40     ChildLayoutHelper.layoutChild (package:flutter/src/rendering/layout_helper.dart:62:11)
#41     RenderFlex._computeSizes (package:flutter/src/rendering/flex.dart:1237:28)
#42     RenderFlex.performLayout (package:flutter/src/rendering/flex.dart:1329:32)
#43     RenderObject.layout (package:flutter/src/rendering/object.dart:2768:7)
#44     RenderPadding.performLayout (package:flutter/src/rendering/shifted_box.dart:262:12)
#45     RenderObject.layout (package:flutter/src/rendering/object.dart:2768:7)
#46     RenderPadding.performLayout (package:flutter/src/rendering/shifted_box.dart:262:12)
#47     RenderObject.layout (package:flutter/src/rendering/object.dart:2768:7)
#48     RenderStack.layoutPositionedChild (package:flutter/src/rendering/stack.dart:549:11)
#49     RenderStack.performLayout (package:flutter/src/rendering/stack.dart:691:13)
#50     RenderObject.layout (package:flutter/src/rendering/object.dart:2768:7)
#51     _RenderLayoutBuilder.performLayout (package:flutter/src/widgets/layout_builder.dart:449:14)
#52     RenderObject.layout (package:flutter/src/rendering/object.dart:2768:7)
#53     ChildLayoutHelper.layoutChild (package:flutter/src/rendering/layout_helper.dart:62:11)
#54     RenderFlex._computeSizes (package:flutter/src/rendering/flex.dart:1275:26)
#55     RenderFlex.performLayout (package:flutter/src/rendering/flex.dart:1329:32)
#56     RenderObject.layout (package:flutter/src/rendering/object.dart:2768:7)
#57     MultiChildLayoutDelegate.layoutChild (package:flutter/src/rendering/custom_layout.dart:180:12)
#58     _ScaffoldLayout.performLayout (package:flutter/src/material/scaffold.dart:1111:7)
#59     MultiChildLayoutDelegate._callPerformLayout (package:flutter/src/rendering/custom_layout.dart:246:7)
#60     RenderCustomMultiChildLayoutBox.performLayout (package:flutter/src/rendering/custom_layout.dart:417:14)
#61     RenderObject._layoutWithoutResize (package:flutter/src/rendering/object.dart:2616:7)
#62     PipelineOwner.flushLayout (package:flutter/src/rendering/object.dart:1174:18)
#63     PipelineOwner.flushLayout (package:flutter/src/rendering/object.dart:1187:15)
#64     AutomatedTestWidgetsFlutterBinding.drawFrame (package:flutter_test/src/binding.dart:2133:27)
#65     RendererBinding._handlePersistentFrameCallback (package:flutter/src/rendering/binding.dart:495:5)
#66     SchedulerBinding._invokeFrameCallback (package:flutter/src/scheduler/binding.dart:1430:15)
#67     SchedulerBinding.handleDrawFrame (package:flutter/src/scheduler/binding.dart:1345:9)
#68     AutomatedTestWidgetsFlutterBinding.pump.<anonymous closure> (package:flutter_test/src/binding.dart:1960:9)
#71     TestAsyncUtils.guard (package:flutter_test/src/test_async_utils.dart:74:41)
#72     AutomatedTestWidgetsFlutterBinding.pump (package:flutter_test/src/binding.dart:1949:27)
#73     WidgetTester.pump.<anonymous closure> (package:flutter_test/src/widget_tester.dart:652:53)
#76     TestAsyncUtils.guard (package:flutter_test/src/test_async_utils.dart:74:41)
#77     WidgetTester.pump (package:flutter_test/src/widget_tester.dart:652:27)
#78     main.<anonymous closure> (file:///C:/Users/User/.codex/worktrees/hadayah-wave4v2-integration/Streamer_app/project/test/map_tricity_widgets_test.dart:156:26)
<asynchronous suspension>
#79     testWidgets.<anonymous closure>.<anonymous closure> (package:flutter_test/src/widget_tester.dart:192:15)
<asynchronous suspension>
#80     TestWidgetsFlutterBinding._runTestBody (package:flutter_test/src/binding.dart:1682:5)
<asynchronous suspension>
<asynchronous suspension>
(elided 5 frames from dart:async and package:stack_trace)

The following RenderObject was being processed when the exception was fired: RenderSliverPadding#a6297 relayoutBoundary=up22 NEEDS-LAYOUT NEEDS-PAINT NEEDS-COMPOSITING-BITS-UPDATE:
  creator: SliverPadding ← ShrinkWrappingViewport ← IgnorePointer-[GlobalKey#185e2] ← Semantics ←
    Listener ← _GestureSemantics ←
    RawGestureDetector-[LabeledGlobalKey<RawGestureDetectorState>#ec6da] ← Listener ← _ScrollableScope
    ← _ScrollSemantics-[GlobalKey#c8de9] ← NotificationListener<ScrollMetricsNotification> ← Transform
    ← ⋯
  parentData: layoutOffset=None (can use size)
  constraints: SliverConstraints(AxisDirection.down, GrowthDirection.forward, ScrollDirection.idle,
    scrollOffset: 0.0, precedingScrollExtent: 0.0, remainingPaintExtent: 238.0, crossAxisExtent:
    118.0, crossAxisDirection: AxisDirection.right, viewportMainAxisExtent: 238.0,
    remainingCacheExtent: 488.0, cacheOrigin: -0.0)
  geometry: null
  padding: EdgeInsets.zero
  textDirection: ltr
This RenderObject had the following descendants (showing up to depth 5):
    child: RenderSliverList#5cade relayoutBoundary=up23 NEEDS-PAINT NEEDS-COMPOSITING-BITS-UPDATE
      child with index 0: RenderIndexedSemantics#57da1 relayoutBoundary=up24 NEEDS-PAINT NEEDS-COMPOSITING-BITS-UPDATE
        child: RenderRepaintBoundary#71998 relayoutBoundary=up25 NEEDS-PAINT NEEDS-COMPOSITING-BITS-UPDATE
          child: RenderSemanticsAnnotations#16eac relayoutBoundary=up26 NEEDS-PAINT NEEDS-COMPOSITING-BITS-UPDATE
            child: RenderMouseRegion#9c189 relayoutBoundary=up27 NEEDS-PAINT NEEDS-COMPOSITING-BITS-UPDATE
════════════════════════════════════════════════════════════════════════════════════════════════════
══╡ EXCEPTION CAUGHT BY RENDERING LIBRARY ╞═════════════════════════════════════════════════════════
The following _TypeError was thrown during performLayout():
Null check operator used on a null value

The relevant error-causing widget was:
  ListView
  ListView:file:///C:/Users/User/.codex/worktrees/hadayah-wave4v2-integration/Streamer_app/project/lib/features/map/presentation/widgets/top_spatial_search_bar.dart:225:29

When the exception was thrown, this was the stack:
#0      RenderViewportBase.layoutChildSequence (package:flutter/src/rendering/viewport.dart:694:64)
#1      RenderShrinkWrappingViewport._attemptLayout (package:flutter/src/rendering/viewport.dart:2010:12)
#2      RenderShrinkWrappingViewport.performLayout (package:flutter/src/rendering/viewport.dart:1964:20)
#3      RenderObject.layout (package:flutter/src/rendering/object.dart:2768:7)
#4      RenderProxyBoxMixin.performLayout (package:flutter/src/rendering/proxy_box.dart:118:18)
#5      RenderObject.layout (package:flutter/src/rendering/object.dart:2768:7)
#6      RenderProxyBoxMixin.performLayout (package:flutter/src/rendering/proxy_box.dart:118:18)
#7      RenderObject.layout (package:flutter/src/rendering/object.dart:2768:7)
#8      RenderProxyBoxMixin.performLayout (package:flutter/src/rendering/proxy_box.dart:118:18)
#9      RenderObject.layout (package:flutter/src/rendering/object.dart:2768:7)
#10     RenderProxyBoxMixin.performLayout (package:flutter/src/rendering/proxy_box.dart:118:18)
#11     RenderObject.layout (package:flutter/src/rendering/object.dart:2768:7)
#12     RenderProxyBoxMixin.performLayout (package:flutter/src/rendering/proxy_box.dart:118:18)
#13     RenderObject.layout (package:flutter/src/rendering/object.dart:2768:7)
#14     RenderProxyBoxMixin.performLayout (package:flutter/src/rendering/proxy_box.dart:118:18)
#15     RenderObject.layout (package:flutter/src/rendering/object.dart:2768:7)
#16     RenderProxyBoxMixin.performLayout (package:flutter/src/rendering/proxy_box.dart:118:18)
#17     RenderObject.layout (package:flutter/src/rendering/object.dart:2768:7)
#18     RenderProxyBoxMixin.performLayout (package:flutter/src/rendering/proxy_box.dart:118:18)
#19     _RenderCustomClip.performLayout (package:flutter/src/rendering/proxy_box.dart:1549:11)
#20     RenderObject.layout (package:flutter/src/rendering/object.dart:2768:7)
#21     RenderPadding.performLayout (package:flutter/src/rendering/shifted_box.dart:262:12)
#22     RenderObject.layout (package:flutter/src/rendering/object.dart:2768:7)
#23     RenderProxyBoxMixin.performLayout (package:flutter/src/rendering/proxy_box.dart:118:18)
#24     RenderObject.layout (package:flutter/src/rendering/object.dart:2768:7)
#25     RenderConstrainedBox.performLayout (package:flutter/src/rendering/proxy_box.dart:296:14)
#26     RenderObject.layout (package:flutter/src/rendering/object.dart:2768:7)
#27     RenderPadding.performLayout (package:flutter/src/rendering/shifted_box.dart:262:12)
#28     RenderObject.layout (package:flutter/src/rendering/object.dart:2768:7)
#29     ChildLayoutHelper.layoutChild (package:flutter/src/rendering/layout_helper.dart:62:11)
#30     RenderFlex._computeSizes (package:flutter/src/rendering/flex.dart:1237:28)
#31     RenderFlex.performLayout (package:flutter/src/rendering/flex.dart:1329:32)
#32     RenderObject.layout (package:flutter/src/rendering/object.dart:2768:7)
#33     ChildLayoutHelper.layoutChild (package:flutter/src/rendering/layout_helper.dart:62:11)
#34     RenderFlex._computeSizes (package:flutter/src/rendering/flex.dart:1275:26)
#35     RenderFlex.performLayout (package:flutter/src/rendering/flex.dart:1329:32)
#36     RenderObject.layout (package:flutter/src/rendering/object.dart:2768:7)
#37     ChildLayoutHelper.layoutChild (package:flutter/src/rendering/layout_helper.dart:62:11)
#38     RenderFlex._computeSizes (package:flutter/src/rendering/flex.dart:1237:28)
#39     RenderFlex.performLayout (package:flutter/src/rendering/flex.dart:1329:32)
#40     RenderObject.layout (package:flutter/src/rendering/object.dart:2768:7)
#41     RenderPadding.performLayout (package:flutter/src/rendering/shifted_box.dart:262:12)
#42     RenderObject.layout (package:flutter/src/rendering/object.dart:2768:7)
#43     RenderPadding.performLayout (package:flutter/src/rendering/shifted_box.dart:262:12)
#44     RenderObject.layout (package:flutter/src/rendering/object.dart:2768:7)
#45     RenderStack.layoutPositionedChild (package:flutter/src/rendering/stack.dart:549:11)
#46     RenderStack.performLayout (package:flutter/src/rendering/stack.dart:691:13)
#47     RenderObject.layout (package:flutter/src/rendering/object.dart:2768:7)
#48     _RenderLayoutBuilder.performLayout (package:flutter/src/widgets/layout_builder.dart:449:14)
#49     RenderObject.layout (package:flutter/src/rendering/object.dart:2768:7)
#50     ChildLayoutHelper.layoutChild (package:flutter/src/rendering/layout_helper.dart:62:11)
#51     RenderFlex._computeSizes (package:flutter/src/rendering/flex.dart:1275:26)
#52     RenderFlex.performLayout (package:flutter/src/rendering/flex.dart:1329:32)
#53     RenderObject.layout (package:flutter/src/rendering/object.dart:2768:7)
#54     MultiChildLayoutDelegate.layoutChild (package:flutter/src/rendering/custom_layout.dart:180:12)
#55     _ScaffoldLayout.performLayout (package:flutter/src/material/scaffold.dart:1111:7)
#56     MultiChildLayoutDelegate._callPerformLayout (package:flutter/src/rendering/custom_layout.dart:246:7)
#57     RenderCustomMultiChildLayoutBox.performLayout (package:flutter/src/rendering/custom_layout.dart:417:14)
#58     RenderObject._layoutWithoutResize (package:flutter/src/rendering/object.dart:2616:7)
#59     PipelineOwner.flushLayout (package:flutter/src/rendering/object.dart:1174:18)
#60     PipelineOwner.flushLayout (package:flutter/src/rendering/object.dart:1187:15)
#61     AutomatedTestWidgetsFlutterBinding.drawFrame (package:flutter_test/src/binding.dart:2133:27)
#62     RendererBinding._handlePersistentFrameCallback (package:flutter/src/rendering/binding.dart:495:5)
#63     SchedulerBinding._invokeFrameCallback (package:flutter/src/scheduler/binding.dart:1430:15)
#64     SchedulerBinding.handleDrawFrame (package:flutter/src/scheduler/binding.dart:1345:9)
#65     AutomatedTestWidgetsFlutterBinding.pump.<anonymous closure> (package:flutter_test/src/binding.dart:1960:9)
#68     TestAsyncUtils.guard (package:flutter_test/src/test_async_utils.dart:74:41)
#69     AutomatedTestWidgetsFlutterBinding.pump (package:flutter_test/src/binding.dart:1949:27)
#70     WidgetTester.pump.<anonymous closure> (package:flutter_test/src/widget_tester.dart:652:53)
#73     TestAsyncUtils.guard (package:flutter_test/src/test_async_utils.dart:74:41)
#74     WidgetTester.pump (package:flutter_test/src/widget_tester.dart:652:27)
#75     main.<anonymous closure> (file:///C:/Users/User/.codex/worktrees/hadayah-wave4v2-integration/Streamer_app/project/test/map_tricity_widgets_test.dart:156:26)
<asynchronous suspension>
#76     testWidgets.<anonymous closure>.<anonymous closure> (package:flutter_test/src/widget_tester.dart:192:15)
<asynchronous suspension>
#77     TestWidgetsFlutterBinding._runTestBody (package:flutter_test/src/binding.dart:1682:5)
<asynchronous suspension>
<asynchronous suspension>
(elided 5 frames from dart:async and package:stack_trace)

The following RenderObject was being processed when the exception was fired: RenderShrinkWrappingViewport#2b574 relayoutBoundary=up21 NEEDS-LAYOUT NEEDS-PAINT NEEDS-COMPOSITING-BITS-UPDATE:
  needs compositing
  creator: ShrinkWrappingViewport ← IgnorePointer-[GlobalKey#185e2] ← Semantics ← Listener ←
    _GestureSemantics ← RawGestureDetector-[LabeledGlobalKey<RawGestureDetectorState>#ec6da] ←
    Listener ← _ScrollableScope ← _ScrollSemantics-[GlobalKey#c8de9] ←
    NotificationListener<ScrollMetricsNotification> ← Transform ← StretchEffect ← ⋯
  parentData: <none> (can use size)
  constraints: BoxConstraints(0.0<=w<=118.0, 0.0<=h<=238.0)
  size: MISSING
  axisDirection: down
  crossAxisDirection: right
  offset: ScrollPositionWithSingleContext#8caa9(offset: 0.0, range: null..null, viewport: null,
    ScrollableState, AlwaysScrollableScrollPhysics -> ClampingScrollPhysics ->
    RangeMaintainingScrollPhysics, IdleScrollActivity#1c67a, ScrollDirection.idle)
This RenderObject had the following descendants (showing up to depth 5):
    child 0: RenderSliverPadding#a6297 relayoutBoundary=up22 NEEDS-PAINT NEEDS-COMPOSITING-BITS-UPDATE
      child: RenderSliverList#5cade relayoutBoundary=up23 NEEDS-PAINT NEEDS-COMPOSITING-BITS-UPDATE
        child with index 0: RenderIndexedSemantics#57da1 relayoutBoundary=up24 NEEDS-PAINT NEEDS-COMPOSITING-BITS-UPDATE
          child: RenderRepaintBoundary#71998 relayoutBoundary=up25 NEEDS-PAINT NEEDS-COMPOSITING-BITS-UPDATE
            child: RenderSemanticsAnnotations#16eac relayoutBoundary=up26 NEEDS-PAINT NEEDS-COMPOSITING-BITS-UPDATE
════════════════════════════════════════════════════════════════════════════════════════════════════
══╡ EXCEPTION CAUGHT BY RENDERING LIBRARY ╞═════════════════════════════════════════════════════════
The following assertion was thrown during performLayout():
RenderBox was not laid out: RenderShrinkWrappingViewport#2b574 relayoutBoundary=up21 NEEDS-PAINT
NEEDS-COMPOSITING-BITS-UPDATE
'package:flutter/src/rendering/box.dart':
Failed assertion: line 2251 pos 12: 'hasSize'

Either the assertion indicates an error in the framework itself, or we should provide substantially
more information in this error message to help you determine and fix the underlying cause.
In either case, please report this assertion by filing a bug on GitHub:
  https://github.com/flutter/flutter/issues/new?template=02_bug.yml

The relevant error-causing widget was:
  ListView
  ListView:file:///C:/Users/User/.codex/worktrees/hadayah-wave4v2-integration/Streamer_app/project/lib/features/map/presentation/widgets/top_spatial_search_bar.dart:225:29

When the exception was thrown, this was the stack:
#2      RenderBox.size (package:flutter/src/rendering/box.dart:2251:12)
#3      RenderProxyBoxMixin.performLayout (package:flutter/src/rendering/proxy_box.dart:118:62)
#4      RenderObject.layout (package:flutter/src/rendering/object.dart:2768:7)
#5      RenderProxyBoxMixin.performLayout (package:flutter/src/rendering/proxy_box.dart:118:18)
#6      RenderObject.layout (package:flutter/src/rendering/object.dart:2768:7)
#7      RenderProxyBoxMixin.performLayout (package:flutter/src/rendering/proxy_box.dart:118:18)
#8      RenderObject.layout (package:flutter/src/rendering/object.dart:2768:7)
#9      RenderProxyBoxMixin.performLayout (package:flutter/src/rendering/proxy_box.dart:118:18)
#10     RenderObject.layout (package:flutter/src/rendering/object.dart:2768:7)
#11     RenderProxyBoxMixin.performLayout (package:flutter/src/rendering/proxy_box.dart:118:18)
#12     RenderObject.layout (package:flutter/src/rendering/object.dart:2768:7)
#13     RenderProxyBoxMixin.performLayout (package:flutter/src/rendering/proxy_box.dart:118:18)
#14     RenderObject.layout (package:flutter/src/rendering/object.dart:2768:7)
#15     RenderProxyBoxMixin.performLayout (package:flutter/src/rendering/proxy_box.dart:118:18)
#16     RenderObject.layout (package:flutter/src/rendering/object.dart:2768:7)
#17     RenderProxyBoxMixin.performLayout (package:flutter/src/rendering/proxy_box.dart:118:18)
#18     _RenderCustomClip.performLayout (package:flutter/src/rendering/proxy_box.dart:1549:11)
#19     RenderObject.layout (package:flutter/src/rendering/object.dart:2768:7)
#20     RenderPadding.performLayout (package:flutter/src/rendering/shifted_box.dart:262:12)
#21     RenderObject.layout (package:flutter/src/rendering/object.dart:2768:7)
#22     RenderProxyBoxMixin.performLayout (package:flutter/src/rendering/proxy_box.dart:118:18)
#23     RenderObject.layout (package:flutter/src/rendering/object.dart:2768:7)
#24     RenderConstrainedBox.performLayout (package:flutter/src/rendering/proxy_box.dart:296:14)
#25     RenderObject.layout (package:flutter/src/rendering/object.dart:2768:7)
#26     RenderPadding.performLayout (package:flutter/src/rendering/shifted_box.dart:262:12)
#27     RenderObject.layout (package:flutter/src/rendering/object.dart:2768:7)
#28     ChildLayoutHelper.layoutChild (package:flutter/src/rendering/layout_helper.dart:62:11)
#29     RenderFlex._computeSizes (package:flutter/src/rendering/flex.dart:1237:28)
#30     RenderFlex.performLayout (package:flutter/src/rendering/flex.dart:1329:32)
#31     RenderObject.layout (package:flutter/src/rendering/object.dart:2768:7)
#32     ChildLayoutHelper.layoutChild (package:flutter/src/rendering/layout_helper.dart:62:11)
#33     RenderFlex._computeSizes (package:flutter/src/rendering/flex.dart:1275:26)
#34     RenderFlex.performLayout (package:flutter/src/rendering/flex.dart:1329:32)
#35     RenderObject.layout (package:flutter/src/rendering/object.dart:2768:7)
#36     ChildLayoutHelper.layoutChild (package:flutter/src/rendering/layout_helper.dart:62:11)
#37     RenderFlex._computeSizes (package:flutter/src/rendering/flex.dart:1237:28)
#38     RenderFlex.performLayout (package:flutter/src/rendering/flex.dart:1329:32)
#39     RenderObject.layout (package:flutter/src/rendering/object.dart:2768:7)
#40     RenderPadding.performLayout (package:flutter/src/rendering/shifted_box.dart:262:12)
#41     RenderObject.layout (package:flutter/src/rendering/object.dart:2768:7)
#42     RenderPadding.performLayout (package:flutter/src/rendering/shifted_box.dart:262:12)
#43     RenderObject.layout (package:flutter/src/rendering/object.dart:2768:7)
#44     RenderStack.layoutPositionedChild (package:flutter/src/rendering/stack.dart:549:11)
#45     RenderStack.performLayout (package:flutter/src/rendering/stack.dart:691:13)
#46     RenderObject.layout (package:flutter/src/rendering/object.dart:2768:7)
#47     _RenderLayoutBuilder.performLayout (package:flutter/src/widgets/layout_builder.dart:449:14)
#48     RenderObject.layout (package:flutter/src/rendering/object.dart:2768:7)
#49     ChildLayoutHelper.layoutChild (package:flutter/src/rendering/layout_helper.dart:62:11)
#50     RenderFlex._computeSizes (package:flutter/src/rendering/flex.dart:1275:26)
#51     RenderFlex.performLayout (package:flutter/src/rendering/flex.dart:1329:32)
#52     RenderObject.layout (package:flutter/src/rendering/object.dart:2768:7)
#53     MultiChildLayoutDelegate.layoutChild (package:flutter/src/rendering/custom_layout.dart:180:12)
#54     _ScaffoldLayout.performLayout (package:flutter/src/material/scaffold.dart:1111:7)
#55     MultiChildLayoutDelegate._callPerformLayout (package:flutter/src/rendering/custom_layout.dart:246:7)
#56     RenderCustomMultiChildLayoutBox.performLayout (package:flutter/src/rendering/custom_layout.dart:417:14)
#57     RenderObject._layoutWithoutResize (package:flutter/src/rendering/object.dart:2616:7)
#58     PipelineOwner.flushLayout (package:flutter/src/rendering/object.dart:1174:18)
#59     PipelineOwner.flushLayout (package:flutter/src/rendering/object.dart:1187:15)
#60     AutomatedTestWidgetsFlutterBinding.drawFrame (package:flutter_test/src/binding.dart:2133:27)
#61     RendererBinding._handlePersistentFrameCallback (package:flutter/src/rendering/binding.dart:495:5)
#62     SchedulerBinding._invokeFrameCallback (package:flutter/src/scheduler/binding.dart:1430:15)
#63     SchedulerBinding.handleDrawFrame (package:flutter/src/scheduler/binding.dart:1345:9)
#64     AutomatedTestWidgetsFlutterBinding.pump.<anonymous closure> (package:flutter_test/src/binding.dart:1960:9)
#67     TestAsyncUtils.guard (package:flutter_test/src/test_async_utils.dart:74:41)
#68     AutomatedTestWidgetsFlutterBinding.pump (package:flutter_test/src/binding.dart:1949:27)
#69     WidgetTester.pump.<anonymous closure> (package:flutter_test/src/widget_tester.dart:652:53)
#72     TestAsyncUtils.guard (package:flutter_test/src/test_async_utils.dart:74:41)
#73     WidgetTester.pump (package:flutter_test/src/widget_tester.dart:652:27)
#74     main.<anonymous closure> (file:///C:/Users/User/.codex/worktrees/hadayah-wave4v2-integration/Streamer_app/project/test/map_tricity_widgets_test.dart:156:26)
<asynchronous suspension>
#75     testWidgets.<anonymous closure>.<anonymous closure> (package:flutter_test/src/widget_tester.dart:192:15)
<asynchronous suspension>
#76     TestWidgetsFlutterBinding._runTestBody (package:flutter_test/src/binding.dart:1682:5)
<asynchronous suspension>
<asynchronous suspension>
(elided 7 frames from class _AssertionError, dart:async, and package:stack_trace)

The following RenderObject was being processed when the exception was fired: RenderIgnorePointer#17a61 relayoutBoundary=up20 NEEDS-LAYOUT NEEDS-PAINT NEEDS-COMPOSITING-BITS-UPDATE:
  creator: IgnorePointer-[GlobalKey#185e2] ← Semantics ← Listener ← _GestureSemantics ←
    RawGestureDetector-[LabeledGlobalKey<RawGestureDetectorState>#ec6da] ← Listener ← _ScrollableScope
    ← _ScrollSemantics-[GlobalKey#c8de9] ← NotificationListener<ScrollMetricsNotification> ← Transform
    ← StretchEffect ← ClipRect ← ⋯
  parentData: <none> (can use size)
  constraints: BoxConstraints(0.0<=w<=118.0, 0.0<=h<=238.0)
  size: MISSING
  ignoring: false
  ignoringSemantics: null
This RenderObject had the following descendants (showing up to depth 5):
    child: RenderShrinkWrappingViewport#2b574 relayoutBoundary=up21 NEEDS-PAINT NEEDS-COMPOSITING-BITS-UPDATE
      child 0: RenderSliverPadding#a6297 relayoutBoundary=up22 NEEDS-PAINT NEEDS-COMPOSITING-BITS-UPDATE
        child: RenderSliverList#5cade relayoutBoundary=up23 NEEDS-PAINT NEEDS-COMPOSITING-BITS-UPDATE
          child with index 0: RenderIndexedSemantics#57da1 relayoutBoundary=up24 NEEDS-PAINT NEEDS-COMPOSITING-BITS-UPDATE
            child: RenderRepaintBoundary#71998 relayoutBoundary=up25 NEEDS-PAINT NEEDS-COMPOSITING-BITS-UPDATE
════════════════════════════════════════════════════════════════════════════════════════════════════
══╡ EXCEPTION CAUGHT BY RENDERING LIBRARY ╞═════════════════════════════════════════════════════════
The following assertion was thrown during performLayout():
RenderBox was not laid out: RenderIgnorePointer#17a61 relayoutBoundary=up20 NEEDS-PAINT
NEEDS-COMPOSITING-BITS-UPDATE
'package:flutter/src/rendering/box.dart':
Failed assertion: line 2251 pos 12: 'hasSize'

Either the assertion indicates an error in the framework itself, or we should provide substantially
more information in this error message to help you determine and fix the underlying cause.
In either case, please report this assertion by filing a bug on GitHub:
  https://github.com/flutter/flutter/issues/new?template=02_bug.yml

The relevant error-causing widget was:
  ListView
  ListView:file:///C:/Users/User/.codex/worktrees/hadayah-wave4v2-integration/Streamer_app/project/lib/features/map/presentation/widgets/top_spatial_search_bar.dart:225:29

When the exception was thrown, this was the stack:
#2      RenderBox.size (package:flutter/src/rendering/box.dart:2251:12)
#3      RenderProxyBoxMixin.performLayout (package:flutter/src/rendering/proxy_box.dart:118:62)
#4      RenderObject.layout (package:flutter/src/rendering/object.dart:2768:7)
#5      RenderProxyBoxMixin.performLayout (package:flutter/src/rendering/proxy_box.dart:118:18)
#6      RenderObject.layout (package:flutter/src/rendering/object.dart:2768:7)
#7      RenderProxyBoxMixin.performLayout (package:flutter/src/rendering/proxy_box.dart:118:18)
#8      RenderObject.layout (package:flutter/src/rendering/object.dart:2768:7)
#9      RenderProxyBoxMixin.performLayout (package:flutter/src/rendering/proxy_box.dart:118:18)
#10     RenderObject.layout (package:flutter/src/rendering/object.dart:2768:7)
#11     RenderProxyBoxMixin.performLayout (package:flutter/src/rendering/proxy_box.dart:118:18)
#12     RenderObject.layout (package:flutter/src/rendering/object.dart:2768:7)
#13     RenderProxyBoxMixin.performLayout (package:flutter/src/rendering/proxy_box.dart:118:18)
#14     RenderObject.layout (package:flutter/src/rendering/object.dart:2768:7)
#15     RenderProxyBoxMixin.performLayout (package:flutter/src/rendering/proxy_box.dart:118:18)
#16     _RenderCustomClip.performLayout (package:flutter/src/rendering/proxy_box.dart:1549:11)
#17     RenderObject.layout (package:flutter/src/rendering/object.dart:2768:7)
#18     RenderPadding.performLayout (package:flutter/src/rendering/shifted_box.dart:262:12)
#19     RenderObject.layout (package:flutter/src/rendering/object.dart:2768:7)
#20     RenderProxyBoxMixin.performLayout (package:flutter/src/rendering/proxy_box.dart:118:18)
#21     RenderObject.layout (package:flutter/src/rendering/object.dart:2768:7)
#22     RenderConstrainedBox.performLayout (package:flutter/src/rendering/proxy_box.dart:296:14)
#23     RenderObject.layout (package:flutter/src/rendering/object.dart:2768:7)
#24     RenderPadding.performLayout (package:flutter/src/rendering/shifted_box.dart:262:12)
#25     RenderObject.layout (package:flutter/src/rendering/object.dart:2768:7)
#26     ChildLayoutHelper.layoutChild (package:flutter/src/rendering/layout_helper.dart:62:11)
#27     RenderFlex._computeSizes (package:flutter/src/rendering/flex.dart:1237:28)
#28     RenderFlex.performLayout (package:flutter/src/rendering/flex.dart:1329:32)
#29     RenderObject.layout (package:flutter/src/rendering/object.dart:2768:7)
#30     ChildLayoutHelper.layoutChild (package:flutter/src/rendering/layout_helper.dart:62:11)
#31     RenderFlex._computeSizes (package:flutter/src/rendering/flex.dart:1275:26)
#32     RenderFlex.performLayout (package:flutter/src/rendering/flex.dart:1329:32)
#33     RenderObject.layout (package:flutter/src/rendering/object.dart:2768:7)
#34     ChildLayoutHelper.layoutChild (package:flutter/src/rendering/layout_helper.dart:62:11)
#35     RenderFlex._computeSizes (package:flutter/src/rendering/flex.dart:1237:28)
#36     RenderFlex.performLayout (package:flutter/src/rendering/flex.dart:1329:32)
#37     RenderObject.layout (package:flutter/src/rendering/object.dart:2768:7)
#38     RenderPadding.performLayout (package:flutter/src/rendering/shifted_box.dart:262:12)
#39     RenderObject.layout (package:flutter/src/rendering/object.dart:2768:7)
#40     RenderPadding.performLayout (package:flutter/src/rendering/shifted_box.dart:262:12)
#41     RenderObject.layout (package:flutter/src/rendering/object.dart:2768:7)
#42     RenderStack.layoutPositionedChild (package:flutter/src/rendering/stack.dart:549:11)
#43     RenderStack.performLayout (package:flutter/src/rendering/stack.dart:691:13)
#44     RenderObject.layout (package:flutter/src/rendering/object.dart:2768:7)
#45     _RenderLayoutBuilder.performLayout (package:flutter/src/widgets/layout_builder.dart:449:14)
#46     RenderObject.layout (package:flutter/src/rendering/object.dart:2768:7)
#47     ChildLayoutHelper.layoutChild (package:flutter/src/rendering/layout_helper.dart:62:11)
#48     RenderFlex._computeSizes (package:flutter/src/rendering/flex.dart:1275:26)
#49     RenderFlex.performLayout (package:flutter/src/rendering/flex.dart:1329:32)
#50     RenderObject.layout (package:flutter/src/rendering/object.dart:2768:7)
#51     MultiChildLayoutDelegate.layoutChild (package:flutter/src/rendering/custom_layout.dart:180:12)
#52     _ScaffoldLayout.performLayout (package:flutter/src/material/scaffold.dart:1111:7)
#53     MultiChildLayoutDelegate._callPerformLayout (package:flutter/src/rendering/custom_layout.dart:246:7)
#54     RenderCustomMultiChildLayoutBox.performLayout (package:flutter/src/rendering/custom_layout.dart:417:14)
#55     RenderObject._layoutWithoutResize (package:flutter/src/rendering/object.dart:2616:7)
#56     PipelineOwner.flushLayout (package:flutter/src/rendering/object.dart:1174:18)
#57     PipelineOwner.flushLayout (package:flutter/src/rendering/object.dart:1187:15)
#58     AutomatedTestWidgetsFlutterBinding.drawFrame (package:flutter_test/src/binding.dart:2133:27)
#59     RendererBinding._handlePersistentFrameCallback (package:flutter/src/rendering/binding.dart:495:5)
#60     SchedulerBinding._invokeFrameCallback (package:flutter/src/scheduler/binding.dart:1430:15)
#61     SchedulerBinding.handleDrawFrame (package:flutter/src/scheduler/binding.dart:1345:9)
#62     AutomatedTestWidgetsFlutterBinding.pump.<anonymous closure> (package:flutter_test/src/binding.dart:1960:9)
#65     TestAsyncUtils.guard (package:flutter_test/src/test_async_utils.dart:74:41)
#66     AutomatedTestWidgetsFlutterBinding.pump (package:flutter_test/src/binding.dart:1949:27)
#67     WidgetTester.pump.<anonymous closure> (package:flutter_test/src/widget_tester.dart:652:53)
#70     TestAsyncUtils.guard (package:flutter_test/src/test_async_utils.dart:74:41)
#71     WidgetTester.pump (package:flutter_test/src/widget_tester.dart:652:27)
#72     main.<anonymous closure> (file:///C:/Users/User/.codex/worktrees/hadayah-wave4v2-integration/Streamer_app/project/test/map_tricity_widgets_test.dart:156:26)
<asynchronous suspension>
#73     testWidgets.<anonymous closure>.<anonymous closure> (package:flutter_test/src/widget_tester.dart:192:15)
<asynchronous suspension>
#74     TestWidgetsFlutterBinding._runTestBody (package:flutter_test/src/binding.dart:1682:5)
<asynchronous suspension>
<asynchronous suspension>
(elided 7 frames from class _AssertionError, dart:async, and package:stack_trace)

The following RenderObject was being processed when the exception was fired: RenderSemanticsAnnotations#da184 relayoutBoundary=up19 NEEDS-LAYOUT NEEDS-PAINT NEEDS-COMPOSITING-BITS-UPDATE:
  creator: Semantics ← Listener ← _GestureSemantics ←
    RawGestureDetector-[LabeledGlobalKey<RawGestureDetectorState>#ec6da] ← Listener ← _ScrollableScope
    ← _ScrollSemantics-[GlobalKey#c8de9] ← NotificationListener<ScrollMetricsNotification> ← Transform
    ← StretchEffect ← ClipRect ← AnimatedBuilder ← ⋯
  parentData: <none> (can use size)
  constraints: BoxConstraints(0.0<=w<=118.0, 0.0<=h<=238.0)
  size: MISSING
This RenderObject had the following descendants (showing up to depth 5):
    child: RenderIgnorePointer#17a61 relayoutBoundary=up20 NEEDS-PAINT NEEDS-COMPOSITING-BITS-UPDATE
      child: RenderShrinkWrappingViewport#2b574 relayoutBoundary=up21 NEEDS-PAINT NEEDS-COMPOSITING-BITS-UPDATE
        child 0: RenderSliverPadding#a6297 relayoutBoundary=up22 NEEDS-PAINT NEEDS-COMPOSITING-BITS-UPDATE
          child: RenderSliverList#5cade relayoutBoundary=up23 NEEDS-PAINT NEEDS-COMPOSITING-BITS-UPDATE
            child with index 0: RenderIndexedSemantics#57da1 relayoutBoundary=up24 NEEDS-PAINT NEEDS-COMPOSITING-BITS-UPDATE
════════════════════════════════════════════════════════════════════════════════════════════════════
══╡ EXCEPTION CAUGHT BY RENDERING LIBRARY ╞═════════════════════════════════════════════════════════
The following assertion was thrown during performLayout():
RenderBox was not laid out: RenderSemanticsAnnotations#da184 relayoutBoundary=up19 NEEDS-PAINT
NEEDS-COMPOSITING-BITS-UPDATE
'package:flutter/src/rendering/box.dart':
Failed assertion: line 2251 pos 12: 'hasSize'

Either the assertion indicates an error in the framework itself, or we should provide substantially
more information in this error message to help you determine and fix the underlying cause.
In either case, please report this assertion by filing a bug on GitHub:
  https://github.com/flutter/flutter/issues/new?template=02_bug.yml

The relevant error-causing widget was:
  ListView
  ListView:file:///C:/Users/User/.codex/worktrees/hadayah-wave4v2-integration/Streamer_app/project/lib/features/map/presentation/widgets/top_spatial_search_bar.dart:225:29

When the exception was thrown, this was the stack:
#2      RenderBox.size (package:flutter/src/rendering/box.dart:2251:12)
#3      RenderProxyBoxMixin.performLayout (package:flutter/src/rendering/proxy_box.dart:118:62)
#4      RenderObject.layout (package:flutter/src/rendering/object.dart:2768:7)
#5      RenderProxyBoxMixin.performLayout (package:flutter/src/rendering/proxy_box.dart:118:18)
#6      RenderObject.layout (package:flutter/src/rendering/object.dart:2768:7)
#7      RenderProxyBoxMixin.performLayout (package:flutter/src/rendering/proxy_box.dart:118:18)
#8      RenderObject.layout (package:flutter/src/rendering/object.dart:2768:7)
#9      RenderProxyBoxMixin.performLayout (package:flutter/src/rendering/proxy_box.dart:118:18)
#10     RenderObject.layout (package:flutter/src/rendering/object.dart:2768:7)
#11     RenderProxyBoxMixin.performLayout (package:flutter/src/rendering/proxy_box.dart:118:18)
#12     RenderObject.layout (package:flutter/src/rendering/object.dart:2768:7)
#13     RenderProxyBoxMixin.performLayout (package:flutter/src/rendering/proxy_box.dart:118:18)
#14     _RenderCustomClip.performLayout (package:flutter/src/rendering/proxy_box.dart:1549:11)
#15     RenderObject.layout (package:flutter/src/rendering/object.dart:2768:7)
#16     RenderPadding.performLayout (package:flutter/src/rendering/shifted_box.dart:262:12)
#17     RenderObject.layout (package:flutter/src/rendering/object.dart:2768:7)
#18     RenderProxyBoxMixin.performLayout (package:flutter/src/rendering/proxy_box.dart:118:18)
#19     RenderObject.layout (package:flutter/src/rendering/object.dart:2768:7)
#20     RenderConstrainedBox.performLayout (package:flutter/src/rendering/proxy_box.dart:296:14)
#21     RenderObject.layout (package:flutter/src/rendering/object.dart:2768:7)
#22     RenderPadding.performLayout (package:flutter/src/rendering/shifted_box.dart:262:12)
#23     RenderObject.layout (package:flutter/src/rendering/object.dart:2768:7)
#24     ChildLayoutHelper.layoutChild (package:flutter/src/rendering/layout_helper.dart:62:11)
#25     RenderFlex._computeSizes (package:flutter/src/rendering/flex.dart:1237:28)
#26     RenderFlex.performLayout (package:flutter/src/rendering/flex.dart:1329:32)
#27     RenderObject.layout (package:flutter/src/rendering/object.dart:2768:7)
#28     ChildLayoutHelper.layoutChild (package:flutter/src/rendering/layout_helper.dart:62:11)
#29     RenderFlex._computeSizes (package:flutter/src/rendering/flex.dart:1275:26)
#30     RenderFlex.performLayout (package:flutter/src/rendering/flex.dart:1329:32)
#31     RenderObject.layout (package:flutter/src/rendering/object.dart:2768:7)
#32     ChildLayoutHelper.layoutChild (package:flutter/src/rendering/layout_helper.dart:62:11)
#33     RenderFlex._computeSizes (package:flutter/src/rendering/flex.dart:1237:28)
#34     RenderFlex.performLayout (package:flutter/src/rendering/flex.dart:1329:32)
#35     RenderObject.layout (package:flutter/src/rendering/object.dart:2768:7)
#36     RenderPadding.performLayout (package:flutter/src/rendering/shifted_box.dart:262:12)
#37     RenderObject.layout (package:flutter/src/rendering/object.dart:2768:7)
#38     RenderPadding.performLayout (package:flutter/src/rendering/shifted_box.dart:262:12)
#39     RenderObject.layout (package:flutter/src/rendering/object.dart:2768:7)
#40     RenderStack.layoutPositionedChild (package:flutter/src/rendering/stack.dart:549:11)
#41     RenderStack.performLayout (package:flutter/src/rendering/stack.dart:691:13)
#42     RenderObject.layout (package:flutter/src/rendering/object.dart:2768:7)
#43     _RenderLayoutBuilder.performLayout (package:flutter/src/widgets/layout_builder.dart:449:14)
#44     RenderObject.layout (package:flutter/src/rendering/object.dart:2768:7)
#45     ChildLayoutHelper.layoutChild (package:flutter/src/rendering/layout_helper.dart:62:11)
#46     RenderFlex._computeSizes (package:flutter/src/rendering/flex.dart:1275:26)
#47     RenderFlex.performLayout (package:flutter/src/rendering/flex.dart:1329:32)
#48     RenderObject.layout (package:flutter/src/rendering/object.dart:2768:7)
#49     MultiChildLayoutDelegate.layoutChild (package:flutter/src/rendering/custom_layout.dart:180:12)
#50     _ScaffoldLayout.performLayout (package:flutter/src/material/scaffold.dart:1111:7)
#51     MultiChildLayoutDelegate._callPerformLayout (package:flutter/src/rendering/custom_layout.dart:246:7)
#52     RenderCustomMultiChildLayoutBox.performLayout (package:flutter/src/rendering/custom_layout.dart:417:14)
#53     RenderObject._layoutWithoutResize (package:flutter/src/rendering/object.dart:2616:7)
#54     PipelineOwner.flushLayout (package:flutter/src/rendering/object.dart:1174:18)
#55     PipelineOwner.flushLayout (package:flutter/src/rendering/object.dart:1187:15)
#56     AutomatedTestWidgetsFlutterBinding.drawFrame (package:flutter_test/src/binding.dart:2133:27)
#57     RendererBinding._handlePersistentFrameCallback (package:flutter/src/rendering/binding.dart:495:5)
#58     SchedulerBinding._invokeFrameCallback (package:flutter/src/scheduler/binding.dart:1430:15)
#59     SchedulerBinding.handleDrawFrame (package:flutter/src/scheduler/binding.dart:1345:9)
#60     AutomatedTestWidgetsFlutterBinding.pump.<anonymous closure> (package:flutter_test/src/binding.dart:1960:9)
#63     TestAsyncUtils.guard (package:flutter_test/src/test_async_utils.dart:74:41)
#64     AutomatedTestWidgetsFlutterBinding.pump (package:flutter_test/src/binding.dart:1949:27)
#65     WidgetTester.pump.<anonymous closure> (package:flutter_test/src/widget_tester.dart:652:53)
#68     TestAsyncUtils.guard (package:flutter_test/src/test_async_utils.dart:74:41)
#69     WidgetTester.pump (package:flutter_test/src/widget_tester.dart:652:27)
#70     main.<anonymous closure> (file:///C:/Users/User/.codex/worktrees/hadayah-wave4v2-integration/Streamer_app/project/test/map_tricity_widgets_test.dart:156:26)
<asynchronous suspension>
#71     testWidgets.<anonymous closure>.<anonymous closure> (package:flutter_test/src/widget_tester.dart:192:15)
<asynchronous suspension>
#72     TestWidgetsFlutterBinding._runTestBody (package:flutter_test/src/binding.dart:1682:5)
<asynchronous suspension>
<asynchronous suspension>
(elided 7 frames from class _AssertionError, dart:async, and package:stack_trace)

The following RenderObject was being processed when the exception was fired: RenderPointerListener#2085a relayoutBoundary=up18 NEEDS-LAYOUT NEEDS-PAINT NEEDS-COMPOSITING-BITS-UPDATE:
  creator: Listener ← _GestureSemantics ←
    RawGestureDetector-[LabeledGlobalKey<RawGestureDetectorState>#ec6da] ← Listener ← _ScrollableScope
    ← _ScrollSemantics-[GlobalKey#c8de9] ← NotificationListener<ScrollMetricsNotification> ← Transform
    ← StretchEffect ← ClipRect ← AnimatedBuilder ← NotificationListener<ScrollNotification> ← ⋯
  parentData: <none> (can use size)
  constraints: BoxConstraints(0.0<=w<=118.0, 0.0<=h<=238.0)
  size: MISSING
  behavior: opaque
  listeners: down, panZoomStart
This RenderObject had the following descendants (showing up to depth 5):
    child: RenderSemanticsAnnotations#da184 relayoutBoundary=up19 NEEDS-PAINT NEEDS-COMPOSITING-BITS-UPDATE
      child: RenderIgnorePointer#17a61 relayoutBoundary=up20 NEEDS-PAINT NEEDS-COMPOSITING-BITS-UPDATE
        child: RenderShrinkWrappingViewport#2b574 relayoutBoundary=up21 NEEDS-PAINT NEEDS-COMPOSITING-BITS-UPDATE
          child 0: RenderSliverPadding#a6297 relayoutBoundary=up22 NEEDS-PAINT NEEDS-COMPOSITING-BITS-UPDATE
            child: RenderSliverList#5cade relayoutBoundary=up23 NEEDS-PAINT NEEDS-COMPOSITING-BITS-UPDATE
════════════════════════════════════════════════════════════════════════════════════════════════════
══╡ EXCEPTION CAUGHT BY RENDERING LIBRARY ╞═════════════════════════════════════════════════════════
The following assertion was thrown during performLayout():
RenderBox was not laid out: RenderPointerListener#2085a relayoutBoundary=up18 NEEDS-PAINT
NEEDS-COMPOSITING-BITS-UPDATE
'package:flutter/src/rendering/box.dart':
Failed assertion: line 2251 pos 12: 'hasSize'

Either the assertion indicates an error in the framework itself, or we should provide substantially
more information in this error message to help you determine and fix the underlying cause.
In either case, please report this assertion by filing a bug on GitHub:
  https://github.com/flutter/flutter/issues/new?template=02_bug.yml

The relevant error-causing widget was:
  ListView
  ListView:file:///C:/Users/User/.codex/worktrees/hadayah-wave4v2-integration/Streamer_app/project/lib/features/map/presentation/widgets/top_spatial_search_bar.dart:225:29

When the exception was thrown, this was the stack:
#2      RenderBox.size (package:flutter/src/rendering/box.dart:2251:12)
#3      RenderProxyBoxMixin.performLayout (package:flutter/src/rendering/proxy_box.dart:118:62)
#4      RenderObject.layout (package:flutter/src/rendering/object.dart:2768:7)
#5      RenderProxyBoxMixin.performLayout (package:flutter/src/rendering/proxy_box.dart:118:18)
#6      RenderObject.layout (package:flutter/src/rendering/object.dart:2768:7)
#7      RenderProxyBoxMixin.performLayout (package:flutter/src/rendering/proxy_box.dart:118:18)
#8      RenderObject.layout (package:flutter/src/rendering/object.dart:2768:7)
#9      RenderProxyBoxMixin.performLayout (package:flutter/src/rendering/proxy_box.dart:118:18)
#10     RenderObject.layout (package:flutter/src/rendering/object.dart:2768:7)
#11     RenderProxyBoxMixin.performLayout (package:flutter/src/rendering/proxy_box.dart:118:18)
#12     _RenderCustomClip.performLayout (package:flutter/src/rendering/proxy_box.dart:1549:11)
#13     RenderObject.layout (package:flutter/src/rendering/object.dart:2768:7)
#14     RenderPadding.performLayout (package:flutter/src/rendering/shifted_box.dart:262:12)
#15     RenderObject.layout (package:flutter/src/rendering/object.dart:2768:7)
#16     RenderProxyBoxMixin.performLayout (package:flutter/src/rendering/proxy_box.dart:118:18)
#17     RenderObject.layout (package:flutter/src/rendering/object.dart:2768:7)
#18     RenderConstrainedBox.performLayout (package:flutter/src/rendering/proxy_box.dart:296:14)
#19     RenderObject.layout (package:flutter/src/rendering/object.dart:2768:7)
#20     RenderPadding.performLayout (package:flutter/src/rendering/shifted_box.dart:262:12)
#21     RenderObject.layout (package:flutter/src/rendering/object.dart:2768:7)
#22     ChildLayoutHelper.layoutChild (package:flutter/src/rendering/layout_helper.dart:62:11)
#23     RenderFlex._computeSizes (package:flutter/src/rendering/flex.dart:1237:28)
#24     RenderFlex.performLayout (package:flutter/src/rendering/flex.dart:1329:32)
#25     RenderObject.layout (package:flutter/src/rendering/object.dart:2768:7)
#26     ChildLayoutHelper.layoutChild (package:flutter/src/rendering/layout_helper.dart:62:11)
#27     RenderFlex._computeSizes (package:flutter/src/rendering/flex.dart:1275:26)
#28     RenderFlex.performLayout (package:flutter/src/rendering/flex.dart:1329:32)
#29     RenderObject.layout (package:flutter/src/rendering/object.dart:2768:7)
#30     ChildLayoutHelper.layoutChild (package:flutter/src/rendering/layout_helper.dart:62:11)
#31     RenderFlex._computeSizes (package:flutter/src/rendering/flex.dart:1237:28)
#32     RenderFlex.performLayout (package:flutter/src/rendering/flex.dart:1329:32)
#33     RenderObject.layout (package:flutter/src/rendering/object.dart:2768:7)
#34     RenderPadding.performLayout (package:flutter/src/rendering/shifted_box.dart:262:12)
#35     RenderObject.layout (package:flutter/src/rendering/object.dart:2768:7)
#36     RenderPadding.performLayout (package:flutter/src/rendering/shifted_box.dart:262:12)
#37     RenderObject.layout (package:flutter/src/rendering/object.dart:2768:7)
#38     RenderStack.layoutPositionedChild (package:flutter/src/rendering/stack.dart:549:11)
#39     RenderStack.performLayout (package:flutter/src/rendering/stack.dart:691:13)
#40     RenderObject.layout (package:flutter/src/rendering/object.dart:2768:7)
#41     _RenderLayoutBuilder.performLayout (package:flutter/src/widgets/layout_builder.dart:449:14)
#42     RenderObject.layout (package:flutter/src/rendering/object.dart:2768:7)
#43     ChildLayoutHelper.layoutChild (package:flutter/src/rendering/layout_helper.dart:62:11)
#44     RenderFlex._computeSizes (package:flutter/src/rendering/flex.dart:1275:26)
#45     RenderFlex.performLayout (package:flutter/src/rendering/flex.dart:1329:32)
#46     RenderObject.layout (package:flutter/src/rendering/object.dart:2768:7)
#47     MultiChildLayoutDelegate.layoutChild (package:flutter/src/rendering/custom_layout.dart:180:12)
#48     _ScaffoldLayout.performLayout (package:flutter/src/material/scaffold.dart:1111:7)
#49     MultiChildLayoutDelegate._callPerformLayout (package:flutter/src/rendering/custom_layout.dart:246:7)
#50     RenderCustomMultiChildLayoutBox.performLayout (package:flutter/src/rendering/custom_layout.dart:417:14)
#51     RenderObject._layoutWithoutResize (package:flutter/src/rendering/object.dart:2616:7)
#52     PipelineOwner.flushLayout (package:flutter/src/rendering/object.dart:1174:18)
#53     PipelineOwner.flushLayout (package:flutter/src/rendering/object.dart:1187:15)
#54     AutomatedTestWidgetsFlutterBinding.drawFrame (package:flutter_test/src/binding.dart:2133:27)
#55     RendererBinding._handlePersistentFrameCallback (package:flutter/src/rendering/binding.dart:495:5)
#56     SchedulerBinding._invokeFrameCallback (package:flutter/src/scheduler/binding.dart:1430:15)
#57     SchedulerBinding.handleDrawFrame (package:flutter/src/scheduler/binding.dart:1345:9)
#58     AutomatedTestWidgetsFlutterBinding.pump.<anonymous closure> (package:flutter_test/src/binding.dart:1960:9)
#61     TestAsyncUtils.guard (package:flutter_test/src/test_async_utils.dart:74:41)
#62     AutomatedTestWidgetsFlutterBinding.pump (package:flutter_test/src/binding.dart:1949:27)
#63     WidgetTester.pump.<anonymous closure> (package:flutter_test/src/widget_tester.dart:652:53)
#66     TestAsyncUtils.guard (package:flutter_test/src/test_async_utils.dart:74:41)
#67     WidgetTester.pump (package:flutter_test/src/widget_tester.dart:652:27)
#68     main.<anonymous closure> (file:///C:/Users/User/.codex/worktrees/hadayah-wave4v2-integration/Streamer_app/project/test/map_tricity_widgets_test.dart:156:26)
<asynchronous suspension>
#69     testWidgets.<anonymous closure>.<anonymous closure> (package:flutter_test/src/widget_tester.dart:192:15)
<asynchronous suspension>
#70     TestWidgetsFlutterBinding._runTestBody (package:flutter_test/src/binding.dart:1682:5)
<asynchronous suspension>
<asynchronous suspension>
(elided 7 frames from class _AssertionError, dart:async, and package:stack_trace)

The following RenderObject was being processed when the exception was fired: RenderSemanticsGestureHandler#55114 relayoutBoundary=up17 NEEDS-LAYOUT NEEDS-PAINT NEEDS-COMPOSITING-BITS-UPDATE:
  creator: _GestureSemantics ← RawGestureDetector-[LabeledGlobalKey<RawGestureDetectorState>#ec6da] ←
    Listener ← _ScrollableScope ← _ScrollSemantics-[GlobalKey#c8de9] ←
    NotificationListener<ScrollMetricsNotification> ← Transform ← StretchEffect ← ClipRect ←
    AnimatedBuilder ← NotificationListener<ScrollNotification> ← StretchingOverscrollIndicator ← ⋯
  parentData: <none> (can use size)
  constraints: BoxConstraints(0.0<=w<=118.0, 0.0<=h<=238.0)
  size: MISSING
  behavior: opaque
  gestures: <none>
This RenderObject had the following descendants (showing up to depth 5):
    child: RenderPointerListener#2085a relayoutBoundary=up18 NEEDS-PAINT NEEDS-COMPOSITING-BITS-UPDATE
      child: RenderSemanticsAnnotations#da184 relayoutBoundary=up19 NEEDS-PAINT NEEDS-COMPOSITING-BITS-UPDATE
        child: RenderIgnorePointer#17a61 relayoutBoundary=up20 NEEDS-PAINT NEEDS-COMPOSITING-BITS-UPDATE
          child: RenderShrinkWrappingViewport#2b574 relayoutBoundary=up21 NEEDS-PAINT NEEDS-COMPOSITING-BITS-UPDATE
            child 0: RenderSliverPadding#a6297 relayoutBoundary=up22 NEEDS-PAINT NEEDS-COMPOSITING-BITS-UPDATE
════════════════════════════════════════════════════════════════════════════════════════════════════
══╡ EXCEPTION CAUGHT BY RENDERING LIBRARY ╞═════════════════════════════════════════════════════════
The following assertion was thrown during performLayout():
RenderBox was not laid out: RenderSemanticsGestureHandler#55114 relayoutBoundary=up17 NEEDS-PAINT
NEEDS-COMPOSITING-BITS-UPDATE
'package:flutter/src/rendering/box.dart':
Failed assertion: line 2251 pos 12: 'hasSize'

Either the assertion indicates an error in the framework itself, or we should provide substantially
more information in this error message to help you determine and fix the underlying cause.
In either case, please report this assertion by filing a bug on GitHub:
  https://github.com/flutter/flutter/issues/new?template=02_bug.yml

The relevant error-causing widget was:
  ListView
  ListView:file:///C:/Users/User/.codex/worktrees/hadayah-wave4v2-integration/Streamer_app/project/lib/features/map/presentation/widgets/top_spatial_search_bar.dart:225:29

When the exception was thrown, this was the stack:
#2      RenderBox.size (package:flutter/src/rendering/box.dart:2251:12)
#3      RenderProxyBoxMixin.performLayout (package:flutter/src/rendering/proxy_box.dart:118:62)
#4      RenderObject.layout (package:flutter/src/rendering/object.dart:2768:7)
#5      RenderProxyBoxMixin.performLayout (package:flutter/src/rendering/proxy_box.dart:118:18)
#6      RenderObject.layout (package:flutter/src/rendering/object.dart:2768:7)
#7      RenderProxyBoxMixin.performLayout (package:flutter/src/rendering/proxy_box.dart:118:18)
#8      RenderObject.layout (package:flutter/src/rendering/object.dart:2768:7)
#9      RenderProxyBoxMixin.performLayout (package:flutter/src/rendering/proxy_box.dart:118:18)
#10     _RenderCustomClip.performLayout (package:flutter/src/rendering/proxy_box.dart:1549:11)
#11     RenderObject.layout (package:flutter/src/rendering/object.dart:2768:7)
#12     RenderPadding.performLayout (package:flutter/src/rendering/shifted_box.dart:262:12)
#13     RenderObject.layout (package:flutter/src/rendering/object.dart:2768:7)
#14     RenderProxyBoxMixin.performLayout (package:flutter/src/rendering/proxy_box.dart:118:18)
#15     RenderObject.layout (package:flutter/src/rendering/object.dart:2768:7)
#16     RenderConstrainedBox.performLayout (package:flutter/src/rendering/proxy_box.dart:296:14)
#17     RenderObject.layout (package:flutter/src/rendering/object.dart:2768:7)
#18     RenderPadding.performLayout (package:flutter/src/rendering/shifted_box.dart:262:12)
#19     RenderObject.layout (package:flutter/src/rendering/object.dart:2768:7)
#20     ChildLayoutHelper.layoutChild (package:flutter/src/rendering/layout_helper.dart:62:11)
#21     RenderFlex._computeSizes (package:flutter/src/rendering/flex.dart:1237:28)
#22     RenderFlex.performLayout (package:flutter/src/rendering/flex.dart:1329:32)
#23     RenderObject.layout (package:flutter/src/rendering/object.dart:2768:7)
#24     ChildLayoutHelper.layoutChild (package:flutter/src/rendering/layout_helper.dart:62:11)
#25     RenderFlex._computeSizes (package:flutter/src/rendering/flex.dart:1275:26)
#26     RenderFlex.performLayout (package:flutter/src/rendering/flex.dart:1329:32)
#27     RenderObject.layout (package:flutter/src/rendering/object.dart:2768:7)
#28     ChildLayoutHelper.layoutChild (package:flutter/src/rendering/layout_helper.dart:62:11)
#29     RenderFlex._computeSizes (package:flutter/src/rendering/flex.dart:1237:28)
#30     RenderFlex.performLayout (package:flutter/src/rendering/flex.dart:1329:32)
#31     RenderObject.layout (package:flutter/src/rendering/object.dart:2768:7)
#32     RenderPadding.performLayout (package:flutter/src/rendering/shifted_box.dart:262:12)
#33     RenderObject.layout (package:flutter/src/rendering/object.dart:2768:7)
#34     RenderPadding.performLayout (package:flutter/src/rendering/shifted_box.dart:262:12)
#35     RenderObject.layout (package:flutter/src/rendering/object.dart:2768:7)
#36     RenderStack.layoutPositionedChild (package:flutter/src/rendering/stack.dart:549:11)
#37     RenderStack.performLayout (package:flutter/src/rendering/stack.dart:691:13)
#38     RenderObject.layout (package:flutter/src/rendering/object.dart:2768:7)
#39     _RenderLayoutBuilder.performLayout (package:flutter/src/widgets/layout_builder.dart:449:14)
#40     RenderObject.layout (package:flutter/src/rendering/object.dart:2768:7)
#41     ChildLayoutHelper.layoutChild (package:flutter/src/rendering/layout_helper.dart:62:11)
#42     RenderFlex._computeSizes (package:flutter/src/rendering/flex.dart:1275:26)
#43     RenderFlex.performLayout (package:flutter/src/rendering/flex.dart:1329:32)
#44     RenderObject.layout (package:flutter/src/rendering/object.dart:2768:7)
#45     MultiChildLayoutDelegate.layoutChild (package:flutter/src/rendering/custom_layout.dart:180:12)
#46     _ScaffoldLayout.performLayout (package:flutter/src/material/scaffold.dart:1111:7)
#47     MultiChildLayoutDelegate._callPerformLayout (package:flutter/src/rendering/custom_layout.dart:246:7)
#48     RenderCustomMultiChildLayoutBox.performLayout (package:flutter/src/rendering/custom_layout.dart:417:14)
#49     RenderObject._layoutWithoutResize (package:flutter/src/rendering/object.dart:2616:7)
#50     PipelineOwner.flushLayout (package:flutter/src/rendering/object.dart:1174:18)
#51     PipelineOwner.flushLayout (package:flutter/src/rendering/object.dart:1187:15)
#52     AutomatedTestWidgetsFlutterBinding.drawFrame (package:flutter_test/src/binding.dart:2133:27)
#53     RendererBinding._handlePersistentFrameCallback (package:flutter/src/rendering/binding.dart:495:5)
#54     SchedulerBinding._invokeFrameCallback (package:flutter/src/scheduler/binding.dart:1430:15)
#55     SchedulerBinding.handleDrawFrame (package:flutter/src/scheduler/binding.dart:1345:9)
#56     AutomatedTestWidgetsFlutterBinding.pump.<anonymous closure> (package:flutter_test/src/binding.dart:1960:9)
#59     TestAsyncUtils.guard (package:flutter_test/src/test_async_utils.dart:74:41)
#60     AutomatedTestWidgetsFlutterBinding.pump (package:flutter_test/src/binding.dart:1949:27)
#61     WidgetTester.pump.<anonymous closure> (package:flutter_test/src/widget_tester.dart:652:53)
#64     TestAsyncUtils.guard (package:flutter_test/src/test_async_utils.dart:74:41)
#65     WidgetTester.pump (package:flutter_test/src/widget_tester.dart:652:27)
#66     main.<anonymous closure> (file:///C:/Users/User/.codex/worktrees/hadayah-wave4v2-integration/Streamer_app/project/test/map_tricity_widgets_test.dart:156:26)
<asynchronous suspension>
#67     testWidgets.<anonymous closure>.<anonymous closure> (package:flutter_test/src/widget_tester.dart:192:15)
<asynchronous suspension>
#68     TestWidgetsFlutterBinding._runTestBody (package:flutter_test/src/binding.dart:1682:5)
<asynchronous suspension>
<asynchronous suspension>
(elided 7 frames from class _AssertionError, dart:async, and package:stack_trace)

The following RenderObject was being processed when the exception was fired: RenderPointerListener#cb3d0 relayoutBoundary=up16 NEEDS-LAYOUT NEEDS-PAINT NEEDS-COMPOSITING-BITS-UPDATE:
  creator: Listener ← _ScrollableScope ← _ScrollSemantics-[GlobalKey#c8de9] ←
    NotificationListener<ScrollMetricsNotification> ← Transform ← StretchEffect ← ClipRect ←
    AnimatedBuilder ← NotificationListener<ScrollNotification> ← StretchingOverscrollIndicator ←
    Scrollable ← PrimaryScrollController ← ⋯
  parentData: <none> (can use size)
  constraints: BoxConstraints(0.0<=w<=118.0, 0.0<=h<=238.0)
  size: MISSING
  behavior: deferToChild
  listeners: signal
This RenderObject had the following descendants (showing up to depth 5):
    child: RenderSemanticsGestureHandler#55114 relayoutBoundary=up17 NEEDS-PAINT NEEDS-COMPOSITING-BITS-UPDATE
      child: RenderPointerListener#2085a relayoutBoundary=up18 NEEDS-PAINT NEEDS-COMPOSITING-BITS-UPDATE
        child: RenderSemanticsAnnotations#da184 relayoutBoundary=up19 NEEDS-PAINT NEEDS-COMPOSITING-BITS-UPDATE
          child: RenderIgnorePointer#17a61 relayoutBoundary=up20 NEEDS-PAINT NEEDS-COMPOSITING-BITS-UPDATE
            child: RenderShrinkWrappingViewport#2b574 relayoutBoundary=up21 NEEDS-PAINT NEEDS-COMPOSITING-BITS-UPDATE
════════════════════════════════════════════════════════════════════════════════════════════════════
══╡ EXCEPTION CAUGHT BY RENDERING LIBRARY ╞═════════════════════════════════════════════════════════
The following assertion was thrown during performLayout():
RenderBox was not laid out: RenderPointerListener#cb3d0 relayoutBoundary=up16 NEEDS-PAINT
NEEDS-COMPOSITING-BITS-UPDATE
'package:flutter/src/rendering/box.dart':
Failed assertion: line 2251 pos 12: 'hasSize'

Either the assertion indicates an error in the framework itself, or we should provide substantially
more information in this error message to help you determine and fix the underlying cause.
In either case, please report this assertion by filing a bug on GitHub:
  https://github.com/flutter/flutter/issues/new?template=02_bug.yml

The relevant error-causing widget was:
  ListView
  ListView:file:///C:/Users/User/.codex/worktrees/hadayah-wave4v2-integration/Streamer_app/project/lib/features/map/presentation/widgets/top_spatial_search_bar.dart:225:29

When the exception was thrown, this was the stack:
#2      RenderBox.size (package:flutter/src/rendering/box.dart:2251:12)
#3      RenderProxyBoxMixin.performLayout (package:flutter/src/rendering/proxy_box.dart:118:62)
#4      RenderObject.layout (package:flutter/src/rendering/object.dart:2768:7)
#5      RenderProxyBoxMixin.performLayout (package:flutter/src/rendering/proxy_box.dart:118:18)
#6      RenderObject.layout (package:flutter/src/rendering/object.dart:2768:7)
#7      RenderProxyBoxMixin.performLayout (package:flutter/src/rendering/proxy_box.dart:118:18)
#8      _RenderCustomClip.performLayout (package:flutter/src/rendering/proxy_box.dart:1549:11)
#9      RenderObject.layout (package:flutter/src/rendering/object.dart:2768:7)
#10     RenderPadding.performLayout (package:flutter/src/rendering/shifted_box.dart:262:12)
#11     RenderObject.layout (package:flutter/src/rendering/object.dart:2768:7)
#12     RenderProxyBoxMixin.performLayout (package:flutter/src/rendering/proxy_box.dart:118:18)
#13     RenderObject.layout (package:flutter/src/rendering/object.dart:2768:7)
#14     RenderConstrainedBox.performLayout (package:flutter/src/rendering/proxy_box.dart:296:14)
#15     RenderObject.layout (package:flutter/src/rendering/object.dart:2768:7)
#16     RenderPadding.performLayout (package:flutter/src/rendering/shifted_box.dart:262:12)
#17     RenderObject.layout (package:flutter/src/rendering/object.dart:2768:7)
#18     ChildLayoutHelper.layoutChild (package:flutter/src/rendering/layout_helper.dart:62:11)
#19     RenderFlex._computeSizes (package:flutter/src/rendering/flex.dart:1237:28)
#20     RenderFlex.performLayout (package:flutter/src/rendering/flex.dart:1329:32)
#21     RenderObject.layout (package:flutter/src/rendering/object.dart:2768:7)
#22     ChildLayoutHelper.layoutChild (package:flutter/src/rendering/layout_helper.dart:62:11)
#23     RenderFlex._computeSizes (package:flutter/src/rendering/flex.dart:1275:26)
#24     RenderFlex.performLayout (package:flutter/src/rendering/flex.dart:1329:32)
#25     RenderObject.layout (package:flutter/src/rendering/object.dart:2768:7)
#26     ChildLayoutHelper.layoutChild (package:flutter/src/rendering/layout_helper.dart:62:11)
#27     RenderFlex._computeSizes (package:flutter/src/rendering/flex.dart:1237:28)
#28     RenderFlex.performLayout (package:flutter/src/rendering/flex.dart:1329:32)
#29     RenderObject.layout (package:flutter/src/rendering/object.dart:2768:7)
#30     RenderPadding.performLayout (package:flutter/src/rendering/shifted_box.dart:262:12)
#31     RenderObject.layout (package:flutter/src/rendering/object.dart:2768:7)
#32     RenderPadding.performLayout (package:flutter/src/rendering/shifted_box.dart:262:12)
#33     RenderObject.layout (package:flutter/src/rendering/object.dart:2768:7)
#34     RenderStack.layoutPositionedChild (package:flutter/src/rendering/stack.dart:549:11)
#35     RenderStack.performLayout (package:flutter/src/rendering/stack.dart:691:13)
#36     RenderObject.layout (package:flutter/src/rendering/object.dart:2768:7)
#37     _RenderLayoutBuilder.performLayout (package:flutter/src/widgets/layout_builder.dart:449:14)
#38     RenderObject.layout (package:flutter/src/rendering/object.dart:2768:7)
#39     ChildLayoutHelper.layoutChild (package:flutter/src/rendering/layout_helper.dart:62:11)
#40     RenderFlex._computeSizes (package:flutter/src/rendering/flex.dart:1275:26)
#41     RenderFlex.performLayout (package:flutter/src/rendering/flex.dart:1329:32)
#42     RenderObject.layout (package:flutter/src/rendering/object.dart:2768:7)
#43     MultiChildLayoutDelegate.layoutChild (package:flutter/src/rendering/custom_layout.dart:180:12)
#44     _ScaffoldLayout.performLayout (package:flutter/src/material/scaffold.dart:1111:7)
#45     MultiChildLayoutDelegate._callPerformLayout (package:flutter/src/rendering/custom_layout.dart:246:7)
#46     RenderCustomMultiChildLayoutBox.performLayout (package:flutter/src/rendering/custom_layout.dart:417:14)
#47     RenderObject._layoutWithoutResize (package:flutter/src/rendering/object.dart:2616:7)
#48     PipelineOwner.flushLayout (package:flutter/src/rendering/object.dart:1174:18)
#49     PipelineOwner.flushLayout (package:flutter/src/rendering/object.dart:1187:15)
#50     AutomatedTestWidgetsFlutterBinding.drawFrame (package:flutter_test/src/binding.dart:2133:27)
#51     RendererBinding._handlePersistentFrameCallback (package:flutter/src/rendering/binding.dart:495:5)
#52     SchedulerBinding._invokeFrameCallback (package:flutter/src/scheduler/binding.dart:1430:15)
#53     SchedulerBinding.handleDrawFrame (package:flutter/src/scheduler/binding.dart:1345:9)
#54     AutomatedTestWidgetsFlutterBinding.pump.<anonymous closure> (package:flutter_test/src/binding.dart:1960:9)
#57     TestAsyncUtils.guard (package:flutter_test/src/test_async_utils.dart:74:41)
#58     AutomatedTestWidgetsFlutterBinding.pump (package:flutter_test/src/binding.dart:1949:27)
#59     WidgetTester.pump.<anonymous closure> (package:flutter_test/src/widget_tester.dart:652:53)
#62     TestAsyncUtils.guard (package:flutter_test/src/test_async_utils.dart:74:41)
#63     WidgetTester.pump (package:flutter_test/src/widget_tester.dart:652:27)
#64     main.<anonymous closure> (file:///C:/Users/User/.codex/worktrees/hadayah-wave4v2-integration/Streamer_app/project/test/map_tricity_widgets_test.dart:156:26)
<asynchronous suspension>
#65     testWidgets.<anonymous closure>.<anonymous closure> (package:flutter_test/src/widget_tester.dart:192:15)
<asynchronous suspension>
#66     TestWidgetsFlutterBinding._runTestBody (package:flutter_test/src/binding.dart:1682:5)
<asynchronous suspension>
<asynchronous suspension>
(elided 7 frames from class _AssertionError, dart:async, and package:stack_trace)

The following RenderObject was being processed when the exception was fired: _RenderScrollSemantics#47396 relayoutBoundary=up15 NEEDS-LAYOUT NEEDS-PAINT NEEDS-COMPOSITING-BITS-UPDATE:
  creator: _ScrollSemantics-[GlobalKey#c8de9] ← NotificationListener<ScrollMetricsNotification> ←
    Transform ← StretchEffect ← ClipRect ← AnimatedBuilder ← NotificationListener<ScrollNotification>
    ← StretchingOverscrollIndicator ← Scrollable ← PrimaryScrollController ← ListView ← Padding ← ⋯
  parentData: <none> (can use size)
  constraints: BoxConstraints(0.0<=w<=118.0, 0.0<=h<=238.0)
  semantic boundary
  size: MISSING
This RenderObject had the following descendants (showing up to depth 5):
    child: RenderPointerListener#cb3d0 relayoutBoundary=up16 NEEDS-PAINT NEEDS-COMPOSITING-BITS-UPDATE
      child: RenderSemanticsGestureHandler#55114 relayoutBoundary=up17 NEEDS-PAINT NEEDS-COMPOSITING-BITS-UPDATE
        child: RenderPointerListener#2085a relayoutBoundary=up18 NEEDS-PAINT NEEDS-COMPOSITING-BITS-UPDATE
          child: RenderSemanticsAnnotations#da184 relayoutBoundary=up19 NEEDS-PAINT NEEDS-COMPOSITING-BITS-UPDATE
            child: RenderIgnorePointer#17a61 relayoutBoundary=up20 NEEDS-PAINT NEEDS-COMPOSITING-BITS-UPDATE
════════════════════════════════════════════════════════════════════════════════════════════════════
══╡ EXCEPTION CAUGHT BY RENDERING LIBRARY ╞═════════════════════════════════════════════════════════
The following assertion was thrown during performLayout():
RenderBox was not laid out: _RenderScrollSemantics#47396 relayoutBoundary=up15 NEEDS-PAINT
NEEDS-COMPOSITING-BITS-UPDATE
'package:flutter/src/rendering/box.dart':
Failed assertion: line 2251 pos 12: 'hasSize'

Either the assertion indicates an error in the framework itself, or we should provide substantially
more information in this error message to help you determine and fix the underlying cause.
In either case, please report this assertion by filing a bug on GitHub:
  https://github.com/flutter/flutter/issues/new?template=02_bug.yml

The relevant error-causing widget was:
  ListView
  ListView:file:///C:/Users/User/.codex/worktrees/hadayah-wave4v2-integration/Streamer_app/project/lib/features/map/presentation/widgets/top_spatial_search_bar.dart:225:29

When the exception was thrown, this was the stack:
#2      RenderBox.size (package:flutter/src/rendering/box.dart:2251:12)
#3      RenderProxyBoxMixin.performLayout (package:flutter/src/rendering/proxy_box.dart:118:62)
#4      RenderObject.layout (package:flutter/src/rendering/object.dart:2768:7)
#5      RenderProxyBoxMixin.performLayout (package:flutter/src/rendering/proxy_box.dart:118:18)
#6      _RenderCustomClip.performLayout (package:flutter/src/rendering/proxy_box.dart:1549:11)
#7      RenderObject.layout (package:flutter/src/rendering/object.dart:2768:7)
#8      RenderPadding.performLayout (package:flutter/src/rendering/shifted_box.dart:262:12)
#9      RenderObject.layout (package:flutter/src/rendering/object.dart:2768:7)
#10     RenderProxyBoxMixin.performLayout (package:flutter/src/rendering/proxy_box.dart:118:18)
#11     RenderObject.layout (package:flutter/src/rendering/object.dart:2768:7)
#12     RenderConstrainedBox.performLayout (package:flutter/src/rendering/proxy_box.dart:296:14)
#13     RenderObject.layout (package:flutter/src/rendering/object.dart:2768:7)
#14     RenderPadding.performLayout (package:flutter/src/rendering/shifted_box.dart:262:12)
#15     RenderObject.layout (package:flutter/src/rendering/object.dart:2768:7)
#16     ChildLayoutHelper.layoutChild (package:flutter/src/rendering/layout_helper.dart:62:11)
#17     RenderFlex._computeSizes (package:flutter/src/rendering/flex.dart:1237:28)
#18     RenderFlex.performLayout (package:flutter/src/rendering/flex.dart:1329:32)
#19     RenderObject.layout (package:flutter/src/rendering/object.dart:2768:7)
#20     ChildLayoutHelper.layoutChild (package:flutter/src/rendering/layout_helper.dart:62:11)
#21     RenderFlex._computeSizes (package:flutter/src/rendering/flex.dart:1275:26)
#22     RenderFlex.performLayout (package:flutter/src/rendering/flex.dart:1329:32)
#23     RenderObject.layout (package:flutter/src/rendering/object.dart:2768:7)
#24     ChildLayoutHelper.layoutChild (package:flutter/src/rendering/layout_helper.dart:62:11)
#25     RenderFlex._computeSizes (package:flutter/src/rendering/flex.dart:1237:28)
#26     RenderFlex.performLayout (package:flutter/src/rendering/flex.dart:1329:32)
#27     RenderObject.layout (package:flutter/src/rendering/object.dart:2768:7)
#28     RenderPadding.performLayout (package:flutter/src/rendering/shifted_box.dart:262:12)
#29     RenderObject.layout (package:flutter/src/rendering/object.dart:2768:7)
#30     RenderPadding.performLayout (package:flutter/src/rendering/shifted_box.dart:262:12)
#31     RenderObject.layout (package:flutter/src/rendering/object.dart:2768:7)
#32     RenderStack.layoutPositionedChild (package:flutter/src/rendering/stack.dart:549:11)
#33     RenderStack.performLayout (package:flutter/src/rendering/stack.dart:691:13)
#34     RenderObject.layout (package:flutter/src/rendering/object.dart:2768:7)
#35     _RenderLayoutBuilder.performLayout (package:flutter/src/widgets/layout_builder.dart:449:14)
#36     RenderObject.layout (package:flutter/src/rendering/object.dart:2768:7)
#37     ChildLayoutHelper.layoutChild (package:flutter/src/rendering/layout_helper.dart:62:11)
#38     RenderFlex._computeSizes (package:flutter/src/rendering/flex.dart:1275:26)
#39     RenderFlex.performLayout (package:flutter/src/rendering/flex.dart:1329:32)
#40     RenderObject.layout (package:flutter/src/rendering/object.dart:2768:7)
#41     MultiChildLayoutDelegate.layoutChild (package:flutter/src/rendering/custom_layout.dart:180:12)
#42     _ScaffoldLayout.performLayout (package:flutter/src/material/scaffold.dart:1111:7)
#43     MultiChildLayoutDelegate._callPerformLayout (package:flutter/src/rendering/custom_layout.dart:246:7)
#44     RenderCustomMultiChildLayoutBox.performLayout (package:flutter/src/rendering/custom_layout.dart:417:14)
#45     RenderObject._layoutWithoutResize (package:flutter/src/rendering/object.dart:2616:7)
#46     PipelineOwner.flushLayout (package:flutter/src/rendering/object.dart:1174:18)
#47     PipelineOwner.flushLayout (package:flutter/src/rendering/object.dart:1187:15)
#48     AutomatedTestWidgetsFlutterBinding.drawFrame (package:flutter_test/src/binding.dart:2133:27)
#49     RendererBinding._handlePersistentFrameCallback (package:flutter/src/rendering/binding.dart:495:5)
#50     SchedulerBinding._invokeFrameCallback (package:flutter/src/scheduler/binding.dart:1430:15)
#51     SchedulerBinding.handleDrawFrame (package:flutter/src/scheduler/binding.dart:1345:9)
#52     AutomatedTestWidgetsFlutterBinding.pump.<anonymous closure> (package:flutter_test/src/binding.dart:1960:9)
#55     TestAsyncUtils.guard (package:flutter_test/src/test_async_utils.dart:74:41)
#56     AutomatedTestWidgetsFlutterBinding.pump (package:flutter_test/src/binding.dart:1949:27)
#57     WidgetTester.pump.<anonymous closure> (package:flutter_test/src/widget_tester.dart:652:53)
#60     TestAsyncUtils.guard (package:flutter_test/src/test_async_utils.dart:74:41)
#61     WidgetTester.pump (package:flutter_test/src/widget_tester.dart:652:27)
#62     main.<anonymous closure> (file:///C:/Users/User/.codex/worktrees/hadayah-wave4v2-integration/Streamer_app/project/test/map_tricity_widgets_test.dart:156:26)
<asynchronous suspension>
#63     testWidgets.<anonymous closure>.<anonymous closure> (package:flutter_test/src/widget_tester.dart:192:15)
<asynchronous suspension>
#64     TestWidgetsFlutterBinding._runTestBody (package:flutter_test/src/binding.dart:1682:5)
<asynchronous suspension>
<asynchronous suspension>
(elided 7 frames from class _AssertionError, dart:async, and package:stack_trace)

The following RenderObject was being processed when the exception was fired: RenderTransform#42954 relayoutBoundary=up14 NEEDS-LAYOUT NEEDS-PAINT NEEDS-COMPOSITING-BITS-UPDATE:
  creator: Transform ← StretchEffect ← ClipRect ← AnimatedBuilder ←
    NotificationListener<ScrollNotification> ← StretchingOverscrollIndicator ← Scrollable ←
    PrimaryScrollController ← ListView ← Padding ← DecoratedBox ← ConstrainedBox ← ⋯
  parentData: <none> (can use size)
  constraints: BoxConstraints(0.0<=w<=118.0, 0.0<=h<=238.0)
  size: MISSING
  transform matrix:
    [0] 1.0,0.0,0.0,0.0
    [1] 0.0,1.0,0.0,0.0
    [2] 0.0,0.0,1.0,0.0
    [3] 0.0,0.0,0.0,1.0
  origin: null
  alignment: AlignmentDirectional.bottomCenter
  textDirection: ltr
  transformHitTests: true
This RenderObject had the following descendants (showing up to depth 5):
    child: _RenderScrollSemantics#47396 relayoutBoundary=up15 NEEDS-PAINT NEEDS-COMPOSITING-BITS-UPDATE
      child: RenderPointerListener#cb3d0 relayoutBoundary=up16 NEEDS-PAINT NEEDS-COMPOSITING-BITS-UPDATE
        child: RenderSemanticsGestureHandler#55114 relayoutBoundary=up17 NEEDS-PAINT NEEDS-COMPOSITING-BITS-UPDATE
          child: RenderPointerListener#2085a relayoutBoundary=up18 NEEDS-PAINT NEEDS-COMPOSITING-BITS-UPDATE
            child: RenderSemanticsAnnotations#da184 relayoutBoundary=up19 NEEDS-PAINT NEEDS-COMPOSITING-BITS-UPDATE
════════════════════════════════════════════════════════════════════════════════════════════════════
══╡ EXCEPTION CAUGHT BY RENDERING LIBRARY ╞═════════════════════════════════════════════════════════
The following assertion was thrown during performLayout():
RenderBox was not laid out: RenderTransform#42954 relayoutBoundary=up14 NEEDS-PAINT
NEEDS-COMPOSITING-BITS-UPDATE
'package:flutter/src/rendering/box.dart':
Failed assertion: line 2251 pos 12: 'hasSize'

Either the assertion indicates an error in the framework itself, or we should provide substantially
more information in this error message to help you determine and fix the underlying cause.
In either case, please report this assertion by filing a bug on GitHub:
  https://github.com/flutter/flutter/issues/new?template=02_bug.yml

The relevant error-causing widget was:
  ListView
  ListView:file:///C:/Users/User/.codex/worktrees/hadayah-wave4v2-integration/Streamer_app/project/lib/features/map/presentation/widgets/top_spatial_search_bar.dart:225:29

When the exception was thrown, this was the stack:
#2      RenderBox.size (package:flutter/src/rendering/box.dart:2251:12)
#3      RenderProxyBoxMixin.performLayout (package:flutter/src/rendering/proxy_box.dart:118:62)
#4      _RenderCustomClip.performLayout (package:flutter/src/rendering/proxy_box.dart:1549:11)
#5      RenderObject.layout (package:flutter/src/rendering/object.dart:2768:7)
#6      RenderPadding.performLayout (package:flutter/src/rendering/shifted_box.dart:262:12)
#7      RenderObject.layout (package:flutter/src/rendering/object.dart:2768:7)
#8      RenderProxyBoxMixin.performLayout (package:flutter/src/rendering/proxy_box.dart:118:18)
#9      RenderObject.layout (package:flutter/src/rendering/object.dart:2768:7)
#10     RenderConstrainedBox.performLayout (package:flutter/src/rendering/proxy_box.dart:296:14)
#11     RenderObject.layout (package:flutter/src/rendering/object.dart:2768:7)
#12     RenderPadding.performLayout (package:flutter/src/rendering/shifted_box.dart:262:12)
#13     RenderObject.layout (package:flutter/src/rendering/object.dart:2768:7)
#14     ChildLayoutHelper.layoutChild (package:flutter/src/rendering/layout_helper.dart:62:11)
#15     RenderFlex._computeSizes (package:flutter/src/rendering/flex.dart:1237:28)
#16     RenderFlex.performLayout (package:flutter/src/rendering/flex.dart:1329:32)
#17     RenderObject.layout (package:flutter/src/rendering/object.dart:2768:7)
#18     ChildLayoutHelper.layoutChild (package:flutter/src/rendering/layout_helper.dart:62:11)
#19     RenderFlex._computeSizes (package:flutter/src/rendering/flex.dart:1275:26)
#20     RenderFlex.performLayout (package:flutter/src/rendering/flex.dart:1329:32)
#21     RenderObject.layout (package:flutter/src/rendering/object.dart:2768:7)
#22     ChildLayoutHelper.layoutChild (package:flutter/src/rendering/layout_helper.dart:62:11)
#23     RenderFlex._computeSizes (package:flutter/src/rendering/flex.dart:1237:28)
#24     RenderFlex.performLayout (package:flutter/src/rendering/flex.dart:1329:32)
#25     RenderObject.layout (package:flutter/src/rendering/object.dart:2768:7)
#26     RenderPadding.performLayout (package:flutter/src/rendering/shifted_box.dart:262:12)
#27     RenderObject.layout (package:flutter/src/rendering/object.dart:2768:7)
#28     RenderPadding.performLayout (package:flutter/src/rendering/shifted_box.dart:262:12)
#29     RenderObject.layout (package:flutter/src/rendering/object.dart:2768:7)
#30     RenderStack.layoutPositionedChild (package:flutter/src/rendering/stack.dart:549:11)
#31     RenderStack.performLayout (package:flutter/src/rendering/stack.dart:691:13)
#32     RenderObject.layout (package:flutter/src/rendering/object.dart:2768:7)
#33     _RenderLayoutBuilder.performLayout (package:flutter/src/widgets/layout_builder.dart:449:14)
#34     RenderObject.layout (package:flutter/src/rendering/object.dart:2768:7)
#35     ChildLayoutHelper.layoutChild (package:flutter/src/rendering/layout_helper.dart:62:11)
#36     RenderFlex._computeSizes (package:flutter/src/rendering/flex.dart:1275:26)
#37     RenderFlex.performLayout (package:flutter/src/rendering/flex.dart:1329:32)
#38     RenderObject.layout (package:flutter/src/rendering/object.dart:2768:7)
#39     MultiChildLayoutDelegate.layoutChild (package:flutter/src/rendering/custom_layout.dart:180:12)
#40     _ScaffoldLayout.performLayout (package:flutter/src/material/scaffold.dart:1111:7)
#41     MultiChildLayoutDelegate._callPerformLayout (package:flutter/src/rendering/custom_layout.dart:246:7)
#42     RenderCustomMultiChildLayoutBox.performLayout (package:flutter/src/rendering/custom_layout.dart:417:14)
#43     RenderObject._layoutWithoutResize (package:flutter/src/rendering/object.dart:2616:7)
#44     PipelineOwner.flushLayout (package:flutter/src/rendering/object.dart:1174:18)
#45     PipelineOwner.flushLayout (package:flutter/src/rendering/object.dart:1187:15)
#46     AutomatedTestWidgetsFlutterBinding.drawFrame (package:flutter_test/src/binding.dart:2133:27)
#47     RendererBinding._handlePersistentFrameCallback (package:flutter/src/rendering/binding.dart:495:5)
#48     SchedulerBinding._invokeFrameCallback (package:flutter/src/scheduler/binding.dart:1430:15)
#49     SchedulerBinding.handleDrawFrame (package:flutter/src/scheduler/binding.dart:1345:9)
#50     AutomatedTestWidgetsFlutterBinding.pump.<anonymous closure> (package:flutter_test/src/binding.dart:1960:9)
#53     TestAsyncUtils.guard (package:flutter_test/src/test_async_utils.dart:74:41)
#54     AutomatedTestWidgetsFlutterBinding.pump (package:flutter_test/src/binding.dart:1949:27)
#55     WidgetTester.pump.<anonymous closure> (package:flutter_test/src/widget_tester.dart:652:53)
#58     TestAsyncUtils.guard (package:flutter_test/src/test_async_utils.dart:74:41)
#59     WidgetTester.pump (package:flutter_test/src/widget_tester.dart:652:27)
#60     main.<anonymous closure> (file:///C:/Users/User/.codex/worktrees/hadayah-wave4v2-integration/Streamer_app/project/test/map_tricity_widgets_test.dart:156:26)
<asynchronous suspension>
#61     testWidgets.<anonymous closure>.<anonymous closure> (package:flutter_test/src/widget_tester.dart:192:15)
<asynchronous suspension>
#62     TestWidgetsFlutterBinding._runTestBody (package:flutter_test/src/binding.dart:1682:5)
<asynchronous suspension>
<asynchronous suspension>
(elided 7 frames from class _AssertionError, dart:async, and package:stack_trace)

The following RenderObject was being processed when the exception was fired: RenderClipRect#593fd relayoutBoundary=up13 NEEDS-LAYOUT NEEDS-PAINT NEEDS-COMPOSITING-BITS-UPDATE:
  creator: ClipRect ← AnimatedBuilder ← NotificationListener<ScrollNotification> ←
    StretchingOverscrollIndicator ← Scrollable ← PrimaryScrollController ← ListView ← Padding ←
    DecoratedBox ← ConstrainedBox ← Padding ← Container ← ⋯
  parentData: offset=Offset(0.0, 0.0) (can use size)
  constraints: BoxConstraints(0.0<=w<=118.0, 0.0<=h<=238.0)
  size: MISSING
This RenderObject had the following descendants (showing up to depth 5):
    child: RenderTransform#42954 relayoutBoundary=up14 NEEDS-PAINT NEEDS-COMPOSITING-BITS-UPDATE
      child: _RenderScrollSemantics#47396 relayoutBoundary=up15 NEEDS-PAINT NEEDS-COMPOSITING-BITS-UPDATE
        child: RenderPointerListener#cb3d0 relayoutBoundary=up16 NEEDS-PAINT NEEDS-COMPOSITING-BITS-UPDATE
          child: RenderSemanticsGestureHandler#55114 relayoutBoundary=up17 NEEDS-PAINT NEEDS-COMPOSITING-BITS-UPDATE
            child: RenderPointerListener#2085a relayoutBoundary=up18 NEEDS-PAINT NEEDS-COMPOSITING-BITS-UPDATE
════════════════════════════════════════════════════════════════════════════════════════════════════
══╡ EXCEPTION CAUGHT BY RENDERING LIBRARY ╞═════════════════════════════════════════════════════════
The following assertion was thrown during performLayout():
RenderBox was not laid out: RenderClipRect#593fd relayoutBoundary=up13 NEEDS-PAINT
NEEDS-COMPOSITING-BITS-UPDATE
'package:flutter/src/rendering/box.dart':
Failed assertion: line 2251 pos 12: 'hasSize'

Either the assertion indicates an error in the framework itself, or we should provide substantially
more information in this error message to help you determine and fix the underlying cause.
In either case, please report this assertion by filing a bug on GitHub:
  https://github.com/flutter/flutter/issues/new?template=02_bug.yml

The relevant error-causing widget was:
  Container
  Container:file:///C:/Users/User/.codex/worktrees/hadayah-wave4v2-integration/Streamer_app/project/lib/features/map/presentation/widgets/top_spatial_search_bar.dart:210:11

When the exception was thrown, this was the stack:
#2      RenderBox.size (package:flutter/src/rendering/box.dart:2251:12)
#3      RenderPadding.performLayout (package:flutter/src/rendering/shifted_box.dart:266:40)
#4      RenderObject.layout (package:flutter/src/rendering/object.dart:2768:7)
#5      RenderProxyBoxMixin.performLayout (package:flutter/src/rendering/proxy_box.dart:118:18)
#6      RenderObject.layout (package:flutter/src/rendering/object.dart:2768:7)
#7      RenderConstrainedBox.performLayout (package:flutter/src/rendering/proxy_box.dart:296:14)
#8      RenderObject.layout (package:flutter/src/rendering/object.dart:2768:7)
#9      RenderPadding.performLayout (package:flutter/src/rendering/shifted_box.dart:262:12)
#10     RenderObject.layout (package:flutter/src/rendering/object.dart:2768:7)
#11     ChildLayoutHelper.layoutChild (package:flutter/src/rendering/layout_helper.dart:62:11)
#12     RenderFlex._computeSizes (package:flutter/src/rendering/flex.dart:1237:28)
#13     RenderFlex.performLayout (package:flutter/src/rendering/flex.dart:1329:32)
#14     RenderObject.layout (package:flutter/src/rendering/object.dart:2768:7)
#15     ChildLayoutHelper.layoutChild (package:flutter/src/rendering/layout_helper.dart:62:11)
#16     RenderFlex._computeSizes (package:flutter/src/rendering/flex.dart:1275:26)
#17     RenderFlex.performLayout (package:flutter/src/rendering/flex.dart:1329:32)
#18     RenderObject.layout (package:flutter/src/rendering/object.dart:2768:7)
#19     ChildLayoutHelper.layoutChild (package:flutter/src/rendering/layout_helper.dart:62:11)
#20     RenderFlex._computeSizes (package:flutter/src/rendering/flex.dart:1237:28)
#21     RenderFlex.performLayout (package:flutter/src/rendering/flex.dart:1329:32)
#22     RenderObject.layout (package:flutter/src/rendering/object.dart:2768:7)
#23     RenderPadding.performLayout (package:flutter/src/rendering/shifted_box.dart:262:12)
#24     RenderObject.layout (package:flutter/src/rendering/object.dart:2768:7)
#25     RenderPadding.performLayout (package:flutter/src/rendering/shifted_box.dart:262:12)
#26     RenderObject.layout (package:flutter/src/rendering/object.dart:2768:7)
#27     RenderStack.layoutPositionedChild (package:flutter/src/rendering/stack.dart:549:11)
#28     RenderStack.performLayout (package:flutter/src/rendering/stack.dart:691:13)
#29     RenderObject.layout (package:flutter/src/rendering/object.dart:2768:7)
#30     _RenderLayoutBuilder.performLayout (package:flutter/src/widgets/layout_builder.dart:449:14)
#31     RenderObject.layout (package:flutter/src/rendering/object.dart:2768:7)
#32     ChildLayoutHelper.layoutChild (package:flutter/src/rendering/layout_helper.dart:62:11)
#33     RenderFlex._computeSizes (package:flutter/src/rendering/flex.dart:1275:26)
#34     RenderFlex.performLayout (package:flutter/src/rendering/flex.dart:1329:32)
#35     RenderObject.layout (package:flutter/src/rendering/object.dart:2768:7)
#36     MultiChildLayoutDelegate.layoutChild (package:flutter/src/rendering/custom_layout.dart:180:12)
#37     _ScaffoldLayout.performLayout (package:flutter/src/material/scaffold.dart:1111:7)
#38     MultiChildLayoutDelegate._callPerformLayout (package:flutter/src/rendering/custom_layout.dart:246:7)
#39     RenderCustomMultiChildLayoutBox.performLayout (package:flutter/src/rendering/custom_layout.dart:417:14)
#40     RenderObject._layoutWithoutResize (package:flutter/src/rendering/object.dart:2616:7)
#41     PipelineOwner.flushLayout (package:flutter/src/rendering/object.dart:1174:18)
#42     PipelineOwner.flushLayout (package:flutter/src/rendering/object.dart:1187:15)
#43     AutomatedTestWidgetsFlutterBinding.drawFrame (package:flutter_test/src/binding.dart:2133:27)
#44     RendererBinding._handlePersistentFrameCallback (package:flutter/src/rendering/binding.dart:495:5)
#45     SchedulerBinding._invokeFrameCallback (package:flutter/src/scheduler/binding.dart:1430:15)
#46     SchedulerBinding.handleDrawFrame (package:flutter/src/scheduler/binding.dart:1345:9)
#47     AutomatedTestWidgetsFlutterBinding.pump.<anonymous closure> (package:flutter_test/src/binding.dart:1960:9)
#50     TestAsyncUtils.guard (package:flutter_test/src/test_async_utils.dart:74:41)
#51     AutomatedTestWidgetsFlutterBinding.pump (package:flutter_test/src/binding.dart:1949:27)
#52     WidgetTester.pump.<anonymous closure> (package:flutter_test/src/widget_tester.dart:652:53)
#55     TestAsyncUtils.guard (package:flutter_test/src/test_async_utils.dart:74:41)
#56     WidgetTester.pump (package:flutter_test/src/widget_tester.dart:652:27)
#57     main.<anonymous closure> (file:///C:/Users/User/.codex/worktrees/hadayah-wave4v2-integration/Streamer_app/project/test/map_tricity_widgets_test.dart:156:26)
<asynchronous suspension>
#58     testWidgets.<anonymous closure>.<anonymous closure> (package:flutter_test/src/widget_tester.dart:192:15)
<asynchronous suspension>
#59     TestWidgetsFlutterBinding._runTestBody (package:flutter_test/src/binding.dart:1682:5)
<asynchronous suspension>
<asynchronous suspension>
(elided 7 frames from class _AssertionError, dart:async, and package:stack_trace)

The following RenderObject was being processed when the exception was fired: RenderPadding#994c6 relayoutBoundary=up12 NEEDS-LAYOUT NEEDS-PAINT NEEDS-COMPOSITING-BITS-UPDATE:
  creator: Padding ← DecoratedBox ← ConstrainedBox ← Padding ← Container ← Column ←
    TopSpatialSearchBar ← Expanded ← Row ← Column ← Padding-[GlobalKey#9f456] ← MediaQuery ← ⋯
  parentData: <none> (can use size)
  constraints: BoxConstraints(0.0<=w<=120.0, 0.0<=h<=240.0)
  size: MISSING
  padding: EdgeInsets.all(1.0)
  textDirection: ltr
This RenderObject had the following descendants (showing up to depth 5):
    child: RenderClipRect#593fd relayoutBoundary=up13 NEEDS-PAINT NEEDS-COMPOSITING-BITS-UPDATE
      child: RenderTransform#42954 relayoutBoundary=up14 NEEDS-PAINT NEEDS-COMPOSITING-BITS-UPDATE
        child: _RenderScrollSemantics#47396 relayoutBoundary=up15 NEEDS-PAINT NEEDS-COMPOSITING-BITS-UPDATE
          child: RenderPointerListener#cb3d0 relayoutBoundary=up16 NEEDS-PAINT NEEDS-COMPOSITING-BITS-UPDATE
            child: RenderSemanticsGestureHandler#55114 relayoutBoundary=up17 NEEDS-PAINT NEEDS-COMPOSITING-BITS-UPDATE
════════════════════════════════════════════════════════════════════════════════════════════════════
══╡ EXCEPTION CAUGHT BY RENDERING LIBRARY ╞═════════════════════════════════════════════════════════
The following assertion was thrown during performLayout():
RenderBox was not laid out: RenderPadding#994c6 relayoutBoundary=up12 NEEDS-PAINT
NEEDS-COMPOSITING-BITS-UPDATE
'package:flutter/src/rendering/box.dart':
Failed assertion: line 2251 pos 12: 'hasSize'

Either the assertion indicates an error in the framework itself, or we should provide substantially
more information in this error message to help you determine and fix the underlying cause.
In either case, please report this assertion by filing a bug on GitHub:
  https://github.com/flutter/flutter/issues/new?template=02_bug.yml

The relevant error-causing widget was:
  Container
  Container:file:///C:/Users/User/.codex/worktrees/hadayah-wave4v2-integration/Streamer_app/project/lib/features/map/presentation/widgets/top_spatial_search_bar.dart:210:11

When the exception was thrown, this was the stack:
#2      RenderBox.size (package:flutter/src/rendering/box.dart:2251:12)
#3      RenderProxyBoxMixin.performLayout (package:flutter/src/rendering/proxy_box.dart:118:62)
#4      RenderObject.layout (package:flutter/src/rendering/object.dart:2768:7)
#5      RenderConstrainedBox.performLayout (package:flutter/src/rendering/proxy_box.dart:296:14)
#6      RenderObject.layout (package:flutter/src/rendering/object.dart:2768:7)
#7      RenderPadding.performLayout (package:flutter/src/rendering/shifted_box.dart:262:12)
#8      RenderObject.layout (package:flutter/src/rendering/object.dart:2768:7)
#9      ChildLayoutHelper.layoutChild (package:flutter/src/rendering/layout_helper.dart:62:11)
#10     RenderFlex._computeSizes (package:flutter/src/rendering/flex.dart:1237:28)
#11     RenderFlex.performLayout (package:flutter/src/rendering/flex.dart:1329:32)
#12     RenderObject.layout (package:flutter/src/rendering/object.dart:2768:7)
#13     ChildLayoutHelper.layoutChild (package:flutter/src/rendering/layout_helper.dart:62:11)
#14     RenderFlex._computeSizes (package:flutter/src/rendering/flex.dart:1275:26)
#15     RenderFlex.performLayout (package:flutter/src/rendering/flex.dart:1329:32)
#16     RenderObject.layout (package:flutter/src/rendering/object.dart:2768:7)
#17     ChildLayoutHelper.layoutChild (package:flutter/src/rendering/layout_helper.dart:62:11)
#18     RenderFlex._computeSizes (package:flutter/src/rendering/flex.dart:1237:28)
#19     RenderFlex.performLayout (package:flutter/src/rendering/flex.dart:1329:32)
#20     RenderObject.layout (package:flutter/src/rendering/object.dart:2768:7)
#21     RenderPadding.performLayout (package:flutter/src/rendering/shifted_box.dart:262:12)
#22     RenderObject.layout (package:flutter/src/rendering/object.dart:2768:7)
#23     RenderPadding.performLayout (package:flutter/src/rendering/shifted_box.dart:262:12)
#24     RenderObject.layout (package:flutter/src/rendering/object.dart:2768:7)
#25     RenderStack.layoutPositionedChild (package:flutter/src/rendering/stack.dart:549:11)
#26     RenderStack.performLayout (package:flutter/src/rendering/stack.dart:691:13)
#27     RenderObject.layout (package:flutter/src/rendering/object.dart:2768:7)
#28     _RenderLayoutBuilder.performLayout (package:flutter/src/widgets/layout_builder.dart:449:14)
#29     RenderObject.layout (package:flutter/src/rendering/object.dart:2768:7)
#30     ChildLayoutHelper.layoutChild (package:flutter/src/rendering/layout_helper.dart:62:11)
#31     RenderFlex._computeSizes (package:flutter/src/rendering/flex.dart:1275:26)
#32     RenderFlex.performLayout (package:flutter/src/rendering/flex.dart:1329:32)
#33     RenderObject.layout (package:flutter/src/rendering/object.dart:2768:7)
#34     MultiChildLayoutDelegate.layoutChild (package:flutter/src/rendering/custom_layout.dart:180:12)
#35     _ScaffoldLayout.performLayout (package:flutter/src/material/scaffold.dart:1111:7)
#36     MultiChildLayoutDelegate._callPerformLayout (package:flutter/src/rendering/custom_layout.dart:246:7)
#37     RenderCustomMultiChildLayoutBox.performLayout (package:flutter/src/rendering/custom_layout.dart:417:14)
#38     RenderObject._layoutWithoutResize (package:flutter/src/rendering/object.dart:2616:7)
#39     PipelineOwner.flushLayout (package:flutter/src/rendering/object.dart:1174:18)
#40     PipelineOwner.flushLayout (package:flutter/src/rendering/object.dart:1187:15)
#41     AutomatedTestWidgetsFlutterBinding.drawFrame (package:flutter_test/src/binding.dart:2133:27)
#42     RendererBinding._handlePersistentFrameCallback (package:flutter/src/rendering/binding.dart:495:5)
#43     SchedulerBinding._invokeFrameCallback (package:flutter/src/scheduler/binding.dart:1430:15)
#44     SchedulerBinding.handleDrawFrame (package:flutter/src/scheduler/binding.dart:1345:9)
#45     AutomatedTestWidgetsFlutterBinding.pump.<anonymous closure> (package:flutter_test/src/binding.dart:1960:9)
#48     TestAsyncUtils.guard (package:flutter_test/src/test_async_utils.dart:74:41)
#49     AutomatedTestWidgetsFlutterBinding.pump (package:flutter_test/src/binding.dart:1949:27)
#50     WidgetTester.pump.<anonymous closure> (package:flutter_test/src/widget_tester.dart:652:53)
#53     TestAsyncUtils.guard (package:flutter_test/src/test_async_utils.dart:74:41)
#54     WidgetTester.pump (package:flutter_test/src/widget_tester.dart:652:27)
#55     main.<anonymous closure> (file:///C:/Users/User/.codex/worktrees/hadayah-wave4v2-integration/Streamer_app/project/test/map_tricity_widgets_test.dart:156:26)
<asynchronous suspension>
#56     testWidgets.<anonymous closure>.<anonymous closure> (package:flutter_test/src/widget_tester.dart:192:15)
<asynchronous suspension>
#57     TestWidgetsFlutterBinding._runTestBody (package:flutter_test/src/binding.dart:1682:5)
<asynchronous suspension>
<asynchronous suspension>
(elided 7 frames from class _AssertionError, dart:async, and package:stack_trace)

The following RenderObject was being processed when the exception was fired: RenderDecoratedBox#173a8 relayoutBoundary=up11 NEEDS-LAYOUT NEEDS-PAINT NEEDS-COMPOSITING-BITS-UPDATE:
  creator: DecoratedBox ← ConstrainedBox ← Padding ← Container ← Column ← TopSpatialSearchBar ←
    Expanded ← Row ← Column ← Padding-[GlobalKey#9f456] ← MediaQuery ← Padding ← ⋯
  parentData: <none> (can use size)
  constraints: BoxConstraints(0.0<=w<=120.0, 0.0<=h<=240.0)
  size: MISSING
  decoration: BoxDecoration:
    color: Color(alpha: 0.9500, red: 1.0000, green: 1.0000, blue: 1.0000, colorSpace: ColorSpace.sRGB)
    border: Border.all(BorderSide(color: Color(alpha: 1.0000, red: 0.8510, green: 0.8667, blue: 0.8706,
      colorSpace: ColorSpace.sRGB)))
    borderRadius: BorderRadius.circular(12.0)
    boxShadow: BoxShadow(Color(alpha: 0.2000, red: 0.1412, green: 0.2078, blue: 0.2118, colorSpace:
      ColorSpace.sRGB), Offset(0.0, 6.0), 20.0, 0.0, BlurStyle.normal)
  configuration: ImageConfiguration(bundle: PlatformAssetBundle#3afa3(), devicePixelRatio: 1.0,
    locale: en, textDirection: TextDirection.ltr, platform: android)
This RenderObject had the following descendants (showing up to depth 5):
    child: RenderPadding#994c6 relayoutBoundary=up12 NEEDS-PAINT NEEDS-COMPOSITING-BITS-UPDATE
      child: RenderClipRect#593fd relayoutBoundary=up13 NEEDS-PAINT NEEDS-COMPOSITING-BITS-UPDATE
        child: RenderTransform#42954 relayoutBoundary=up14 NEEDS-PAINT NEEDS-COMPOSITING-BITS-UPDATE
          child: _RenderScrollSemantics#47396 relayoutBoundary=up15 NEEDS-PAINT NEEDS-COMPOSITING-BITS-UPDATE
            child: RenderPointerListener#cb3d0 relayoutBoundary=up16 NEEDS-PAINT NEEDS-COMPOSITING-BITS-UPDATE
════════════════════════════════════════════════════════════════════════════════════════════════════
══╡ EXCEPTION CAUGHT BY RENDERING LIBRARY ╞═════════════════════════════════════════════════════════
The following assertion was thrown during performLayout():
RenderBox was not laid out: RenderDecoratedBox#173a8 relayoutBoundary=up11 NEEDS-PAINT
NEEDS-COMPOSITING-BITS-UPDATE
'package:flutter/src/rendering/box.dart':
Failed assertion: line 2251 pos 12: 'hasSize'

Either the assertion indicates an error in the framework itself, or we should provide substantially
more information in this error message to help you determine and fix the underlying cause.
In either case, please report this assertion by filing a bug on GitHub:
  https://github.com/flutter/flutter/issues/new?template=02_bug.yml

The relevant error-causing widget was:
  Container
  Container:file:///C:/Users/User/.codex/worktrees/hadayah-wave4v2-integration/Streamer_app/project/lib/features/map/presentation/widgets/top_spatial_search_bar.dart:210:11

When the exception was thrown, this was the stack:
#2      RenderBox.size (package:flutter/src/rendering/box.dart:2251:12)
#3      RenderConstrainedBox.performLayout (package:flutter/src/rendering/proxy_box.dart:297:21)
#4      RenderObject.layout (package:flutter/src/rendering/object.dart:2768:7)
#5      RenderPadding.performLayout (package:flutter/src/rendering/shifted_box.dart:262:12)
#6      RenderObject.layout (package:flutter/src/rendering/object.dart:2768:7)
#7      ChildLayoutHelper.layoutChild (package:flutter/src/rendering/layout_helper.dart:62:11)
#8      RenderFlex._computeSizes (package:flutter/src/rendering/flex.dart:1237:28)
#9      RenderFlex.performLayout (package:flutter/src/rendering/flex.dart:1329:32)
#10     RenderObject.layout (package:flutter/src/rendering/object.dart:2768:7)
#11     ChildLayoutHelper.layoutChild (package:flutter/src/rendering/layout_helper.dart:62:11)
#12     RenderFlex._computeSizes (package:flutter/src/rendering/flex.dart:1275:26)
#13     RenderFlex.performLayout (package:flutter/src/rendering/flex.dart:1329:32)
#14     RenderObject.layout (package:flutter/src/rendering/object.dart:2768:7)
#15     ChildLayoutHelper.layoutChild (package:flutter/src/rendering/layout_helper.dart:62:11)
#16     RenderFlex._computeSizes (package:flutter/src/rendering/flex.dart:1237:28)
#17     RenderFlex.performLayout (package:flutter/src/rendering/flex.dart:1329:32)
#18     RenderObject.layout (package:flutter/src/rendering/object.dart:2768:7)
#19     RenderPadding.performLayout (package:flutter/src/rendering/shifted_box.dart:262:12)
#20     RenderObject.layout (package:flutter/src/rendering/object.dart:2768:7)
#21     RenderPadding.performLayout (package:flutter/src/rendering/shifted_box.dart:262:12)
#22     RenderObject.layout (package:flutter/src/rendering/object.dart:2768:7)
#23     RenderStack.layoutPositionedChild (package:flutter/src/rendering/stack.dart:549:11)
#24     RenderStack.performLayout (package:flutter/src/rendering/stack.dart:691:13)
#25     RenderObject.layout (package:flutter/src/rendering/object.dart:2768:7)
#26     _RenderLayoutBuilder.performLayout (package:flutter/src/widgets/layout_builder.dart:449:14)
#27     RenderObject.layout (package:flutter/src/rendering/object.dart:2768:7)
#28     ChildLayoutHelper.layoutChild (package:flutter/src/rendering/layout_helper.dart:62:11)
#29     RenderFlex._computeSizes (package:flutter/src/rendering/flex.dart:1275:26)
#30     RenderFlex.performLayout (package:flutter/src/rendering/flex.dart:1329:32)
#31     RenderObject.layout (package:flutter/src/rendering/object.dart:2768:7)
#32     MultiChildLayoutDelegate.layoutChild (package:flutter/src/rendering/custom_layout.dart:180:12)
#33     _ScaffoldLayout.performLayout (package:flutter/src/material/scaffold.dart:1111:7)
#34     MultiChildLayoutDelegate._callPerformLayout (package:flutter/src/rendering/custom_layout.dart:246:7)
#35     RenderCustomMultiChildLayoutBox.performLayout (package:flutter/src/rendering/custom_layout.dart:417:14)
#36     RenderObject._layoutWithoutResize (package:flutter/src/rendering/object.dart:2616:7)
#37     PipelineOwner.flushLayout (package:flutter/src/rendering/object.dart:1174:18)
#38     PipelineOwner.flushLayout (package:flutter/src/rendering/object.dart:1187:15)
#39     AutomatedTestWidgetsFlutterBinding.drawFrame (package:flutter_test/src/binding.dart:2133:27)
#40     RendererBinding._handlePersistentFrameCallback (package:flutter/src/rendering/binding.dart:495:5)
#41     SchedulerBinding._invokeFrameCallback (package:flutter/src/scheduler/binding.dart:1430:15)
#42     SchedulerBinding.handleDrawFrame (package:flutter/src/scheduler/binding.dart:1345:9)
#43     AutomatedTestWidgetsFlutterBinding.pump.<anonymous closure> (package:flutter_test/src/binding.dart:1960:9)
#46     TestAsyncUtils.guard (package:flutter_test/src/test_async_utils.dart:74:41)
#47     AutomatedTestWidgetsFlutterBinding.pump (package:flutter_test/src/binding.dart:1949:27)
#48     WidgetTester.pump.<anonymous closure> (package:flutter_test/src/widget_tester.dart:652:53)
#51     TestAsyncUtils.guard (package:flutter_test/src/test_async_utils.dart:74:41)
#52     WidgetTester.pump (package:flutter_test/src/widget_tester.dart:652:27)
#53     main.<anonymous closure> (file:///C:/Users/User/.codex/worktrees/hadayah-wave4v2-integration/Streamer_app/project/test/map_tricity_widgets_test.dart:156:26)
<asynchronous suspension>
#54     testWidgets.<anonymous closure>.<anonymous closure> (package:flutter_test/src/widget_tester.dart:192:15)
<asynchronous suspension>
#55     TestWidgetsFlutterBinding._runTestBody (package:flutter_test/src/binding.dart:1682:5)
<asynchronous suspension>
<asynchronous suspension>
(elided 7 frames from class _AssertionError, dart:async, and package:stack_trace)

The following RenderObject was being processed when the exception was fired: RenderConstrainedBox#b5fbd relayoutBoundary=up10 NEEDS-LAYOUT NEEDS-PAINT NEEDS-COMPOSITING-BITS-UPDATE:
  creator: ConstrainedBox ← Padding ← Container ← Column ← TopSpatialSearchBar ← Expanded ← Row ←
    Column ← Padding-[GlobalKey#9f456] ← MediaQuery ← Padding ← SafeArea ← ⋯
  parentData: offset=Offset(0.0, 0.0) (can use size)
  constraints: BoxConstraints(0.0<=w<=120.0, 0.0<=h<=Infinity)
  size: MISSING
  additionalConstraints: BoxConstraints(0.0<=w<=Infinity, 0.0<=h<=240.0)
This RenderObject had the following descendants (showing up to depth 5):
    child: RenderDecoratedBox#173a8 relayoutBoundary=up11 NEEDS-PAINT NEEDS-COMPOSITING-BITS-UPDATE
      child: RenderPadding#994c6 relayoutBoundary=up12 NEEDS-PAINT NEEDS-COMPOSITING-BITS-UPDATE
        child: RenderClipRect#593fd relayoutBoundary=up13 NEEDS-PAINT NEEDS-COMPOSITING-BITS-UPDATE
          child: RenderTransform#42954 relayoutBoundary=up14 NEEDS-PAINT NEEDS-COMPOSITING-BITS-UPDATE
            child: _RenderScrollSemantics#47396 relayoutBoundary=up15 NEEDS-PAINT NEEDS-COMPOSITING-BITS-UPDATE
════════════════════════════════════════════════════════════════════════════════════════════════════
══╡ EXCEPTION CAUGHT BY RENDERING LIBRARY ╞═════════════════════════════════════════════════════════
The following assertion was thrown during performLayout():
RenderBox was not laid out: RenderConstrainedBox#b5fbd relayoutBoundary=up10 NEEDS-PAINT
NEEDS-COMPOSITING-BITS-UPDATE
'package:flutter/src/rendering/box.dart':
Failed assertion: line 2251 pos 12: 'hasSize'

Either the assertion indicates an error in the framework itself, or we should provide substantially
more information in this error message to help you determine and fix the underlying cause.
In either case, please report this assertion by filing a bug on GitHub:
  https://github.com/flutter/flutter/issues/new?template=02_bug.yml

The relevant error-causing widget was:
  Container
  Container:file:///C:/Users/User/.codex/worktrees/hadayah-wave4v2-integration/Streamer_app/project/lib/features/map/presentation/widgets/top_spatial_search_bar.dart:210:11

When the exception was thrown, this was the stack:
#2      RenderBox.size (package:flutter/src/rendering/box.dart:2251:12)
#3      RenderPadding.performLayout (package:flutter/src/rendering/shifted_box.dart:266:40)
#4      RenderObject.layout (package:flutter/src/rendering/object.dart:2768:7)
#5      ChildLayoutHelper.layoutChild (package:flutter/src/rendering/layout_helper.dart:62:11)
#6      RenderFlex._computeSizes (package:flutter/src/rendering/flex.dart:1237:28)
#7      RenderFlex.performLayout (package:flutter/src/rendering/flex.dart:1329:32)
#8      RenderObject.layout (package:flutter/src/rendering/object.dart:2768:7)
#9      ChildLayoutHelper.layoutChild (package:flutter/src/rendering/layout_helper.dart:62:11)
#10     RenderFlex._computeSizes (package:flutter/src/rendering/flex.dart:1275:26)
#11     RenderFlex.performLayout (package:flutter/src/rendering/flex.dart:1329:32)
#12     RenderObject.layout (package:flutter/src/rendering/object.dart:2768:7)
#13     ChildLayoutHelper.layoutChild (package:flutter/src/rendering/layout_helper.dart:62:11)
#14     RenderFlex._computeSizes (package:flutter/src/rendering/flex.dart:1237:28)
#15     RenderFlex.performLayout (package:flutter/src/rendering/flex.dart:1329:32)
#16     RenderObject.layout (package:flutter/src/rendering/object.dart:2768:7)
#17     RenderPadding.performLayout (package:flutter/src/rendering/shifted_box.dart:262:12)
#18     RenderObject.layout (package:flutter/src/rendering/object.dart:2768:7)
#19     RenderPadding.performLayout (package:flutter/src/rendering/shifted_box.dart:262:12)
#20     RenderObject.layout (package:flutter/src/rendering/object.dart:2768:7)
#21     RenderStack.layoutPositionedChild (package:flutter/src/rendering/stack.dart:549:11)
#22     RenderStack.performLayout (package:flutter/src/rendering/stack.dart:691:13)
#23     RenderObject.layout (package:flutter/src/rendering/object.dart:2768:7)
#24     _RenderLayoutBuilder.performLayout (package:flutter/src/widgets/layout_builder.dart:449:14)
#25     RenderObject.layout (package:flutter/src/rendering/object.dart:2768:7)
#26     ChildLayoutHelper.layoutChild (package:flutter/src/rendering/layout_helper.dart:62:11)
#27     RenderFlex._computeSizes (package:flutter/src/rendering/flex.dart:1275:26)
#28     RenderFlex.performLayout (package:flutter/src/rendering/flex.dart:1329:32)
#29     RenderObject.layout (package:flutter/src/rendering/object.dart:2768:7)
#30     MultiChildLayoutDelegate.layoutChild (package:flutter/src/rendering/custom_layout.dart:180:12)
#31     _ScaffoldLayout.performLayout (package:flutter/src/material/scaffold.dart:1111:7)
#32     MultiChildLayoutDelegate._callPerformLayout (package:flutter/src/rendering/custom_layout.dart:246:7)
#33     RenderCustomMultiChildLayoutBox.performLayout (package:flutter/src/rendering/custom_layout.dart:417:14)
#34     RenderObject._layoutWithoutResize (package:flutter/src/rendering/object.dart:2616:7)
#35     PipelineOwner.flushLayout (package:flutter/src/rendering/object.dart:1174:18)
#36     PipelineOwner.flushLayout (package:flutter/src/rendering/object.dart:1187:15)
#37     AutomatedTestWidgetsFlutterBinding.drawFrame (package:flutter_test/src/binding.dart:2133:27)
#38     RendererBinding._handlePersistentFrameCallback (package:flutter/src/rendering/binding.dart:495:5)
#39     SchedulerBinding._invokeFrameCallback (package:flutter/src/scheduler/binding.dart:1430:15)
#40     SchedulerBinding.handleDrawFrame (package:flutter/src/scheduler/binding.dart:1345:9)
#41     AutomatedTestWidgetsFlutterBinding.pump.<anonymous closure> (package:flutter_test/src/binding.dart:1960:9)
#44     TestAsyncUtils.guard (package:flutter_test/src/test_async_utils.dart:74:41)
#45     AutomatedTestWidgetsFlutterBinding.pump (package:flutter_test/src/binding.dart:1949:27)
#46     WidgetTester.pump.<anonymous closure> (package:flutter_test/src/widget_tester.dart:652:53)
#49     TestAsyncUtils.guard (package:flutter_test/src/test_async_utils.dart:74:41)
#50     WidgetTester.pump (package:flutter_test/src/widget_tester.dart:652:27)
#51     main.<anonymous closure> (file:///C:/Users/User/.codex/worktrees/hadayah-wave4v2-integration/Streamer_app/project/test/map_tricity_widgets_test.dart:156:26)
<asynchronous suspension>
#52     testWidgets.<anonymous closure>.<anonymous closure> (package:flutter_test/src/widget_tester.dart:192:15)
<asynchronous suspension>
#53     TestWidgetsFlutterBinding._runTestBody (package:flutter_test/src/binding.dart:1682:5)
<asynchronous suspension>
<asynchronous suspension>
(elided 7 frames from class _AssertionError, dart:async, and package:stack_trace)

The following RenderObject was being processed when the exception was fired: RenderPadding#aa226 relayoutBoundary=up9 NEEDS-LAYOUT NEEDS-PAINT NEEDS-COMPOSITING-BITS-UPDATE:
  creator: Padding ← Container ← Column ← TopSpatialSearchBar ← Expanded ← Row ← Column ←
    Padding-[GlobalKey#9f456] ← MediaQuery ← Padding ← SafeArea ← Positioned ← ⋯
  parentData: offset=Offset(0.0, 0.0); flex=null; fit=null (can use size)
  constraints: BoxConstraints(0.0<=w<=120.0, 0.0<=h<=Infinity)
  size: MISSING
  padding: EdgeInsets(0.0, 8.0, 0.0, 0.0)
  textDirection: ltr
This RenderObject had the following descendants (showing up to depth 5):
    child: RenderConstrainedBox#b5fbd relayoutBoundary=up10 NEEDS-PAINT NEEDS-COMPOSITING-BITS-UPDATE
      child: RenderDecoratedBox#173a8 relayoutBoundary=up11 NEEDS-PAINT NEEDS-COMPOSITING-BITS-UPDATE
        child: RenderPadding#994c6 relayoutBoundary=up12 NEEDS-PAINT NEEDS-COMPOSITING-BITS-UPDATE
          child: RenderClipRect#593fd relayoutBoundary=up13 NEEDS-PAINT NEEDS-COMPOSITING-BITS-UPDATE
            child: RenderTransform#42954 relayoutBoundary=up14 NEEDS-PAINT NEEDS-COMPOSITING-BITS-UPDATE
════════════════════════════════════════════════════════════════════════════════════════════════════
══╡ EXCEPTION CAUGHT BY RENDERING LIBRARY ╞═════════════════════════════════════════════════════════
The following assertion was thrown during performLayout():
RenderBox was not laid out: RenderPadding#aa226 relayoutBoundary=up9 NEEDS-PAINT
NEEDS-COMPOSITING-BITS-UPDATE
'package:flutter/src/rendering/box.dart':
Failed assertion: line 2251 pos 12: 'hasSize'

Either the assertion indicates an error in the framework itself, or we should provide substantially
more information in this error message to help you determine and fix the underlying cause.
In either case, please report this assertion by filing a bug on GitHub:
  https://github.com/flutter/flutter/issues/new?template=02_bug.yml

The relevant error-causing widget was:
  Column
  Column:file:///C:/Users/User/.codex/worktrees/hadayah-wave4v2-integration/Streamer_app/project/lib/features/map/presentation/widgets/top_spatial_search_bar.dart:146:12

When the exception was thrown, this was the stack:
#2      RenderBox.size (package:flutter/src/rendering/box.dart:2251:12)
#3      ChildLayoutHelper.layoutChild (package:flutter/src/rendering/layout_helper.dart:63:18)
#4      RenderFlex._computeSizes (package:flutter/src/rendering/flex.dart:1237:28)
#5      RenderFlex.performLayout (package:flutter/src/rendering/flex.dart:1329:32)
#6      RenderObject.layout (package:flutter/src/rendering/object.dart:2768:7)
#7      ChildLayoutHelper.layoutChild (package:flutter/src/rendering/layout_helper.dart:62:11)
#8      RenderFlex._computeSizes (package:flutter/src/rendering/flex.dart:1275:26)
#9      RenderFlex.performLayout (package:flutter/src/rendering/flex.dart:1329:32)
#10     RenderObject.layout (package:flutter/src/rendering/object.dart:2768:7)
#11     ChildLayoutHelper.layoutChild (package:flutter/src/rendering/layout_helper.dart:62:11)
#12     RenderFlex._computeSizes (package:flutter/src/rendering/flex.dart:1237:28)
#13     RenderFlex.performLayout (package:flutter/src/rendering/flex.dart:1329:32)
#14     RenderObject.layout (package:flutter/src/rendering/object.dart:2768:7)
#15     RenderPadding.performLayout (package:flutter/src/rendering/shifted_box.dart:262:12)
#16     RenderObject.layout (package:flutter/src/rendering/object.dart:2768:7)
#17     RenderPadding.performLayout (package:flutter/src/rendering/shifted_box.dart:262:12)
#18     RenderObject.layout (package:flutter/src/rendering/object.dart:2768:7)
#19     RenderStack.layoutPositionedChild (package:flutter/src/rendering/stack.dart:549:11)
#20     RenderStack.performLayout (package:flutter/src/rendering/stack.dart:691:13)
#21     RenderObject.layout (package:flutter/src/rendering/object.dart:2768:7)
#22     _RenderLayoutBuilder.performLayout (package:flutter/src/widgets/layout_builder.dart:449:14)
#23     RenderObject.layout (package:flutter/src/rendering/object.dart:2768:7)
#24     ChildLayoutHelper.layoutChild (package:flutter/src/rendering/layout_helper.dart:62:11)
#25     RenderFlex._computeSizes (package:flutter/src/rendering/flex.dart:1275:26)
#26     RenderFlex.performLayout (package:flutter/src/rendering/flex.dart:1329:32)
#27     RenderObject.layout (package:flutter/src/rendering/object.dart:2768:7)
#28     MultiChildLayoutDelegate.layoutChild (package:flutter/src/rendering/custom_layout.dart:180:12)
#29     _ScaffoldLayout.performLayout (package:flutter/src/material/scaffold.dart:1111:7)
#30     MultiChildLayoutDelegate._callPerformLayout (package:flutter/src/rendering/custom_layout.dart:246:7)
#31     RenderCustomMultiChildLayoutBox.performLayout (package:flutter/src/rendering/custom_layout.dart:417:14)
#32     RenderObject._layoutWithoutResize (package:flutter/src/rendering/object.dart:2616:7)
#33     PipelineOwner.flushLayout (package:flutter/src/rendering/object.dart:1174:18)
#34     PipelineOwner.flushLayout (package:flutter/src/rendering/object.dart:1187:15)
#35     AutomatedTestWidgetsFlutterBinding.drawFrame (package:flutter_test/src/binding.dart:2133:27)
#36     RendererBinding._handlePersistentFrameCallback (package:flutter/src/rendering/binding.dart:495:5)
#37     SchedulerBinding._invokeFrameCallback (package:flutter/src/scheduler/binding.dart:1430:15)
#38     SchedulerBinding.handleDrawFrame (package:flutter/src/scheduler/binding.dart:1345:9)
#39     AutomatedTestWidgetsFlutterBinding.pump.<anonymous closure> (package:flutter_test/src/binding.dart:1960:9)
#42     TestAsyncUtils.guard (package:flutter_test/src/test_async_utils.dart:74:41)
#43     AutomatedTestWidgetsFlutterBinding.pump (package:flutter_test/src/binding.dart:1949:27)
#44     WidgetTester.pump.<anonymous closure> (package:flutter_test/src/widget_tester.dart:652:53)
#47     TestAsyncUtils.guard (package:flutter_test/src/test_async_utils.dart:74:41)
#48     WidgetTester.pump (package:flutter_test/src/widget_tester.dart:652:27)
#49     main.<anonymous closure> (file:///C:/Users/User/.codex/worktrees/hadayah-wave4v2-integration/Streamer_app/project/test/map_tricity_widgets_test.dart:156:26)
<asynchronous suspension>
#50     testWidgets.<anonymous closure>.<anonymous closure> (package:flutter_test/src/widget_tester.dart:192:15)
<asynchronous suspension>
#51     TestWidgetsFlutterBinding._runTestBody (package:flutter_test/src/binding.dart:1682:5)
<asynchronous suspension>
<asynchronous suspension>
(elided 7 frames from class _AssertionError, dart:async, and package:stack_trace)

The following RenderObject was being processed when the exception was fired: RenderFlex#12238 relayoutBoundary=up8 NEEDS-LAYOUT NEEDS-PAINT NEEDS-COMPOSITING-BITS-UPDATE:
  needs compositing
  creator: Column ← TopSpatialSearchBar ← Expanded ← Row ← Column ← Padding-[GlobalKey#9f456] ←
    MediaQuery ← Padding ← SafeArea ← Positioned ← PositionedDirectional ← Stack ← ⋯
  parentData: offset=Offset(0.0, 7.0); flex=1; fit=FlexFit.tight (can use size)
  constraints: BoxConstraints(w=120.0, 0.0<=h<=Infinity)
  size: Size(120.0, 46.0)
  direction: vertical
  mainAxisAlignment: start
  mainAxisSize: min
  crossAxisAlignment: center
  verticalDirection: down
  spacing: 0.0
This RenderObject had the following descendants (showing up to depth 5):
    child 1: RenderConstrainedBox#4359d relayoutBoundary=up9 NEEDS-PAINT NEEDS-COMPOSITING-BITS-UPDATE
      child: RenderDecoratedBox#416ec relayoutBoundary=up10 NEEDS-PAINT NEEDS-COMPOSITING-BITS-UPDATE
        child: RenderPadding#9dbec relayoutBoundary=up11 NEEDS-PAINT NEEDS-COMPOSITING-BITS-UPDATE
          child: RenderMouseRegion#b5a60 relayoutBoundary=up12 NEEDS-PAINT NEEDS-COMPOSITING-BITS-UPDATE
            child: RenderTapRegion#a2aae relayoutBoundary=up13 NEEDS-PAINT NEEDS-COMPOSITING-BITS-UPDATE
    child 2: RenderPadding#aa226 relayoutBoundary=up9 NEEDS-PAINT NEEDS-COMPOSITING-BITS-UPDATE
      child: RenderConstrainedBox#b5fbd relayoutBoundary=up10 NEEDS-PAINT NEEDS-COMPOSITING-BITS-UPDATE
        child: RenderDecoratedBox#173a8 relayoutBoundary=up11 NEEDS-PAINT NEEDS-COMPOSITING-BITS-UPDATE
          child: RenderPadding#994c6 relayoutBoundary=up12 NEEDS-PAINT NEEDS-COMPOSITING-BITS-UPDATE
            child: RenderClipRect#593fd relayoutBoundary=up13 NEEDS-PAINT NEEDS-COMPOSITING-BITS-UPDATE
════════════════════════════════════════════════════════════════════════════════════════════════════
══╡ EXCEPTION CAUGHT BY RENDERING LIBRARY ╞═════════════════════════════════════════════════════════
The following assertion was thrown during paint():
RenderBox was not laid out: RenderTransform#42954 relayoutBoundary=up14 NEEDS-PAINT
'package:flutter/src/rendering/box.dart':
Failed assertion: line 2251 pos 12: 'hasSize'

Either the assertion indicates an error in the framework itself, or we should provide substantially
more information in this error message to help you determine and fix the underlying cause.
In either case, please report this assertion by filing a bug on GitHub:
  https://github.com/flutter/flutter/issues/new?template=02_bug.yml

The relevant error-causing widget was:
  Scaffold-[LabeledGlobalKey<ScaffoldState>#15b93]
  Scaffold:file:///C:/Users/User/.codex/worktrees/hadayah-wave4v2-integration/Streamer_app/project/lib/features/map/presentation/spatial_map_screen.dart:580:12

When the exception was thrown, this was the stack:
#2      RenderBox.size (package:flutter/src/rendering/box.dart:2251:12)
#3      RenderTransform._effectiveTransform (package:flutter/src/rendering/proxy_box.dart:2700:49)
#4      RenderTransform.applyPaintTransform (package:flutter/src/rendering/proxy_box.dart:2783:24)
#5      InkFeature._getPaintTransform (package:flutter/src/material/material.dart:757:21)
#6      InkFeature._paint (package:flutter/src/material/material.dart:771:32)
#7      _RenderInkFeatures.paint (package:flutter/src/material/material.dart:629:20)
#8      RenderObject._paintWithContext (package:flutter/src/rendering/object.dart:3429:7)
#9      PaintingContext.paintChild (package:flutter/src/rendering/object.dart:265:13)
#10     RenderProxyBoxMixin.paint (package:flutter/src/rendering/proxy_box.dart:143:13)
#11     RenderPhysicalModel.paint.<anonymous closure> (package:flutter/src/rendering/proxy_box.dart:2252:15)
#12     PaintingContext.pushClipRRect (package:flutter/src/rendering/object.dart:626:14)
#13     RenderPhysicalModel.paint (package:flutter/src/rendering/proxy_box.dart:2239:21)
#14     RenderObject._paintWithContext (package:flutter/src/rendering/object.dart:3429:7)
#15     PaintingContext.paintChild (package:flutter/src/rendering/object.dart:265:13)
#16     RenderProxyBoxMixin.paint (package:flutter/src/rendering/proxy_box.dart:143:13)
#17     RenderObject._paintWithContext (package:flutter/src/rendering/object.dart:3429:7)
#18     PaintingContext.paintChild (package:flutter/src/rendering/object.dart:265:13)
#19     RenderProxyBoxMixin.paint (package:flutter/src/rendering/proxy_box.dart:143:13)
#20     RenderObject._paintWithContext (package:flutter/src/rendering/object.dart:3429:7)
#21     PaintingContext._repaintCompositedChild (package:flutter/src/rendering/object.dart:180:11)
#22     PaintingContext.repaintCompositedChild (package:flutter/src/rendering/object.dart:125:5)
#23     PipelineOwner.flushPaint (package:flutter/src/rendering/object.dart:1325:31)
#24     PipelineOwner.flushPaint (package:flutter/src/rendering/object.dart:1335:15)
#25     AutomatedTestWidgetsFlutterBinding.drawFrame (package:flutter_test/src/binding.dart:2137:31)
#26     RendererBinding._handlePersistentFrameCallback (package:flutter/src/rendering/binding.dart:495:5)
#27     SchedulerBinding._invokeFrameCallback (package:flutter/src/scheduler/binding.dart:1430:15)
#28     SchedulerBinding.handleDrawFrame (package:flutter/src/scheduler/binding.dart:1345:9)
#29     AutomatedTestWidgetsFlutterBinding.pump.<anonymous closure> (package:flutter_test/src/binding.dart:1960:9)
#32     TestAsyncUtils.guard (package:flutter_test/src/test_async_utils.dart:74:41)
#33     AutomatedTestWidgetsFlutterBinding.pump (package:flutter_test/src/binding.dart:1949:27)
#34     WidgetTester.pump.<anonymous closure> (package:flutter_test/src/widget_tester.dart:652:53)
#37     TestAsyncUtils.guard (package:flutter_test/src/test_async_utils.dart:74:41)
#38     WidgetTester.pump (package:flutter_test/src/widget_tester.dart:652:27)
#39     main.<anonymous closure> (file:///C:/Users/User/.codex/worktrees/hadayah-wave4v2-integration/Streamer_app/project/test/map_tricity_widgets_test.dart:156:26)
<asynchronous suspension>
#40     testWidgets.<anonymous closure>.<anonymous closure> (package:flutter_test/src/widget_tester.dart:192:15)
<asynchronous suspension>
#41     TestWidgetsFlutterBinding._runTestBody (package:flutter_test/src/binding.dart:1682:5)
<asynchronous suspension>
<asynchronous suspension>
(elided 7 frames from class _AssertionError, dart:async, and package:stack_trace)

The following RenderObject was being processed when the exception was fired: _RenderInkFeatures#cc5e9:
  needs compositing
  creator: _InkFeatures-[GlobalKey#81697 ink renderer] ←
    NotificationListener<LayoutChangedNotification> ← PhysicalModel ← AnimatedPhysicalModel ← Material
    ← _ScrollNotificationObserverScope ← NotificationListener<ScrollNotification> ←
    NotificationListener<ScrollMetricsNotification> ← ScrollNotificationObserver ← _ScaffoldScope ←
    Scaffold-[LabeledGlobalKey<ScaffoldState>#15b93] ← SpatialMapScreen ← ⋯
  parentData: <none> (can use size)
  constraints: BoxConstraints(w=320.0, h=800.0)
  size: Size(320.0, 800.0)
This RenderObject had the following descendants (showing up to depth 5):
    child: RenderCustomMultiChildLayoutBox#1b99c NEEDS-PAINT
      child 1: RenderFlex#6847b relayoutBoundary=up1 NEEDS-PAINT
        child 1: _RenderLayoutBuilder#6ed8e relayoutBoundary=up2 NEEDS-PAINT
          child: RenderStack#e84c4 relayoutBoundary=up3 NEEDS-PAINT
            child 1: _RenderColoredBox#214d4
            child 2: RenderPositionedBox#0db5b relayoutBoundary=up4
            child 3: RenderConstrainedBox#5ae97 relayoutBoundary=up4
            child 4: RenderPadding#d82eb relayoutBoundary=up4 NEEDS-PAINT
            child 5: RenderFlex#54730 relayoutBoundary=up4
            child 6: RenderConstrainedBox#c3ada relayoutBoundary=up4
            child 7: RenderPhysicalShape#b33de relayoutBoundary=up4
      child 2: RenderStack#eb89d relayoutBoundary=up1
        child 1: RenderTransform#7ea61 relayoutBoundary=up2
          child: RenderTransform#0919a relayoutBoundary=up3 NEEDS-PAINT
      child 3: RenderPositionedBox#329a9
        child: RenderPointerListener#23184 relayoutBoundary=up1
          child: RenderLimitedBox#bbab2 relayoutBoundary=up2
            child: RenderConstrainedBox#d6847 relayoutBoundary=up3
════════════════════════════════════════════════════════════════════════════════════════════════════
══╡ EXCEPTION CAUGHT BY SCHEDULER LIBRARY ╞═════════════════════════════════════════════════════════
The following _TypeError was thrown during a scheduler callback:
Null check operator used on a null value

When the exception was thrown, this was the stack:
#0      RenderViewportBase.visitChildrenForSemantics.<anonymous closure> (package:flutter/src/rendering/viewport.dart:355:30)
#1      WhereIterator.moveNext (dart:_internal/iterable.dart:468:13)
#2      Iterable.forEach (dart:core/iterable.dart:366:23)
#3      RenderViewportBase.visitChildrenForSemantics (package:flutter/src/rendering/viewport.dart:359:10)
#4      _RenderObjectSemantics.isBlockingPreviousSibling (package:flutter/src/rendering/object.dart:5520:18)
#5      _RenderObjectSemantics.isBlockingPreviousSibling.<anonymous closure> (package:flutter/src/rendering/object.dart:5522:26)
#6      RenderObjectWithChildMixin.visitChildren (package:flutter/src/rendering/object.dart:4104:14)
#7      RenderObject.visitChildrenForSemantics (package:flutter/src/rendering/object.dart:3789:5)
#8      RenderIgnorePointer.visitChildrenForSemantics (package:flutter/src/rendering/proxy_box.dart:3806:11)
#9      _RenderObjectSemantics.isBlockingPreviousSibling (package:flutter/src/rendering/object.dart:5520:18)
#10     _RenderObjectSemantics.isBlockingPreviousSibling.<anonymous closure> (package:flutter/src/rendering/object.dart:5522:26)
#11     RenderObjectWithChildMixin.visitChildren (package:flutter/src/rendering/object.dart:4104:14)
#12     RenderObject.visitChildrenForSemantics (package:flutter/src/rendering/object.dart:3789:5)
#13     SemanticsAnnotationsMixin.visitChildrenForSemantics (package:flutter/src/rendering/object.dart:4783:11)
#14     _RenderObjectSemantics.isBlockingPreviousSibling (package:flutter/src/rendering/object.dart:5520:18)
#15     _RenderObjectSemantics.isBlockingPreviousSibling.<anonymous closure> (package:flutter/src/rendering/object.dart:5522:26)
#16     RenderObjectWithChildMixin.visitChildren (package:flutter/src/rendering/object.dart:4104:14)
#17     RenderObject.visitChildrenForSemantics (package:flutter/src/rendering/object.dart:3789:5)
#18     _RenderObjectSemantics.isBlockingPreviousSibling (package:flutter/src/rendering/object.dart:5520:18)
#19     _RenderObjectSemantics.isBlockingPreviousSibling.<anonymous closure> (package:flutter/src/rendering/object.dart:5522:26)
#20     RenderObjectWithChildMixin.visitChildren (package:flutter/src/rendering/object.dart:4104:14)
#21     RenderObject.visitChildrenForSemantics (package:flutter/src/rendering/object.dart:3789:5)
#22     _RenderObjectSemantics.isBlockingPreviousSibling (package:flutter/src/rendering/object.dart:5520:18)
#23     _RenderObjectSemantics.isBlockingPreviousSibling.<anonymous closure> (package:flutter/src/rendering/object.dart:5522:26)
#24     RenderObjectWithChildMixin.visitChildren (package:flutter/src/rendering/object.dart:4104:14)
#25     RenderObject.visitChildrenForSemantics (package:flutter/src/rendering/object.dart:3789:5)
#26     _RenderObjectSemantics.isBlockingPreviousSibling (package:flutter/src/rendering/object.dart:5520:18)
#27     _RenderObjectSemantics._getNonBlockedChildren.<anonymous closure> (package:flutter/src/rendering/object.dart:5669:34)
#28     RenderObjectWithChildMixin.visitChildren (package:flutter/src/rendering/object.dart:4104:14)
#29     RenderObject.visitChildrenForSemantics (package:flutter/src/rendering/object.dart:3789:5)
#30     _RenderObjectSemantics._getNonBlockedChildren (package:flutter/src/rendering/object.dart:5668:18)
#31     _RenderObjectSemantics._collectChildMergeUpAndSiblingGroup (package:flutter/src/rendering/object.dart:5736:57)
#32     _RenderObjectSemantics.updateChildren (package:flutter/src/rendering/object.dart:5608:50)
#33     _RenderObjectSemantics._didUpdateParentData (package:flutter/src/rendering/object.dart:5815:5)
#34     _RenderObjectSemantics._collectChildMergeUpAndSiblingGroup (package:flutter/src/rendering/object.dart:5738:22)
#35     _RenderObjectSemantics.updateChildren (package:flutter/src/rendering/object.dart:5608:50)
#36     _RenderObjectSemantics._didUpdateParentData (package:flutter/src/rendering/object.dart:5815:5)
#37     _RenderObjectSemantics._collectChildMergeUpAndSiblingGroup (package:flutter/src/rendering/object.dart:5738:22)
#38     _RenderObjectSemantics.updateChildren (package:flutter/src/rendering/object.dart:5608:50)
#39     _RenderObjectSemantics._didUpdateParentData (package:flutter/src/rendering/object.dart:5815:5)
#40     _RenderObjectSemantics._collectChildMergeUpAndSiblingGroup (package:flutter/src/rendering/object.dart:5738:22)
#41     _RenderObjectSemantics.updateChildren (package:flutter/src/rendering/object.dart:5608:50)
#42     _RenderObjectSemantics._didUpdateParentData (package:flutter/src/rendering/object.dart:5815:5)
#43     _RenderObjectSemantics._collectChildMergeUpAndSiblingGroup (package:flutter/src/rendering/object.dart:5738:22)
#44     _RenderObjectSemantics.updateChildren (package:flutter/src/rendering/object.dart:5608:50)
#45     _RenderObjectSemantics._didUpdateParentData (package:flutter/src/rendering/object.dart:5815:5)
#46     _RenderObjectSemantics._collectChildMergeUpAndSiblingGroup (package:flutter/src/rendering/object.dart:5738:22)
#47     _RenderObjectSemantics.updateChildren (package:flutter/src/rendering/object.dart:5608:50)
#48     _RenderObjectSemantics._didUpdateParentData (package:flutter/src/rendering/object.dart:5815:5)
#49     _RenderObjectSemantics._collectChildMergeUpAndSiblingGroup (package:flutter/src/rendering/object.dart:5738:22)
#50     _RenderObjectSemantics.updateChildren (package:flutter/src/rendering/object.dart:5608:50)
#51     _RenderObjectSemantics._didUpdateParentData (package:flutter/src/rendering/object.dart:5815:5)
#52     _RenderObjectSemantics._collectChildMergeUpAndSiblingGroup (package:flutter/src/rendering/object.dart:5738:22)
#53     _RenderObjectSemantics.updateChildren (package:flutter/src/rendering/object.dart:5608:50)
#54     _RenderObjectSemantics._didUpdateParentData (package:flutter/src/rendering/object.dart:5815:5)
#55     _RenderObjectSemantics._collectChildMergeUpAndSiblingGroup (package:flutter/src/rendering/object.dart:5738:22)
#56     _RenderObjectSemantics.updateChildren (package:flutter/src/rendering/object.dart:5608:50)
#57     _RenderObjectSemantics._didUpdateParentData (package:flutter/src/rendering/object.dart:5815:5)
#58     _RenderObjectSemantics._collectChildMergeUpAndSiblingGroup (package:flutter/src/rendering/object.dart:5738:22)
#59     _RenderObjectSemantics.updateChildren (package:flutter/src/rendering/object.dart:5608:50)
#60     _RenderObjectSemantics._didUpdateParentData (package:flutter/src/rendering/object.dart:5815:5)
#61     _RenderObjectSemantics._collectChildMergeUpAndSiblingGroup (package:flutter/src/rendering/object.dart:5738:22)
#62     _RenderObjectSemantics.updateChildren (package:flutter/src/rendering/object.dart:5608:50)
#63     _RenderObjectSemantics._didUpdateParentData (package:flutter/src/rendering/object.dart:5815:5)
#64     _RenderObjectSemantics._collectChildMergeUpAndSiblingGroup (package:flutter/src/rendering/object.dart:5738:22)
#65     _RenderObjectSemantics.updateChildren (package:flutter/src/rendering/object.dart:5608:50)
#66     _RenderObjectSemantics._didUpdateParentData (package:flutter/src/rendering/object.dart:5815:5)
#67     _RenderObjectSemantics._collectChildMergeUpAndSiblingGroup (package:flutter/src/rendering/object.dart:5738:22)
#68     _RenderObjectSemantics.updateChildren (package:flutter/src/rendering/object.dart:5608:50)
#69     _RenderObjectSemantics._didUpdateParentData (package:flutter/src/rendering/object.dart:5815:5)
#70     _RenderObjectSemantics._collectChildMergeUpAndSiblingGroup (package:flutter/src/rendering/object.dart:5738:22)
#71     _RenderObjectSemantics.updateChildren (package:flutter/src/rendering/object.dart:5608:50)
#72     _RenderObjectSemantics._didUpdateParentData (package:flutter/src/rendering/object.dart:5815:5)
#73     _RenderObjectSemantics._collectChildMergeUpAndSiblingGroup (package:flutter/src/rendering/object.dart:5738:22)
#74     _RenderObjectSemantics.updateChildren (package:flutter/src/rendering/object.dart:5608:50)
#75     _RenderObjectSemantics._didUpdateParentData (package:flutter/src/rendering/object.dart:5815:5)
#76     _RenderObjectSemantics._collectChildMergeUpAndSiblingGroup (package:flutter/src/rendering/object.dart:5738:22)
#77     _RenderObjectSemantics.updateChildren (package:flutter/src/rendering/object.dart:5608:50)
#78     _RenderObjectSemantics._didUpdateParentData (package:flutter/src/rendering/object.dart:5815:5)
#79     _RenderObjectSemantics._collectChildMergeUpAndSiblingGroup (package:flutter/src/rendering/object.dart:5738:22)
#80     _RenderObjectSemantics.updateChildren (package:flutter/src/rendering/object.dart:5608:50)
#81     _RenderObjectSemantics._didUpdateParentData (package:flutter/src/rendering/object.dart:5815:5)
#82     _RenderObjectSemantics._collectChildMergeUpAndSiblingGroup (package:flutter/src/rendering/object.dart:5738:22)
#83     _RenderObjectSemantics.updateChildren (package:flutter/src/rendering/object.dart:5608:50)
#84     _RenderObjectSemantics._didUpdateParentData (package:flutter/src/rendering/object.dart:5815:5)
#85     _RenderObjectSemantics._collectChildMergeUpAndSiblingGroup (package:flutter/src/rendering/object.dart:5738:22)
#86     _RenderObjectSemantics.updateChildren (package:flutter/src/rendering/object.dart:5608:50)
#87     _RenderObjectSemantics._didUpdateParentData (package:flutter/src/rendering/object.dart:5815:5)
#88     _RenderObjectSemantics._collectChildMergeUpAndSiblingGroup (package:flutter/src/rendering/object.dart:5738:22)
#89     _RenderObjectSemantics.updateChildren (package:flutter/src/rendering/object.dart:5608:50)
#90     _RenderObjectSemantics._didUpdateParentData (package:flutter/src/rendering/object.dart:5815:5)
#91     _RenderObjectSemantics._collectChildMergeUpAndSiblingGroup (package:flutter/src/rendering/object.dart:5738:22)
#92     _RenderObjectSemantics.updateChildren (package:flutter/src/rendering/object.dart:5608:50)
#93     _RenderObjectSemantics._didUpdateParentData (package:flutter/src/rendering/object.dart:5815:5)
#94     _RenderObjectSemantics._collectChildMergeUpAndSiblingGroup (package:flutter/src/rendering/object.dart:5738:22)
#95     _RenderObjectSemantics.updateChildren (package:flutter/src/rendering/object.dart:5608:50)
#96     _RenderObjectSemantics._didUpdateParentData (package:flutter/src/rendering/object.dart:5815:5)
#97     _RenderObjectSemantics._collectChildMergeUpAndSiblingGroup (package:flutter/src/rendering/object.dart:5738:22)
#98     _RenderObjectSemantics.updateChildren (package:flutter/src/rendering/object.dart:5608:50)
#99     _RenderObjectSemantics._didUpdateParentData (package:flutter/src/rendering/object.dart:5815:5)
#100    _RenderObjectSemantics._collectChildMergeUpAndSiblingGroup (package:flutter/src/rendering/object.dart:5738:22)
#101    _RenderObjectSemantics.updateChildren (package:flutter/src/rendering/object.dart:5608:50)
#102    _RenderObjectSemantics._didUpdateParentData (package:flutter/src/rendering/object.dart:5815:5)
#103    _RenderObjectSemantics._collectChildMergeUpAndSiblingGroup (package:flutter/src/rendering/object.dart:5738:22)
#104    _RenderObjectSemantics.updateChildren (package:flutter/src/rendering/object.dart:5608:50)
#105    _RenderObjectSemantics._didUpdateParentData (package:flutter/src/rendering/object.dart:5815:5)
#106    _RenderObjectSemantics._collectChildMergeUpAndSiblingGroup (package:flutter/src/rendering/object.dart:5738:22)
#107    _RenderObjectSemantics.updateChildren (package:flutter/src/rendering/object.dart:5608:50)
#108    _RenderObjectSemantics._didUpdateParentData (package:flutter/src/rendering/object.dart:5815:5)
#109    _RenderObjectSemantics._collectChildMergeUpAndSiblingGroup (package:flutter/src/rendering/object.dart:5738:22)
#110    _RenderObjectSemantics.updateChildren (package:flutter/src/rendering/object.dart:5608:50)
#111    _RenderObjectSemantics._didUpdateParentData (package:flutter/src/rendering/object.dart:5815:5)
#112    _RenderObjectSemantics._collectChildMergeUpAndSiblingGroup (package:flutter/src/rendering/object.dart:5738:22)
#113    _RenderObjectSemantics.updateChildren (package:flutter/src/rendering/object.dart:5608:50)
#114    _RenderObjectSemantics._didUpdateParentData (package:flutter/src/rendering/object.dart:5815:5)
#115    _RenderObjectSemantics._collectChildMergeUpAndSiblingGroup (package:flutter/src/rendering/object.dart:5738:22)
#116    _RenderObjectSemantics.updateChildren (package:flutter/src/rendering/object.dart:5608:50)
#117    _RenderObjectSemantics._didUpdateParentData (package:flutter/src/rendering/object.dart:5815:5)
#118    _RenderObjectSemantics._collectChildMergeUpAndSiblingGroup (package:flutter/src/rendering/object.dart:5738:22)
#119    _RenderObjectSemantics.updateChildren (package:flutter/src/rendering/object.dart:5608:50)
#120    _RenderObjectSemantics._didUpdateParentData (package:flutter/src/rendering/object.dart:5815:5)
#121    _RenderObjectSemantics._collectChildMergeUpAndSiblingGroup (package:flutter/src/rendering/object.dart:5738:22)
#122    _RenderObjectSemantics.updateChildren (package:flutter/src/rendering/object.dart:5608:50)
#123    _RenderObjectSemantics._didUpdateParentData (package:flutter/src/rendering/object.dart:5815:5)
#124    _RenderObjectSemantics._collectChildMergeUpAndSiblingGroup (package:flutter/src/rendering/object.dart:5738:22)
#125    _RenderObjectSemantics.updateChildren (package:flutter/src/rendering/object.dart:5608:50)
#126    _RenderObjectSemantics._didUpdateParentData (package:flutter/src/rendering/object.dart:5815:5)
#127    _RenderObjectSemantics._collectChildMergeUpAndSiblingGroup (package:flutter/src/rendering/object.dart:5738:22)
#128    _RenderObjectSemantics.updateChildren (package:flutter/src/rendering/object.dart:5608:50)
#129    _RenderObjectSemantics._didUpdateParentData (package:flutter/src/rendering/object.dart:5815:5)
#130    _RenderObjectSemantics._collectChildMergeUpAndSiblingGroup (package:flutter/src/rendering/object.dart:5738:22)
#131    _RenderObjectSemantics.updateChildren (package:flutter/src/rendering/object.dart:5608:50)
#132    _RenderObjectSemantics._didUpdateParentData (package:flutter/src/rendering/object.dart:5815:5)
#133    _RenderObjectSemantics._collectChildMergeUpAndSiblingGroup (package:flutter/src/rendering/object.dart:5738:22)
#134    _RenderObjectSemantics.updateChildren (package:flutter/src/rendering/object.dart:5608:50)
#135    _RenderObjectSemantics._didUpdateParentData (package:flutter/src/rendering/object.dart:5815:5)
#136    _RenderObjectSemantics._collectChildMergeUpAndSiblingGroup (package:flutter/src/rendering/object.dart:5738:22)
#137    _RenderObjectSemantics.updateChildren (package:flutter/src/rendering/object.dart:5608:50)
#138    _RenderObjectSemantics._didUpdateParentData (package:flutter/src/rendering/object.dart:5815:5)
#139    _RenderObjectSemantics._collectChildMergeUpAndSiblingGroup (package:flutter/src/rendering/object.dart:5738:22)
#140    _RenderObjectSemantics.updateChildren (package:flutter/src/rendering/object.dart:5608:50)
#141    _RenderObjectSemantics._didUpdateParentData (package:flutter/src/rendering/object.dart:5815:5)
#142    _RenderObjectSemantics._collectChildMergeUpAndSiblingGroup (package:flutter/src/rendering/object.dart:5738:22)
#143    _RenderObjectSemantics.updateChildren (package:flutter/src/rendering/object.dart:5608:50)
#144    _RenderObjectSemantics._didUpdateParentData (package:flutter/src/rendering/object.dart:5815:5)
#145    _RenderObjectSemantics._collectChildMergeUpAndSiblingGroup (package:flutter/src/rendering/object.dart:5738:22)
#146    _RenderObjectSemantics.updateChildren (package:flutter/src/rendering/object.dart:5608:50)
#147    _RenderObjectSemantics._didUpdateParentData (package:flutter/src/rendering/object.dart:5815:5)
#148    _RenderObjectSemantics._collectChildMergeUpAndSiblingGroup (package:flutter/src/rendering/object.dart:5738:22)
#149    _RenderObjectSemantics.updateChildren (package:flutter/src/rendering/object.dart:5608:50)
#150    _RenderObjectSemantics._didUpdateParentData (package:flutter/src/rendering/object.dart:5815:5)
#151    _RenderObjectSemantics._collectChildMergeUpAndSiblingGroup (package:flutter/src/rendering/object.dart:5738:22)
#152    _RenderObjectSemantics.updateChildren (package:flutter/src/rendering/object.dart:5608:50)
#153    _RenderObjectSemantics._didUpdateParentData (package:flutter/src/rendering/object.dart:5815:5)
#154    _RenderObjectSemantics._collectChildMergeUpAndSiblingGroup (package:flutter/src/rendering/object.dart:5738:22)
#155    _RenderObjectSemantics.updateChildren (package:flutter/src/rendering/object.dart:5608:50)
#156    _RenderObjectSemantics._didUpdateParentData (package:flutter/src/rendering/object.dart:5815:5)
#157    _RenderObjectSemantics._collectChildMergeUpAndSiblingGroup (package:flutter/src/rendering/object.dart:5738:22)
#158    _RenderObjectSemantics.updateChildren (package:flutter/src/rendering/object.dart:5608:50)
#159    _RenderObjectSemantics._didUpdateParentData (package:flutter/src/rendering/object.dart:5815:5)
#160    _RenderObjectSemantics._collectChildMergeUpAndSiblingGroup (package:flutter/src/rendering/object.dart:5738:22)
#161    _RenderObjectSemantics.updateChildren (package:flutter/src/rendering/object.dart:5608:50)
#162    _RenderObjectSemantics._didUpdateParentData (package:flutter/src/rendering/object.dart:5815:5)
#163    _RenderObjectSemantics._collectChildMergeUpAndSiblingGroup (package:flutter/src/rendering/object.dart:5738:22)
#164    _RenderObjectSemantics.updateChildren (package:flutter/src/rendering/object.dart:5608:50)
#165    _RenderObjectSemantics._didUpdateParentData (package:flutter/src/rendering/object.dart:5815:5)
#166    _RenderObjectSemantics._collectChildMergeUpAndSiblingGroup (package:flutter/src/rendering/object.dart:5738:22)
#167    _RenderObjectSemantics.updateChildren (package:flutter/src/rendering/object.dart:5608:50)
#168    _RenderObjectSemantics._didUpdateParentData (package:flutter/src/rendering/object.dart:5815:5)
#169    _RenderObjectSemantics._collectChildMergeUpAndSiblingGroup (package:flutter/src/rendering/object.dart:5738:22)
#170    _RenderObjectSemantics.updateChildren (package:flutter/src/rendering/object.dart:5608:50)
#171    PipelineOwner.flushSemantics (package:flutter/src/rendering/object.dart:1473:25)
#172    PipelineOwner.flushSemantics (package:flutter/src/rendering/object.dart:1518:15)
#173    AutomatedTestWidgetsFlutterBinding.drawFrame (package:flutter_test/src/binding.dart:2144:35)
#174    RendererBinding._handlePersistentFrameCallback (package:flutter/src/rendering/binding.dart:495:5)
#175    SchedulerBinding._invokeFrameCallback (package:flutter/src/scheduler/binding.dart:1430:15)
#176    SchedulerBinding.handleDrawFrame (package:flutter/src/scheduler/binding.dart:1345:9)
#177    AutomatedTestWidgetsFlutterBinding.pump.<anonymous closure> (package:flutter_test/src/binding.dart:1960:9)
#180    TestAsyncUtils.guard (package:flutter_test/src/test_async_utils.dart:74:41)
#181    AutomatedTestWidgetsFlutterBinding.pump (package:flutter_test/src/binding.dart:1949:27)
#182    WidgetTester.pump.<anonymous closure> (package:flutter_test/src/widget_tester.dart:652:53)
#185    TestAsyncUtils.guard (package:flutter_test/src/test_async_utils.dart:74:41)
#186    WidgetTester.pump (package:flutter_test/src/widget_tester.dart:652:27)
#187    main.<anonymous closure> (file:///C:/Users/User/.codex/worktrees/hadayah-wave4v2-integration/Streamer_app/project/test/map_tricity_widgets_test.dart:156:26)
<asynchronous suspension>
#188    testWidgets.<anonymous closure>.<anonymous closure> (package:flutter_test/src/widget_tester.dart:192:15)
<asynchronous suspension>
#189    TestWidgetsFlutterBinding._runTestBody (package:flutter_test/src/binding.dart:1682:5)
<asynchronous suspension>
<asynchronous suspension>
(elided 5 frames from dart:async and package:stack_trace)
════════════════════════════════════════════════════════════════════════════════════════════════════
══╡ EXCEPTION CAUGHT BY RENDERING LIBRARY ╞═════════════════════════════════════════════════════════
The following assertion was thrown during paint():
RenderBox was not laid out: RenderTransform#42954 relayoutBoundary=up14 NEEDS-PAINT
'package:flutter/src/rendering/box.dart':
Failed assertion: line 2251 pos 12: 'hasSize'

Either the assertion indicates an error in the framework itself, or we should provide substantially
more information in this error message to help you determine and fix the underlying cause.
In either case, please report this assertion by filing a bug on GitHub:
  https://github.com/flutter/flutter/issues/new?template=02_bug.yml

The relevant error-causing widget was:
  Scaffold-[LabeledGlobalKey<ScaffoldState>#15b93]
  Scaffold:file:///C:/Users/User/.codex/worktrees/hadayah-wave4v2-integration/Streamer_app/project/lib/features/map/presentation/spatial_map_screen.dart:580:12

When the exception was thrown, this was the stack:
#2      RenderBox.size (package:flutter/src/rendering/box.dart:2251:12)
#3      RenderTransform._effectiveTransform (package:flutter/src/rendering/proxy_box.dart:2700:49)
#4      RenderTransform.applyPaintTransform (package:flutter/src/rendering/proxy_box.dart:2783:24)
#5      InkFeature._getPaintTransform (package:flutter/src/material/material.dart:757:21)
#6      InkFeature._paint (package:flutter/src/material/material.dart:771:32)
#7      _RenderInkFeatures.paint (package:flutter/src/material/material.dart:629:20)
#8      RenderObject._paintWithContext (package:flutter/src/rendering/object.dart:3429:7)
#9      PaintingContext.paintChild (package:flutter/src/rendering/object.dart:265:13)
#10     RenderProxyBoxMixin.paint (package:flutter/src/rendering/proxy_box.dart:143:13)
#11     RenderPhysicalModel.paint.<anonymous closure> (package:flutter/src/rendering/proxy_box.dart:2252:15)
#12     PaintingContext.pushClipRRect (package:flutter/src/rendering/object.dart:626:14)
#13     RenderPhysicalModel.paint (package:flutter/src/rendering/proxy_box.dart:2239:21)
#14     RenderObject._paintWithContext (package:flutter/src/rendering/object.dart:3429:7)
#15     PaintingContext.paintChild (package:flutter/src/rendering/object.dart:265:13)
#16     RenderProxyBoxMixin.paint (package:flutter/src/rendering/proxy_box.dart:143:13)
#17     RenderObject._paintWithContext (package:flutter/src/rendering/object.dart:3429:7)
#18     PaintingContext.paintChild (package:flutter/src/rendering/object.dart:265:13)
#19     RenderProxyBoxMixin.paint (package:flutter/src/rendering/proxy_box.dart:143:13)
#20     RenderObject._paintWithContext (package:flutter/src/rendering/object.dart:3429:7)
#21     PaintingContext._repaintCompositedChild (package:flutter/src/rendering/object.dart:180:11)
#22     PaintingContext.repaintCompositedChild (package:flutter/src/rendering/object.dart:125:5)
#23     PipelineOwner.flushPaint (package:flutter/src/rendering/object.dart:1325:31)
#24     PipelineOwner.flushPaint (package:flutter/src/rendering/object.dart:1335:15)
#25     AutomatedTestWidgetsFlutterBinding.drawFrame (package:flutter_test/src/binding.dart:2137:31)
#26     RendererBinding._handlePersistentFrameCallback (package:flutter/src/rendering/binding.dart:495:5)
#27     SchedulerBinding._invokeFrameCallback (package:flutter/src/scheduler/binding.dart:1430:15)
#28     SchedulerBinding.handleDrawFrame (package:flutter/src/scheduler/binding.dart:1345:9)
#29     AutomatedTestWidgetsFlutterBinding.pump.<anonymous closure> (package:flutter_test/src/binding.dart:1960:9)
#32     TestAsyncUtils.guard (package:flutter_test/src/test_async_utils.dart:74:41)
#33     AutomatedTestWidgetsFlutterBinding.pump (package:flutter_test/src/binding.dart:1949:27)
#34     WidgetTester.pump.<anonymous closure> (package:flutter_test/src/widget_tester.dart:652:53)
#37     TestAsyncUtils.guard (package:flutter_test/src/test_async_utils.dart:74:41)
#38     WidgetTester.pump (package:flutter_test/src/widget_tester.dart:652:27)
#39     main.<anonymous closure> (file:///C:/Users/User/.codex/worktrees/hadayah-wave4v2-integration/Streamer_app/project/test/map_tricity_widgets_test.dart:157:26)
<asynchronous suspension>
#40     testWidgets.<anonymous closure>.<anonymous closure> (package:flutter_test/src/widget_tester.dart:192:15)
<asynchronous suspension>
#41     TestWidgetsFlutterBinding._runTestBody (package:flutter_test/src/binding.dart:1682:5)
<asynchronous suspension>
<asynchronous suspension>
(elided 7 frames from class _AssertionError, dart:async, and package:stack_trace)

The following RenderObject was being processed when the exception was fired: _RenderInkFeatures#cc5e9:
  needs compositing
  creator: _InkFeatures-[GlobalKey#81697 ink renderer] ←
    NotificationListener<LayoutChangedNotification> ← PhysicalModel ← AnimatedPhysicalModel ← Material
    ← _ScrollNotificationObserverScope ← NotificationListener<ScrollNotification> ←
    NotificationListener<ScrollMetricsNotification> ← ScrollNotificationObserver ← _ScaffoldScope ←
    Scaffold-[LabeledGlobalKey<ScaffoldState>#15b93] ← SpatialMapScreen ← ⋯
  parentData: <none> (can use size)
  constraints: BoxConstraints(w=320.0, h=800.0)
  size: Size(320.0, 800.0)
This RenderObject had the following descendants (showing up to depth 5):
    child: RenderCustomMultiChildLayoutBox#1b99c NEEDS-PAINT
      child 1: RenderFlex#6847b relayoutBoundary=up1 NEEDS-PAINT
        child 1: _RenderLayoutBuilder#6ed8e relayoutBoundary=up2 NEEDS-PAINT
          child: RenderStack#e84c4 relayoutBoundary=up3 NEEDS-PAINT
            child 1: _RenderColoredBox#214d4
            child 2: RenderPositionedBox#0db5b relayoutBoundary=up4
            child 3: RenderConstrainedBox#5ae97 relayoutBoundary=up4
            child 4: RenderPadding#d82eb relayoutBoundary=up4 NEEDS-PAINT
            child 5: RenderFlex#54730 relayoutBoundary=up4
            child 6: RenderConstrainedBox#c3ada relayoutBoundary=up4
            child 7: RenderPhysicalShape#b33de relayoutBoundary=up4
      child 2: RenderStack#eb89d relayoutBoundary=up1
        child 1: RenderTransform#7ea61 relayoutBoundary=up2
          child: RenderTransform#0919a relayoutBoundary=up3 NEEDS-PAINT
      child 3: RenderPositionedBox#329a9
        child: RenderPointerListener#23184 relayoutBoundary=up1
          child: RenderLimitedBox#bbab2 relayoutBoundary=up2
            child: RenderConstrainedBox#d6847 relayoutBoundary=up3
════════════════════════════════════════════════════════════════════════════════════════════════════
══╡ EXCEPTION CAUGHT BY SCHEDULER LIBRARY ╞═════════════════════════════════════════════════════════
The following assertion was thrown during a scheduler callback:
'package:flutter/src/rendering/object.dart': Failed assertion: line 5493 pos 14:
'!semantics.parentDataDirty': is not true.

When the exception was thrown, this was the stack:
#2      _RenderObjectSemantics.debugCheckForParentData.debugCheckParentDataNotDirty (package:flutter/src/rendering/object.dart:5493:14)
#3      List.forEach (dart:core-patch/growable_array.dart:428:8)
#4      _RenderObjectSemantics.debugCheckForParentData.debugCheckParentDataNotDirty (package:flutter/src/rendering/object.dart:5494:42)
#5      List.forEach (dart:core-patch/growable_array.dart:428:8)
#6      _RenderObjectSemantics.debugCheckForParentData.debugCheckParentDataNotDirty (package:flutter/src/rendering/object.dart:5494:42)
#7      List.forEach (dart:core-patch/growable_array.dart:428:8)
#8      _RenderObjectSemantics.debugCheckForParentData.debugCheckParentDataNotDirty (package:flutter/src/rendering/object.dart:5494:42)
#9      List.forEach (dart:core-patch/growable_array.dart:428:8)
#10     _RenderObjectSemantics.debugCheckForParentData.debugCheckParentDataNotDirty (package:flutter/src/rendering/object.dart:5494:42)
#11     List.forEach (dart:core-patch/growable_array.dart:428:8)
#12     _RenderObjectSemantics.debugCheckForParentData.debugCheckParentDataNotDirty (package:flutter/src/rendering/object.dart:5494:42)
#13     List.forEach (dart:core-patch/growable_array.dart:428:8)
#14     _RenderObjectSemantics.debugCheckForParentData.debugCheckParentDataNotDirty (package:flutter/src/rendering/object.dart:5494:42)
#15     List.forEach (dart:core-patch/growable_array.dart:428:8)
#16     _RenderObjectSemantics.debugCheckForParentData.debugCheckParentDataNotDirty (package:flutter/src/rendering/object.dart:5494:42)
#17     List.forEach (dart:core-patch/growable_array.dart:428:8)
#18     _RenderObjectSemantics.debugCheckForParentData.debugCheckParentDataNotDirty (package:flutter/src/rendering/object.dart:5494:42)
#19     List.forEach (dart:core-patch/growable_array.dart:428:8)
#20     _RenderObjectSemantics.debugCheckForParentData.debugCheckParentDataNotDirty (package:flutter/src/rendering/object.dart:5494:42)
#21     List.forEach (dart:core-patch/growable_array.dart:428:8)
#22     _RenderObjectSemantics.debugCheckForParentData.debugCheckParentDataNotDirty (package:flutter/src/rendering/object.dart:5494:42)
#23     List.forEach (dart:core-patch/growable_array.dart:428:8)
#24     _RenderObjectSemantics.debugCheckForParentData.debugCheckParentDataNotDirty (package:flutter/src/rendering/object.dart:5494:42)
#25     List.forEach (dart:core-patch/growable_array.dart:428:8)
#26     _RenderObjectSemantics.debugCheckForParentData.debugCheckParentDataNotDirty (package:flutter/src/rendering/object.dart:5494:42)
#27     List.forEach (dart:core-patch/growable_array.dart:428:8)
#28     _RenderObjectSemantics.debugCheckForParentData.debugCheckParentDataNotDirty (package:flutter/src/rendering/object.dart:5494:42)
#29     List.forEach (dart:core-patch/growable_array.dart:428:8)
#30     _RenderObjectSemantics.debugCheckForParentData.debugCheckParentDataNotDirty (package:flutter/src/rendering/object.dart:5494:42)
#31     List.forEach (dart:core-patch/growable_array.dart:428:8)
#32     _RenderObjectSemantics.debugCheckForParentData.debugCheckParentDataNotDirty (package:flutter/src/rendering/object.dart:5494:42)
#33     List.forEach (dart:core-patch/growable_array.dart:428:8)
#34     _RenderObjectSemantics.debugCheckForParentData.debugCheckParentDataNotDirty (package:flutter/src/rendering/object.dart:5494:42)
#35     List.forEach (dart:core-patch/growable_array.dart:428:8)
#36     _RenderObjectSemantics.debugCheckForParentData.debugCheckParentDataNotDirty (package:flutter/src/rendering/object.dart:5494:42)
#37     List.forEach (dart:core-patch/growable_array.dart:428:8)
#38     _RenderObjectSemantics.debugCheckForParentData.debugCheckParentDataNotDirty (package:flutter/src/rendering/object.dart:5494:42)
#39     List.forEach (dart:core-patch/growable_array.dart:428:8)
#40     _RenderObjectSemantics.debugCheckForParentData.debugCheckParentDataNotDirty (package:flutter/src/rendering/object.dart:5494:42)
#41     List.forEach (dart:core-patch/growable_array.dart:428:8)
#42     _RenderObjectSemantics.debugCheckForParentData.debugCheckParentDataNotDirty (package:flutter/src/rendering/object.dart:5494:42)
#43     List.forEach (dart:core-patch/growable_array.dart:428:8)
#44     _RenderObjectSemantics.debugCheckForParentData.debugCheckParentDataNotDirty (package:flutter/src/rendering/object.dart:5494:42)
#45     List.forEach (dart:core-patch/growable_array.dart:428:8)
#46     _RenderObjectSemantics.debugCheckForParentData.debugCheckParentDataNotDirty (package:flutter/src/rendering/object.dart:5494:42)
#47     List.forEach (dart:core-patch/growable_array.dart:428:8)
#48     _RenderObjectSemantics.debugCheckForParentData.debugCheckParentDataNotDirty (package:flutter/src/rendering/object.dart:5494:42)
#49     List.forEach (dart:core-patch/growable_array.dart:428:8)
#50     _RenderObjectSemantics.debugCheckForParentData.debugCheckParentDataNotDirty (package:flutter/src/rendering/object.dart:5494:42)
#51     List.forEach (dart:core-patch/growable_array.dart:428:8)
#52     _RenderObjectSemantics.debugCheckForParentData.debugCheckParentDataNotDirty (package:flutter/src/rendering/object.dart:5494:42)
#53     List.forEach (dart:core-patch/growable_array.dart:428:8)
#54     _RenderObjectSemantics.debugCheckForParentData.debugCheckParentDataNotDirty (package:flutter/src/rendering/object.dart:5494:42)
#55     List.forEach (dart:core-patch/growable_array.dart:428:8)
#56     _RenderObjectSemantics.debugCheckForParentData.debugCheckParentDataNotDirty (package:flutter/src/rendering/object.dart:5494:42)
#57     List.forEach (dart:core-patch/growable_array.dart:428:8)
#58     _RenderObjectSemantics.debugCheckForParentData.debugCheckParentDataNotDirty (package:flutter/src/rendering/object.dart:5494:42)
#59     List.forEach (dart:core-patch/growable_array.dart:428:8)
#60     _RenderObjectSemantics.debugCheckForParentData.debugCheckParentDataNotDirty (package:flutter/src/rendering/object.dart:5494:42)
#61     List.forEach (dart:core-patch/growable_array.dart:428:8)
#62     _RenderObjectSemantics.debugCheckForParentData.debugCheckParentDataNotDirty (package:flutter/src/rendering/object.dart:5494:42)
#63     List.forEach (dart:core-patch/growable_array.dart:428:8)
#64     _RenderObjectSemantics.debugCheckForParentData.debugCheckParentDataNotDirty (package:flutter/src/rendering/object.dart:5494:42)
#65     List.forEach (dart:core-patch/growable_array.dart:428:8)
#66     _RenderObjectSemantics.debugCheckForParentData.debugCheckParentDataNotDirty (package:flutter/src/rendering/object.dart:5494:42)
#67     List.forEach (dart:core-patch/growable_array.dart:428:8)
#68     _RenderObjectSemantics.debugCheckForParentData.debugCheckParentDataNotDirty (package:flutter/src/rendering/object.dart:5494:42)
#69     List.forEach (dart:core-patch/growable_array.dart:428:8)
#70     _RenderObjectSemantics.debugCheckForParentData.debugCheckParentDataNotDirty (package:flutter/src/rendering/object.dart:5494:42)
#71     List.forEach (dart:core-patch/growable_array.dart:428:8)
#72     _RenderObjectSemantics.debugCheckForParentData.debugCheckParentDataNotDirty (package:flutter/src/rendering/object.dart:5494:42)
#73     List.forEach (dart:core-patch/growable_array.dart:428:8)
#74     _RenderObjectSemantics.debugCheckForParentData.debugCheckParentDataNotDirty (package:flutter/src/rendering/object.dart:5494:42)
#75     List.forEach (dart:core-patch/growable_array.dart:428:8)
#76     _RenderObjectSemantics.debugCheckForParentData.debugCheckParentDataNotDirty (package:flutter/src/rendering/object.dart:5494:42)
#77     List.forEach (dart:core-patch/growable_array.dart:428:8)
#78     _RenderObjectSemantics.debugCheckForParentData.debugCheckParentDataNotDirty (package:flutter/src/rendering/object.dart:5494:42)
#79     List.forEach (dart:core-patch/growable_array.dart:428:8)
#80     _RenderObjectSemantics.debugCheckForParentData.debugCheckParentDataNotDirty (package:flutter/src/rendering/object.dart:5494:42)
#81     List.forEach (dart:core-patch/growable_array.dart:428:8)
#82     _RenderObjectSemantics.debugCheckForParentData.debugCheckParentDataNotDirty (package:flutter/src/rendering/object.dart:5494:42)
#83     List.forEach (dart:core-patch/growable_array.dart:428:8)
#84     _RenderObjectSemantics.debugCheckForParentData.debugCheckParentDataNotDirty (package:flutter/src/rendering/object.dart:5494:42)
#85     List.forEach (dart:core-patch/growable_array.dart:428:8)
#86     _RenderObjectSemantics.debugCheckForParentData.debugCheckParentDataNotDirty (package:flutter/src/rendering/object.dart:5494:42)
#87     List.forEach (dart:core-patch/growable_array.dart:428:8)
#88     _RenderObjectSemantics.debugCheckForParentData.debugCheckParentDataNotDirty (package:flutter/src/rendering/object.dart:5494:42)
#89     List.forEach (dart:core-patch/growable_array.dart:428:8)
#90     _RenderObjectSemantics.debugCheckForParentData.debugCheckParentDataNotDirty (package:flutter/src/rendering/object.dart:5494:42)
#91     List.forEach (dart:core-patch/growable_array.dart:428:8)
#92     _RenderObjectSemantics.debugCheckForParentData.debugCheckParentDataNotDirty (package:flutter/src/rendering/object.dart:5494:42)
#93     List.forEach (dart:core-patch/growable_array.dart:428:8)
#94     _RenderObjectSemantics.debugCheckForParentData.debugCheckParentDataNotDirty (package:flutter/src/rendering/object.dart:5494:42)
#95     List.forEach (dart:core-patch/growable_array.dart:428:8)
#96     _RenderObjectSemantics.debugCheckForParentData.debugCheckParentDataNotDirty (package:flutter/src/rendering/object.dart:5494:42)
#97     _RenderObjectSemantics.debugCheckForParentData (package:flutter/src/rendering/object.dart:5497:5)
#98     PipelineOwner.flushSemantics.<anonymous closure> (package:flutter/src/rendering/object.dart:1483:34)
#99     PipelineOwner.flushSemantics (package:flutter/src/rendering/object.dart:1486:8)
#100    PipelineOwner.flushSemantics (package:flutter/src/rendering/object.dart:1518:15)
#101    AutomatedTestWidgetsFlutterBinding.drawFrame (package:flutter_test/src/binding.dart:2144:35)
#102    RendererBinding._handlePersistentFrameCallback (package:flutter/src/rendering/binding.dart:495:5)
#103    SchedulerBinding._invokeFrameCallback (package:flutter/src/scheduler/binding.dart:1430:15)
#104    SchedulerBinding.handleDrawFrame (package:flutter/src/scheduler/binding.dart:1345:9)
#105    AutomatedTestWidgetsFlutterBinding.pump.<anonymous closure> (package:flutter_test/src/binding.dart:1960:9)
#108    TestAsyncUtils.guard (package:flutter_test/src/test_async_utils.dart:74:41)
#109    AutomatedTestWidgetsFlutterBinding.pump (package:flutter_test/src/binding.dart:1949:27)
#110    WidgetTester.pump.<anonymous closure> (package:flutter_test/src/widget_tester.dart:652:53)
#113    TestAsyncUtils.guard (package:flutter_test/src/test_async_utils.dart:74:41)
#114    WidgetTester.pump (package:flutter_test/src/widget_tester.dart:652:27)
#115    main.<anonymous closure> (file:///C:/Users/User/.codex/worktrees/hadayah-wave4v2-integration/Streamer_app/project/test/map_tricity_widgets_test.dart:157:26)
<asynchronous suspension>
#116    testWidgets.<anonymous closure>.<anonymous closure> (package:flutter_test/src/widget_tester.dart:192:15)
<asynchronous suspension>
#117    TestWidgetsFlutterBinding._runTestBody (package:flutter_test/src/binding.dart:1682:5)
<asynchronous suspension>
<asynchronous suspension>
(elided 7 frames from class _AssertionError, dart:async, and package:stack_trace)
════════════════════════════════════════════════════════════════════════════════════════════════════
══╡ EXCEPTION CAUGHT BY FLUTTER TEST FRAMEWORK ╞════════════════════════════════════════════════════
The following assertion was thrown running a test:
RenderBox was not laid out: RenderIndexedSemantics#57da1 relayoutBoundary=up24 NEEDS-PAINT
'package:flutter/src/rendering/box.dart':
Failed assertion: line 2251 pos 12: 'hasSize'

Either the assertion indicates an error in the framework itself, or we should provide substantially
more information in this error message to help you determine and fix the underlying cause.
In either case, please report this assertion by filing a bug on GitHub:
  https://github.com/flutter/flutter/issues/new?template=02_bug.yml

When the exception was thrown, this was the stack:
#2      RenderBox.size (package:flutter/src/rendering/box.dart:2251:12)
#3      RenderBox.paintBounds (package:flutter/src/rendering/box.dart:3109:41)
#4      SliverMultiBoxAdaptorElement.debugVisitOnstageChildren.<anonymous closure> (package:flutter/src/widgets/sliver.dart:1290:50)
#5      WhereIterator.moveNext (dart:_internal/iterable.dart:468:13)
#6      Iterable.forEach (dart:core/iterable.dart:366:23)
#7      SliverMultiBoxAdaptorElement.debugVisitOnstageChildren (package:flutter/src/widgets/sliver.dart:1299:10)
#8      _DepthFirstElementTreeIterator._collectChildren (package:flutter_test/src/tree_traversal.dart:131:12)
#9      _DepthFirstTreeIterator.moveNext (package:flutter_test/src/tree_traversal.dart:77:16)
#10     CachingIterable._fillNext (package:flutter/src/foundation/basic_types.dart:206:27)
#11     _LazyListIterator.moveNext (package:flutter/src/foundation/basic_types.dart:236:21)
#12     WhereIterator.moveNext (dart:_internal/iterable.dart:467:22)
#13     CachingIterable._fillNext (package:flutter/src/foundation/basic_types.dart:206:27)
#14     _LazyListIterator.moveNext (package:flutter/src/foundation/basic_types.dart:236:21)
#15     _AncestorFinderMixin.allCandidates (package:flutter_test/src/finders.dart:1814:49)
#16     FinderBase.evaluate (package:flutter_test/src/finders.dart:987:76)
#17     _AncestorFinderMixin.allCandidates (package:flutter_test/src/finders.dart:1814:49)
#18     FinderBase.evaluate (package:flutter_test/src/finders.dart:987:76)
#19     WidgetController.widgetList (package:flutter_test/src/controller.dart:843:19)
#20     WidgetController._maybeViewOf (package:flutter_test/src/controller.dart:790:34)
#21     WidgetController.tap (package:flutter_test/src/controller.dart:1059:31)
#22     main.<anonymous closure> (file:///C:/Users/User/.codex/worktrees/hadayah-wave4v2-integration/Streamer_app/project/test/map_tricity_widgets_test.dart:158:26)
<asynchronous suspension>
#23     testWidgets.<anonymous closure>.<anonymous closure> (package:flutter_test/src/widget_tester.dart:192:15)
<asynchronous suspension>
#24     TestWidgetsFlutterBinding._runTestBody (package:flutter_test/src/binding.dart:1682:5)
<asynchronous suspension>
<asynchronous suspension>
(elided 3 frames from class _AssertionError and package:stack_trace)

The test description was:
  selected card en width=320.0 text=2.0 BroadcastType.liveAudio
════════════════════════════════════════════════════════════════════════════════════════════════════
══╡ EXCEPTION CAUGHT BY FLUTTER TEST FRAMEWORK ╞════════════════════════════════════════════════════
The following message was thrown:
Multiple exceptions (31) were detected during the running of the current test, and at least one was
unexpected.
════════════════════════════════════════════════════════════════════════════════════════════════════
00:04 +0 -3: selected card en width=320.0 text=2.0 BroadcastType.liveAudio [E]
  Test failed. See exception logs above.
  The test description was: selected card en width=320.0 text=2.0 BroadcastType.liveAudio
  
00:04 +0 -3: (tearDownAll)
00:04 +0 -3: Some tests failed.
