00:00 +0: loading C:/Users/User/.codex/worktrees/hadayah-wave4v2-integration/Streamer_app/project/test/admin_broadcaster_moderation_test.dart
00:00 +0: loading C:/Users/User/.codex/worktrees/hadayah-wave4v2-integration/Streamer_app/project/test/admin_database_service_test.dart
00:00 +0: C:/Users/User/.codex/worktrees/hadayah-wave4v2-integration/Streamer_app/project/test/admin_database_service_test.dart: Admin Hub & Database Layer Unit Tests (Phase 1) TC-DB-06: AppProvider Rejection Workflow and Reason Retention
Realtime public streamer subscription failed: 'package:supabase_flutter/src/supabase.dart': Failed assertion: line 45 pos 7: '_instance._isInitialized': You must initialize the supabase instance before calling Supabase.instance
Realtime academic_categories subscription failed: 'package:supabase_flutter/src/supabase.dart': Failed assertion: line 45 pos 7: '_instance._isInitialized': You must initialize the supabase instance before calling Supabase.instance
Supabase auth listener not attached (Supabase not initialized?): 'package:supabase_flutter/src/supabase.dart': Failed assertion: line 45 pos 7: '_instance._isInitialized': You must initialize the supabase instance before calling Supabase.instance
loadVerifiedStreamersFromBackend failed: Bad state: Backend unavailable
_loadMapMarkerCacheFromDisk failed: Binding has not yet been initialized.
The "instance" getter on the ServicesBinding binding mixin is only available once that binding has been initialized.
Typically, this is done by calling "WidgetsFlutterBinding.ensureInitialized()" or "runApp()" (the latter calls the former). Typically this call is done in the "void main()" method. The "ensureInitialized" method is idempotent; calling it multiple times is not harmful. After calling that method, the "instance" getter will return the binding.
In a test, one can call "TestWidgetsFlutterBinding.ensureInitialized()" as the first line in the test's "main()" method to initialize the binding.
If ServicesBinding is a custom binding mixin, there must also be a custom binding class, like WidgetsFlutterBinding, but that mixes in the selected binding, and that is the class that must be constructed before using the "instance" getter.
_refreshAcademicCategories failed: Bad state: Backend unavailable
00:00 +1: loading C:/Users/User/.codex/worktrees/hadayah-wave4v2-integration/Streamer_app/project/test/admin_hub_screen_test.dart
00:00 +1: C:/Users/User/.codex/worktrees/hadayah-wave4v2-integration/Streamer_app/project/test/admin_hub_screen_test.dart: Admin Hub Dashboard & Multi-Account RBAC Tests (Phase 3) TC-ADMIN-07: Batch Reject Applies the Same Feedback to Every Selected Application
Realtime public streamer subscription failed: 'package:supabase_flutter/src/supabase.dart': Failed assertion: line 45 pos 7: '_instance._isInitialized': You must initialize the supabase instance before calling Supabase.instance
Realtime academic_categories subscription failed: 'package:supabase_flutter/src/supabase.dart': Failed assertion: line 45 pos 7: '_instance._isInitialized': You must initialize the supabase instance before calling Supabase.instance
Supabase auth listener not attached (Supabase not initialized?): 'package:supabase_flutter/src/supabase.dart': Failed assertion: line 45 pos 7: '_instance._isInitialized': You must initialize the supabase instance before calling Supabase.instance
loadVerifiedStreamersFromBackend failed: Bad state: Backend unavailable
_refreshAcademicCategories failed: Bad state: Backend unavailable
_loadMapMarkerCacheFromDisk failed: MissingPluginException(No implementation found for method getAll on channel plugins.flutter.io/shared_preferences)
00:01 +2: loading C:/Users/User/.codex/worktrees/hadayah-wave4v2-integration/Streamer_app/project/test/admin_navigation_test.dart
00:01 +2: C:/Users/User/.codex/worktrees/hadayah-wave4v2-integration/Streamer_app/project/test/admin_navigation_test.dart: (setUpAll)
[90m[🌎 Easy Localization] [DEBUG] Localization initialized[0m
00:01 +2: C:/Users/User/.codex/worktrees/hadayah-wave4v2-integration/Streamer_app/project/test/admin_navigation_test.dart: Missing analytics never fabricate sample values
00:01 +3: C:/Users/User/.codex/worktrees/hadayah-wave4v2-integration/Streamer_app/project/test/admin_navigation_test.dart: (tearDownAll)
00:01 +3: loading C:/Users/User/.codex/worktrees/hadayah-wave4v2-integration/Streamer_app/project/test/admin_safety_console_test.dart
00:02 +3: C:/Users/User/.codex/worktrees/hadayah-wave4v2-integration/Streamer_app/project/test/admin_safety_console_test.dart: (setUpAll)
[90m[🌎 Easy Localization] [DEBUG] Localization initialized[0m
00:02 +3: C:/Users/User/.codex/worktrees/hadayah-wave4v2-integration/Streamer_app/project/test/admin_safety_console_test.dart: Safety console unreadable switches cannot be toggled blind
Realtime public streamer subscription failed: 'package:supabase_flutter/src/supabase.dart': Failed assertion: line 45 pos 7: '_instance._isInitialized': You must initialize the supabase instance before calling Supabase.instance
Realtime academic_categories subscription failed: 'package:supabase_flutter/src/supabase.dart': Failed assertion: line 45 pos 7: '_instance._isInitialized': You must initialize the supabase instance before calling Supabase.instance
Supabase auth listener not attached (Supabase not initialized?): 'package:supabase_flutter/src/supabase.dart': Failed assertion: line 45 pos 7: '_instance._isInitialized': You must initialize the supabase instance before calling Supabase.instance
[90m[🌎 Easy Localization] [DEBUG] Start[0m
loadVerifiedStreamersFromBackend failed: Bad state: Backend unavailable
_refreshAcademicCategories failed: Bad state: Backend unavailable
[90m[🌎 Easy Localization] [DEBUG] Init state[0m
[32m[🌎 Easy Localization] [INFO] Start locale loaded en[0m
[90m[🌎 Easy Localization] [DEBUG] Build[0m
[90m[🌎 Easy Localization] [DEBUG] Init Localization Delegate[0m
[90m[🌎 Easy Localization] [DEBUG] Init provider[0m
[90m[🌎 Easy Localization] [DEBUG] Load Localization Delegate[0m
[90m[🌎 Easy Localization] [DEBUG] Build[0m
[90m[🌎 Easy Localization] [DEBUG] Init Localization Delegate[0m
[90m[🌎 Easy Localization] [DEBUG] Init provider[0m
AppFlags: refresh failed: offline
00:04 +4: C:/Users/User/.codex/worktrees/hadayah-wave4v2-integration/Streamer_app/project/test/admin_safety_console_test.dart: deleted account caches a confirmed deletion removes every local trace
Realtime public streamer subscription failed: 'package:supabase_flutter/src/supabase.dart': Failed assertion: line 45 pos 7: '_instance._isInitialized': You must initialize the supabase instance before calling Supabase.instance
Realtime academic_categories subscription failed: 'package:supabase_flutter/src/supabase.dart': Failed assertion: line 45 pos 7: '_instance._isInitialized': You must initialize the supabase instance before calling Supabase.instance
Supabase auth listener not attached (Supabase not initialized?): 'package:supabase_flutter/src/supabase.dart': Failed assertion: line 45 pos 7: '_instance._isInitialized': You must initialize the supabase instance before calling Supabase.instance
loadVerifiedStreamersFromBackend failed: Bad state: Backend unavailable
_refreshAcademicCategories failed: Bad state: Backend unavailable
loadVerifiedStreamersFromBackend failed: Bad state: Backend unavailable
loadVerifiedStreamersFromBackend failed: Bad state: Backend unavailable
00:04 +5: C:/Users/User/.codex/worktrees/hadayah-wave4v2-integration/Streamer_app/project/test/admin_safety_console_test.dart: deleted account caches a refused deletion keeps everything
Realtime public streamer subscription failed: 'package:supabase_flutter/src/supabase.dart': Failed assertion: line 45 pos 7: '_instance._isInitialized': You must initialize the supabase instance before calling Supabase.instance
Realtime academic_categories subscription failed: 'package:supabase_flutter/src/supabase.dart': Failed assertion: line 45 pos 7: '_instance._isInitialized': You must initialize the supabase instance before calling Supabase.instance
Supabase auth listener not attached (Supabase not initialized?): 'package:supabase_flutter/src/supabase.dart': Failed assertion: line 45 pos 7: '_instance._isInitialized': You must initialize the supabase instance before calling Supabase.instance
loadVerifiedStreamersFromBackend failed: Bad state: Backend unavailable
00:04 +6: C:/Users/User/.codex/worktrees/hadayah-wave4v2-integration/Streamer_app/project/test/admin_safety_console_test.dart: deleted account caches a refused deletion keeps everything
refreshAdminData failed: A AppProvider was used after being disposed.
Once you have called dispose() on a AppProvider, it can no longer be used.
00:04 +6: C:/Users/User/.codex/worktrees/hadayah-wave4v2-integration/Streamer_app/project/test/admin_safety_console_test.dart: (tearDownAll)
00:04 +6: C:/Users/User/.codex/worktrees/hadayah-wave4v2-integration/Streamer_app/project/test/admin_safety_console_test.dart: deleted account caches a refused deletion keeps everything
_refreshAcademicCategories failed: Bad state: Backend unavailable
_refreshTags failed: A AppProvider was used after being disposed.
Once you have called dispose() on a AppProvider, it can no longer be used.
00:04 +6: loading C:/Users/User/.codex/worktrees/hadayah-wave4v2-integration/Streamer_app/project/test/admin_user_directory_test.dart
00:05 +6: C:/Users/User/.codex/worktrees/hadayah-wave4v2-integration/Streamer_app/project/test/admin_user_directory_test.dart: (setUpAll)
[90m[🌎 Easy Localization] [DEBUG] Localization initialized[0m
00:05 +6: C:/Users/User/.codex/worktrees/hadayah-wave4v2-integration/Streamer_app/project/test/admin_user_directory_test.dart: deletion confirms warning and closes details after success
Realtime public streamer subscription failed: 'package:supabase_flutter/src/supabase.dart': Failed assertion: line 45 pos 7: '_instance._isInitialized': You must initialize the supabase instance before calling Supabase.instance
Realtime academic_categories subscription failed: 'package:supabase_flutter/src/supabase.dart': Failed assertion: line 45 pos 7: '_instance._isInitialized': You must initialize the supabase instance before calling Supabase.instance
Supabase auth listener not attached (Supabase not initialized?): 'package:supabase_flutter/src/supabase.dart': Failed assertion: line 45 pos 7: '_instance._isInitialized': You must initialize the supabase instance before calling Supabase.instance
[90m[🌎 Easy Localization] [DEBUG] Start[0m
loadVerifiedStreamersFromBackend failed: Bad state: Backend unavailable
_refreshAcademicCategories failed: Bad state: Backend unavailable
[90m[🌎 Easy Localization] [DEBUG] Init state[0m
[32m[🌎 Easy Localization] [INFO] Start locale loaded en[0m
[90m[🌎 Easy Localization] [DEBUG] Build[0m
[90m[🌎 Easy Localization] [DEBUG] Init Localization Delegate[0m
[90m[🌎 Easy Localization] [DEBUG] Init provider[0m
[90m[🌎 Easy Localization] [DEBUG] Load Localization Delegate[0m
[90m[🌎 Easy Localization] [DEBUG] Build[0m
[90m[🌎 Easy Localization] [DEBUG] Init Localization Delegate[0m
[90m[🌎 Easy Localization] [DEBUG] Init provider[0m
loadVerifiedStreamersFromBackend failed: Bad state: Backend unavailable
loadVerifiedStreamersFromBackend failed: Bad state: Backend unavailable
00:06 +7: C:/Users/User/.codex/worktrees/hadayah-wave4v2-integration/Streamer_app/project/test/admin_user_directory_test.dart: (tearDownAll)
00:07 +7: loading C:/Users/User/.codex/worktrees/hadayah-wave4v2-integration/Streamer_app/project/test/auth_onboarding_and_org_affiliation_test.dart
00:07 +7: C:/Users/User/.codex/worktrees/hadayah-wave4v2-integration/Streamer_app/project/test/auth_onboarding_and_org_affiliation_test.dart: (setUpAll)
[90m[🌎 Easy Localization] [DEBUG] Localization initialized[0m
00:07 +7: C:/Users/User/.codex/worktrees/hadayah-wave4v2-integration/Streamer_app/project/test/auth_onboarding_and_org_affiliation_test.dart: Auth, Onboarding & Streamer Application Wizard Tests TC-ORG-AFF-01: Bi-directional Org Affiliation submission and resolution
Realtime public streamer subscription failed: 'package:supabase_flutter/src/supabase.dart': Failed assertion: line 45 pos 7: '_instance._isInitialized': You must initialize the supabase instance before calling Supabase.instance
Realtime academic_categories subscription failed: 'package:supabase_flutter/src/supabase.dart': Failed assertion: line 45 pos 7: '_instance._isInitialized': You must initialize the supabase instance before calling Supabase.instance
Supabase auth listener not attached (Supabase not initialized?): 'package:supabase_flutter/src/supabase.dart': Failed assertion: line 45 pos 7: '_instance._isInitialized': You must initialize the supabase instance before calling Supabase.instance
loadVerifiedStreamersFromBackend failed: Bad state: Backend unavailable
_refreshAcademicCategories failed: Bad state: Backend unavailable
Supabase org speaker write-through failed: Exception: Supabase not available
00:08 +8: C:/Users/User/.codex/worktrees/hadayah-wave4v2-integration/Streamer_app/project/test/auth_onboarding_and_org_affiliation_test.dart: (tearDownAll)
00:08 +8: loading C:/Users/User/.codex/worktrees/hadayah-wave4v2-integration/Streamer_app/project/test/auto_translation_service_test.dart
00:08 +8: C:/Users/User/.codex/worktrees/hadayah-wave4v2-integration/Streamer_app/project/test/auto_translation_service_test.dart: TC-TR-03: AutoTranslationService End-to-End Orchestration Tests Populates full bilingual profile when user submits in English
00:08 +9: loading C:/Users/User/.codex/worktrees/hadayah-wave4v2-integration/Streamer_app/project/test/broadcaster_application_sheet_test.dart
00:09 +9: C:/Users/User/.codex/worktrees/hadayah-wave4v2-integration/Streamer_app/project/test/broadcaster_application_sheet_test.dart: (setUpAll)
[90m[🌎 Easy Localization] [DEBUG] Localization initialized[0m
00:09 +9: C:/Users/User/.codex/worktrees/hadayah-wave4v2-integration/Streamer_app/project/test/broadcaster_application_sheet_test.dart: Broadcaster Application Sheet & State Management Tests (Phase 2) TC-APP-04: Approval Lifecycle & Auto Live Streamer Registration
Realtime public streamer subscription failed: 'package:supabase_flutter/src/supabase.dart': Failed assertion: line 45 pos 7: '_instance._isInitialized': You must initialize the supabase instance before calling Supabase.instance
Realtime academic_categories subscription failed: 'package:supabase_flutter/src/supabase.dart': Failed assertion: line 45 pos 7: '_instance._isInitialized': You must initialize the supabase instance before calling Supabase.instance
Supabase auth listener not attached (Supabase not initialized?): 'package:supabase_flutter/src/supabase.dart': Failed assertion: line 45 pos 7: '_instance._isInitialized': You must initialize the supabase instance before calling Supabase.instance
loadVerifiedStreamersFromBackend failed: Bad state: Backend unavailable
_refreshAcademicCategories failed: Bad state: Backend unavailable
00:09 +10: C:/Users/User/.codex/worktrees/hadayah-wave4v2-integration/Streamer_app/project/test/broadcaster_application_sheet_test.dart: (tearDownAll)
00:09 +10: loading C:/Users/User/.codex/worktrees/hadayah-wave4v2-integration/Streamer_app/project/test/broadcaster_application_uuid_verification_test.dart
00:10 +10: C:/Users/User/.codex/worktrees/hadayah-wave4v2-integration/Streamer_app/project/test/broadcaster_application_uuid_verification_test.dart: Broadcaster Application UUID Validation Proof TC-AUTH-09: Approved streamers can toggle Streamer Mode freely
Realtime public streamer subscription failed: 'package:supabase_flutter/src/supabase.dart': Failed assertion: line 45 pos 7: '_instance._isInitialized': You must initialize the supabase instance before calling Supabase.instance
Realtime academic_categories subscription failed: 'package:supabase_flutter/src/supabase.dart': Failed assertion: line 45 pos 7: '_instance._isInitialized': You must initialize the supabase instance before calling Supabase.instance
Supabase auth listener not attached (Supabase not initialized?): 'package:supabase_flutter/src/supabase.dart': Failed assertion: line 45 pos 7: '_instance._isInitialized': You must initialize the supabase instance before calling Supabase.instance
00:10 +11: loading C:/Users/User/.codex/worktrees/hadayah-wave4v2-integration/Streamer_app/project/test/broadcaster_studio_entry_test.dart
00:11 +11: C:/Users/User/.codex/worktrees/hadayah-wave4v2-integration/Streamer_app/project/test/broadcaster_studio_entry_test.dart: (setUpAll)
[90m[🌎 Easy Localization] [DEBUG] Localization initialized[0m
00:11 +11: C:/Users/User/.codex/worktrees/hadayah-wave4v2-integration/Streamer_app/project/test/broadcaster_studio_entry_test.dart: Watch link and sender (P6S Group 2) Phone: a scheduled later link is refused before the camera
Realtime public streamer subscription failed: 'package:supabase_flutter/src/supabase.dart': Failed assertion: line 45 pos 7: '_instance._isInitialized': You must initialize the supabase instance before calling Supabase.instance
Realtime academic_categories subscription failed: 'package:supabase_flutter/src/supabase.dart': Failed assertion: line 45 pos 7: '_instance._isInitialized': You must initialize the supabase instance before calling Supabase.instance
Realtime user status channel subscription failed: 'package:supabase_flutter/src/supabase.dart': Failed assertion: line 45 pos 7: '_instance._isInitialized': You must initialize the supabase instance before calling Supabase.instance
Profile provisioning failed: 'package:supabase_flutter/src/supabase.dart': Failed assertion: line 45 pos 7: '_instance._isInitialized': You must initialize the supabase instance before calling Supabase.instance
loadVerifiedStreamersFromBackend failed: Bad state: Backend unavailable
Admin role check failed: 'package:supabase_flutter/src/supabase.dart': Failed assertion: line 45 pos 7: '_instance._isInitialized': You must initialize the supabase instance before calling Supabase.instance
_refreshCurrentUserBanStatus failed: 'package:supabase_flutter/src/supabase.dart': Failed assertion: line 45 pos 7: '_instance._isInitialized': You must initialize the supabase instance before calling Supabase.instance
_refreshAcademicCategories failed: Bad state: Backend unavailable
loadVerifiedStreamersFromBackend failed: Bad state: Backend unavailable
[90m[🌎 Easy Localization] [DEBUG] Start[0m
[90m[🌎 Easy Localization] [DEBUG] Init state[0m
[32m[🌎 Easy Localization] [INFO] Start locale loaded en[0m
[90m[🌎 Easy Localization] [DEBUG] Build[0m
[90m[🌎 Easy Localization] [DEBUG] Init Localization Delegate[0m
[90m[🌎 Easy Localization] [DEBUG] Init provider[0m
[90m[🌎 Easy Localization] [DEBUG] Load Localization Delegate[0m
[90m[🌎 Easy Localization] [DEBUG] Build[0m
[90m[🌎 Easy Localization] [DEBUG] Init Localization Delegate[0m
[90m[🌎 Easy Localization] [DEBUG] Init provider[0m
00:13 +12: C:/Users/User/.codex/worktrees/hadayah-wave4v2-integration/Streamer_app/project/test/broadcaster_studio_entry_test.dart: Watch link and sender (P6S Group 2) Phone: lookup outage refuses before opening the camera
Realtime public streamer subscription failed: 'package:supabase_flutter/src/supabase.dart': Failed assertion: line 45 pos 7: '_instance._isInitialized': You must initialize the supabase instance before calling Supabase.instance
Realtime academic_categories subscription failed: 'package:supabase_flutter/src/supabase.dart': Failed assertion: line 45 pos 7: '_instance._isInitialized': You must initialize the supabase instance before calling Supabase.instance
Realtime user status channel subscription failed: 'package:supabase_flutter/src/supabase.dart': Failed assertion: line 45 pos 7: '_instance._isInitialized': You must initialize the supabase instance before calling Supabase.instance
Profile provisioning failed: 'package:supabase_flutter/src/supabase.dart': Failed assertion: line 45 pos 7: '_instance._isInitialized': You must initialize the supabase instance before calling Supabase.instance
loadVerifiedStreamersFromBackend failed: Bad state: Backend unavailable
Admin role check failed: 'package:supabase_flutter/src/supabase.dart': Failed assertion: line 45 pos 7: '_instance._isInitialized': You must initialize the supabase instance before calling Supabase.instance
_refreshCurrentUserBanStatus failed: 'package:supabase_flutter/src/supabase.dart': Failed assertion: line 45 pos 7: '_instance._isInitialized': You must initialize the supabase instance before calling Supabase.instance
_refreshAcademicCategories failed: Bad state: Backend unavailable
loadVerifiedStreamersFromBackend failed: Bad state: Backend unavailable
[90m[🌎 Easy Localization] [DEBUG] Start[0m
[90m[🌎 Easy Localization] [DEBUG] Init state[0m
[32m[🌎 Easy Localization] [INFO] Start locale loaded en[0m
[90m[🌎 Easy Localization] [DEBUG] Build[0m
[90m[🌎 Easy Localization] [DEBUG] Init Localization Delegate[0m
[90m[🌎 Easy Localization] [DEBUG] Init provider[0m
[90m[🌎 Easy Localization] [DEBUG] Load Localization Delegate[0m
[90m[🌎 Easy Localization] [DEBUG] Build[0m
[90m[🌎 Easy Localization] [DEBUG] Init Localization Delegate[0m
[90m[🌎 Easy Localization] [DEBUG] Init provider[0m
00:13 +13: C:/Users/User/.codex/worktrees/hadayah-wave4v2-integration/Streamer_app/project/test/broadcaster_studio_entry_test.dart: Watch link and sender (P6S Group 2) key and watch-link shapes are told apart
00:13 +14: C:/Users/User/.codex/worktrees/hadayah-wave4v2-integration/Streamer_app/project/test/broadcaster_studio_entry_test.dart: a displaced device leaves the phone screen and releases the native camera/encoder
Realtime public streamer subscription failed: 'package:supabase_flutter/src/supabase.dart': Failed assertion: line 45 pos 7: '_instance._isInitialized': You must initialize the supabase instance before calling Supabase.instance
Realtime academic_categories subscription failed: 'package:supabase_flutter/src/supabase.dart': Failed assertion: line 45 pos 7: '_instance._isInitialized': You must initialize the supabase instance before calling Supabase.instance
Realtime user status channel subscription failed: 'package:supabase_flutter/src/supabase.dart': Failed assertion: line 45 pos 7: '_instance._isInitialized': You must initialize the supabase instance before calling Supabase.instance
Profile provisioning failed: 'package:supabase_flutter/src/supabase.dart': Failed assertion: line 45 pos 7: '_instance._isInitialized': You must initialize the supabase instance before calling Supabase.instance
loadVerifiedStreamersFromBackend failed: Bad state: Backend unavailable
Admin role check failed: 'package:supabase_flutter/src/supabase.dart': Failed assertion: line 45 pos 7: '_instance._isInitialized': You must initialize the supabase instance before calling Supabase.instance
_refreshCurrentUserBanStatus failed: 'package:supabase_flutter/src/supabase.dart': Failed assertion: line 45 pos 7: '_instance._isInitialized': You must initialize the supabase instance before calling Supabase.instance
_refreshAcademicCategories failed: Bad state: Backend unavailable
loadVerifiedStreamersFromBackend failed: Bad state: Backend unavailable
[90m[🌎 Easy Localization] [DEBUG] Start[0m
[90m[🌎 Easy Localization] [DEBUG] Init state[0m
[32m[🌎 Easy Localization] [INFO] Start locale loaded en[0m
[90m[🌎 Easy Localization] [DEBUG] Build[0m
[90m[🌎 Easy Localization] [DEBUG] Init Localization Delegate[0m
[90m[🌎 Easy Localization] [DEBUG] Init provider[0m
[90m[🌎 Easy Localization] [DEBUG] Load Localization Delegate[0m
[90m[🌎 Easy Localization] [DEBUG] Build[0m
[90m[🌎 Easy Localization] [DEBUG] Init Localization Delegate[0m
[90m[🌎 Easy Localization] [DEBUG] Init provider[0m
loadVerifiedStreamersFromBackend failed: Bad state: Backend unavailable
loadVerifiedStreamersFromBackend failed: Bad state: Backend unavailable
[PhoneBroadcastScreen] wakelock unavailable: PlatformException(channel-error, Unable to establish connection on channel: "dev.flutter.pigeon.wakelock_plus_platform_interface.WakelockPlusApi.toggle"., null, null)
00:13 +15: C:/Users/User/.codex/worktrees/hadayah-wave4v2-integration/Streamer_app/project/test/broadcaster_studio_entry_test.dart: Local is visibly unavailable and saves nothing
Realtime public streamer subscription failed: 'package:supabase_flutter/src/supabase.dart': Failed assertion: line 45 pos 7: '_instance._isInitialized': You must initialize the supabase instance before calling Supabase.instance
Realtime academic_categories subscription failed: 'package:supabase_flutter/src/supabase.dart': Failed assertion: line 45 pos 7: '_instance._isInitialized': You must initialize the supabase instance before calling Supabase.instance
Supabase auth listener not attached (Supabase not initialized?): 'package:supabase_flutter/src/supabase.dart': Failed assertion: line 45 pos 7: '_instance._isInitialized': You must initialize the supabase instance before calling Supabase.instance
[90m[🌎 Easy Localization] [DEBUG] Start[0m
loadVerifiedStreamersFromBackend failed: Bad state: Backend unavailable
_refreshAcademicCategories failed: Bad state: Backend unavailable
[90m[🌎 Easy Localization] [DEBUG] Init state[0m
[32m[🌎 Easy Localization] [INFO] Start locale loaded en[0m
[90m[🌎 Easy Localization] [DEBUG] Build[0m
[90m[🌎 Easy Localization] [DEBUG] Init Localization Delegate[0m
[90m[🌎 Easy Localization] [DEBUG] Init provider[0m
[90m[🌎 Easy Localization] [DEBUG] Load Localization Delegate[0m
[90m[🌎 Easy Localization] [DEBUG] Build[0m
[90m[🌎 Easy Localization] [DEBUG] Init Localization Delegate[0m
[90m[🌎 Easy Localization] [DEBUG] Init provider[0m
00:14 +16: C:/Users/User/.codex/worktrees/hadayah-wave4v2-integration/Streamer_app/project/test/broadcaster_studio_entry_test.dart: (tearDownAll)
00:14 +16: loading C:/Users/User/.codex/worktrees/hadayah-wave4v2-integration/Streamer_app/project/test/broadcast_backend_compatibility_test.dart
00:14 +16: loading C:/Users/User/.codex/worktrees/hadayah-wave4v2-integration/Streamer_app/project/test/chat_block_sync_test.dart
00:15 +16: C:/Users/User/.codex/worktrees/hadayah-wave4v2-integration/Streamer_app/project/test/chat_block_sync_test.dart: BlockedAccountsSheet (setUpAll)
[90m[🌎 Easy Localization] [DEBUG] Localization initialized[0m
00:15 +16: C:/Users/User/.codex/worktrees/hadayah-wave4v2-integration/Streamer_app/project/test/chat_block_sync_test.dart: BlockedAccountsSheet an unreachable server shows the cached list as stale
[90m[🌎 Easy Localization] [DEBUG] Start[0m
[90m[🌎 Easy Localization] [DEBUG] Init state[0m
[32m[🌎 Easy Localization] [INFO] Start locale loaded en[0m
[90m[🌎 Easy Localization] [DEBUG] Build[0m
[90m[🌎 Easy Localization] [DEBUG] Init Localization Delegate[0m
[90m[🌎 Easy Localization] [DEBUG] Init provider[0m
[90m[🌎 Easy Localization] [DEBUG] Load Localization Delegate[0m
[90m[🌎 Easy Localization] [DEBUG] Build[0m
[90m[🌎 Easy Localization] [DEBUG] Init Localization Delegate[0m
[90m[🌎 Easy Localization] [DEBUG] Init provider[0m
ChatBlockList: refresh failed: Exception: offline
00:16 +17: C:/Users/User/.codex/worktrees/hadayah-wave4v2-integration/Streamer_app/project/test/chat_block_sync_test.dart: BlockedAccountsSheet no blocks shows an empty state
[90m[🌎 Easy Localization] [DEBUG] Start[0m
[90m[🌎 Easy Localization] [DEBUG] Init state[0m
[32m[🌎 Easy Localization] [INFO] Start locale loaded en[0m
[90m[🌎 Easy Localization] [DEBUG] Build[0m
[90m[🌎 Easy Localization] [DEBUG] Init Localization Delegate[0m
[90m[🌎 Easy Localization] [DEBUG] Init provider[0m
[90m[🌎 Easy Localization] [DEBUG] Load Localization Delegate[0m
[90m[🌎 Easy Localization] [DEBUG] Build[0m
[90m[🌎 Easy Localization] [DEBUG] Init Localization Delegate[0m
[90m[🌎 Easy Localization] [DEBUG] Init provider[0m
00:16 +18: C:/Users/User/.codex/worktrees/hadayah-wave4v2-integration/Streamer_app/project/test/chat_block_sync_test.dart: BlockedAccountsSheet (tearDownAll)
00:16 +18: loading C:/Users/User/.codex/worktrees/hadayah-wave4v2-integration/Streamer_app/project/test/chat_composer_state_test.dart
00:17 +18: C:/Users/User/.codex/worktrees/hadayah-wave4v2-integration/Streamer_app/project/test/chat_composer_state_test.dart: refused send: what the viewer is told, and whether retry is offered a non-retryable message is not retried even if asked
00:17 +19: C:/Users/User/.codex/worktrees/hadayah-wave4v2-integration/Streamer_app/project/test/chat_composer_state_test.dart: a refused send reads as the reason alone
00:17 +20: C:/Users/User/.codex/worktrees/hadayah-wave4v2-integration/Streamer_app/project/test/chat_composer_state_test.dart: room history is shown oldest first, like live inserts
00:17 +21: loading C:/Users/User/.codex/worktrees/hadayah-wave4v2-integration/Streamer_app/project/test/cluster_1_and_feedback_fixes_test.dart
00:18 +21: C:/Users/User/.codex/worktrees/hadayah-wave4v2-integration/Streamer_app/project/test/cluster_1_and_feedback_fixes_test.dart: Quick Fix QF-05: Category Bilingual Script Validation & Icon Picker kAvailableCategoryIcons contains valid Material icons list
00:18 +22: loading C:/Users/User/.codex/worktrees/hadayah-wave4v2-integration/Streamer_app/project/test/cluster_3_4_categories_moderation_test.dart
00:19 +22: C:/Users/User/.codex/worktrees/hadayah-wave4v2-integration/Streamer_app/project/test/cluster_3_4_categories_moderation_test.dart: Cluster 4 Task 18: Temporary Map Visibility StreamerModel.isTemporarilyHiddenFromMap defaults to false and is toggled via copyWith without disturbing other fields
00:19 +23: C:/Users/User/.codex/worktrees/hadayah-wave4v2-integration/Streamer_app/project/test/cluster_3_4_categories_moderation_test.dart: Cluster 4 Task 18: Temporary Map Visibility AppProvider.filteredStreamers excludes a streamer once isTemporarilyHiddenFromMap is set, but the full streamers list still has them (profile stays reachable by direct link)
Realtime public streamer subscription failed: 'package:supabase_flutter/src/supabase.dart': Failed assertion: line 45 pos 7: '_instance._isInitialized': You must initialize the supabase instance before calling Supabase.instance
Realtime academic_categories subscription failed: 'package:supabase_flutter/src/supabase.dart': Failed assertion: line 45 pos 7: '_instance._isInitialized': You must initialize the supabase instance before calling Supabase.instance
Supabase auth listener not attached (Supabase not initialized?): 'package:supabase_flutter/src/supabase.dart': Failed assertion: line 45 pos 7: '_instance._isInitialized': You must initialize the supabase instance before calling Supabase.instance
00:19 +24: loading C:/Users/User/.codex/worktrees/hadayah-wave4v2-integration/Streamer_app/project/test/connectivity_service_test.dart
00:20 +24: C:/Users/User/.codex/worktrees/hadayah-wave4v2-integration/Streamer_app/project/test/connectivity_service_test.dart: older probe cannot overwrite a newer transport result
00:20 +25: loading C:/Users/User/.codex/worktrees/hadayah-wave4v2-integration/Streamer_app/project/test/device_session_presenter_test.dart
00:20 +25: C:/Users/User/.codex/worktrees/hadayah-wave4v2-integration/Streamer_app/project/test/device_session_presenter_test.dart: (setUpAll)
[90m[🌎 Easy Localization] [DEBUG] Localization initialized[0m
00:20 +25: C:/Users/User/.codex/worktrees/hadayah-wave4v2-integration/Streamer_app/project/test/device_session_presenter_test.dart: R02: a transfer seen on the device stream demotes this device
Realtime public streamer subscription failed: 'package:supabase_flutter/src/supabase.dart': Failed assertion: line 45 pos 7: '_instance._isInitialized': You must initialize the supabase instance before calling Supabase.instance
Realtime academic_categories subscription failed: 'package:supabase_flutter/src/supabase.dart': Failed assertion: line 45 pos 7: '_instance._isInitialized': You must initialize the supabase instance before calling Supabase.instance
Realtime user status channel subscription failed: 'package:supabase_flutter/src/supabase.dart': Failed assertion: line 45 pos 7: '_instance._isInitialized': You must initialize the supabase instance before calling Supabase.instance
Profile provisioning failed: 'package:supabase_flutter/src/supabase.dart': Failed assertion: line 45 pos 7: '_instance._isInitialized': You must initialize the supabase instance before calling Supabase.instance
[90m[🌎 Easy Localization] [DEBUG] Start[0m
loadVerifiedStreamersFromBackend failed: Bad state: Backend unavailable
Admin role check failed: 'package:supabase_flutter/src/supabase.dart': Failed assertion: line 45 pos 7: '_instance._isInitialized': You must initialize the supabase instance before calling Supabase.instance
_refreshCurrentUserBanStatus failed: 'package:supabase_flutter/src/supabase.dart': Failed assertion: line 45 pos 7: '_instance._isInitialized': You must initialize the supabase instance before calling Supabase.instance
_refreshAcademicCategories failed: Bad state: Backend unavailable
loadVerifiedStreamersFromBackend failed: Bad state: Backend unavailable
[90m[🌎 Easy Localization] [DEBUG] Init state[0m
[32m[🌎 Easy Localization] [INFO] Start locale loaded en[0m
[90m[🌎 Easy Localization] [DEBUG] Build[0m
[90m[🌎 Easy Localization] [DEBUG] Init Localization Delegate[0m
[90m[🌎 Easy Localization] [DEBUG] Init provider[0m
[90m[🌎 Easy Localization] [DEBUG] Load Localization Delegate[0m
[90m[🌎 Easy Localization] [DEBUG] Build[0m
[90m[🌎 Easy Localization] [DEBUG] Init Localization Delegate[0m
[90m[🌎 Easy Localization] [DEBUG] Init provider[0m
unhandled element <defs/>; Picture key: Svg loader
loadVerifiedStreamersFromBackend failed: Bad state: Backend unavailable
loadVerifiedStreamersFromBackend failed: Bad state: Backend unavailable
loadVerifiedStreamersFromBackend failed: Bad state: Backend unavailable
00:22 +26: C:/Users/User/.codex/worktrees/hadayah-wave4v2-integration/Streamer_app/project/test/device_session_presenter_test.dart: (tearDownAll)
00:22 +26: loading C:/Users/User/.codex/worktrees/hadayah-wave4v2-integration/Streamer_app/project/test/interactive_toast_test.dart
00:23 +26: loading C:/Users/User/.codex/worktrees/hadayah-wave4v2-integration/Streamer_app/project/test/issue_log_fixes_test.dart
00:24 +26: C:/Users/User/.codex/worktrees/hadayah-wave4v2-integration/Streamer_app/project/test/issue_log_fixes_test.dart: (setUpAll)
[90m[🌎 Easy Localization] [DEBUG] Localization initialized[0m
00:24 +26: C:/Users/User/.codex/worktrees/hadayah-wave4v2-integration/Streamer_app/project/test/issue_log_fixes_test.dart: Issue Log Fix: Single Channel Ownership & Duplicate Resolution detectDuplicateChannels and resolveDuplicateChannels keeps chosen channel only
Realtime public streamer subscription failed: 'package:supabase_flutter/src/supabase.dart': Failed assertion: line 45 pos 7: '_instance._isInitialized': You must initialize the supabase instance before calling Supabase.instance
Realtime academic_categories subscription failed: 'package:supabase_flutter/src/supabase.dart': Failed assertion: line 45 pos 7: '_instance._isInitialized': You must initialize the supabase instance before calling Supabase.instance
Supabase auth listener not attached (Supabase not initialized?): 'package:supabase_flutter/src/supabase.dart': Failed assertion: line 45 pos 7: '_instance._isInitialized': You must initialize the supabase instance before calling Supabase.instance
00:24 +27: C:/Users/User/.codex/worktrees/hadayah-wave4v2-integration/Streamer_app/project/test/issue_log_fixes_test.dart: Issue Log Fix: Single Channel Ownership & Duplicate Resolution detectDuplicateChannels and resolveDuplicateChannels keeps chosen channel only
loadVerifiedStreamersFromBackend failed: Bad state: Backend unavailable
00:24 +27: C:/Users/User/.codex/worktrees/hadayah-wave4v2-integration/Streamer_app/project/test/issue_log_fixes_test.dart: (tearDownAll)
00:24 +27: C:/Users/User/.codex/worktrees/hadayah-wave4v2-integration/Streamer_app/project/test/issue_log_fixes_test.dart: Issue Log Fix: Single Channel Ownership & Duplicate Resolution detectDuplicateChannels and resolveDuplicateChannels keeps chosen channel only
_refreshAcademicCategories failed: Bad state: Backend unavailable
00:24 +27: loading C:/Users/User/.codex/worktrees/hadayah-wave4v2-integration/Streamer_app/project/test/landscape_chat_input_test.dart
00:25 +27: loading C:/Users/User/.codex/worktrees/hadayah-wave4v2-integration/Streamer_app/project/test/layout_sweep_test.dart
00:25 +27: C:/Users/User/.codex/worktrees/hadayah-wave4v2-integration/Streamer_app/project/test/layout_sweep_test.dart: (setUpAll)
[90m[🌎 Easy Localization] [DEBUG] Localization initialized[0m
00:26 +27: C:/Users/User/.codex/worktrees/hadayah-wave4v2-integration/Streamer_app/project/test/layout_sweep_test.dart: admin tab 7 ar at all sizes and text scales
Realtime public streamer subscription failed: 'package:supabase_flutter/src/supabase.dart': Failed assertion: line 45 pos 7: '_instance._isInitialized': You must initialize the supabase instance before calling Supabase.instance
Realtime academic_categories subscription failed: 'package:supabase_flutter/src/supabase.dart': Failed assertion: line 45 pos 7: '_instance._isInitialized': You must initialize the supabase instance before calling Supabase.instance
Supabase auth listener not attached (Supabase not initialized?): 'package:supabase_flutter/src/supabase.dart': Failed assertion: line 45 pos 7: '_instance._isInitialized': You must initialize the supabase instance before calling Supabase.instance
loadVerifiedStreamersFromBackend failed: Bad state: Backend unavailable
_refreshAcademicCategories failed: Bad state: Backend unavailable
unhandled element <defs/>; Picture key: Svg loader
Realtime chat_reports subscription failed: 'package:supabase_flutter/src/supabase.dart': Failed assertion: line 45 pos 7: '_instance._isInitialized': You must initialize the supabase instance before calling Supabase.instance
_refreshAcademicCategories failed: Bad state: Backend unavailable
loadVerifiedStreamersFromBackend failed: Bad state: Backend unavailable
Realtime public streamer subscription failed: 'package:supabase_flutter/src/supabase.dart': Failed assertion: line 45 pos 7: '_instance._isInitialized': You must initialize the supabase instance before calling Supabase.instance
Realtime academic_categories subscription failed: 'package:supabase_flutter/src/supabase.dart': Failed assertion: line 45 pos 7: '_instance._isInitialized': You must initialize the supabase instance before calling Supabase.instance
Supabase auth listener not attached (Supabase not initialized?): 'package:supabase_flutter/src/supabase.dart': Failed assertion: line 45 pos 7: '_instance._isInitialized': You must initialize the supabase instance before calling Supabase.instance
loadVerifiedStreamersFromBackend failed: Bad state: Backend unavailable
_refreshAcademicCategories failed: Bad state: Backend unavailable
Realtime chat_reports subscription failed: 'package:supabase_flutter/src/supabase.dart': Failed assertion: line 45 pos 7: '_instance._isInitialized': You must initialize the supabase instance before calling Supabase.instance
_refreshAcademicCategories failed: Bad state: Backend unavailable
loadVerifiedStreamersFromBackend failed: Bad state: Backend unavailable
Realtime public streamer subscription failed: 'package:supabase_flutter/src/supabase.dart': Failed assertion: line 45 pos 7: '_instance._isInitialized': You must initialize the supabase instance before calling Supabase.instance
Realtime academic_categories subscription failed: 'package:supabase_flutter/src/supabase.dart': Failed assertion: line 45 pos 7: '_instance._isInitialized': You must initialize the supabase instance before calling Supabase.instance
Supabase auth listener not attached (Supabase not initialized?): 'package:supabase_flutter/src/supabase.dart': Failed assertion: line 45 pos 7: '_instance._isInitialized': You must initialize the supabase instance before calling Supabase.instance
loadVerifiedStreamersFromBackend failed: Bad state: Backend unavailable
_refreshAcademicCategories failed: Bad state: Backend unavailable
Realtime chat_reports subscription failed: 'package:supabase_flutter/src/supabase.dart': Failed assertion: line 45 pos 7: '_instance._isInitialized': You must initialize the supabase instance before calling Supabase.instance
_refreshAcademicCategories failed: Bad state: Backend unavailable
loadVerifiedStreamersFromBackend failed: Bad state: Backend unavailable
Realtime public streamer subscription failed: 'package:supabase_flutter/src/supabase.dart': Failed assertion: line 45 pos 7: '_instance._isInitialized': You must initialize the supabase instance before calling Supabase.instance
Realtime academic_categories subscription failed: 'package:supabase_flutter/src/supabase.dart': Failed assertion: line 45 pos 7: '_instance._isInitialized': You must initialize the supabase instance before calling Supabase.instance
Supabase auth listener not attached (Supabase not initialized?): 'package:supabase_flutter/src/supabase.dart': Failed assertion: line 45 pos 7: '_instance._isInitialized': You must initialize the supabase instance before calling Supabase.instance
loadVerifiedStreamersFromBackend failed: Bad state: Backend unavailable
_refreshAcademicCategories failed: Bad state: Backend unavailable
Realtime chat_reports subscription failed: 'package:supabase_flutter/src/supabase.dart': Failed assertion: line 45 pos 7: '_instance._isInitialized': You must initialize the supabase instance before calling Supabase.instance
_refreshAcademicCategories failed: Bad state: Backend unavailable
loadVerifiedStreamersFromBackend failed: Bad state: Backend unavailable
Realtime public streamer subscription failed: 'package:supabase_flutter/src/supabase.dart': Failed assertion: line 45 pos 7: '_instance._isInitialized': You must initialize the supabase instance before calling Supabase.instance
Realtime academic_categories subscription failed: 'package:supabase_flutter/src/supabase.dart': Failed assertion: line 45 pos 7: '_instance._isInitialized': You must initialize the supabase instance before calling Supabase.instance
Supabase auth listener not attached (Supabase not initialized?): 'package:supabase_flutter/src/supabase.dart': Failed assertion: line 45 pos 7: '_instance._isInitialized': You must initialize the supabase instance before calling Supabase.instance
loadVerifiedStreamersFromBackend failed: Bad state: Backend unavailable
_refreshAcademicCategories failed: Bad state: Backend unavailable
Realtime chat_reports subscription failed: 'package:supabase_flutter/src/supabase.dart': Failed assertion: line 45 pos 7: '_instance._isInitialized': You must initialize the supabase instance before calling Supabase.instance
_refreshAcademicCategories failed: Bad state: Backend unavailable
loadVerifiedStreamersFromBackend failed: Bad state: Backend unavailable
Realtime public streamer subscription failed: 'package:supabase_flutter/src/supabase.dart': Failed assertion: line 45 pos 7: '_instance._isInitialized': You must initialize the supabase instance before calling Supabase.instance
Realtime academic_categories subscription failed: 'package:supabase_flutter/src/supabase.dart': Failed assertion: line 45 pos 7: '_instance._isInitialized': You must initialize the supabase instance before calling Supabase.instance
Supabase auth listener not attached (Supabase not initialized?): 'package:supabase_flutter/src/supabase.dart': Failed assertion: line 45 pos 7: '_instance._isInitialized': You must initialize the supabase instance before calling Supabase.instance
loadVerifiedStreamersFromBackend failed: Bad state: Backend unavailable
_refreshAcademicCategories failed: Bad state: Backend unavailable
Realtime chat_reports subscription failed: 'package:supabase_flutter/src/supabase.dart': Failed assertion: line 45 pos 7: '_instance._isInitialized': You must initialize the supabase instance before calling Supabase.instance
_refreshAcademicCategories failed: Bad state: Backend unavailable
loadVerifiedStreamersFromBackend failed: Bad state: Backend unavailable
Realtime public streamer subscription failed: 'package:supabase_flutter/src/supabase.dart': Failed assertion: line 45 pos 7: '_instance._isInitialized': You must initialize the supabase instance before calling Supabase.instance
Realtime academic_categories subscription failed: 'package:supabase_flutter/src/supabase.dart': Failed assertion: line 45 pos 7: '_instance._isInitialized': You must initialize the supabase instance before calling Supabase.instance
Supabase auth listener not attached (Supabase not initialized?): 'package:supabase_flutter/src/supabase.dart': Failed assertion: line 45 pos 7: '_instance._isInitialized': You must initialize the supabase instance before calling Supabase.instance
loadVerifiedStreamersFromBackend failed: Bad state: Backend unavailable
_refreshAcademicCategories failed: Bad state: Backend unavailable
Realtime chat_reports subscription failed: 'package:supabase_flutter/src/supabase.dart': Failed assertion: line 45 pos 7: '_instance._isInitialized': You must initialize the supabase instance before calling Supabase.instance
_refreshAcademicCategories failed: Bad state: Backend unavailable
loadVerifiedStreamersFromBackend failed: Bad state: Backend unavailable
Realtime public streamer subscription failed: 'package:supabase_flutter/src/supabase.dart': Failed assertion: line 45 pos 7: '_instance._isInitialized': You must initialize the supabase instance before calling Supabase.instance
Realtime academic_categories subscription failed: 'package:supabase_flutter/src/supabase.dart': Failed assertion: line 45 pos 7: '_instance._isInitialized': You must initialize the supabase instance before calling Supabase.instance
Supabase auth listener not attached (Supabase not initialized?): 'package:supabase_flutter/src/supabase.dart': Failed assertion: line 45 pos 7: '_instance._isInitialized': You must initialize the supabase instance before calling Supabase.instance
loadVerifiedStreamersFromBackend failed: Bad state: Backend unavailable
_refreshAcademicCategories failed: Bad state: Backend unavailable
Realtime chat_reports subscription failed: 'package:supabase_flutter/src/supabase.dart': Failed assertion: line 45 pos 7: '_instance._isInitialized': You must initialize the supabase instance before calling Supabase.instance
_refreshAcademicCategories failed: Bad state: Backend unavailable
loadVerifiedStreamersFromBackend failed: Bad state: Backend unavailable
Realtime public streamer subscription failed: 'package:supabase_flutter/src/supabase.dart': Failed assertion: line 45 pos 7: '_instance._isInitialized': You must initialize the supabase instance before calling Supabase.instance
Realtime academic_categories subscription failed: 'package:supabase_flutter/src/supabase.dart': Failed assertion: line 45 pos 7: '_instance._isInitialized': You must initialize the supabase instance before calling Supabase.instance
Supabase auth listener not attached (Supabase not initialized?): 'package:supabase_flutter/src/supabase.dart': Failed assertion: line 45 pos 7: '_instance._isInitialized': You must initialize the supabase instance before calling Supabase.instance
loadVerifiedStreamersFromBackend failed: Bad state: Backend unavailable
_refreshAcademicCategories failed: Bad state: Backend unavailable
Realtime chat_reports subscription failed: 'package:supabase_flutter/src/supabase.dart': Failed assertion: line 45 pos 7: '_instance._isInitialized': You must initialize the supabase instance before calling Supabase.instance
_refreshAcademicCategories failed: Bad state: Backend unavailable
loadVerifiedStreamersFromBackend failed: Bad state: Backend unavailable
Realtime public streamer subscription failed: 'package:supabase_flutter/src/supabase.dart': Failed assertion: line 45 pos 7: '_instance._isInitialized': You must initialize the supabase instance before calling Supabase.instance
Realtime academic_categories subscription failed: 'package:supabase_flutter/src/supabase.dart': Failed assertion: line 45 pos 7: '_instance._isInitialized': You must initialize the supabase instance before calling Supabase.instance
Supabase auth listener not attached (Supabase not initialized?): 'package:supabase_flutter/src/supabase.dart': Failed assertion: line 45 pos 7: '_instance._isInitialized': You must initialize the supabase instance before calling Supabase.instance
loadVerifiedStreamersFromBackend failed: Bad state: Backend unavailable
_refreshAcademicCategories failed: Bad state: Backend unavailable
Realtime chat_reports subscription failed: 'package:supabase_flutter/src/supabase.dart': Failed assertion: line 45 pos 7: '_instance._isInitialized': You must initialize the supabase instance before calling Supabase.instance
_refreshAcademicCategories failed: Bad state: Backend unavailable
loadVerifiedStreamersFromBackend failed: Bad state: Backend unavailable
Realtime public streamer subscription failed: 'package:supabase_flutter/src/supabase.dart': Failed assertion: line 45 pos 7: '_instance._isInitialized': You must initialize the supabase instance before calling Supabase.instance
Realtime academic_categories subscription failed: 'package:supabase_flutter/src/supabase.dart': Failed assertion: line 45 pos 7: '_instance._isInitialized': You must initialize the supabase instance before calling Supabase.instance
Supabase auth listener not attached (Supabase not initialized?): 'package:supabase_flutter/src/supabase.dart': Failed assertion: line 45 pos 7: '_instance._isInitialized': You must initialize the supabase instance before calling Supabase.instance
loadVerifiedStreamersFromBackend failed: Bad state: Backend unavailable
_refreshAcademicCategories failed: Bad state: Backend unavailable
Realtime chat_reports subscription failed: 'package:supabase_flutter/src/supabase.dart': Failed assertion: line 45 pos 7: '_instance._isInitialized': You must initialize the supabase instance before calling Supabase.instance
_refreshAcademicCategories failed: Bad state: Backend unavailable
loadVerifiedStreamersFromBackend failed: Bad state: Backend unavailable
Realtime public streamer subscription failed: 'package:supabase_flutter/src/supabase.dart': Failed assertion: line 45 pos 7: '_instance._isInitialized': You must initialize the supabase instance before calling Supabase.instance
Realtime academic_categories subscription failed: 'package:supabase_flutter/src/supabase.dart': Failed assertion: line 45 pos 7: '_instance._isInitialized': You must initialize the supabase instance before calling Supabase.instance
Supabase auth listener not attached (Supabase not initialized?): 'package:supabase_flutter/src/supabase.dart': Failed assertion: line 45 pos 7: '_instance._isInitialized': You must initialize the supabase instance before calling Supabase.instance
loadVerifiedStreamersFromBackend failed: Bad state: Backend unavailable
_refreshAcademicCategories failed: Bad state: Backend unavailable
Realtime chat_reports subscription failed: 'package:supabase_flutter/src/supabase.dart': Failed assertion: line 45 pos 7: '_instance._isInitialized': You must initialize the supabase instance before calling Supabase.instance
_refreshAcademicCategories failed: Bad state: Backend unavailable
loadVerifiedStreamersFromBackend failed: Bad state: Backend unavailable
Realtime public streamer subscription failed: 'package:supabase_flutter/src/supabase.dart': Failed assertion: line 45 pos 7: '_instance._isInitialized': You must initialize the supabase instance before calling Supabase.instance
Realtime academic_categories subscription failed: 'package:supabase_flutter/src/supabase.dart': Failed assertion: line 45 pos 7: '_instance._isInitialized': You must initialize the supabase instance before calling Supabase.instance
Supabase auth listener not attached (Supabase not initialized?): 'package:supabase_flutter/src/supabase.dart': Failed assertion: line 45 pos 7: '_instance._isInitialized': You must initialize the supabase instance before calling Supabase.instance
loadVerifiedStreamersFromBackend failed: Bad state: Backend unavailable
_refreshAcademicCategories failed: Bad state: Backend unavailable
Realtime chat_reports subscription failed: 'package:supabase_flutter/src/supabase.dart': Failed assertion: line 45 pos 7: '_instance._isInitialized': You must initialize the supabase instance before calling Supabase.instance
_refreshAcademicCategories failed: Bad state: Backend unavailable
loadVerifiedStreamersFromBackend failed: Bad state: Backend unavailable
Realtime public streamer subscription failed: 'package:supabase_flutter/src/supabase.dart': Failed assertion: line 45 pos 7: '_instance._isInitialized': You must initialize the supabase instance before calling Supabase.instance
Realtime academic_categories subscription failed: 'package:supabase_flutter/src/supabase.dart': Failed assertion: line 45 pos 7: '_instance._isInitialized': You must initialize the supabase instance before calling Supabase.instance
Supabase auth listener not attached (Supabase not initialized?): 'package:supabase_flutter/src/supabase.dart': Failed assertion: line 45 pos 7: '_instance._isInitialized': You must initialize the supabase instance before calling Supabase.instance
loadVerifiedStreamersFromBackend failed: Bad state: Backend unavailable
_refreshAcademicCategories failed: Bad state: Backend unavailable
Realtime chat_reports subscription failed: 'package:supabase_flutter/src/supabase.dart': Failed assertion: line 45 pos 7: '_instance._isInitialized': You must initialize the supabase instance before calling Supabase.instance
_refreshAcademicCategories failed: Bad state: Backend unavailable
loadVerifiedStreamersFromBackend failed: Bad state: Backend unavailable
Realtime public streamer subscription failed: 'package:supabase_flutter/src/supabase.dart': Failed assertion: line 45 pos 7: '_instance._isInitialized': You must initialize the supabase instance before calling Supabase.instance
Realtime academic_categories subscription failed: 'package:supabase_flutter/src/supabase.dart': Failed assertion: line 45 pos 7: '_instance._isInitialized': You must initialize the supabase instance before calling Supabase.instance
Supabase auth listener not attached (Supabase not initialized?): 'package:supabase_flutter/src/supabase.dart': Failed assertion: line 45 pos 7: '_instance._isInitialized': You must initialize the supabase instance before calling Supabase.instance
loadVerifiedStreamersFromBackend failed: Bad state: Backend unavailable
_refreshAcademicCategories failed: Bad state: Backend unavailable
Realtime chat_reports subscription failed: 'package:supabase_flutter/src/supabase.dart': Failed assertion: line 45 pos 7: '_instance._isInitialized': You must initialize the supabase instance before calling Supabase.instance
_refreshAcademicCategories failed: Bad state: Backend unavailable
loadVerifiedStreamersFromBackend failed: Bad state: Backend unavailable
Realtime public streamer subscription failed: 'package:supabase_flutter/src/supabase.dart': Failed assertion: line 45 pos 7: '_instance._isInitialized': You must initialize the supabase instance before calling Supabase.instance
Realtime academic_categories subscription failed: 'package:supabase_flutter/src/supabase.dart': Failed assertion: line 45 pos 7: '_instance._isInitialized': You must initialize the supabase instance before calling Supabase.instance
Supabase auth listener not attached (Supabase not initialized?): 'package:supabase_flutter/src/supabase.dart': Failed assertion: line 45 pos 7: '_instance._isInitialized': You must initialize the supabase instance before calling Supabase.instance
loadVerifiedStreamersFromBackend failed: Bad state: Backend unavailable
_refreshAcademicCategories failed: Bad state: Backend unavailable
Realtime chat_reports subscription failed: 'package:supabase_flutter/src/supabase.dart': Failed assertion: line 45 pos 7: '_instance._isInitialized': You must initialize the supabase instance before calling Supabase.instance
_refreshAcademicCategories failed: Bad state: Backend unavailable
loadVerifiedStreamersFromBackend failed: Bad state: Backend unavailable
Realtime public streamer subscription failed: 'package:supabase_flutter/src/supabase.dart': Failed assertion: line 45 pos 7: '_instance._isInitialized': You must initialize the supabase instance before calling Supabase.instance
Realtime academic_categories subscription failed: 'package:supabase_flutter/src/supabase.dart': Failed assertion: line 45 pos 7: '_instance._isInitialized': You must initialize the supabase instance before calling Supabase.instance
Supabase auth listener not attached (Supabase not initialized?): 'package:supabase_flutter/src/supabase.dart': Failed assertion: line 45 pos 7: '_instance._isInitialized': You must initialize the supabase instance before calling Supabase.instance
loadVerifiedStreamersFromBackend failed: Bad state: Backend unavailable
_refreshAcademicCategories failed: Bad state: Backend unavailable
Realtime chat_reports subscription failed: 'package:supabase_flutter/src/supabase.dart': Failed assertion: line 45 pos 7: '_instance._isInitialized': You must initialize the supabase instance before calling Supabase.instance
_refreshAcademicCategories failed: Bad state: Backend unavailable
loadVerifiedStreamersFromBackend failed: Bad state: Backend unavailable
Realtime public streamer subscription failed: 'package:supabase_flutter/src/supabase.dart': Failed assertion: line 45 pos 7: '_instance._isInitialized': You must initialize the supabase instance before calling Supabase.instance
Realtime academic_categories subscription failed: 'package:supabase_flutter/src/supabase.dart': Failed assertion: line 45 pos 7: '_instance._isInitialized': You must initialize the supabase instance before calling Supabase.instance
Supabase auth listener not attached (Supabase not initialized?): 'package:supabase_flutter/src/supabase.dart': Failed assertion: line 45 pos 7: '_instance._isInitialized': You must initialize the supabase instance before calling Supabase.instance
loadVerifiedStreamersFromBackend failed: Bad state: Backend unavailable
_refreshAcademicCategories failed: Bad state: Backend unavailable
Realtime chat_reports subscription failed: 'package:supabase_flutter/src/supabase.dart': Failed assertion: line 45 pos 7: '_instance._isInitialized': You must initialize the supabase instance before calling Supabase.instance
_refreshAcademicCategories failed: Bad state: Backend unavailable
loadVerifiedStreamersFromBackend failed: Bad state: Backend unavailable
Realtime public streamer subscription failed: 'package:supabase_flutter/src/supabase.dart': Failed assertion: line 45 pos 7: '_instance._isInitialized': You must initialize the supabase instance before calling Supabase.instance
Realtime academic_categories subscription failed: 'package:supabase_flutter/src/supabase.dart': Failed assertion: line 45 pos 7: '_instance._isInitialized': You must initialize the supabase instance before calling Supabase.instance
Supabase auth listener not attached (Supabase not initialized?): 'package:supabase_flutter/src/supabase.dart': Failed assertion: line 45 pos 7: '_instance._isInitialized': You must initialize the supabase instance before calling Supabase.instance
loadVerifiedStreamersFromBackend failed: Bad state: Backend unavailable
_refreshAcademicCategories failed: Bad state: Backend unavailable
Realtime chat_reports subscription failed: 'package:supabase_flutter/src/supabase.dart': Failed assertion: line 45 pos 7: '_instance._isInitialized': You must initialize the supabase instance before calling Supabase.instance
_refreshAcademicCategories failed: Bad state: Backend unavailable
loadVerifiedStreamersFromBackend failed: Bad state: Backend unavailable
Realtime public streamer subscription failed: 'package:supabase_flutter/src/supabase.dart': Failed assertion: line 45 pos 7: '_instance._isInitialized': You must initialize the supabase instance before calling Supabase.instance
Realtime academic_categories subscription failed: 'package:supabase_flutter/src/supabase.dart': Failed assertion: line 45 pos 7: '_instance._isInitialized': You must initialize the supabase instance before calling Supabase.instance
Supabase auth listener not attached (Supabase not initialized?): 'package:supabase_flutter/src/supabase.dart': Failed assertion: line 45 pos 7: '_instance._isInitialized': You must initialize the supabase instance before calling Supabase.instance
loadVerifiedStreamersFromBackend failed: Bad state: Backend unavailable
_refreshAcademicCategories failed: Bad state: Backend unavailable
Realtime chat_reports subscription failed: 'package:supabase_flutter/src/supabase.dart': Failed assertion: line 45 pos 7: '_instance._isInitialized': You must initialize the supabase instance before calling Supabase.instance
_refreshAcademicCategories failed: Bad state: Backend unavailable
loadVerifiedStreamersFromBackend failed: Bad state: Backend unavailable
Realtime public streamer subscription failed: 'package:supabase_flutter/src/supabase.dart': Failed assertion: line 45 pos 7: '_instance._isInitialized': You must initialize the supabase instance before calling Supabase.instance
Realtime academic_categories subscription failed: 'package:supabase_flutter/src/supabase.dart': Failed assertion: line 45 pos 7: '_instance._isInitialized': You must initialize the supabase instance before calling Supabase.instance
Supabase auth listener not attached (Supabase not initialized?): 'package:supabase_flutter/src/supabase.dart': Failed assertion: line 45 pos 7: '_instance._isInitialized': You must initialize the supabase instance before calling Supabase.instance
loadVerifiedStreamersFromBackend failed: Bad state: Backend unavailable
_refreshAcademicCategories failed: Bad state: Backend unavailable
Realtime chat_reports subscription failed: 'package:supabase_flutter/src/supabase.dart': Failed assertion: line 45 pos 7: '_instance._isInitialized': You must initialize the supabase instance before calling Supabase.instance
_refreshAcademicCategories failed: Bad state: Backend unavailable
loadVerifiedStreamersFromBackend failed: Bad state: Backend unavailable
00:29 +28: C:/Users/User/.codex/worktrees/hadayah-wave4v2-integration/Streamer_app/project/test/layout_sweep_test.dart: admin tab 8 en at all sizes and text scales
Realtime public streamer subscription failed: 'package:supabase_flutter/src/supabase.dart': Failed assertion: line 45 pos 7: '_instance._isInitialized': You must initialize the supabase instance before calling Supabase.instance
Realtime academic_categories subscription failed: 'package:supabase_flutter/src/supabase.dart': Failed assertion: line 45 pos 7: '_instance._isInitialized': You must initialize the supabase instance before calling Supabase.instance
Supabase auth listener not attached (Supabase not initialized?): 'package:supabase_flutter/src/supabase.dart': Failed assertion: line 45 pos 7: '_instance._isInitialized': You must initialize the supabase instance before calling Supabase.instance
loadVerifiedStreamersFromBackend failed: Bad state: Backend unavailable
_refreshAcademicCategories failed: Bad state: Backend unavailable
Realtime chat_reports subscription failed: 'package:supabase_flutter/src/supabase.dart': Failed assertion: line 45 pos 7: '_instance._isInitialized': You must initialize the supabase instance before calling Supabase.instance
_refreshAcademicCategories failed: Bad state: Backend unavailable
loadVerifiedStreamersFromBackend failed: Bad state: Backend unavailable
Realtime public streamer subscription failed: 'package:supabase_flutter/src/supabase.dart': Failed assertion: line 45 pos 7: '_instance._isInitialized': You must initialize the supabase instance before calling Supabase.instance
Realtime academic_categories subscription failed: 'package:supabase_flutter/src/supabase.dart': Failed assertion: line 45 pos 7: '_instance._isInitialized': You must initialize the supabase instance before calling Supabase.instance
Supabase auth listener not attached (Supabase not initialized?): 'package:supabase_flutter/src/supabase.dart': Failed assertion: line 45 pos 7: '_instance._isInitialized': You must initialize the supabase instance before calling Supabase.instance
loadVerifiedStreamersFromBackend failed: Bad state: Backend unavailable
_refreshAcademicCategories failed: Bad state: Backend unavailable
Realtime chat_reports subscription failed: 'package:supabase_flutter/src/supabase.dart': Failed assertion: line 45 pos 7: '_instance._isInitialized': You must initialize the supabase instance before calling Supabase.instance
_refreshAcademicCategories failed: Bad state: Backend unavailable
loadVerifiedStreamersFromBackend failed: Bad state: Backend unavailable
Realtime public streamer subscription failed: 'package:supabase_flutter/src/supabase.dart': Failed assertion: line 45 pos 7: '_instance._isInitialized': You must initialize the supabase instance before calling Supabase.instance
Realtime academic_categories subscription failed: 'package:supabase_flutter/src/supabase.dart': Failed assertion: line 45 pos 7: '_instance._isInitialized': You must initialize the supabase instance before calling Supabase.instance
Supabase auth listener not attached (Supabase not initialized?): 'package:supabase_flutter/src/supabase.dart': Failed assertion: line 45 pos 7: '_instance._isInitialized': You must initialize the supabase instance before calling Supabase.instance
loadVerifiedStreamersFromBackend failed: Bad state: Backend unavailable
_refreshAcademicCategories failed: Bad state: Backend unavailable
Realtime chat_reports subscription failed: 'package:supabase_flutter/src/supabase.dart': Failed assertion: line 45 pos 7: '_instance._isInitialized': You must initialize the supabase instance before calling Supabase.instance
_refreshAcademicCategories failed: Bad state: Backend unavailable
loadVerifiedStreamersFromBackend failed: Bad state: Backend unavailable
Realtime public streamer subscription failed: 'package:supabase_flutter/src/supabase.dart': Failed assertion: line 45 pos 7: '_instance._isInitialized': You must initialize the supabase instance before calling Supabase.instance
Realtime academic_categories subscription failed: 'package:supabase_flutter/src/supabase.dart': Failed assertion: line 45 pos 7: '_instance._isInitialized': You must initialize the supabase instance before calling Supabase.instance
Supabase auth listener not attached (Supabase not initialized?): 'package:supabase_flutter/src/supabase.dart': Failed assertion: line 45 pos 7: '_instance._isInitialized': You must initialize the supabase instance before calling Supabase.instance
loadVerifiedStreamersFromBackend failed: Bad state: Backend unavailable
_refreshAcademicCategories failed: Bad state: Backend unavailable
Realtime chat_reports subscription failed: 'package:supabase_flutter/src/supabase.dart': Failed assertion: line 45 pos 7: '_instance._isInitialized': You must initialize the supabase instance before calling Supabase.instance
_refreshAcademicCategories failed: Bad state: Backend unavailable
loadVerifiedStreamersFromBackend failed: Bad state: Backend unavailable
Realtime public streamer subscription failed: 'package:supabase_flutter/src/supabase.dart': Failed assertion: line 45 pos 7: '_instance._isInitialized': You must initialize the supabase instance before calling Supabase.instance
Realtime academic_categories subscription failed: 'package:supabase_flutter/src/supabase.dart': Failed assertion: line 45 pos 7: '_instance._isInitialized': You must initialize the supabase instance before calling Supabase.instance
Supabase auth listener not attached (Supabase not initialized?): 'package:supabase_flutter/src/supabase.dart': Failed assertion: line 45 pos 7: '_instance._isInitialized': You must initialize the supabase instance before calling Supabase.instance
loadVerifiedStreamersFromBackend failed: Bad state: Backend unavailable
_refreshAcademicCategories failed: Bad state: Backend unavailable
Realtime chat_reports subscription failed: 'package:supabase_flutter/src/supabase.dart': Failed assertion: line 45 pos 7: '_instance._isInitialized': You must initialize the supabase instance before calling Supabase.instance
_refreshAcademicCategories failed: Bad state: Backend unavailable
loadVerifiedStreamersFromBackend failed: Bad state: Backend unavailable
Realtime public streamer subscription failed: 'package:supabase_flutter/src/supabase.dart': Failed assertion: line 45 pos 7: '_instance._isInitialized': You must initialize the supabase instance before calling Supabase.instance
Realtime academic_categories subscription failed: 'package:supabase_flutter/src/supabase.dart': Failed assertion: line 45 pos 7: '_instance._isInitialized': You must initialize the supabase instance before calling Supabase.instance
Supabase auth listener not attached (Supabase not initialized?): 'package:supabase_flutter/src/supabase.dart': Failed assertion: line 45 pos 7: '_instance._isInitialized': You must initialize the supabase instance before calling Supabase.instance
loadVerifiedStreamersFromBackend failed: Bad state: Backend unavailable
_refreshAcademicCategories failed: Bad state: Backend unavailable
Realtime chat_reports subscription failed: 'package:supabase_flutter/src/supabase.dart': Failed assertion: line 45 pos 7: '_instance._isInitialized': You must initialize the supabase instance before calling Supabase.instance
_refreshAcademicCategories failed: Bad state: Backend unavailable
loadVerifiedStreamersFromBackend failed: Bad state: Backend unavailable
Realtime public streamer subscription failed: 'package:supabase_flutter/src/supabase.dart': Failed assertion: line 45 pos 7: '_instance._isInitialized': You must initialize the supabase instance before calling Supabase.instance
Realtime academic_categories subscription failed: 'package:supabase_flutter/src/supabase.dart': Failed assertion: line 45 pos 7: '_instance._isInitialized': You must initialize the supabase instance before calling Supabase.instance
Supabase auth listener not attached (Supabase not initialized?): 'package:supabase_flutter/src/supabase.dart': Failed assertion: line 45 pos 7: '_instance._isInitialized': You must initialize the supabase instance before calling Supabase.instance
loadVerifiedStreamersFromBackend failed: Bad state: Backend unavailable
_refreshAcademicCategories failed: Bad state: Backend unavailable
Realtime chat_reports subscription failed: 'package:supabase_flutter/src/supabase.dart': Failed assertion: line 45 pos 7: '_instance._isInitialized': You must initialize the supabase instance before calling Supabase.instance
_refreshAcademicCategories failed: Bad state: Backend unavailable
loadVerifiedStreamersFromBackend failed: Bad state: Backend unavailable
Realtime public streamer subscription failed: 'package:supabase_flutter/src/supabase.dart': Failed assertion: line 45 pos 7: '_instance._isInitialized': You must initialize the supabase instance before calling Supabase.instance
Realtime academic_categories subscription failed: 'package:supabase_flutter/src/supabase.dart': Failed assertion: line 45 pos 7: '_instance._isInitialized': You must initialize the supabase instance before calling Supabase.instance
Supabase auth listener not attached (Supabase not initialized?): 'package:supabase_flutter/src/supabase.dart': Failed assertion: line 45 pos 7: '_instance._isInitialized': You must initialize the supabase instance before calling Supabase.instance
loadVerifiedStreamersFromBackend failed: Bad state: Backend unavailable
_refreshAcademicCategories failed: Bad state: Backend unavailable
Realtime chat_reports subscription failed: 'package:supabase_flutter/src/supabase.dart': Failed assertion: line 45 pos 7: '_instance._isInitialized': You must initialize the supabase instance before calling Supabase.instance
_refreshAcademicCategories failed: Bad state: Backend unavailable
loadVerifiedStreamersFromBackend failed: Bad state: Backend unavailable
Realtime public streamer subscription failed: 'package:supabase_flutter/src/supabase.dart': Failed assertion: line 45 pos 7: '_instance._isInitialized': You must initialize the supabase instance before calling Supabase.instance
Realtime academic_categories subscription failed: 'package:supabase_flutter/src/supabase.dart': Failed assertion: line 45 pos 7: '_instance._isInitialized': You must initialize the supabase instance before calling Supabase.instance
Supabase auth listener not attached (Supabase not initialized?): 'package:supabase_flutter/src/supabase.dart': Failed assertion: line 45 pos 7: '_instance._isInitialized': You must initialize the supabase instance before calling Supabase.instance
loadVerifiedStreamersFromBackend failed: Bad state: Backend unavailable
_refreshAcademicCategories failed: Bad state: Backend unavailable
Realtime chat_reports subscription failed: 'package:supabase_flutter/src/supabase.dart': Failed assertion: line 45 pos 7: '_instance._isInitialized': You must initialize the supabase instance before calling Supabase.instance
_refreshAcademicCategories failed: Bad state: Backend unavailable
loadVerifiedStreamersFromBackend failed: Bad state: Backend unavailable
Realtime public streamer subscription failed: 'package:supabase_flutter/src/supabase.dart': Failed assertion: line 45 pos 7: '_instance._isInitialized': You must initialize the supabase instance before calling Supabase.instance
Realtime academic_categories subscription failed: 'package:supabase_flutter/src/supabase.dart': Failed assertion: line 45 pos 7: '_instance._isInitialized': You must initialize the supabase instance before calling Supabase.instance
Supabase auth listener not attached (Supabase not initialized?): 'package:supabase_flutter/src/supabase.dart': Failed assertion: line 45 pos 7: '_instance._isInitialized': You must initialize the supabase instance before calling Supabase.instance
loadVerifiedStreamersFromBackend failed: Bad state: Backend unavailable
_refreshAcademicCategories failed: Bad state: Backend unavailable
Realtime chat_reports subscription failed: 'package:supabase_flutter/src/supabase.dart': Failed assertion: line 45 pos 7: '_instance._isInitialized': You must initialize the supabase instance before calling Supabase.instance
_refreshAcademicCategories failed: Bad state: Backend unavailable
loadVerifiedStreamersFromBackend failed: Bad state: Backend unavailable
Realtime public streamer subscription failed: 'package:supabase_flutter/src/supabase.dart': Failed assertion: line 45 pos 7: '_instance._isInitialized': You must initialize the supabase instance before calling Supabase.instance
Realtime academic_categories subscription failed: 'package:supabase_flutter/src/supabase.dart': Failed assertion: line 45 pos 7: '_instance._isInitialized': You must initialize the supabase instance before calling Supabase.instance
Supabase auth listener not attached (Supabase not initialized?): 'package:supabase_flutter/src/supabase.dart': Failed assertion: line 45 pos 7: '_instance._isInitialized': You must initialize the supabase instance before calling Supabase.instance
loadVerifiedStreamersFromBackend failed: Bad state: Backend unavailable
_refreshAcademicCategories failed: Bad state: Backend unavailable
Realtime chat_reports subscription failed: 'package:supabase_flutter/src/supabase.dart': Failed assertion: line 45 pos 7: '_instance._isInitialized': You must initialize the supabase instance before calling Supabase.instance
_refreshAcademicCategories failed: Bad state: Backend unavailable
loadVerifiedStreamersFromBackend failed: Bad state: Backend unavailable
Realtime public streamer subscription failed: 'package:supabase_flutter/src/supabase.dart': Failed assertion: line 45 pos 7: '_instance._isInitialized': You must initialize the supabase instance before calling Supabase.instance
Realtime academic_categories subscription failed: 'package:supabase_flutter/src/supabase.dart': Failed assertion: line 45 pos 7: '_instance._isInitialized': You must initialize the supabase instance before calling Supabase.instance
Supabase auth listener not attached (Supabase not initialized?): 'package:supabase_flutter/src/supabase.dart': Failed assertion: line 45 pos 7: '_instance._isInitialized': You must initialize the supabase instance before calling Supabase.instance
loadVerifiedStreamersFromBackend failed: Bad state: Backend unavailable
_refreshAcademicCategories failed: Bad state: Backend unavailable
Realtime chat_reports subscription failed: 'package:supabase_flutter/src/supabase.dart': Failed assertion: line 45 pos 7: '_instance._isInitialized': You must initialize the supabase instance before calling Supabase.instance
_refreshAcademicCategories failed: Bad state: Backend unavailable
loadVerifiedStreamersFromBackend failed: Bad state: Backend unavailable
Realtime public streamer subscription failed: 'package:supabase_flutter/src/supabase.dart': Failed assertion: line 45 pos 7: '_instance._isInitialized': You must initialize the supabase instance before calling Supabase.instance
Realtime academic_categories subscription failed: 'package:supabase_flutter/src/supabase.dart': Failed assertion: line 45 pos 7: '_instance._isInitialized': You must initialize the supabase instance before calling Supabase.instance
Supabase auth listener not attached (Supabase not initialized?): 'package:supabase_flutter/src/supabase.dart': Failed assertion: line 45 pos 7: '_instance._isInitialized': You must initialize the supabase instance before calling Supabase.instance
loadVerifiedStreamersFromBackend failed: Bad state: Backend unavailable
_refreshAcademicCategories failed: Bad state: Backend unavailable
Realtime chat_reports subscription failed: 'package:supabase_flutter/src/supabase.dart': Failed assertion: line 45 pos 7: '_instance._isInitialized': You must initialize the supabase instance before calling Supabase.instance
_refreshAcademicCategories failed: Bad state: Backend unavailable
loadVerifiedStreamersFromBackend failed: Bad state: Backend unavailable
Realtime public streamer subscription failed: 'package:supabase_flutter/src/supabase.dart': Failed assertion: line 45 pos 7: '_instance._isInitialized': You must initialize the supabase instance before calling Supabase.instance
Realtime academic_categories subscription failed: 'package:supabase_flutter/src/supabase.dart': Failed assertion: line 45 pos 7: '_instance._isInitialized': You must initialize the supabase instance before calling Supabase.instance
Supabase auth listener not attached (Supabase not initialized?): 'package:supabase_flutter/src/supabase.dart': Failed assertion: line 45 pos 7: '_instance._isInitialized': You must initialize the supabase instance before calling Supabase.instance
loadVerifiedStreamersFromBackend failed: Bad state: Backend unavailable
_refreshAcademicCategories failed: Bad state: Backend unavailable
Realtime chat_reports subscription failed: 'package:supabase_flutter/src/supabase.dart': Failed assertion: line 45 pos 7: '_instance._isInitialized': You must initialize the supabase instance before calling Supabase.instance
_refreshAcademicCategories failed: Bad state: Backend unavailable
loadVerifiedStreamersFromBackend failed: Bad state: Backend unavailable
Realtime public streamer subscription failed: 'package:supabase_flutter/src/supabase.dart': Failed assertion: line 45 pos 7: '_instance._isInitialized': You must initialize the supabase instance before calling Supabase.instance
Realtime academic_categories subscription failed: 'package:supabase_flutter/src/supabase.dart': Failed assertion: line 45 pos 7: '_instance._isInitialized': You must initialize the supabase instance before calling Supabase.instance
Supabase auth listener not attached (Supabase not initialized?): 'package:supabase_flutter/src/supabase.dart': Failed assertion: line 45 pos 7: '_instance._isInitialized': You must initialize the supabase instance before calling Supabase.instance
loadVerifiedStreamersFromBackend failed: Bad state: Backend unavailable
_refreshAcademicCategories failed: Bad state: Backend unavailable
Realtime chat_reports subscription failed: 'package:supabase_flutter/src/supabase.dart': Failed assertion: line 45 pos 7: '_instance._isInitialized': You must initialize the supabase instance before calling Supabase.instance
_refreshAcademicCategories failed: Bad state: Backend unavailable
loadVerifiedStreamersFromBackend failed: Bad state: Backend unavailable
Realtime public streamer subscription failed: 'package:supabase_flutter/src/supabase.dart': Failed assertion: line 45 pos 7: '_instance._isInitialized': You must initialize the supabase instance before calling Supabase.instance
Realtime academic_categories subscription failed: 'package:supabase_flutter/src/supabase.dart': Failed assertion: line 45 pos 7: '_instance._isInitialized': You must initialize the supabase instance before calling Supabase.instance
Supabase auth listener not attached (Supabase not initialized?): 'package:supabase_flutter/src/supabase.dart': Failed assertion: line 45 pos 7: '_instance._isInitialized': You must initialize the supabase instance before calling Supabase.instance
loadVerifiedStreamersFromBackend failed: Bad state: Backend unavailable
_refreshAcademicCategories failed: Bad state: Backend unavailable
Realtime chat_reports subscription failed: 'package:supabase_flutter/src/supabase.dart': Failed assertion: line 45 pos 7: '_instance._isInitialized': You must initialize the supabase instance before calling Supabase.instance
_refreshAcademicCategories failed: Bad state: Backend unavailable
loadVerifiedStreamersFromBackend failed: Bad state: Backend unavailable
Realtime public streamer subscription failed: 'package:supabase_flutter/src/supabase.dart': Failed assertion: line 45 pos 7: '_instance._isInitialized': You must initialize the supabase instance before calling Supabase.instance
Realtime academic_categories subscription failed: 'package:supabase_flutter/src/supabase.dart': Failed assertion: line 45 pos 7: '_instance._isInitialized': You must initialize the supabase instance before calling Supabase.instance
Supabase auth listener not attached (Supabase not initialized?): 'package:supabase_flutter/src/supabase.dart': Failed assertion: line 45 pos 7: '_instance._isInitialized': You must initialize the supabase instance before calling Supabase.instance
loadVerifiedStreamersFromBackend failed: Bad state: Backend unavailable
_refreshAcademicCategories failed: Bad state: Backend unavailable
Realtime chat_reports subscription failed: 'package:supabase_flutter/src/supabase.dart': Failed assertion: line 45 pos 7: '_instance._isInitialized': You must initialize the supabase instance before calling Supabase.instance
_refreshAcademicCategories failed: Bad state: Backend unavailable
loadVerifiedStreamersFromBackend failed: Bad state: Backend unavailable
Realtime public streamer subscription failed: 'package:supabase_flutter/src/supabase.dart': Failed assertion: line 45 pos 7: '_instance._isInitialized': You must initialize the supabase instance before calling Supabase.instance
Realtime academic_categories subscription failed: 'package:supabase_flutter/src/supabase.dart': Failed assertion: line 45 pos 7: '_instance._isInitialized': You must initialize the supabase instance before calling Supabase.instance
Supabase auth listener not attached (Supabase not initialized?): 'package:supabase_flutter/src/supabase.dart': Failed assertion: line 45 pos 7: '_instance._isInitialized': You must initialize the supabase instance before calling Supabase.instance
loadVerifiedStreamersFromBackend failed: Bad state: Backend unavailable
_refreshAcademicCategories failed: Bad state: Backend unavailable
Realtime chat_reports subscription failed: 'package:supabase_flutter/src/supabase.dart': Failed assertion: line 45 pos 7: '_instance._isInitialized': You must initialize the supabase instance before calling Supabase.instance
_refreshAcademicCategories failed: Bad state: Backend unavailable
loadVerifiedStreamersFromBackend failed: Bad state: Backend unavailable
Realtime public streamer subscription failed: 'package:supabase_flutter/src/supabase.dart': Failed assertion: line 45 pos 7: '_instance._isInitialized': You must initialize the supabase instance before calling Supabase.instance
Realtime academic_categories subscription failed: 'package:supabase_flutter/src/supabase.dart': Failed assertion: line 45 pos 7: '_instance._isInitialized': You must initialize the supabase instance before calling Supabase.instance
Supabase auth listener not attached (Supabase not initialized?): 'package:supabase_flutter/src/supabase.dart': Failed assertion: line 45 pos 7: '_instance._isInitialized': You must initialize the supabase instance before calling Supabase.instance
loadVerifiedStreamersFromBackend failed: Bad state: Backend unavailable
_refreshAcademicCategories failed: Bad state: Backend unavailable
Realtime chat_reports subscription failed: 'package:supabase_flutter/src/supabase.dart': Failed assertion: line 45 pos 7: '_instance._isInitialized': You must initialize the supabase instance before calling Supabase.instance
_refreshAcademicCategories failed: Bad state: Backend unavailable
loadVerifiedStreamersFromBackend failed: Bad state: Backend unavailable
Realtime public streamer subscription failed: 'package:supabase_flutter/src/supabase.dart': Failed assertion: line 45 pos 7: '_instance._isInitialized': You must initialize the supabase instance before calling Supabase.instance
Realtime academic_categories subscription failed: 'package:supabase_flutter/src/supabase.dart': Failed assertion: line 45 pos 7: '_instance._isInitialized': You must initialize the supabase instance before calling Supabase.instance
Supabase auth listener not attached (Supabase not initialized?): 'package:supabase_flutter/src/supabase.dart': Failed assertion: line 45 pos 7: '_instance._isInitialized': You must initialize the supabase instance before calling Supabase.instance
loadVerifiedStreamersFromBackend failed: Bad state: Backend unavailable
_refreshAcademicCategories failed: Bad state: Backend unavailable
Realtime chat_reports subscription failed: 'package:supabase_flutter/src/supabase.dart': Failed assertion: line 45 pos 7: '_instance._isInitialized': You must initialize the supabase instance before calling Supabase.instance
_refreshAcademicCategories failed: Bad state: Backend unavailable
loadVerifiedStreamersFromBackend failed: Bad state: Backend unavailable
Realtime public streamer subscription failed: 'package:supabase_flutter/src/supabase.dart': Failed assertion: line 45 pos 7: '_instance._isInitialized': You must initialize the supabase instance before calling Supabase.instance
Realtime academic_categories subscription failed: 'package:supabase_flutter/src/supabase.dart': Failed assertion: line 45 pos 7: '_instance._isInitialized': You must initialize the supabase instance before calling Supabase.instance
Supabase auth listener not attached (Supabase not initialized?): 'package:supabase_flutter/src/supabase.dart': Failed assertion: line 45 pos 7: '_instance._isInitialized': You must initialize the supabase instance before calling Supabase.instance
loadVerifiedStreamersFromBackend failed: Bad state: Backend unavailable
_refreshAcademicCategories failed: Bad state: Backend unavailable
Realtime chat_reports subscription failed: 'package:supabase_flutter/src/supabase.dart': Failed assertion: line 45 pos 7: '_instance._isInitialized': You must initialize the supabase instance before calling Supabase.instance
_refreshAcademicCategories failed: Bad state: Backend unavailable
loadVerifiedStreamersFromBackend failed: Bad state: Backend unavailable
00:30 +29: C:/Users/User/.codex/worktrees/hadayah-wave4v2-integration/Streamer_app/project/test/layout_sweep_test.dart: admin tab 8 ar at all sizes and text scales
Realtime public streamer subscription failed: 'package:supabase_flutter/src/supabase.dart': Failed assertion: line 45 pos 7: '_instance._isInitialized': You must initialize the supabase instance before calling Supabase.instance
Realtime academic_categories subscription failed: 'package:supabase_flutter/src/supabase.dart': Failed assertion: line 45 pos 7: '_instance._isInitialized': You must initialize the supabase instance before calling Supabase.instance
Supabase auth listener not attached (Supabase not initialized?): 'package:supabase_flutter/src/supabase.dart': Failed assertion: line 45 pos 7: '_instance._isInitialized': You must initialize the supabase instance before calling Supabase.instance
loadVerifiedStreamersFromBackend failed: Bad state: Backend unavailable
_refreshAcademicCategories failed: Bad state: Backend unavailable
Realtime chat_reports subscription failed: 'package:supabase_flutter/src/supabase.dart': Failed assertion: line 45 pos 7: '_instance._isInitialized': You must initialize the supabase instance before calling Supabase.instance
_refreshAcademicCategories failed: Bad state: Backend unavailable
loadVerifiedStreamersFromBackend failed: Bad state: Backend unavailable
Realtime public streamer subscription failed: 'package:supabase_flutter/src/supabase.dart': Failed assertion: line 45 pos 7: '_instance._isInitialized': You must initialize the supabase instance before calling Supabase.instance
Realtime academic_categories subscription failed: 'package:supabase_flutter/src/supabase.dart': Failed assertion: line 45 pos 7: '_instance._isInitialized': You must initialize the supabase instance before calling Supabase.instance
Supabase auth listener not attached (Supabase not initialized?): 'package:supabase_flutter/src/supabase.dart': Failed assertion: line 45 pos 7: '_instance._isInitialized': You must initialize the supabase instance before calling Supabase.instance
loadVerifiedStreamersFromBackend failed: Bad state: Backend unavailable
_refreshAcademicCategories failed: Bad state: Backend unavailable
Realtime chat_reports subscription failed: 'package:supabase_flutter/src/supabase.dart': Failed assertion: line 45 pos 7: '_instance._isInitialized': You must initialize the supabase instance before calling Supabase.instance
_refreshAcademicCategories failed: Bad state: Backend unavailable
loadVerifiedStreamersFromBackend failed: Bad state: Backend unavailable
Realtime public streamer subscription failed: 'package:supabase_flutter/src/supabase.dart': Failed assertion: line 45 pos 7: '_instance._isInitialized': You must initialize the supabase instance before calling Supabase.instance
Realtime academic_categories subscription failed: 'package:supabase_flutter/src/supabase.dart': Failed assertion: line 45 pos 7: '_instance._isInitialized': You must initialize the supabase instance before calling Supabase.instance
Supabase auth listener not attached (Supabase not initialized?): 'package:supabase_flutter/src/supabase.dart': Failed assertion: line 45 pos 7: '_instance._isInitialized': You must initialize the supabase instance before calling Supabase.instance
loadVerifiedStreamersFromBackend failed: Bad state: Backend unavailable
_refreshAcademicCategories failed: Bad state: Backend unavailable
Realtime chat_reports subscription failed: 'package:supabase_flutter/src/supabase.dart': Failed assertion: line 45 pos 7: '_instance._isInitialized': You must initialize the supabase instance before calling Supabase.instance
_refreshAcademicCategories failed: Bad state: Backend unavailable
loadVerifiedStreamersFromBackend failed: Bad state: Backend unavailable
Realtime public streamer subscription failed: 'package:supabase_flutter/src/supabase.dart': Failed assertion: line 45 pos 7: '_instance._isInitialized': You must initialize the supabase instance before calling Supabase.instance
Realtime academic_categories subscription failed: 'package:supabase_flutter/src/supabase.dart': Failed assertion: line 45 pos 7: '_instance._isInitialized': You must initialize the supabase instance before calling Supabase.instance
Supabase auth listener not attached (Supabase not initialized?): 'package:supabase_flutter/src/supabase.dart': Failed assertion: line 45 pos 7: '_instance._isInitialized': You must initialize the supabase instance before calling Supabase.instance
loadVerifiedStreamersFromBackend failed: Bad state: Backend unavailable
_refreshAcademicCategories failed: Bad state: Backend unavailable
Realtime chat_reports subscription failed: 'package:supabase_flutter/src/supabase.dart': Failed assertion: line 45 pos 7: '_instance._isInitialized': You must initialize the supabase instance before calling Supabase.instance
_refreshAcademicCategories failed: Bad state: Backend unavailable
loadVerifiedStreamersFromBackend failed: Bad state: Backend unavailable
Realtime public streamer subscription failed: 'package:supabase_flutter/src/supabase.dart': Failed assertion: line 45 pos 7: '_instance._isInitialized': You must initialize the supabase instance before calling Supabase.instance
Realtime academic_categories subscription failed: 'package:supabase_flutter/src/supabase.dart': Failed assertion: line 45 pos 7: '_instance._isInitialized': You must initialize the supabase instance before calling Supabase.instance
Supabase auth listener not attached (Supabase not initialized?): 'package:supabase_flutter/src/supabase.dart': Failed assertion: line 45 pos 7: '_instance._isInitialized': You must initialize the supabase instance before calling Supabase.instance
loadVerifiedStreamersFromBackend failed: Bad state: Backend unavailable
_refreshAcademicCategories failed: Bad state: Backend unavailable
Realtime chat_reports subscription failed: 'package:supabase_flutter/src/supabase.dart': Failed assertion: line 45 pos 7: '_instance._isInitialized': You must initialize the supabase instance before calling Supabase.instance
_refreshAcademicCategories failed: Bad state: Backend unavailable
loadVerifiedStreamersFromBackend failed: Bad state: Backend unavailable
Realtime public streamer subscription failed: 'package:supabase_flutter/src/supabase.dart': Failed assertion: line 45 pos 7: '_instance._isInitialized': You must initialize the supabase instance before calling Supabase.instance
Realtime academic_categories subscription failed: 'package:supabase_flutter/src/supabase.dart': Failed assertion: line 45 pos 7: '_instance._isInitialized': You must initialize the supabase instance before calling Supabase.instance
Supabase auth listener not attached (Supabase not initialized?): 'package:supabase_flutter/src/supabase.dart': Failed assertion: line 45 pos 7: '_instance._isInitialized': You must initialize the supabase instance before calling Supabase.instance
loadVerifiedStreamersFromBackend failed: Bad state: Backend unavailable
_refreshAcademicCategories failed: Bad state: Backend unavailable
Realtime chat_reports subscription failed: 'package:supabase_flutter/src/supabase.dart': Failed assertion: line 45 pos 7: '_instance._isInitialized': You must initialize the supabase instance before calling Supabase.instance
_refreshAcademicCategories failed: Bad state: Backend unavailable
loadVerifiedStreamersFromBackend failed: Bad state: Backend unavailable
Realtime public streamer subscription failed: 'package:supabase_flutter/src/supabase.dart': Failed assertion: line 45 pos 7: '_instance._isInitialized': You must initialize the supabase instance before calling Supabase.instance
Realtime academic_categories subscription failed: 'package:supabase_flutter/src/supabase.dart': Failed assertion: line 45 pos 7: '_instance._isInitialized': You must initialize the supabase instance before calling Supabase.instance
Supabase auth listener not attached (Supabase not initialized?): 'package:supabase_flutter/src/supabase.dart': Failed assertion: line 45 pos 7: '_instance._isInitialized': You must initialize the supabase instance before calling Supabase.instance
loadVerifiedStreamersFromBackend failed: Bad state: Backend unavailable
_refreshAcademicCategories failed: Bad state: Backend unavailable
Realtime chat_reports subscription failed: 'package:supabase_flutter/src/supabase.dart': Failed assertion: line 45 pos 7: '_instance._isInitialized': You must initialize the supabase instance before calling Supabase.instance
_refreshAcademicCategories failed: Bad state: Backend unavailable
loadVerifiedStreamersFromBackend failed: Bad state: Backend unavailable
Realtime public streamer subscription failed: 'package:supabase_flutter/src/supabase.dart': Failed assertion: line 45 pos 7: '_instance._isInitialized': You must initialize the supabase instance before calling Supabase.instance
Realtime academic_categories subscription failed: 'package:supabase_flutter/src/supabase.dart': Failed assertion: line 45 pos 7: '_instance._isInitialized': You must initialize the supabase instance before calling Supabase.instance
Supabase auth listener not attached (Supabase not initialized?): 'package:supabase_flutter/src/supabase.dart': Failed assertion: line 45 pos 7: '_instance._isInitialized': You must initialize the supabase instance before calling Supabase.instance
loadVerifiedStreamersFromBackend failed: Bad state: Backend unavailable
_refreshAcademicCategories failed: Bad state: Backend unavailable
Realtime chat_reports subscription failed: 'package:supabase_flutter/src/supabase.dart': Failed assertion: line 45 pos 7: '_instance._isInitialized': You must initialize the supabase instance before calling Supabase.instance
_refreshAcademicCategories failed: Bad state: Backend unavailable
loadVerifiedStreamersFromBackend failed: Bad state: Backend unavailable
Realtime public streamer subscription failed: 'package:supabase_flutter/src/supabase.dart': Failed assertion: line 45 pos 7: '_instance._isInitialized': You must initialize the supabase instance before calling Supabase.instance
Realtime academic_categories subscription failed: 'package:supabase_flutter/src/supabase.dart': Failed assertion: line 45 pos 7: '_instance._isInitialized': You must initialize the supabase instance before calling Supabase.instance
Supabase auth listener not attached (Supabase not initialized?): 'package:supabase_flutter/src/supabase.dart': Failed assertion: line 45 pos 7: '_instance._isInitialized': You must initialize the supabase instance before calling Supabase.instance
loadVerifiedStreamersFromBackend failed: Bad state: Backend unavailable
_refreshAcademicCategories failed: Bad state: Backend unavailable
Realtime chat_reports subscription failed: 'package:supabase_flutter/src/supabase.dart': Failed assertion: line 45 pos 7: '_instance._isInitialized': You must initialize the supabase instance before calling Supabase.instance
_refreshAcademicCategories failed: Bad state: Backend unavailable
loadVerifiedStreamersFromBackend failed: Bad state: Backend unavailable
Realtime public streamer subscription failed: 'package:supabase_flutter/src/supabase.dart': Failed assertion: line 45 pos 7: '_instance._isInitialized': You must initialize the supabase instance before calling Supabase.instance
Realtime academic_categories subscription failed: 'package:supabase_flutter/src/supabase.dart': Failed assertion: line 45 pos 7: '_instance._isInitialized': You must initialize the supabase instance before calling Supabase.instance
Supabase auth listener not attached (Supabase not initialized?): 'package:supabase_flutter/src/supabase.dart': Failed assertion: line 45 pos 7: '_instance._isInitialized': You must initialize the supabase instance before calling Supabase.instance
loadVerifiedStreamersFromBackend failed: Bad state: Backend unavailable
_refreshAcademicCategories failed: Bad state: Backend unavailable
Realtime chat_reports subscription failed: 'package:supabase_flutter/src/supabase.dart': Failed assertion: line 45 pos 7: '_instance._isInitialized': You must initialize the supabase instance before calling Supabase.instance
_refreshAcademicCategories failed: Bad state: Backend unavailable
loadVerifiedStreamersFromBackend failed: Bad state: Backend unavailable
Realtime public streamer subscription failed: 'package:supabase_flutter/src/supabase.dart': Failed assertion: line 45 pos 7: '_instance._isInitialized': You must initialize the supabase instance before calling Supabase.instance
Realtime academic_categories subscription failed: 'package:supabase_flutter/src/supabase.dart': Failed assertion: line 45 pos 7: '_instance._isInitialized': You must initialize the supabase instance before calling Supabase.instance
Supabase auth listener not attached (Supabase not initialized?): 'package:supabase_flutter/src/supabase.dart': Failed assertion: line 45 pos 7: '_instance._isInitialized': You must initialize the supabase instance before calling Supabase.instance
loadVerifiedStreamersFromBackend failed: Bad state: Backend unavailable
_refreshAcademicCategories failed: Bad state: Backend unavailable
Realtime chat_reports subscription failed: 'package:supabase_flutter/src/supabase.dart': Failed assertion: line 45 pos 7: '_instance._isInitialized': You must initialize the supabase instance before calling Supabase.instance
_refreshAcademicCategories failed: Bad state: Backend unavailable
loadVerifiedStreamersFromBackend failed: Bad state: Backend unavailable
Realtime public streamer subscription failed: 'package:supabase_flutter/src/supabase.dart': Failed assertion: line 45 pos 7: '_instance._isInitialized': You must initialize the supabase instance before calling Supabase.instance
Realtime academic_categories subscription failed: 'package:supabase_flutter/src/supabase.dart': Failed assertion: line 45 pos 7: '_instance._isInitialized': You must initialize the supabase instance before calling Supabase.instance
Supabase auth listener not attached (Supabase not initialized?): 'package:supabase_flutter/src/supabase.dart': Failed assertion: line 45 pos 7: '_instance._isInitialized': You must initialize the supabase instance before calling Supabase.instance
loadVerifiedStreamersFromBackend failed: Bad state: Backend unavailable
_refreshAcademicCategories failed: Bad state: Backend unavailable
Realtime chat_reports subscription failed: 'package:supabase_flutter/src/supabase.dart': Failed assertion: line 45 pos 7: '_instance._isInitialized': You must initialize the supabase instance before calling Supabase.instance
_refreshAcademicCategories failed: Bad state: Backend unavailable
loadVerifiedStreamersFromBackend failed: Bad state: Backend unavailable
Realtime public streamer subscription failed: 'package:supabase_flutter/src/supabase.dart': Failed assertion: line 45 pos 7: '_instance._isInitialized': You must initialize the supabase instance before calling Supabase.instance
Realtime academic_categories subscription failed: 'package:supabase_flutter/src/supabase.dart': Failed assertion: line 45 pos 7: '_instance._isInitialized': You must initialize the supabase instance before calling Supabase.instance
Supabase auth listener not attached (Supabase not initialized?): 'package:supabase_flutter/src/supabase.dart': Failed assertion: line 45 pos 7: '_instance._isInitialized': You must initialize the supabase instance before calling Supabase.instance
loadVerifiedStreamersFromBackend failed: Bad state: Backend unavailable
_refreshAcademicCategories failed: Bad state: Backend unavailable
Realtime chat_reports subscription failed: 'package:supabase_flutter/src/supabase.dart': Failed assertion: line 45 pos 7: '_instance._isInitialized': You must initialize the supabase instance before calling Supabase.instance
_refreshAcademicCategories failed: Bad state: Backend unavailable
loadVerifiedStreamersFromBackend failed: Bad state: Backend unavailable
Realtime public streamer subscription failed: 'package:supabase_flutter/src/supabase.dart': Failed assertion: line 45 pos 7: '_instance._isInitialized': You must initialize the supabase instance before calling Supabase.instance
Realtime academic_categories subscription failed: 'package:supabase_flutter/src/supabase.dart': Failed assertion: line 45 pos 7: '_instance._isInitialized': You must initialize the supabase instance before calling Supabase.instance
Supabase auth listener not attached (Supabase not initialized?): 'package:supabase_flutter/src/supabase.dart': Failed assertion: line 45 pos 7: '_instance._isInitialized': You must initialize the supabase instance before calling Supabase.instance
loadVerifiedStreamersFromBackend failed: Bad state: Backend unavailable
_refreshAcademicCategories failed: Bad state: Backend unavailable
Realtime chat_reports subscription failed: 'package:supabase_flutter/src/supabase.dart': Failed assertion: line 45 pos 7: '_instance._isInitialized': You must initialize the supabase instance before calling Supabase.instance
_refreshAcademicCategories failed: Bad state: Backend unavailable
loadVerifiedStreamersFromBackend failed: Bad state: Backend unavailable
Realtime public streamer subscription failed: 'package:supabase_flutter/src/supabase.dart': Failed assertion: line 45 pos 7: '_instance._isInitialized': You must initialize the supabase instance before calling Supabase.instance
Realtime academic_categories subscription failed: 'package:supabase_flutter/src/supabase.dart': Failed assertion: line 45 pos 7: '_instance._isInitialized': You must initialize the supabase instance before calling Supabase.instance
Supabase auth listener not attached (Supabase not initialized?): 'package:supabase_flutter/src/supabase.dart': Failed assertion: line 45 pos 7: '_instance._isInitialized': You must initialize the supabase instance before calling Supabase.instance
loadVerifiedStreamersFromBackend failed: Bad state: Backend unavailable
_refreshAcademicCategories failed: Bad state: Backend unavailable
Realtime chat_reports subscription failed: 'package:supabase_flutter/src/supabase.dart': Failed assertion: line 45 pos 7: '_instance._isInitialized': You must initialize the supabase instance before calling Supabase.instance
_refreshAcademicCategories failed: Bad state: Backend unavailable
loadVerifiedStreamersFromBackend failed: Bad state: Backend unavailable
Realtime public streamer subscription failed: 'package:supabase_flutter/src/supabase.dart': Failed assertion: line 45 pos 7: '_instance._isInitialized': You must initialize the supabase instance before calling Supabase.instance
Realtime academic_categories subscription failed: 'package:supabase_flutter/src/supabase.dart': Failed assertion: line 45 pos 7: '_instance._isInitialized': You must initialize the supabase instance before calling Supabase.instance
Supabase auth listener not attached (Supabase not initialized?): 'package:supabase_flutter/src/supabase.dart': Failed assertion: line 45 pos 7: '_instance._isInitialized': You must initialize the supabase instance before calling Supabase.instance
loadVerifiedStreamersFromBackend failed: Bad state: Backend unavailable
_refreshAcademicCategories failed: Bad state: Backend unavailable
Realtime chat_reports subscription failed: 'package:supabase_flutter/src/supabase.dart': Failed assertion: line 45 pos 7: '_instance._isInitialized': You must initialize the supabase instance before calling Supabase.instance
_refreshAcademicCategories failed: Bad state: Backend unavailable
loadVerifiedStreamersFromBackend failed: Bad state: Backend unavailable
Realtime public streamer subscription failed: 'package:supabase_flutter/src/supabase.dart': Failed assertion: line 45 pos 7: '_instance._isInitialized': You must initialize the supabase instance before calling Supabase.instance
Realtime academic_categories subscription failed: 'package:supabase_flutter/src/supabase.dart': Failed assertion: line 45 pos 7: '_instance._isInitialized': You must initialize the supabase instance before calling Supabase.instance
Supabase auth listener not attached (Supabase not initialized?): 'package:supabase_flutter/src/supabase.dart': Failed assertion: line 45 pos 7: '_instance._isInitialized': You must initialize the supabase instance before calling Supabase.instance
loadVerifiedStreamersFromBackend failed: Bad state: Backend unavailable
_refreshAcademicCategories failed: Bad state: Backend unavailable
Realtime chat_reports subscription failed: 'package:supabase_flutter/src/supabase.dart': Failed assertion: line 45 pos 7: '_instance._isInitialized': You must initialize the supabase instance before calling Supabase.instance
_refreshAcademicCategories failed: Bad state: Backend unavailable
loadVerifiedStreamersFromBackend failed: Bad state: Backend unavailable
Realtime public streamer subscription failed: 'package:supabase_flutter/src/supabase.dart': Failed assertion: line 45 pos 7: '_instance._isInitialized': You must initialize the supabase instance before calling Supabase.instance
Realtime academic_categories subscription failed: 'package:supabase_flutter/src/supabase.dart': Failed assertion: line 45 pos 7: '_instance._isInitialized': You must initialize the supabase instance before calling Supabase.instance
Supabase auth listener not attached (Supabase not initialized?): 'package:supabase_flutter/src/supabase.dart': Failed assertion: line 45 pos 7: '_instance._isInitialized': You must initialize the supabase instance before calling Supabase.instance
loadVerifiedStreamersFromBackend failed: Bad state: Backend unavailable
_refreshAcademicCategories failed: Bad state: Backend unavailable
Realtime chat_reports subscription failed: 'package:supabase_flutter/src/supabase.dart': Failed assertion: line 45 pos 7: '_instance._isInitialized': You must initialize the supabase instance before calling Supabase.instance
_refreshAcademicCategories failed: Bad state: Backend unavailable
loadVerifiedStreamersFromBackend failed: Bad state: Backend unavailable
Realtime public streamer subscription failed: 'package:supabase_flutter/src/supabase.dart': Failed assertion: line 45 pos 7: '_instance._isInitialized': You must initialize the supabase instance before calling Supabase.instance
Realtime academic_categories subscription failed: 'package:supabase_flutter/src/supabase.dart': Failed assertion: line 45 pos 7: '_instance._isInitialized': You must initialize the supabase instance before calling Supabase.instance
Supabase auth listener not attached (Supabase not initialized?): 'package:supabase_flutter/src/supabase.dart': Failed assertion: line 45 pos 7: '_instance._isInitialized': You must initialize the supabase instance before calling Supabase.instance
loadVerifiedStreamersFromBackend failed: Bad state: Backend unavailable
_refreshAcademicCategories failed: Bad state: Backend unavailable
Realtime chat_reports subscription failed: 'package:supabase_flutter/src/supabase.dart': Failed assertion: line 45 pos 7: '_instance._isInitialized': You must initialize the supabase instance before calling Supabase.instance
_refreshAcademicCategories failed: Bad state: Backend unavailable
loadVerifiedStreamersFromBackend failed: Bad state: Backend unavailable
Realtime public streamer subscription failed: 'package:supabase_flutter/src/supabase.dart': Failed assertion: line 45 pos 7: '_instance._isInitialized': You must initialize the supabase instance before calling Supabase.instance
Realtime academic_categories subscription failed: 'package:supabase_flutter/src/supabase.dart': Failed assertion: line 45 pos 7: '_instance._isInitialized': You must initialize the supabase instance before calling Supabase.instance
Supabase auth listener not attached (Supabase not initialized?): 'package:supabase_flutter/src/supabase.dart': Failed assertion: line 45 pos 7: '_instance._isInitialized': You must initialize the supabase instance before calling Supabase.instance
loadVerifiedStreamersFromBackend failed: Bad state: Backend unavailable
_refreshAcademicCategories failed: Bad state: Backend unavailable
Realtime chat_reports subscription failed: 'package:supabase_flutter/src/supabase.dart': Failed assertion: line 45 pos 7: '_instance._isInitialized': You must initialize the supabase instance before calling Supabase.instance
_refreshAcademicCategories failed: Bad state: Backend unavailable
loadVerifiedStreamersFromBackend failed: Bad state: Backend unavailable
Realtime public streamer subscription failed: 'package:supabase_flutter/src/supabase.dart': Failed assertion: line 45 pos 7: '_instance._isInitialized': You must initialize the supabase instance before calling Supabase.instance
Realtime academic_categories subscription failed: 'package:supabase_flutter/src/supabase.dart': Failed assertion: line 45 pos 7: '_instance._isInitialized': You must initialize the supabase instance before calling Supabase.instance
Supabase auth listener not attached (Supabase not initialized?): 'package:supabase_flutter/src/supabase.dart': Failed assertion: line 45 pos 7: '_instance._isInitialized': You must initialize the supabase instance before calling Supabase.instance
loadVerifiedStreamersFromBackend failed: Bad state: Backend unavailable
_refreshAcademicCategories failed: Bad state: Backend unavailable
Realtime chat_reports subscription failed: 'package:supabase_flutter/src/supabase.dart': Failed assertion: line 45 pos 7: '_instance._isInitialized': You must initialize the supabase instance before calling Supabase.instance
_refreshAcademicCategories failed: Bad state: Backend unavailable
loadVerifiedStreamersFromBackend failed: Bad state: Backend unavailable
00:31 +30: C:/Users/User/.codex/worktrees/hadayah-wave4v2-integration/Streamer_app/project/test/layout_sweep_test.dart: admin tab 9 en at all sizes and text scales
Realtime public streamer subscription failed: 'package:supabase_flutter/src/supabase.dart': Failed assertion: line 45 pos 7: '_instance._isInitialized': You must initialize the supabase instance before calling Supabase.instance
Realtime academic_categories subscription failed: 'package:supabase_flutter/src/supabase.dart': Failed assertion: line 45 pos 7: '_instance._isInitialized': You must initialize the supabase instance before calling Supabase.instance
Supabase auth listener not attached (Supabase not initialized?): 'package:supabase_flutter/src/supabase.dart': Failed assertion: line 45 pos 7: '_instance._isInitialized': You must initialize the supabase instance before calling Supabase.instance
loadVerifiedStreamersFromBackend failed: Bad state: Backend unavailable
_refreshAcademicCategories failed: Bad state: Backend unavailable
Realtime chat_reports subscription failed: 'package:supabase_flutter/src/supabase.dart': Failed assertion: line 45 pos 7: '_instance._isInitialized': You must initialize the supabase instance before calling Supabase.instance
_refreshAcademicCategories failed: Bad state: Backend unavailable
loadVerifiedStreamersFromBackend failed: Bad state: Backend unavailable
Realtime public streamer subscription failed: 'package:supabase_flutter/src/supabase.dart': Failed assertion: line 45 pos 7: '_instance._isInitialized': You must initialize the supabase instance before calling Supabase.instance
Realtime academic_categories subscription failed: 'package:supabase_flutter/src/supabase.dart': Failed assertion: line 45 pos 7: '_instance._isInitialized': You must initialize the supabase instance before calling Supabase.instance
Supabase auth listener not attached (Supabase not initialized?): 'package:supabase_flutter/src/supabase.dart': Failed assertion: line 45 pos 7: '_instance._isInitialized': You must initialize the supabase instance before calling Supabase.instance
loadVerifiedStreamersFromBackend failed: Bad state: Backend unavailable
_refreshAcademicCategories failed: Bad state: Backend unavailable
Realtime chat_reports subscription failed: 'package:supabase_flutter/src/supabase.dart': Failed assertion: line 45 pos 7: '_instance._isInitialized': You must initialize the supabase instance before calling Supabase.instance
_refreshAcademicCategories failed: Bad state: Backend unavailable
loadVerifiedStreamersFromBackend failed: Bad state: Backend unavailable
Realtime public streamer subscription failed: 'package:supabase_flutter/src/supabase.dart': Failed assertion: line 45 pos 7: '_instance._isInitialized': You must initialize the supabase instance before calling Supabase.instance
Realtime academic_categories subscription failed: 'package:supabase_flutter/src/supabase.dart': Failed assertion: line 45 pos 7: '_instance._isInitialized': You must initialize the supabase instance before calling Supabase.instance
Supabase auth listener not attached (Supabase not initialized?): 'package:supabase_flutter/src/supabase.dart': Failed assertion: line 45 pos 7: '_instance._isInitialized': You must initialize the supabase instance before calling Supabase.instance
loadVerifiedStreamersFromBackend failed: Bad state: Backend unavailable
_refreshAcademicCategories failed: Bad state: Backend unavailable
Realtime chat_reports subscription failed: 'package:supabase_flutter/src/supabase.dart': Failed assertion: line 45 pos 7: '_instance._isInitialized': You must initialize the supabase instance before calling Supabase.instance
_refreshAcademicCategories failed: Bad state: Backend unavailable
loadVerifiedStreamersFromBackend failed: Bad state: Backend unavailable
Realtime public streamer subscription failed: 'package:supabase_flutter/src/supabase.dart': Failed assertion: line 45 pos 7: '_instance._isInitialized': You must initialize the supabase instance before calling Supabase.instance
Realtime academic_categories subscription failed: 'package:supabase_flutter/src/supabase.dart': Failed assertion: line 45 pos 7: '_instance._isInitialized': You must initialize the supabase instance before calling Supabase.instance
Supabase auth listener not attached (Supabase not initialized?): 'package:supabase_flutter/src/supabase.dart': Failed assertion: line 45 pos 7: '_instance._isInitialized': You must initialize the supabase instance before calling Supabase.instance
loadVerifiedStreamersFromBackend failed: Bad state: Backend unavailable
_refreshAcademicCategories failed: Bad state: Backend unavailable
Realtime chat_reports subscription failed: 'package:supabase_flutter/src/supabase.dart': Failed assertion: line 45 pos 7: '_instance._isInitialized': You must initialize the supabase instance before calling Supabase.instance
_refreshAcademicCategories failed: Bad state: Backend unavailable
loadVerifiedStreamersFromBackend failed: Bad state: Backend unavailable
Realtime public streamer subscription failed: 'package:supabase_flutter/src/supabase.dart': Failed assertion: line 45 pos 7: '_instance._isInitialized': You must initialize the supabase instance before calling Supabase.instance
Realtime academic_categories subscription failed: 'package:supabase_flutter/src/supabase.dart': Failed assertion: line 45 pos 7: '_instance._isInitialized': You must initialize the supabase instance before calling Supabase.instance
Supabase auth listener not attached (Supabase not initialized?): 'package:supabase_flutter/src/supabase.dart': Failed assertion: line 45 pos 7: '_instance._isInitialized': You must initialize the supabase instance before calling Supabase.instance
loadVerifiedStreamersFromBackend failed: Bad state: Backend unavailable
_refreshAcademicCategories failed: Bad state: Backend unavailable
Realtime chat_reports subscription failed: 'package:supabase_flutter/src/supabase.dart': Failed assertion: line 45 pos 7: '_instance._isInitialized': You must initialize the supabase instance before calling Supabase.instance
_refreshAcademicCategories failed: Bad state: Backend unavailable
loadVerifiedStreamersFromBackend failed: Bad state: Backend unavailable
Realtime public streamer subscription failed: 'package:supabase_flutter/src/supabase.dart': Failed assertion: line 45 pos 7: '_instance._isInitialized': You must initialize the supabase instance before calling Supabase.instance
Realtime academic_categories subscription failed: 'package:supabase_flutter/src/supabase.dart': Failed assertion: line 45 pos 7: '_instance._isInitialized': You must initialize the supabase instance before calling Supabase.instance
Supabase auth listener not attached (Supabase not initialized?): 'package:supabase_flutter/src/supabase.dart': Failed assertion: line 45 pos 7: '_instance._isInitialized': You must initialize the supabase instance before calling Supabase.instance
loadVerifiedStreamersFromBackend failed: Bad state: Backend unavailable
_refreshAcademicCategories failed: Bad state: Backend unavailable
Realtime chat_reports subscription failed: 'package:supabase_flutter/src/supabase.dart': Failed assertion: line 45 pos 7: '_instance._isInitialized': You must initialize the supabase instance before calling Supabase.instance
_refreshAcademicCategories failed: Bad state: Backend unavailable
loadVerifiedStreamersFromBackend failed: Bad state: Backend unavailable
Realtime public streamer subscription failed: 'package:supabase_flutter/src/supabase.dart': Failed assertion: line 45 pos 7: '_instance._isInitialized': You must initialize the supabase instance before calling Supabase.instance
Realtime academic_categories subscription failed: 'package:supabase_flutter/src/supabase.dart': Failed assertion: line 45 pos 7: '_instance._isInitialized': You must initialize the supabase instance before calling Supabase.instance
Supabase auth listener not attached (Supabase not initialized?): 'package:supabase_flutter/src/supabase.dart': Failed assertion: line 45 pos 7: '_instance._isInitialized': You must initialize the supabase instance before calling Supabase.instance
loadVerifiedStreamersFromBackend failed: Bad state: Backend unavailable
_refreshAcademicCategories failed: Bad state: Backend unavailable
Realtime chat_reports subscription failed: 'package:supabase_flutter/src/supabase.dart': Failed assertion: line 45 pos 7: '_instance._isInitialized': You must initialize the supabase instance before calling Supabase.instance
_refreshAcademicCategories failed: Bad state: Backend unavailable
loadVerifiedStreamersFromBackend failed: Bad state: Backend unavailable
Realtime public streamer subscription failed: 'package:supabase_flutter/src/supabase.dart': Failed assertion: line 45 pos 7: '_instance._isInitialized': You must initialize the supabase instance before calling Supabase.instance
Realtime academic_categories subscription failed: 'package:supabase_flutter/src/supabase.dart': Failed assertion: line 45 pos 7: '_instance._isInitialized': You must initialize the supabase instance before calling Supabase.instance
Supabase auth listener not attached (Supabase not initialized?): 'package:supabase_flutter/src/supabase.dart': Failed assertion: line 45 pos 7: '_instance._isInitialized': You must initialize the supabase instance before calling Supabase.instance
loadVerifiedStreamersFromBackend failed: Bad state: Backend unavailable
_refreshAcademicCategories failed: Bad state: Backend unavailable
Realtime chat_reports subscription failed: 'package:supabase_flutter/src/supabase.dart': Failed assertion: line 45 pos 7: '_instance._isInitialized': You must initialize the supabase instance before calling Supabase.instance
_refreshAcademicCategories failed: Bad state: Backend unavailable
loadVerifiedStreamersFromBackend failed: Bad state: Backend unavailable
Realtime public streamer subscription failed: 'package:supabase_flutter/src/supabase.dart': Failed assertion: line 45 pos 7: '_instance._isInitialized': You must initialize the supabase instance before calling Supabase.instance
Realtime academic_categories subscription failed: 'package:supabase_flutter/src/supabase.dart': Failed assertion: line 45 pos 7: '_instance._isInitialized': You must initialize the supabase instance before calling Supabase.instance
Supabase auth listener not attached (Supabase not initialized?): 'package:supabase_flutter/src/supabase.dart': Failed assertion: line 45 pos 7: '_instance._isInitialized': You must initialize the supabase instance before calling Supabase.instance
loadVerifiedStreamersFromBackend failed: Bad state: Backend unavailable
_refreshAcademicCategories failed: Bad state: Backend unavailable
Realtime chat_reports subscription failed: 'package:supabase_flutter/src/supabase.dart': Failed assertion: line 45 pos 7: '_instance._isInitialized': You must initialize the supabase instance before calling Supabase.instance
_refreshAcademicCategories failed: Bad state: Backend unavailable
loadVerifiedStreamersFromBackend failed: Bad state: Backend unavailable
Realtime public streamer subscription failed: 'package:supabase_flutter/src/supabase.dart': Failed assertion: line 45 pos 7: '_instance._isInitialized': You must initialize the supabase instance before calling Supabase.instance
Realtime academic_categories subscription failed: 'package:supabase_flutter/src/supabase.dart': Failed assertion: line 45 pos 7: '_instance._isInitialized': You must initialize the supabase instance before calling Supabase.instance
Supabase auth listener not attached (Supabase not initialized?): 'package:supabase_flutter/src/supabase.dart': Failed assertion: line 45 pos 7: '_instance._isInitialized': You must initialize the supabase instance before calling Supabase.instance
loadVerifiedStreamersFromBackend failed: Bad state: Backend unavailable
_refreshAcademicCategories failed: Bad state: Backend unavailable
Realtime chat_reports subscription failed: 'package:supabase_flutter/src/supabase.dart': Failed assertion: line 45 pos 7: '_instance._isInitialized': You must initialize the supabase instance before calling Supabase.instance
_refreshAcademicCategories failed: Bad state: Backend unavailable
loadVerifiedStreamersFromBackend failed: Bad state: Backend unavailable
Realtime public streamer subscription failed: 'package:supabase_flutter/src/supabase.dart': Failed assertion: line 45 pos 7: '_instance._isInitialized': You must initialize the supabase instance before calling Supabase.instance
Realtime academic_categories subscription failed: 'package:supabase_flutter/src/supabase.dart': Failed assertion: line 45 pos 7: '_instance._isInitialized': You must initialize the supabase instance before calling Supabase.instance
Supabase auth listener not attached (Supabase not initialized?): 'package:supabase_flutter/src/supabase.dart': Failed assertion: line 45 pos 7: '_instance._isInitialized': You must initialize the supabase instance before calling Supabase.instance
loadVerifiedStreamersFromBackend failed: Bad state: Backend unavailable
_refreshAcademicCategories failed: Bad state: Backend unavailable
Realtime chat_reports subscription failed: 'package:supabase_flutter/src/supabase.dart': Failed assertion: line 45 pos 7: '_instance._isInitialized': You must initialize the supabase instance before calling Supabase.instance
_refreshAcademicCategories failed: Bad state: Backend unavailable
loadVerifiedStreamersFromBackend failed: Bad state: Backend unavailable
Realtime public streamer subscription failed: 'package:supabase_flutter/src/supabase.dart': Failed assertion: line 45 pos 7: '_instance._isInitialized': You must initialize the supabase instance before calling Supabase.instance
Realtime academic_categories subscription failed: 'package:supabase_flutter/src/supabase.dart': Failed assertion: line 45 pos 7: '_instance._isInitialized': You must initialize the supabase instance before calling Supabase.instance
Supabase auth listener not attached (Supabase not initialized?): 'package:supabase_flutter/src/supabase.dart': Failed assertion: line 45 pos 7: '_instance._isInitialized': You must initialize the supabase instance before calling Supabase.instance
loadVerifiedStreamersFromBackend failed: Bad state: Backend unavailable
_refreshAcademicCategories failed: Bad state: Backend unavailable
Realtime chat_reports subscription failed: 'package:supabase_flutter/src/supabase.dart': Failed assertion: line 45 pos 7: '_instance._isInitialized': You must initialize the supabase instance before calling Supabase.instance
_refreshAcademicCategories failed: Bad state: Backend unavailable
loadVerifiedStreamersFromBackend failed: Bad state: Backend unavailable
Realtime public streamer subscription failed: 'package:supabase_flutter/src/supabase.dart': Failed assertion: line 45 pos 7: '_instance._isInitialized': You must initialize the supabase instance before calling Supabase.instance
Realtime academic_categories subscription failed: 'package:supabase_flutter/src/supabase.dart': Failed assertion: line 45 pos 7: '_instance._isInitialized': You must initialize the supabase instance before calling Supabase.instance
Supabase auth listener not attached (Supabase not initialized?): 'package:supabase_flutter/src/supabase.dart': Failed assertion: line 45 pos 7: '_instance._isInitialized': You must initialize the supabase instance before calling Supabase.instance
loadVerifiedStreamersFromBackend failed: Bad state: Backend unavailable
_refreshAcademicCategories failed: Bad state: Backend unavailable
Realtime chat_reports subscription failed: 'package:supabase_flutter/src/supabase.dart': Failed assertion: line 45 pos 7: '_instance._isInitialized': You must initialize the supabase instance before calling Supabase.instance
_refreshAcademicCategories failed: Bad state: Backend unavailable
loadVerifiedStreamersFromBackend failed: Bad state: Backend unavailable
Realtime public streamer subscription failed: 'package:supabase_flutter/src/supabase.dart': Failed assertion: line 45 pos 7: '_instance._isInitialized': You must initialize the supabase instance before calling Supabase.instance
Realtime academic_categories subscription failed: 'package:supabase_flutter/src/supabase.dart': Failed assertion: line 45 pos 7: '_instance._isInitialized': You must initialize the supabase instance before calling Supabase.instance
Supabase auth listener not attached (Supabase not initialized?): 'package:supabase_flutter/src/supabase.dart': Failed assertion: line 45 pos 7: '_instance._isInitialized': You must initialize the supabase instance before calling Supabase.instance
loadVerifiedStreamersFromBackend failed: Bad state: Backend unavailable
_refreshAcademicCategories failed: Bad state: Backend unavailable
Realtime chat_reports subscription failed: 'package:supabase_flutter/src/supabase.dart': Failed assertion: line 45 pos 7: '_instance._isInitialized': You must initialize the supabase instance before calling Supabase.instance
_refreshAcademicCategories failed: Bad state: Backend unavailable
loadVerifiedStreamersFromBackend failed: Bad state: Backend unavailable
Realtime public streamer subscription failed: 'package:supabase_flutter/src/supabase.dart': Failed assertion: line 45 pos 7: '_instance._isInitialized': You must initialize the supabase instance before calling Supabase.instance
Realtime academic_categories subscription failed: 'package:supabase_flutter/src/supabase.dart': Failed assertion: line 45 pos 7: '_instance._isInitialized': You must initialize the supabase instance before calling Supabase.instance
Supabase auth listener not attached (Supabase not initialized?): 'package:supabase_flutter/src/supabase.dart': Failed assertion: line 45 pos 7: '_instance._isInitialized': You must initialize the supabase instance before calling Supabase.instance
loadVerifiedStreamersFromBackend failed: Bad state: Backend unavailable
_refreshAcademicCategories failed: Bad state: Backend unavailable
Realtime chat_reports subscription failed: 'package:supabase_flutter/src/supabase.dart': Failed assertion: line 45 pos 7: '_instance._isInitialized': You must initialize the supabase instance before calling Supabase.instance
_refreshAcademicCategories failed: Bad state: Backend unavailable
loadVerifiedStreamersFromBackend failed: Bad state: Backend unavailable
Realtime public streamer subscription failed: 'package:supabase_flutter/src/supabase.dart': Failed assertion: line 45 pos 7: '_instance._isInitialized': You must initialize the supabase instance before calling Supabase.instance
Realtime academic_categories subscription failed: 'package:supabase_flutter/src/supabase.dart': Failed assertion: line 45 pos 7: '_instance._isInitialized': You must initialize the supabase instance before calling Supabase.instance
Supabase auth listener not attached (Supabase not initialized?): 'package:supabase_flutter/src/supabase.dart': Failed assertion: line 45 pos 7: '_instance._isInitialized': You must initialize the supabase instance before calling Supabase.instance
loadVerifiedStreamersFromBackend failed: Bad state: Backend unavailable
_refreshAcademicCategories failed: Bad state: Backend unavailable
Realtime chat_reports subscription failed: 'package:supabase_flutter/src/supabase.dart': Failed assertion: line 45 pos 7: '_instance._isInitialized': You must initialize the supabase instance before calling Supabase.instance
_refreshAcademicCategories failed: Bad state: Backend unavailable
loadVerifiedStreamersFromBackend failed: Bad state: Backend unavailable
Realtime public streamer subscription failed: 'package:supabase_flutter/src/supabase.dart': Failed assertion: line 45 pos 7: '_instance._isInitialized': You must initialize the supabase instance before calling Supabase.instance
Realtime academic_categories subscription failed: 'package:supabase_flutter/src/supabase.dart': Failed assertion: line 45 pos 7: '_instance._isInitialized': You must initialize the supabase instance before calling Supabase.instance
Supabase auth listener not attached (Supabase not initialized?): 'package:supabase_flutter/src/supabase.dart': Failed assertion: line 45 pos 7: '_instance._isInitialized': You must initialize the supabase instance before calling Supabase.instance
loadVerifiedStreamersFromBackend failed: Bad state: Backend unavailable
_refreshAcademicCategories failed: Bad state: Backend unavailable
Realtime chat_reports subscription failed: 'package:supabase_flutter/src/supabase.dart': Failed assertion: line 45 pos 7: '_instance._isInitialized': You must initialize the supabase instance before calling Supabase.instance
_refreshAcademicCategories failed: Bad state: Backend unavailable
loadVerifiedStreamersFromBackend failed: Bad state: Backend unavailable
Realtime public streamer subscription failed: 'package:supabase_flutter/src/supabase.dart': Failed assertion: line 45 pos 7: '_instance._isInitialized': You must initialize the supabase instance before calling Supabase.instance
Realtime academic_categories subscription failed: 'package:supabase_flutter/src/supabase.dart': Failed assertion: line 45 pos 7: '_instance._isInitialized': You must initialize the supabase instance before calling Supabase.instance
Supabase auth listener not attached (Supabase not initialized?): 'package:supabase_flutter/src/supabase.dart': Failed assertion: line 45 pos 7: '_instance._isInitialized': You must initialize the supabase instance before calling Supabase.instance
loadVerifiedStreamersFromBackend failed: Bad state: Backend unavailable
_refreshAcademicCategories failed: Bad state: Backend unavailable
Realtime chat_reports subscription failed: 'package:supabase_flutter/src/supabase.dart': Failed assertion: line 45 pos 7: '_instance._isInitialized': You must initialize the supabase instance before calling Supabase.instance
_refreshAcademicCategories failed: Bad state: Backend unavailable
loadVerifiedStreamersFromBackend failed: Bad state: Backend unavailable
Realtime public streamer subscription failed: 'package:supabase_flutter/src/supabase.dart': Failed assertion: line 45 pos 7: '_instance._isInitialized': You must initialize the supabase instance before calling Supabase.instance
Realtime academic_categories subscription failed: 'package:supabase_flutter/src/supabase.dart': Failed assertion: line 45 pos 7: '_instance._isInitialized': You must initialize the supabase instance before calling Supabase.instance
Supabase auth listener not attached (Supabase not initialized?): 'package:supabase_flutter/src/supabase.dart': Failed assertion: line 45 pos 7: '_instance._isInitialized': You must initialize the supabase instance before calling Supabase.instance
loadVerifiedStreamersFromBackend failed: Bad state: Backend unavailable
_refreshAcademicCategories failed: Bad state: Backend unavailable
Realtime chat_reports subscription failed: 'package:supabase_flutter/src/supabase.dart': Failed assertion: line 45 pos 7: '_instance._isInitialized': You must initialize the supabase instance before calling Supabase.instance
_refreshAcademicCategories failed: Bad state: Backend unavailable
loadVerifiedStreamersFromBackend failed: Bad state: Backend unavailable
Realtime public streamer subscription failed: 'package:supabase_flutter/src/supabase.dart': Failed assertion: line 45 pos 7: '_instance._isInitialized': You must initialize the supabase instance before calling Supabase.instance
Realtime academic_categories subscription failed: 'package:supabase_flutter/src/supabase.dart': Failed assertion: line 45 pos 7: '_instance._isInitialized': You must initialize the supabase instance before calling Supabase.instance
Supabase auth listener not attached (Supabase not initialized?): 'package:supabase_flutter/src/supabase.dart': Failed assertion: line 45 pos 7: '_instance._isInitialized': You must initialize the supabase instance before calling Supabase.instance
loadVerifiedStreamersFromBackend failed: Bad state: Backend unavailable
_refreshAcademicCategories failed: Bad state: Backend unavailable
Realtime chat_reports subscription failed: 'package:supabase_flutter/src/supabase.dart': Failed assertion: line 45 pos 7: '_instance._isInitialized': You must initialize the supabase instance before calling Supabase.instance
_refreshAcademicCategories failed: Bad state: Backend unavailable
loadVerifiedStreamersFromBackend failed: Bad state: Backend unavailable
Realtime public streamer subscription failed: 'package:supabase_flutter/src/supabase.dart': Failed assertion: line 45 pos 7: '_instance._isInitialized': You must initialize the supabase instance before calling Supabase.instance
Realtime academic_categories subscription failed: 'package:supabase_flutter/src/supabase.dart': Failed assertion: line 45 pos 7: '_instance._isInitialized': You must initialize the supabase instance before calling Supabase.instance
Supabase auth listener not attached (Supabase not initialized?): 'package:supabase_flutter/src/supabase.dart': Failed assertion: line 45 pos 7: '_instance._isInitialized': You must initialize the supabase instance before calling Supabase.instance
loadVerifiedStreamersFromBackend failed: Bad state: Backend unavailable
_refreshAcademicCategories failed: Bad state: Backend unavailable
Realtime chat_reports subscription failed: 'package:supabase_flutter/src/supabase.dart': Failed assertion: line 45 pos 7: '_instance._isInitialized': You must initialize the supabase instance before calling Supabase.instance
_refreshAcademicCategories failed: Bad state: Backend unavailable
loadVerifiedStreamersFromBackend failed: Bad state: Backend unavailable
00:32 +31: C:/Users/User/.codex/worktrees/hadayah-wave4v2-integration/Streamer_app/project/test/layout_sweep_test.dart: admin tab 9 ar at all sizes and text scales
Realtime public streamer subscription failed: 'package:supabase_flutter/src/supabase.dart': Failed assertion: line 45 pos 7: '_instance._isInitialized': You must initialize the supabase instance before calling Supabase.instance
Realtime academic_categories subscription failed: 'package:supabase_flutter/src/supabase.dart': Failed assertion: line 45 pos 7: '_instance._isInitialized': You must initialize the supabase instance before calling Supabase.instance
Supabase auth listener not attached (Supabase not initialized?): 'package:supabase_flutter/src/supabase.dart': Failed assertion: line 45 pos 7: '_instance._isInitialized': You must initialize the supabase instance before calling Supabase.instance
loadVerifiedStreamersFromBackend failed: Bad state: Backend unavailable
_refreshAcademicCategories failed: Bad state: Backend unavailable
Realtime chat_reports subscription failed: 'package:supabase_flutter/src/supabase.dart': Failed assertion: line 45 pos 7: '_instance._isInitialized': You must initialize the supabase instance before calling Supabase.instance
_refreshAcademicCategories failed: Bad state: Backend unavailable
loadVerifiedStreamersFromBackend failed: Bad state: Backend unavailable
Realtime public streamer subscription failed: 'package:supabase_flutter/src/supabase.dart': Failed assertion: line 45 pos 7: '_instance._isInitialized': You must initialize the supabase instance before calling Supabase.instance
Realtime academic_categories subscription failed: 'package:supabase_flutter/src/supabase.dart': Failed assertion: line 45 pos 7: '_instance._isInitialized': You must initialize the supabase instance before calling Supabase.instance
Supabase auth listener not attached (Supabase not initialized?): 'package:supabase_flutter/src/supabase.dart': Failed assertion: line 45 pos 7: '_instance._isInitialized': You must initialize the supabase instance before calling Supabase.instance
loadVerifiedStreamersFromBackend failed: Bad state: Backend unavailable
_refreshAcademicCategories failed: Bad state: Backend unavailable
Realtime chat_reports subscription failed: 'package:supabase_flutter/src/supabase.dart': Failed assertion: line 45 pos 7: '_instance._isInitialized': You must initialize the supabase instance before calling Supabase.instance
_refreshAcademicCategories failed: Bad state: Backend unavailable
loadVerifiedStreamersFromBackend failed: Bad state: Backend unavailable
Realtime public streamer subscription failed: 'package:supabase_flutter/src/supabase.dart': Failed assertion: line 45 pos 7: '_instance._isInitialized': You must initialize the supabase instance before calling Supabase.instance
Realtime academic_categories subscription failed: 'package:supabase_flutter/src/supabase.dart': Failed assertion: line 45 pos 7: '_instance._isInitialized': You must initialize the supabase instance before calling Supabase.instance
Supabase auth listener not attached (Supabase not initialized?): 'package:supabase_flutter/src/supabase.dart': Failed assertion: line 45 pos 7: '_instance._isInitialized': You must initialize the supabase instance before calling Supabase.instance
loadVerifiedStreamersFromBackend failed: Bad state: Backend unavailable
_refreshAcademicCategories failed: Bad state: Backend unavailable
Realtime chat_reports subscription failed: 'package:supabase_flutter/src/supabase.dart': Failed assertion: line 45 pos 7: '_instance._isInitialized': You must initialize the supabase instance before calling Supabase.instance
_refreshAcademicCategories failed: Bad state: Backend unavailable
loadVerifiedStreamersFromBackend failed: Bad state: Backend unavailable
Realtime public streamer subscription failed: 'package:supabase_flutter/src/supabase.dart': Failed assertion: line 45 pos 7: '_instance._isInitialized': You must initialize the supabase instance before calling Supabase.instance
Realtime academic_categories subscription failed: 'package:supabase_flutter/src/supabase.dart': Failed assertion: line 45 pos 7: '_instance._isInitialized': You must initialize the supabase instance before calling Supabase.instance
Supabase auth listener not attached (Supabase not initialized?): 'package:supabase_flutter/src/supabase.dart': Failed assertion: line 45 pos 7: '_instance._isInitialized': You must initialize the supabase instance before calling Supabase.instance
loadVerifiedStreamersFromBackend failed: Bad state: Backend unavailable
_refreshAcademicCategories failed: Bad state: Backend unavailable
Realtime chat_reports subscription failed: 'package:supabase_flutter/src/supabase.dart': Failed assertion: line 45 pos 7: '_instance._isInitialized': You must initialize the supabase instance before calling Supabase.instance
_refreshAcademicCategories failed: Bad state: Backend unavailable
loadVerifiedStreamersFromBackend failed: Bad state: Backend unavailable
Realtime public streamer subscription failed: 'package:supabase_flutter/src/supabase.dart': Failed assertion: line 45 pos 7: '_instance._isInitialized': You must initialize the supabase instance before calling Supabase.instance
Realtime academic_categories subscription failed: 'package:supabase_flutter/src/supabase.dart': Failed assertion: line 45 pos 7: '_instance._isInitialized': You must initialize the supabase instance before calling Supabase.instance
Supabase auth listener not attached (Supabase not initialized?): 'package:supabase_flutter/src/supabase.dart': Failed assertion: line 45 pos 7: '_instance._isInitialized': You must initialize the supabase instance before calling Supabase.instance
loadVerifiedStreamersFromBackend failed: Bad state: Backend unavailable
_refreshAcademicCategories failed: Bad state: Backend unavailable
Realtime chat_reports subscription failed: 'package:supabase_flutter/src/supabase.dart': Failed assertion: line 45 pos 7: '_instance._isInitialized': You must initialize the supabase instance before calling Supabase.instance
_refreshAcademicCategories failed: Bad state: Backend unavailable
loadVerifiedStreamersFromBackend failed: Bad state: Backend unavailable
Realtime public streamer subscription failed: 'package:supabase_flutter/src/supabase.dart': Failed assertion: line 45 pos 7: '_instance._isInitialized': You must initialize the supabase instance before calling Supabase.instance
Realtime academic_categories subscription failed: 'package:supabase_flutter/src/supabase.dart': Failed assertion: line 45 pos 7: '_instance._isInitialized': You must initialize the supabase instance before calling Supabase.instance
Supabase auth listener not attached (Supabase not initialized?): 'package:supabase_flutter/src/supabase.dart': Failed assertion: line 45 pos 7: '_instance._isInitialized': You must initialize the supabase instance before calling Supabase.instance
loadVerifiedStreamersFromBackend failed: Bad state: Backend unavailable
_refreshAcademicCategories failed: Bad state: Backend unavailable
Realtime chat_reports subscription failed: 'package:supabase_flutter/src/supabase.dart': Failed assertion: line 45 pos 7: '_instance._isInitialized': You must initialize the supabase instance before calling Supabase.instance
_refreshAcademicCategories failed: Bad state: Backend unavailable
loadVerifiedStreamersFromBackend failed: Bad state: Backend unavailable
Realtime public streamer subscription failed: 'package:supabase_flutter/src/supabase.dart': Failed assertion: line 45 pos 7: '_instance._isInitialized': You must initialize the supabase instance before calling Supabase.instance
Realtime academic_categories subscription failed: 'package:supabase_flutter/src/supabase.dart': Failed assertion: line 45 pos 7: '_instance._isInitialized': You must initialize the supabase instance before calling Supabase.instance
Supabase auth listener not attached (Supabase not initialized?): 'package:supabase_flutter/src/supabase.dart': Failed assertion: line 45 pos 7: '_instance._isInitialized': You must initialize the supabase instance before calling Supabase.instance
loadVerifiedStreamersFromBackend failed: Bad state: Backend unavailable
_refreshAcademicCategories failed: Bad state: Backend unavailable
Realtime chat_reports subscription failed: 'package:supabase_flutter/src/supabase.dart': Failed assertion: line 45 pos 7: '_instance._isInitialized': You must initialize the supabase instance before calling Supabase.instance
_refreshAcademicCategories failed: Bad state: Backend unavailable
loadVerifiedStreamersFromBackend failed: Bad state: Backend unavailable
Realtime public streamer subscription failed: 'package:supabase_flutter/src/supabase.dart': Failed assertion: line 45 pos 7: '_instance._isInitialized': You must initialize the supabase instance before calling Supabase.instance
Realtime academic_categories subscription failed: 'package:supabase_flutter/src/supabase.dart': Failed assertion: line 45 pos 7: '_instance._isInitialized': You must initialize the supabase instance before calling Supabase.instance
Supabase auth listener not attached (Supabase not initialized?): 'package:supabase_flutter/src/supabase.dart': Failed assertion: line 45 pos 7: '_instance._isInitialized': You must initialize the supabase instance before calling Supabase.instance
loadVerifiedStreamersFromBackend failed: Bad state: Backend unavailable
_refreshAcademicCategories failed: Bad state: Backend unavailable
Realtime chat_reports subscription failed: 'package:supabase_flutter/src/supabase.dart': Failed assertion: line 45 pos 7: '_instance._isInitialized': You must initialize the supabase instance before calling Supabase.instance
_refreshAcademicCategories failed: Bad state: Backend unavailable
loadVerifiedStreamersFromBackend failed: Bad state: Backend unavailable
Realtime public streamer subscription failed: 'package:supabase_flutter/src/supabase.dart': Failed assertion: line 45 pos 7: '_instance._isInitialized': You must initialize the supabase instance before calling Supabase.instance
Realtime academic_categories subscription failed: 'package:supabase_flutter/src/supabase.dart': Failed assertion: line 45 pos 7: '_instance._isInitialized': You must initialize the supabase instance before calling Supabase.instance
Supabase auth listener not attached (Supabase not initialized?): 'package:supabase_flutter/src/supabase.dart': Failed assertion: line 45 pos 7: '_instance._isInitialized': You must initialize the supabase instance before calling Supabase.instance
loadVerifiedStreamersFromBackend failed: Bad state: Backend unavailable
_refreshAcademicCategories failed: Bad state: Backend unavailable
Realtime chat_reports subscription failed: 'package:supabase_flutter/src/supabase.dart': Failed assertion: line 45 pos 7: '_instance._isInitialized': You must initialize the supabase instance before calling Supabase.instance
_refreshAcademicCategories failed: Bad state: Backend unavailable
loadVerifiedStreamersFromBackend failed: Bad state: Backend unavailable
Realtime public streamer subscription failed: 'package:supabase_flutter/src/supabase.dart': Failed assertion: line 45 pos 7: '_instance._isInitialized': You must initialize the supabase instance before calling Supabase.instance
Realtime academic_categories subscription failed: 'package:supabase_flutter/src/supabase.dart': Failed assertion: line 45 pos 7: '_instance._isInitialized': You must initialize the supabase instance before calling Supabase.instance
Supabase auth listener not attached (Supabase not initialized?): 'package:supabase_flutter/src/supabase.dart': Failed assertion: line 45 pos 7: '_instance._isInitialized': You must initialize the supabase instance before calling Supabase.instance
loadVerifiedStreamersFromBackend failed: Bad state: Backend unavailable
_refreshAcademicCategories failed: Bad state: Backend unavailable
Realtime chat_reports subscription failed: 'package:supabase_flutter/src/supabase.dart': Failed assertion: line 45 pos 7: '_instance._isInitialized': You must initialize the supabase instance before calling Supabase.instance
_refreshAcademicCategories failed: Bad state: Backend unavailable
loadVerifiedStreamersFromBackend failed: Bad state: Backend unavailable
Realtime public streamer subscription failed: 'package:supabase_flutter/src/supabase.dart': Failed assertion: line 45 pos 7: '_instance._isInitialized': You must initialize the supabase instance before calling Supabase.instance
Realtime academic_categories subscription failed: 'package:supabase_flutter/src/supabase.dart': Failed assertion: line 45 pos 7: '_instance._isInitialized': You must initialize the supabase instance before calling Supabase.instance
Supabase auth listener not attached (Supabase not initialized?): 'package:supabase_flutter/src/supabase.dart': Failed assertion: line 45 pos 7: '_instance._isInitialized': You must initialize the supabase instance before calling Supabase.instance
loadVerifiedStreamersFromBackend failed: Bad state: Backend unavailable
_refreshAcademicCategories failed: Bad state: Backend unavailable
Realtime chat_reports subscription failed: 'package:supabase_flutter/src/supabase.dart': Failed assertion: line 45 pos 7: '_instance._isInitialized': You must initialize the supabase instance before calling Supabase.instance
_refreshAcademicCategories failed: Bad state: Backend unavailable
loadVerifiedStreamersFromBackend failed: Bad state: Backend unavailable
Realtime public streamer subscription failed: 'package:supabase_flutter/src/supabase.dart': Failed assertion: line 45 pos 7: '_instance._isInitialized': You must initialize the supabase instance before calling Supabase.instance
Realtime academic_categories subscription failed: 'package:supabase_flutter/src/supabase.dart': Failed assertion: line 45 pos 7: '_instance._isInitialized': You must initialize the supabase instance before calling Supabase.instance
Supabase auth listener not attached (Supabase not initialized?): 'package:supabase_flutter/src/supabase.dart': Failed assertion: line 45 pos 7: '_instance._isInitialized': You must initialize the supabase instance before calling Supabase.instance
loadVerifiedStreamersFromBackend failed: Bad state: Backend unavailable
_refreshAcademicCategories failed: Bad state: Backend unavailable
Realtime chat_reports subscription failed: 'package:supabase_flutter/src/supabase.dart': Failed assertion: line 45 pos 7: '_instance._isInitialized': You must initialize the supabase instance before calling Supabase.instance
_refreshAcademicCategories failed: Bad state: Backend unavailable
loadVerifiedStreamersFromBackend failed: Bad state: Backend unavailable
Realtime public streamer subscription failed: 'package:supabase_flutter/src/supabase.dart': Failed assertion: line 45 pos 7: '_instance._isInitialized': You must initialize the supabase instance before calling Supabase.instance
Realtime academic_categories subscription failed: 'package:supabase_flutter/src/supabase.dart': Failed assertion: line 45 pos 7: '_instance._isInitialized': You must initialize the supabase instance before calling Supabase.instance
Supabase auth listener not attached (Supabase not initialized?): 'package:supabase_flutter/src/supabase.dart': Failed assertion: line 45 pos 7: '_instance._isInitialized': You must initialize the supabase instance before calling Supabase.instance
loadVerifiedStreamersFromBackend failed: Bad state: Backend unavailable
_refreshAcademicCategories failed: Bad state: Backend unavailable
Realtime chat_reports subscription failed: 'package:supabase_flutter/src/supabase.dart': Failed assertion: line 45 pos 7: '_instance._isInitialized': You must initialize the supabase instance before calling Supabase.instance
_refreshAcademicCategories failed: Bad state: Backend unavailable
loadVerifiedStreamersFromBackend failed: Bad state: Backend unavailable
Realtime public streamer subscription failed: 'package:supabase_flutter/src/supabase.dart': Failed assertion: line 45 pos 7: '_instance._isInitialized': You must initialize the supabase instance before calling Supabase.instance
Realtime academic_categories subscription failed: 'package:supabase_flutter/src/supabase.dart': Failed assertion: line 45 pos 7: '_instance._isInitialized': You must initialize the supabase instance before calling Supabase.instance
Supabase auth listener not attached (Supabase not initialized?): 'package:supabase_flutter/src/supabase.dart': Failed assertion: line 45 pos 7: '_instance._isInitialized': You must initialize the supabase instance before calling Supabase.instance
loadVerifiedStreamersFromBackend failed: Bad state: Backend unavailable
_refreshAcademicCategories failed: Bad state: Backend unavailable
Realtime chat_reports subscription failed: 'package:supabase_flutter/src/supabase.dart': Failed assertion: line 45 pos 7: '_instance._isInitialized': You must initialize the supabase instance before calling Supabase.instance
_refreshAcademicCategories failed: Bad state: Backend unavailable
loadVerifiedStreamersFromBackend failed: Bad state: Backend unavailable
Realtime public streamer subscription failed: 'package:supabase_flutter/src/supabase.dart': Failed assertion: line 45 pos 7: '_instance._isInitialized': You must initialize the supabase instance before calling Supabase.instance
Realtime academic_categories subscription failed: 'package:supabase_flutter/src/supabase.dart': Failed assertion: line 45 pos 7: '_instance._isInitialized': You must initialize the supabase instance before calling Supabase.instance
Supabase auth listener not attached (Supabase not initialized?): 'package:supabase_flutter/src/supabase.dart': Failed assertion: line 45 pos 7: '_instance._isInitialized': You must initialize the supabase instance before calling Supabase.instance
loadVerifiedStreamersFromBackend failed: Bad state: Backend unavailable
_refreshAcademicCategories failed: Bad state: Backend unavailable
Realtime chat_reports subscription failed: 'package:supabase_flutter/src/supabase.dart': Failed assertion: line 45 pos 7: '_instance._isInitialized': You must initialize the supabase instance before calling Supabase.instance
_refreshAcademicCategories failed: Bad state: Backend unavailable
loadVerifiedStreamersFromBackend failed: Bad state: Backend unavailable
Realtime public streamer subscription failed: 'package:supabase_flutter/src/supabase.dart': Failed assertion: line 45 pos 7: '_instance._isInitialized': You must initialize the supabase instance before calling Supabase.instance
Realtime academic_categories subscription failed: 'package:supabase_flutter/src/supabase.dart': Failed assertion: line 45 pos 7: '_instance._isInitialized': You must initialize the supabase instance before calling Supabase.instance
Supabase auth listener not attached (Supabase not initialized?): 'package:supabase_flutter/src/supabase.dart': Failed assertion: line 45 pos 7: '_instance._isInitialized': You must initialize the supabase instance before calling Supabase.instance
loadVerifiedStreamersFromBackend failed: Bad state: Backend unavailable
_refreshAcademicCategories failed: Bad state: Backend unavailable
Realtime chat_reports subscription failed: 'package:supabase_flutter/src/supabase.dart': Failed assertion: line 45 pos 7: '_instance._isInitialized': You must initialize the supabase instance before calling Supabase.instance
_refreshAcademicCategories failed: Bad state: Backend unavailable
loadVerifiedStreamersFromBackend failed: Bad state: Backend unavailable
Realtime public streamer subscription failed: 'package:supabase_flutter/src/supabase.dart': Failed assertion: line 45 pos 7: '_instance._isInitialized': You must initialize the supabase instance before calling Supabase.instance
Realtime academic_categories subscription failed: 'package:supabase_flutter/src/supabase.dart': Failed assertion: line 45 pos 7: '_instance._isInitialized': You must initialize the supabase instance before calling Supabase.instance
Supabase auth listener not attached (Supabase not initialized?): 'package:supabase_flutter/src/supabase.dart': Failed assertion: line 45 pos 7: '_instance._isInitialized': You must initialize the supabase instance before calling Supabase.instance
loadVerifiedStreamersFromBackend failed: Bad state: Backend unavailable
_refreshAcademicCategories failed: Bad state: Backend unavailable
Realtime chat_reports subscription failed: 'package:supabase_flutter/src/supabase.dart': Failed assertion: line 45 pos 7: '_instance._isInitialized': You must initialize the supabase instance before calling Supabase.instance
_refreshAcademicCategories failed: Bad state: Backend unavailable
loadVerifiedStreamersFromBackend failed: Bad state: Backend unavailable
Realtime public streamer subscription failed: 'package:supabase_flutter/src/supabase.dart': Failed assertion: line 45 pos 7: '_instance._isInitialized': You must initialize the supabase instance before calling Supabase.instance
Realtime academic_categories subscription failed: 'package:supabase_flutter/src/supabase.dart': Failed assertion: line 45 pos 7: '_instance._isInitialized': You must initialize the supabase instance before calling Supabase.instance
Supabase auth listener not attached (Supabase not initialized?): 'package:supabase_flutter/src/supabase.dart': Failed assertion: line 45 pos 7: '_instance._isInitialized': You must initialize the supabase instance before calling Supabase.instance
loadVerifiedStreamersFromBackend failed: Bad state: Backend unavailable
_refreshAcademicCategories failed: Bad state: Backend unavailable
Realtime chat_reports subscription failed: 'package:supabase_flutter/src/supabase.dart': Failed assertion: line 45 pos 7: '_instance._isInitialized': You must initialize the supabase instance before calling Supabase.instance
_refreshAcademicCategories failed: Bad state: Backend unavailable
loadVerifiedStreamersFromBackend failed: Bad state: Backend unavailable
Realtime public streamer subscription failed: 'package:supabase_flutter/src/supabase.dart': Failed assertion: line 45 pos 7: '_instance._isInitialized': You must initialize the supabase instance before calling Supabase.instance
Realtime academic_categories subscription failed: 'package:supabase_flutter/src/supabase.dart': Failed assertion: line 45 pos 7: '_instance._isInitialized': You must initialize the supabase instance before calling Supabase.instance
Supabase auth listener not attached (Supabase not initialized?): 'package:supabase_flutter/src/supabase.dart': Failed assertion: line 45 pos 7: '_instance._isInitialized': You must initialize the supabase instance before calling Supabase.instance
loadVerifiedStreamersFromBackend failed: Bad state: Backend unavailable
_refreshAcademicCategories failed: Bad state: Backend unavailable
Realtime chat_reports subscription failed: 'package:supabase_flutter/src/supabase.dart': Failed assertion: line 45 pos 7: '_instance._isInitialized': You must initialize the supabase instance before calling Supabase.instance
_refreshAcademicCategories failed: Bad state: Backend unavailable
loadVerifiedStreamersFromBackend failed: Bad state: Backend unavailable
Realtime public streamer subscription failed: 'package:supabase_flutter/src/supabase.dart': Failed assertion: line 45 pos 7: '_instance._isInitialized': You must initialize the supabase instance before calling Supabase.instance
Realtime academic_categories subscription failed: 'package:supabase_flutter/src/supabase.dart': Failed assertion: line 45 pos 7: '_instance._isInitialized': You must initialize the supabase instance before calling Supabase.instance
Supabase auth listener not attached (Supabase not initialized?): 'package:supabase_flutter/src/supabase.dart': Failed assertion: line 45 pos 7: '_instance._isInitialized': You must initialize the supabase instance before calling Supabase.instance
loadVerifiedStreamersFromBackend failed: Bad state: Backend unavailable
_refreshAcademicCategories failed: Bad state: Backend unavailable
Realtime chat_reports subscription failed: 'package:supabase_flutter/src/supabase.dart': Failed assertion: line 45 pos 7: '_instance._isInitialized': You must initialize the supabase instance before calling Supabase.instance
_refreshAcademicCategories failed: Bad state: Backend unavailable
loadVerifiedStreamersFromBackend failed: Bad state: Backend unavailable
Realtime public streamer subscription failed: 'package:supabase_flutter/src/supabase.dart': Failed assertion: line 45 pos 7: '_instance._isInitialized': You must initialize the supabase instance before calling Supabase.instance
Realtime academic_categories subscription failed: 'package:supabase_flutter/src/supabase.dart': Failed assertion: line 45 pos 7: '_instance._isInitialized': You must initialize the supabase instance before calling Supabase.instance
Supabase auth listener not attached (Supabase not initialized?): 'package:supabase_flutter/src/supabase.dart': Failed assertion: line 45 pos 7: '_instance._isInitialized': You must initialize the supabase instance before calling Supabase.instance
loadVerifiedStreamersFromBackend failed: Bad state: Backend unavailable
_refreshAcademicCategories failed: Bad state: Backend unavailable
Realtime chat_reports subscription failed: 'package:supabase_flutter/src/supabase.dart': Failed assertion: line 45 pos 7: '_instance._isInitialized': You must initialize the supabase instance before calling Supabase.instance
_refreshAcademicCategories failed: Bad state: Backend unavailable
loadVerifiedStreamersFromBackend failed: Bad state: Backend unavailable
00:33 +32: C:/Users/User/.codex/worktrees/hadayah-wave4v2-integration/Streamer_app/project/test/layout_sweep_test.dart: admin tab 10 en at all sizes and text scales
Realtime public streamer subscription failed: 'package:supabase_flutter/src/supabase.dart': Failed assertion: line 45 pos 7: '_instance._isInitialized': You must initialize the supabase instance before calling Supabase.instance
Realtime academic_categories subscription failed: 'package:supabase_flutter/src/supabase.dart': Failed assertion: line 45 pos 7: '_instance._isInitialized': You must initialize the supabase instance before calling Supabase.instance
Supabase auth listener not attached (Supabase not initialized?): 'package:supabase_flutter/src/supabase.dart': Failed assertion: line 45 pos 7: '_instance._isInitialized': You must initialize the supabase instance before calling Supabase.instance
loadVerifiedStreamersFromBackend failed: Bad state: Backend unavailable
_refreshAcademicCategories failed: Bad state: Backend unavailable
Realtime chat_reports subscription failed: 'package:supabase_flutter/src/supabase.dart': Failed assertion: line 45 pos 7: '_instance._isInitialized': You must initialize the supabase instance before calling Supabase.instance
_refreshAcademicCategories failed: Bad state: Backend unavailable
loadVerifiedStreamersFromBackend failed: Bad state: Backend unavailable
Realtime public streamer subscription failed: 'package:supabase_flutter/src/supabase.dart': Failed assertion: line 45 pos 7: '_instance._isInitialized': You must initialize the supabase instance before calling Supabase.instance
Realtime academic_categories subscription failed: 'package:supabase_flutter/src/supabase.dart': Failed assertion: line 45 pos 7: '_instance._isInitialized': You must initialize the supabase instance before calling Supabase.instance
Supabase auth listener not attached (Supabase not initialized?): 'package:supabase_flutter/src/supabase.dart': Failed assertion: line 45 pos 7: '_instance._isInitialized': You must initialize the supabase instance before calling Supabase.instance
loadVerifiedStreamersFromBackend failed: Bad state: Backend unavailable
_refreshAcademicCategories failed: Bad state: Backend unavailable
Realtime chat_reports subscription failed: 'package:supabase_flutter/src/supabase.dart': Failed assertion: line 45 pos 7: '_instance._isInitialized': You must initialize the supabase instance before calling Supabase.instance
_refreshAcademicCategories failed: Bad state: Backend unavailable
loadVerifiedStreamersFromBackend failed: Bad state: Backend unavailable
Realtime public streamer subscription failed: 'package:supabase_flutter/src/supabase.dart': Failed assertion: line 45 pos 7: '_instance._isInitialized': You must initialize the supabase instance before calling Supabase.instance
Realtime academic_categories subscription failed: 'package:supabase_flutter/src/supabase.dart': Failed assertion: line 45 pos 7: '_instance._isInitialized': You must initialize the supabase instance before calling Supabase.instance
Supabase auth listener not attached (Supabase not initialized?): 'package:supabase_flutter/src/supabase.dart': Failed assertion: line 45 pos 7: '_instance._isInitialized': You must initialize the supabase instance before calling Supabase.instance
loadVerifiedStreamersFromBackend failed: Bad state: Backend unavailable
_refreshAcademicCategories failed: Bad state: Backend unavailable
Realtime chat_reports subscription failed: 'package:supabase_flutter/src/supabase.dart': Failed assertion: line 45 pos 7: '_instance._isInitialized': You must initialize the supabase instance before calling Supabase.instance
_refreshAcademicCategories failed: Bad state: Backend unavailable
loadVerifiedStreamersFromBackend failed: Bad state: Backend unavailable
Realtime public streamer subscription failed: 'package:supabase_flutter/src/supabase.dart': Failed assertion: line 45 pos 7: '_instance._isInitialized': You must initialize the supabase instance before calling Supabase.instance
Realtime academic_categories subscription failed: 'package:supabase_flutter/src/supabase.dart': Failed assertion: line 45 pos 7: '_instance._isInitialized': You must initialize the supabase instance before calling Supabase.instance
Supabase auth listener not attached (Supabase not initialized?): 'package:supabase_flutter/src/supabase.dart': Failed assertion: line 45 pos 7: '_instance._isInitialized': You must initialize the supabase instance before calling Supabase.instance
loadVerifiedStreamersFromBackend failed: Bad state: Backend unavailable
_refreshAcademicCategories failed: Bad state: Backend unavailable
Realtime chat_reports subscription failed: 'package:supabase_flutter/src/supabase.dart': Failed assertion: line 45 pos 7: '_instance._isInitialized': You must initialize the supabase instance before calling Supabase.instance
_refreshAcademicCategories failed: Bad state: Backend unavailable
loadVerifiedStreamersFromBackend failed: Bad state: Backend unavailable
Realtime public streamer subscription failed: 'package:supabase_flutter/src/supabase.dart': Failed assertion: line 45 pos 7: '_instance._isInitialized': You must initialize the supabase instance before calling Supabase.instance
Realtime academic_categories subscription failed: 'package:supabase_flutter/src/supabase.dart': Failed assertion: line 45 pos 7: '_instance._isInitialized': You must initialize the supabase instance before calling Supabase.instance
Supabase auth listener not attached (Supabase not initialized?): 'package:supabase_flutter/src/supabase.dart': Failed assertion: line 45 pos 7: '_instance._isInitialized': You must initialize the supabase instance before calling Supabase.instance
loadVerifiedStreamersFromBackend failed: Bad state: Backend unavailable
_refreshAcademicCategories failed: Bad state: Backend unavailable
Realtime chat_reports subscription failed: 'package:supabase_flutter/src/supabase.dart': Failed assertion: line 45 pos 7: '_instance._isInitialized': You must initialize the supabase instance before calling Supabase.instance
_refreshAcademicCategories failed: Bad state: Backend unavailable
loadVerifiedStreamersFromBackend failed: Bad state: Backend unavailable
Realtime public streamer subscription failed: 'package:supabase_flutter/src/supabase.dart': Failed assertion: line 45 pos 7: '_instance._isInitialized': You must initialize the supabase instance before calling Supabase.instance
Realtime academic_categories subscription failed: 'package:supabase_flutter/src/supabase.dart': Failed assertion: line 45 pos 7: '_instance._isInitialized': You must initialize the supabase instance before calling Supabase.instance
Supabase auth listener not attached (Supabase not initialized?): 'package:supabase_flutter/src/supabase.dart': Failed assertion: line 45 pos 7: '_instance._isInitialized': You must initialize the supabase instance before calling Supabase.instance
loadVerifiedStreamersFromBackend failed: Bad state: Backend unavailable
_refreshAcademicCategories failed: Bad state: Backend unavailable
Realtime chat_reports subscription failed: 'package:supabase_flutter/src/supabase.dart': Failed assertion: line 45 pos 7: '_instance._isInitialized': You must initialize the supabase instance before calling Supabase.instance
_refreshAcademicCategories failed: Bad state: Backend unavailable
loadVerifiedStreamersFromBackend failed: Bad state: Backend unavailable
Realtime public streamer subscription failed: 'package:supabase_flutter/src/supabase.dart': Failed assertion: line 45 pos 7: '_instance._isInitialized': You must initialize the supabase instance before calling Supabase.instance
Realtime academic_categories subscription failed: 'package:supabase_flutter/src/supabase.dart': Failed assertion: line 45 pos 7: '_instance._isInitialized': You must initialize the supabase instance before calling Supabase.instance
Supabase auth listener not attached (Supabase not initialized?): 'package:supabase_flutter/src/supabase.dart': Failed assertion: line 45 pos 7: '_instance._isInitialized': You must initialize the supabase instance before calling Supabase.instance
loadVerifiedStreamersFromBackend failed: Bad state: Backend unavailable
_refreshAcademicCategories failed: Bad state: Backend unavailable
Realtime chat_reports subscription failed: 'package:supabase_flutter/src/supabase.dart': Failed assertion: line 45 pos 7: '_instance._isInitialized': You must initialize the supabase instance before calling Supabase.instance
_refreshAcademicCategories failed: Bad state: Backend unavailable
loadVerifiedStreamersFromBackend failed: Bad state: Backend unavailable
Realtime public streamer subscription failed: 'package:supabase_flutter/src/supabase.dart': Failed assertion: line 45 pos 7: '_instance._isInitialized': You must initialize the supabase instance before calling Supabase.instance
Realtime academic_categories subscription failed: 'package:supabase_flutter/src/supabase.dart': Failed assertion: line 45 pos 7: '_instance._isInitialized': You must initialize the supabase instance before calling Supabase.instance
Supabase auth listener not attached (Supabase not initialized?): 'package:supabase_flutter/src/supabase.dart': Failed assertion: line 45 pos 7: '_instance._isInitialized': You must initialize the supabase instance before calling Supabase.instance
loadVerifiedStreamersFromBackend failed: Bad state: Backend unavailable
_refreshAcademicCategories failed: Bad state: Backend unavailable
Realtime chat_reports subscription failed: 'package:supabase_flutter/src/supabase.dart': Failed assertion: line 45 pos 7: '_instance._isInitialized': You must initialize the supabase instance before calling Supabase.instance
_refreshAcademicCategories failed: Bad state: Backend unavailable
loadVerifiedStreamersFromBackend failed: Bad state: Backend unavailable
Realtime public streamer subscription failed: 'package:supabase_flutter/src/supabase.dart': Failed assertion: line 45 pos 7: '_instance._isInitialized': You must initialize the supabase instance before calling Supabase.instance
Realtime academic_categories subscription failed: 'package:supabase_flutter/src/supabase.dart': Failed assertion: line 45 pos 7: '_instance._isInitialized': You must initialize the supabase instance before calling Supabase.instance
Supabase auth listener not attached (Supabase not initialized?): 'package:supabase_flutter/src/supabase.dart': Failed assertion: line 45 pos 7: '_instance._isInitialized': You must initialize the supabase instance before calling Supabase.instance
loadVerifiedStreamersFromBackend failed: Bad state: Backend unavailable
_refreshAcademicCategories failed: Bad state: Backend unavailable
Realtime chat_reports subscription failed: 'package:supabase_flutter/src/supabase.dart': Failed assertion: line 45 pos 7: '_instance._isInitialized': You must initialize the supabase instance before calling Supabase.instance
_refreshAcademicCategories failed: Bad state: Backend unavailable
loadVerifiedStreamersFromBackend failed: Bad state: Backend unavailable
Realtime public streamer subscription failed: 'package:supabase_flutter/src/supabase.dart': Failed assertion: line 45 pos 7: '_instance._isInitialized': You must initialize the supabase instance before calling Supabase.instance
Realtime academic_categories subscription failed: 'package:supabase_flutter/src/supabase.dart': Failed assertion: line 45 pos 7: '_instance._isInitialized': You must initialize the supabase instance before calling Supabase.instance
Supabase auth listener not attached (Supabase not initialized?): 'package:supabase_flutter/src/supabase.dart': Failed assertion: line 45 pos 7: '_instance._isInitialized': You must initialize the supabase instance before calling Supabase.instance
loadVerifiedStreamersFromBackend failed: Bad state: Backend unavailable
_refreshAcademicCategories failed: Bad state: Backend unavailable
Realtime chat_reports subscription failed: 'package:supabase_flutter/src/supabase.dart': Failed assertion: line 45 pos 7: '_instance._isInitialized': You must initialize the supabase instance before calling Supabase.instance
_refreshAcademicCategories failed: Bad state: Backend unavailable
loadVerifiedStreamersFromBackend failed: Bad state: Backend unavailable
Realtime public streamer subscription failed: 'package:supabase_flutter/src/supabase.dart': Failed assertion: line 45 pos 7: '_instance._isInitialized': You must initialize the supabase instance before calling Supabase.instance
Realtime academic_categories subscription failed: 'package:supabase_flutter/src/supabase.dart': Failed assertion: line 45 pos 7: '_instance._isInitialized': You must initialize the supabase instance before calling Supabase.instance
Supabase auth listener not attached (Supabase not initialized?): 'package:supabase_flutter/src/supabase.dart': Failed assertion: line 45 pos 7: '_instance._isInitialized': You must initialize the supabase instance before calling Supabase.instance
loadVerifiedStreamersFromBackend failed: Bad state: Backend unavailable
_refreshAcademicCategories failed: Bad state: Backend unavailable
Realtime chat_reports subscription failed: 'package:supabase_flutter/src/supabase.dart': Failed assertion: line 45 pos 7: '_instance._isInitialized': You must initialize the supabase instance before calling Supabase.instance
_refreshAcademicCategories failed: Bad state: Backend unavailable
loadVerifiedStreamersFromBackend failed: Bad state: Backend unavailable
Realtime public streamer subscription failed: 'package:supabase_flutter/src/supabase.dart': Failed assertion: line 45 pos 7: '_instance._isInitialized': You must initialize the supabase instance before calling Supabase.instance
Realtime academic_categories subscription failed: 'package:supabase_flutter/src/supabase.dart': Failed assertion: line 45 pos 7: '_instance._isInitialized': You must initialize the supabase instance before calling Supabase.instance
Supabase auth listener not attached (Supabase not initialized?): 'package:supabase_flutter/src/supabase.dart': Failed assertion: line 45 pos 7: '_instance._isInitialized': You must initialize the supabase instance before calling Supabase.instance
loadVerifiedStreamersFromBackend failed: Bad state: Backend unavailable
_refreshAcademicCategories failed: Bad state: Backend unavailable
Realtime chat_reports subscription failed: 'package:supabase_flutter/src/supabase.dart': Failed assertion: line 45 pos 7: '_instance._isInitialized': You must initialize the supabase instance before calling Supabase.instance
_refreshAcademicCategories failed: Bad state: Backend unavailable
loadVerifiedStreamersFromBackend failed: Bad state: Backend unavailable
Realtime public streamer subscription failed: 'package:supabase_flutter/src/supabase.dart': Failed assertion: line 45 pos 7: '_instance._isInitialized': You must initialize the supabase instance before calling Supabase.instance
Realtime academic_categories subscription failed: 'package:supabase_flutter/src/supabase.dart': Failed assertion: line 45 pos 7: '_instance._isInitialized': You must initialize the supabase instance before calling Supabase.instance
Supabase auth listener not attached (Supabase not initialized?): 'package:supabase_flutter/src/supabase.dart': Failed assertion: line 45 pos 7: '_instance._isInitialized': You must initialize the supabase instance before calling Supabase.instance
loadVerifiedStreamersFromBackend failed: Bad state: Backend unavailable
_refreshAcademicCategories failed: Bad state: Backend unavailable
Realtime chat_reports subscription failed: 'package:supabase_flutter/src/supabase.dart': Failed assertion: line 45 pos 7: '_instance._isInitialized': You must initialize the supabase instance before calling Supabase.instance
_refreshAcademicCategories failed: Bad state: Backend unavailable
loadVerifiedStreamersFromBackend failed: Bad state: Backend unavailable
Realtime public streamer subscription failed: 'package:supabase_flutter/src/supabase.dart': Failed assertion: line 45 pos 7: '_instance._isInitialized': You must initialize the supabase instance before calling Supabase.instance
Realtime academic_categories subscription failed: 'package:supabase_flutter/src/supabase.dart': Failed assertion: line 45 pos 7: '_instance._isInitialized': You must initialize the supabase instance before calling Supabase.instance
Supabase auth listener not attached (Supabase not initialized?): 'package:supabase_flutter/src/supabase.dart': Failed assertion: line 45 pos 7: '_instance._isInitialized': You must initialize the supabase instance before calling Supabase.instance
loadVerifiedStreamersFromBackend failed: Bad state: Backend unavailable
_refreshAcademicCategories failed: Bad state: Backend unavailable
Realtime chat_reports subscription failed: 'package:supabase_flutter/src/supabase.dart': Failed assertion: line 45 pos 7: '_instance._isInitialized': You must initialize the supabase instance before calling Supabase.instance
_refreshAcademicCategories failed: Bad state: Backend unavailable
loadVerifiedStreamersFromBackend failed: Bad state: Backend unavailable
Realtime public streamer subscription failed: 'package:supabase_flutter/src/supabase.dart': Failed assertion: line 45 pos 7: '_instance._isInitialized': You must initialize the supabase instance before calling Supabase.instance
Realtime academic_categories subscription failed: 'package:supabase_flutter/src/supabase.dart': Failed assertion: line 45 pos 7: '_instance._isInitialized': You must initialize the supabase instance before calling Supabase.instance
Supabase auth listener not attached (Supabase not initialized?): 'package:supabase_flutter/src/supabase.dart': Failed assertion: line 45 pos 7: '_instance._isInitialized': You must initialize the supabase instance before calling Supabase.instance
loadVerifiedStreamersFromBackend failed: Bad state: Backend unavailable
_refreshAcademicCategories failed: Bad state: Backend unavailable
Realtime chat_reports subscription failed: 'package:supabase_flutter/src/supabase.dart': Failed assertion: line 45 pos 7: '_instance._isInitialized': You must initialize the supabase instance before calling Supabase.instance
_refreshAcademicCategories failed: Bad state: Backend unavailable
loadVerifiedStreamersFromBackend failed: Bad state: Backend unavailable
Realtime public streamer subscription failed: 'package:supabase_flutter/src/supabase.dart': Failed assertion: line 45 pos 7: '_instance._isInitialized': You must initialize the supabase instance before calling Supabase.instance
Realtime academic_categories subscription failed: 'package:supabase_flutter/src/supabase.dart': Failed assertion: line 45 pos 7: '_instance._isInitialized': You must initialize the supabase instance before calling Supabase.instance
Supabase auth listener not attached (Supabase not initialized?): 'package:supabase_flutter/src/supabase.dart': Failed assertion: line 45 pos 7: '_instance._isInitialized': You must initialize the supabase instance before calling Supabase.instance
loadVerifiedStreamersFromBackend failed: Bad state: Backend unavailable
_refreshAcademicCategories failed: Bad state: Backend unavailable
Realtime chat_reports subscription failed: 'package:supabase_flutter/src/supabase.dart': Failed assertion: line 45 pos 7: '_instance._isInitialized': You must initialize the supabase instance before calling Supabase.instance
_refreshAcademicCategories failed: Bad state: Backend unavailable
loadVerifiedStreamersFromBackend failed: Bad state: Backend unavailable
Realtime public streamer subscription failed: 'package:supabase_flutter/src/supabase.dart': Failed assertion: line 45 pos 7: '_instance._isInitialized': You must initialize the supabase instance before calling Supabase.instance
Realtime academic_categories subscription failed: 'package:supabase_flutter/src/supabase.dart': Failed assertion: line 45 pos 7: '_instance._isInitialized': You must initialize the supabase instance before calling Supabase.instance
Supabase auth listener not attached (Supabase not initialized?): 'package:supabase_flutter/src/supabase.dart': Failed assertion: line 45 pos 7: '_instance._isInitialized': You must initialize the supabase instance before calling Supabase.instance
loadVerifiedStreamersFromBackend failed: Bad state: Backend unavailable
_refreshAcademicCategories failed: Bad state: Backend unavailable
Realtime chat_reports subscription failed: 'package:supabase_flutter/src/supabase.dart': Failed assertion: line 45 pos 7: '_instance._isInitialized': You must initialize the supabase instance before calling Supabase.instance
_refreshAcademicCategories failed: Bad state: Backend unavailable
loadVerifiedStreamersFromBackend failed: Bad state: Backend unavailable
Realtime public streamer subscription failed: 'package:supabase_flutter/src/supabase.dart': Failed assertion: line 45 pos 7: '_instance._isInitialized': You must initialize the supabase instance before calling Supabase.instance
Realtime academic_categories subscription failed: 'package:supabase_flutter/src/supabase.dart': Failed assertion: line 45 pos 7: '_instance._isInitialized': You must initialize the supabase instance before calling Supabase.instance
Supabase auth listener not attached (Supabase not initialized?): 'package:supabase_flutter/src/supabase.dart': Failed assertion: line 45 pos 7: '_instance._isInitialized': You must initialize the supabase instance before calling Supabase.instance
loadVerifiedStreamersFromBackend failed: Bad state: Backend unavailable
_refreshAcademicCategories failed: Bad state: Backend unavailable
Realtime chat_reports subscription failed: 'package:supabase_flutter/src/supabase.dart': Failed assertion: line 45 pos 7: '_instance._isInitialized': You must initialize the supabase instance before calling Supabase.instance
_refreshAcademicCategories failed: Bad state: Backend unavailable
loadVerifiedStreamersFromBackend failed: Bad state: Backend unavailable
Realtime public streamer subscription failed: 'package:supabase_flutter/src/supabase.dart': Failed assertion: line 45 pos 7: '_instance._isInitialized': You must initialize the supabase instance before calling Supabase.instance
Realtime academic_categories subscription failed: 'package:supabase_flutter/src/supabase.dart': Failed assertion: line 45 pos 7: '_instance._isInitialized': You must initialize the supabase instance before calling Supabase.instance
Supabase auth listener not attached (Supabase not initialized?): 'package:supabase_flutter/src/supabase.dart': Failed assertion: line 45 pos 7: '_instance._isInitialized': You must initialize the supabase instance before calling Supabase.instance
loadVerifiedStreamersFromBackend failed: Bad state: Backend unavailable
_refreshAcademicCategories failed: Bad state: Backend unavailable
Realtime chat_reports subscription failed: 'package:supabase_flutter/src/supabase.dart': Failed assertion: line 45 pos 7: '_instance._isInitialized': You must initialize the supabase instance before calling Supabase.instance
_refreshAcademicCategories failed: Bad state: Backend unavailable
loadVerifiedStreamersFromBackend failed: Bad state: Backend unavailable
Realtime public streamer subscription failed: 'package:supabase_flutter/src/supabase.dart': Failed assertion: line 45 pos 7: '_instance._isInitialized': You must initialize the supabase instance before calling Supabase.instance
Realtime academic_categories subscription failed: 'package:supabase_flutter/src/supabase.dart': Failed assertion: line 45 pos 7: '_instance._isInitialized': You must initialize the supabase instance before calling Supabase.instance
Supabase auth listener not attached (Supabase not initialized?): 'package:supabase_flutter/src/supabase.dart': Failed assertion: line 45 pos 7: '_instance._isInitialized': You must initialize the supabase instance before calling Supabase.instance
loadVerifiedStreamersFromBackend failed: Bad state: Backend unavailable
_refreshAcademicCategories failed: Bad state: Backend unavailable
Realtime chat_reports subscription failed: 'package:supabase_flutter/src/supabase.dart': Failed assertion: line 45 pos 7: '_instance._isInitialized': You must initialize the supabase instance before calling Supabase.instance
_refreshAcademicCategories failed: Bad state: Backend unavailable
loadVerifiedStreamersFromBackend failed: Bad state: Backend unavailable
Realtime public streamer subscription failed: 'package:supabase_flutter/src/supabase.dart': Failed assertion: line 45 pos 7: '_instance._isInitialized': You must initialize the supabase instance before calling Supabase.instance
Realtime academic_categories subscription failed: 'package:supabase_flutter/src/supabase.dart': Failed assertion: line 45 pos 7: '_instance._isInitialized': You must initialize the supabase instance before calling Supabase.instance
Supabase auth listener not attached (Supabase not initialized?): 'package:supabase_flutter/src/supabase.dart': Failed assertion: line 45 pos 7: '_instance._isInitialized': You must initialize the supabase instance before calling Supabase.instance
loadVerifiedStreamersFromBackend failed: Bad state: Backend unavailable
_refreshAcademicCategories failed: Bad state: Backend unavailable
Realtime chat_reports subscription failed: 'package:supabase_flutter/src/supabase.dart': Failed assertion: line 45 pos 7: '_instance._isInitialized': You must initialize the supabase instance before calling Supabase.instance
_refreshAcademicCategories failed: Bad state: Backend unavailable
loadVerifiedStreamersFromBackend failed: Bad state: Backend unavailable
00:34 +33: C:/Users/User/.codex/worktrees/hadayah-wave4v2-integration/Streamer_app/project/test/layout_sweep_test.dart: admin tab 10 ar at all sizes and text scales
Realtime public streamer subscription failed: 'package:supabase_flutter/src/supabase.dart': Failed assertion: line 45 pos 7: '_instance._isInitialized': You must initialize the supabase instance before calling Supabase.instance
Realtime academic_categories subscription failed: 'package:supabase_flutter/src/supabase.dart': Failed assertion: line 45 pos 7: '_instance._isInitialized': You must initialize the supabase instance before calling Supabase.instance
Supabase auth listener not attached (Supabase not initialized?): 'package:supabase_flutter/src/supabase.dart': Failed assertion: line 45 pos 7: '_instance._isInitialized': You must initialize the supabase instance before calling Supabase.instance
loadVerifiedStreamersFromBackend failed: Bad state: Backend unavailable
_refreshAcademicCategories failed: Bad state: Backend unavailable
Realtime chat_reports subscription failed: 'package:supabase_flutter/src/supabase.dart': Failed assertion: line 45 pos 7: '_instance._isInitialized': You must initialize the supabase instance before calling Supabase.instance
_refreshAcademicCategories failed: Bad state: Backend unavailable
loadVerifiedStreamersFromBackend failed: Bad state: Backend unavailable
Realtime public streamer subscription failed: 'package:supabase_flutter/src/supabase.dart': Failed assertion: line 45 pos 7: '_instance._isInitialized': You must initialize the supabase instance before calling Supabase.instance
Realtime academic_categories subscription failed: 'package:supabase_flutter/src/supabase.dart': Failed assertion: line 45 pos 7: '_instance._isInitialized': You must initialize the supabase instance before calling Supabase.instance
Supabase auth listener not attached (Supabase not initialized?): 'package:supabase_flutter/src/supabase.dart': Failed assertion: line 45 pos 7: '_instance._isInitialized': You must initialize the supabase instance before calling Supabase.instance
loadVerifiedStreamersFromBackend failed: Bad state: Backend unavailable
_refreshAcademicCategories failed: Bad state: Backend unavailable
Realtime chat_reports subscription failed: 'package:supabase_flutter/src/supabase.dart': Failed assertion: line 45 pos 7: '_instance._isInitialized': You must initialize the supabase instance before calling Supabase.instance
_refreshAcademicCategories failed: Bad state: Backend unavailable
loadVerifiedStreamersFromBackend failed: Bad state: Backend unavailable
Realtime public streamer subscription failed: 'package:supabase_flutter/src/supabase.dart': Failed assertion: line 45 pos 7: '_instance._isInitialized': You must initialize the supabase instance before calling Supabase.instance
Realtime academic_categories subscription failed: 'package:supabase_flutter/src/supabase.dart': Failed assertion: line 45 pos 7: '_instance._isInitialized': You must initialize the supabase instance before calling Supabase.instance
Supabase auth listener not attached (Supabase not initialized?): 'package:supabase_flutter/src/supabase.dart': Failed assertion: line 45 pos 7: '_instance._isInitialized': You must initialize the supabase instance before calling Supabase.instance
loadVerifiedStreamersFromBackend failed: Bad state: Backend unavailable
_refreshAcademicCategories failed: Bad state: Backend unavailable
Realtime chat_reports subscription failed: 'package:supabase_flutter/src/supabase.dart': Failed assertion: line 45 pos 7: '_instance._isInitialized': You must initialize the supabase instance before calling Supabase.instance
_refreshAcademicCategories failed: Bad state: Backend unavailable
loadVerifiedStreamersFromBackend failed: Bad state: Backend unavailable
Realtime public streamer subscription failed: 'package:supabase_flutter/src/supabase.dart': Failed assertion: line 45 pos 7: '_instance._isInitialized': You must initialize the supabase instance before calling Supabase.instance
Realtime academic_categories subscription failed: 'package:supabase_flutter/src/supabase.dart': Failed assertion: line 45 pos 7: '_instance._isInitialized': You must initialize the supabase instance before calling Supabase.instance
Supabase auth listener not attached (Supabase not initialized?): 'package:supabase_flutter/src/supabase.dart': Failed assertion: line 45 pos 7: '_instance._isInitialized': You must initialize the supabase instance before calling Supabase.instance
loadVerifiedStreamersFromBackend failed: Bad state: Backend unavailable
_refreshAcademicCategories failed: Bad state: Backend unavailable
Realtime chat_reports subscription failed: 'package:supabase_flutter/src/supabase.dart': Failed assertion: line 45 pos 7: '_instance._isInitialized': You must initialize the supabase instance before calling Supabase.instance
_refreshAcademicCategories failed: Bad state: Backend unavailable
loadVerifiedStreamersFromBackend failed: Bad state: Backend unavailable
Realtime public streamer subscription failed: 'package:supabase_flutter/src/supabase.dart': Failed assertion: line 45 pos 7: '_instance._isInitialized': You must initialize the supabase instance before calling Supabase.instance
Realtime academic_categories subscription failed: 'package:supabase_flutter/src/supabase.dart': Failed assertion: line 45 pos 7: '_instance._isInitialized': You must initialize the supabase instance before calling Supabase.instance
Supabase auth listener not attached (Supabase not initialized?): 'package:supabase_flutter/src/supabase.dart': Failed assertion: line 45 pos 7: '_instance._isInitialized': You must initialize the supabase instance before calling Supabase.instance
loadVerifiedStreamersFromBackend failed: Bad state: Backend unavailable
_refreshAcademicCategories failed: Bad state: Backend unavailable
Realtime chat_reports subscription failed: 'package:supabase_flutter/src/supabase.dart': Failed assertion: line 45 pos 7: '_instance._isInitialized': You must initialize the supabase instance before calling Supabase.instance
_refreshAcademicCategories failed: Bad state: Backend unavailable
loadVerifiedStreamersFromBackend failed: Bad state: Backend unavailable
Realtime public streamer subscription failed: 'package:supabase_flutter/src/supabase.dart': Failed assertion: line 45 pos 7: '_instance._isInitialized': You must initialize the supabase instance before calling Supabase.instance
Realtime academic_categories subscription failed: 'package:supabase_flutter/src/supabase.dart': Failed assertion: line 45 pos 7: '_instance._isInitialized': You must initialize the supabase instance before calling Supabase.instance
Supabase auth listener not attached (Supabase not initialized?): 'package:supabase_flutter/src/supabase.dart': Failed assertion: line 45 pos 7: '_instance._isInitialized': You must initialize the supabase instance before calling Supabase.instance
loadVerifiedStreamersFromBackend failed: Bad state: Backend unavailable
_refreshAcademicCategories failed: Bad state: Backend unavailable
Realtime chat_reports subscription failed: 'package:supabase_flutter/src/supabase.dart': Failed assertion: line 45 pos 7: '_instance._isInitialized': You must initialize the supabase instance before calling Supabase.instance
_refreshAcademicCategories failed: Bad state: Backend unavailable
loadVerifiedStreamersFromBackend failed: Bad state: Backend unavailable
Realtime public streamer subscription failed: 'package:supabase_flutter/src/supabase.dart': Failed assertion: line 45 pos 7: '_instance._isInitialized': You must initialize the supabase instance before calling Supabase.instance
Realtime academic_categories subscription failed: 'package:supabase_flutter/src/supabase.dart': Failed assertion: line 45 pos 7: '_instance._isInitialized': You must initialize the supabase instance before calling Supabase.instance
Supabase auth listener not attached (Supabase not initialized?): 'package:supabase_flutter/src/supabase.dart': Failed assertion: line 45 pos 7: '_instance._isInitialized': You must initialize the supabase instance before calling Supabase.instance
loadVerifiedStreamersFromBackend failed: Bad state: Backend unavailable
_refreshAcademicCategories failed: Bad state: Backend unavailable
Realtime chat_reports subscription failed: 'package:supabase_flutter/src/supabase.dart': Failed assertion: line 45 pos 7: '_instance._isInitialized': You must initialize the supabase instance before calling Supabase.instance
_refreshAcademicCategories failed: Bad state: Backend unavailable
loadVerifiedStreamersFromBackend failed: Bad state: Backend unavailable
Realtime public streamer subscription failed: 'package:supabase_flutter/src/supabase.dart': Failed assertion: line 45 pos 7: '_instance._isInitialized': You must initialize the supabase instance before calling Supabase.instance
Realtime academic_categories subscription failed: 'package:supabase_flutter/src/supabase.dart': Failed assertion: line 45 pos 7: '_instance._isInitialized': You must initialize the supabase instance before calling Supabase.instance
Supabase auth listener not attached (Supabase not initialized?): 'package:supabase_flutter/src/supabase.dart': Failed assertion: line 45 pos 7: '_instance._isInitialized': You must initialize the supabase instance before calling Supabase.instance
loadVerifiedStreamersFromBackend failed: Bad state: Backend unavailable
_refreshAcademicCategories failed: Bad state: Backend unavailable
Realtime chat_reports subscription failed: 'package:supabase_flutter/src/supabase.dart': Failed assertion: line 45 pos 7: '_instance._isInitialized': You must initialize the supabase instance before calling Supabase.instance
_refreshAcademicCategories failed: Bad state: Backend unavailable
loadVerifiedStreamersFromBackend failed: Bad state: Backend unavailable
Realtime public streamer subscription failed: 'package:supabase_flutter/src/supabase.dart': Failed assertion: line 45 pos 7: '_instance._isInitialized': You must initialize the supabase instance before calling Supabase.instance
Realtime academic_categories subscription failed: 'package:supabase_flutter/src/supabase.dart': Failed assertion: line 45 pos 7: '_instance._isInitialized': You must initialize the supabase instance before calling Supabase.instance
Supabase auth listener not attached (Supabase not initialized?): 'package:supabase_flutter/src/supabase.dart': Failed assertion: line 45 pos 7: '_instance._isInitialized': You must initialize the supabase instance before calling Supabase.instance
loadVerifiedStreamersFromBackend failed: Bad state: Backend unavailable
_refreshAcademicCategories failed: Bad state: Backend unavailable
Realtime chat_reports subscription failed: 'package:supabase_flutter/src/supabase.dart': Failed assertion: line 45 pos 7: '_instance._isInitialized': You must initialize the supabase instance before calling Supabase.instance
_refreshAcademicCategories failed: Bad state: Backend unavailable
loadVerifiedStreamersFromBackend failed: Bad state: Backend unavailable
Realtime public streamer subscription failed: 'package:supabase_flutter/src/supabase.dart': Failed assertion: line 45 pos 7: '_instance._isInitialized': You must initialize the supabase instance before calling Supabase.instance
Realtime academic_categories subscription failed: 'package:supabase_flutter/src/supabase.dart': Failed assertion: line 45 pos 7: '_instance._isInitialized': You must initialize the supabase instance before calling Supabase.instance
Supabase auth listener not attached (Supabase not initialized?): 'package:supabase_flutter/src/supabase.dart': Failed assertion: line 45 pos 7: '_instance._isInitialized': You must initialize the supabase instance before calling Supabase.instance
loadVerifiedStreamersFromBackend failed: Bad state: Backend unavailable
_refreshAcademicCategories failed: Bad state: Backend unavailable
Realtime chat_reports subscription failed: 'package:supabase_flutter/src/supabase.dart': Failed assertion: line 45 pos 7: '_instance._isInitialized': You must initialize the supabase instance before calling Supabase.instance
_refreshAcademicCategories failed: Bad state: Backend unavailable
loadVerifiedStreamersFromBackend failed: Bad state: Backend unavailable
Realtime public streamer subscription failed: 'package:supabase_flutter/src/supabase.dart': Failed assertion: line 45 pos 7: '_instance._isInitialized': You must initialize the supabase instance before calling Supabase.instance
Realtime academic_categories subscription failed: 'package:supabase_flutter/src/supabase.dart': Failed assertion: line 45 pos 7: '_instance._isInitialized': You must initialize the supabase instance before calling Supabase.instance
Supabase auth listener not attached (Supabase not initialized?): 'package:supabase_flutter/src/supabase.dart': Failed assertion: line 45 pos 7: '_instance._isInitialized': You must initialize the supabase instance before calling Supabase.instance
loadVerifiedStreamersFromBackend failed: Bad state: Backend unavailable
_refreshAcademicCategories failed: Bad state: Backend unavailable
Realtime chat_reports subscription failed: 'package:supabase_flutter/src/supabase.dart': Failed assertion: line 45 pos 7: '_instance._isInitialized': You must initialize the supabase instance before calling Supabase.instance
_refreshAcademicCategories failed: Bad state: Backend unavailable
loadVerifiedStreamersFromBackend failed: Bad state: Backend unavailable
Realtime public streamer subscription failed: 'package:supabase_flutter/src/supabase.dart': Failed assertion: line 45 pos 7: '_instance._isInitialized': You must initialize the supabase instance before calling Supabase.instance
Realtime academic_categories subscription failed: 'package:supabase_flutter/src/supabase.dart': Failed assertion: line 45 pos 7: '_instance._isInitialized': You must initialize the supabase instance before calling Supabase.instance
Supabase auth listener not attached (Supabase not initialized?): 'package:supabase_flutter/src/supabase.dart': Failed assertion: line 45 pos 7: '_instance._isInitialized': You must initialize the supabase instance before calling Supabase.instance
loadVerifiedStreamersFromBackend failed: Bad state: Backend unavailable
_refreshAcademicCategories failed: Bad state: Backend unavailable
Realtime chat_reports subscription failed: 'package:supabase_flutter/src/supabase.dart': Failed assertion: line 45 pos 7: '_instance._isInitialized': You must initialize the supabase instance before calling Supabase.instance
_refreshAcademicCategories failed: Bad state: Backend unavailable
loadVerifiedStreamersFromBackend failed: Bad state: Backend unavailable
Realtime public streamer subscription failed: 'package:supabase_flutter/src/supabase.dart': Failed assertion: line 45 pos 7: '_instance._isInitialized': You must initialize the supabase instance before calling Supabase.instance
Realtime academic_categories subscription failed: 'package:supabase_flutter/src/supabase.dart': Failed assertion: line 45 pos 7: '_instance._isInitialized': You must initialize the supabase instance before calling Supabase.instance
Supabase auth listener not attached (Supabase not initialized?): 'package:supabase_flutter/src/supabase.dart': Failed assertion: line 45 pos 7: '_instance._isInitialized': You must initialize the supabase instance before calling Supabase.instance
loadVerifiedStreamersFromBackend failed: Bad state: Backend unavailable
_refreshAcademicCategories failed: Bad state: Backend unavailable
Realtime chat_reports subscription failed: 'package:supabase_flutter/src/supabase.dart': Failed assertion: line 45 pos 7: '_instance._isInitialized': You must initialize the supabase instance before calling Supabase.instance
_refreshAcademicCategories failed: Bad state: Backend unavailable
loadVerifiedStreamersFromBackend failed: Bad state: Backend unavailable
Realtime public streamer subscription failed: 'package:supabase_flutter/src/supabase.dart': Failed assertion: line 45 pos 7: '_instance._isInitialized': You must initialize the supabase instance before calling Supabase.instance
Realtime academic_categories subscription failed: 'package:supabase_flutter/src/supabase.dart': Failed assertion: line 45 pos 7: '_instance._isInitialized': You must initialize the supabase instance before calling Supabase.instance
Supabase auth listener not attached (Supabase not initialized?): 'package:supabase_flutter/src/supabase.dart': Failed assertion: line 45 pos 7: '_instance._isInitialized': You must initialize the supabase instance before calling Supabase.instance
loadVerifiedStreamersFromBackend failed: Bad state: Backend unavailable
_refreshAcademicCategories failed: Bad state: Backend unavailable
Realtime chat_reports subscription failed: 'package:supabase_flutter/src/supabase.dart': Failed assertion: line 45 pos 7: '_instance._isInitialized': You must initialize the supabase instance before calling Supabase.instance
_refreshAcademicCategories failed: Bad state: Backend unavailable
loadVerifiedStreamersFromBackend failed: Bad state: Backend unavailable
Realtime public streamer subscription failed: 'package:supabase_flutter/src/supabase.dart': Failed assertion: line 45 pos 7: '_instance._isInitialized': You must initialize the supabase instance before calling Supabase.instance
Realtime academic_categories subscription failed: 'package:supabase_flutter/src/supabase.dart': Failed assertion: line 45 pos 7: '_instance._isInitialized': You must initialize the supabase instance before calling Supabase.instance
Supabase auth listener not attached (Supabase not initialized?): 'package:supabase_flutter/src/supabase.dart': Failed assertion: line 45 pos 7: '_instance._isInitialized': You must initialize the supabase instance before calling Supabase.instance
loadVerifiedStreamersFromBackend failed: Bad state: Backend unavailable
_refreshAcademicCategories failed: Bad state: Backend unavailable
Realtime chat_reports subscription failed: 'package:supabase_flutter/src/supabase.dart': Failed assertion: line 45 pos 7: '_instance._isInitialized': You must initialize the supabase instance before calling Supabase.instance
_refreshAcademicCategories failed: Bad state: Backend unavailable
loadVerifiedStreamersFromBackend failed: Bad state: Backend unavailable
Realtime public streamer subscription failed: 'package:supabase_flutter/src/supabase.dart': Failed assertion: line 45 pos 7: '_instance._isInitialized': You must initialize the supabase instance before calling Supabase.instance
Realtime academic_categories subscription failed: 'package:supabase_flutter/src/supabase.dart': Failed assertion: line 45 pos 7: '_instance._isInitialized': You must initialize the supabase instance before calling Supabase.instance
Supabase auth listener not attached (Supabase not initialized?): 'package:supabase_flutter/src/supabase.dart': Failed assertion: line 45 pos 7: '_instance._isInitialized': You must initialize the supabase instance before calling Supabase.instance
loadVerifiedStreamersFromBackend failed: Bad state: Backend unavailable
_refreshAcademicCategories failed: Bad state: Backend unavailable
Realtime chat_reports subscription failed: 'package:supabase_flutter/src/supabase.dart': Failed assertion: line 45 pos 7: '_instance._isInitialized': You must initialize the supabase instance before calling Supabase.instance
_refreshAcademicCategories failed: Bad state: Backend unavailable
loadVerifiedStreamersFromBackend failed: Bad state: Backend unavailable
Realtime public streamer subscription failed: 'package:supabase_flutter/src/supabase.dart': Failed assertion: line 45 pos 7: '_instance._isInitialized': You must initialize the supabase instance before calling Supabase.instance
Realtime academic_categories subscription failed: 'package:supabase_flutter/src/supabase.dart': Failed assertion: line 45 pos 7: '_instance._isInitialized': You must initialize the supabase instance before calling Supabase.instance
Supabase auth listener not attached (Supabase not initialized?): 'package:supabase_flutter/src/supabase.dart': Failed assertion: line 45 pos 7: '_instance._isInitialized': You must initialize the supabase instance before calling Supabase.instance
loadVerifiedStreamersFromBackend failed: Bad state: Backend unavailable
_refreshAcademicCategories failed: Bad state: Backend unavailable
Realtime chat_reports subscription failed: 'package:supabase_flutter/src/supabase.dart': Failed assertion: line 45 pos 7: '_instance._isInitialized': You must initialize the supabase instance before calling Supabase.instance
_refreshAcademicCategories failed: Bad state: Backend unavailable
loadVerifiedStreamersFromBackend failed: Bad state: Backend unavailable
Realtime public streamer subscription failed: 'package:supabase_flutter/src/supabase.dart': Failed assertion: line 45 pos 7: '_instance._isInitialized': You must initialize the supabase instance before calling Supabase.instance
Realtime academic_categories subscription failed: 'package:supabase_flutter/src/supabase.dart': Failed assertion: line 45 pos 7: '_instance._isInitialized': You must initialize the supabase instance before calling Supabase.instance
Supabase auth listener not attached (Supabase not initialized?): 'package:supabase_flutter/src/supabase.dart': Failed assertion: line 45 pos 7: '_instance._isInitialized': You must initialize the supabase instance before calling Supabase.instance
loadVerifiedStreamersFromBackend failed: Bad state: Backend unavailable
_refreshAcademicCategories failed: Bad state: Backend unavailable
Realtime chat_reports subscription failed: 'package:supabase_flutter/src/supabase.dart': Failed assertion: line 45 pos 7: '_instance._isInitialized': You must initialize the supabase instance before calling Supabase.instance
_refreshAcademicCategories failed: Bad state: Backend unavailable
loadVerifiedStreamersFromBackend failed: Bad state: Backend unavailable
Realtime public streamer subscription failed: 'package:supabase_flutter/src/supabase.dart': Failed assertion: line 45 pos 7: '_instance._isInitialized': You must initialize the supabase instance before calling Supabase.instance
Realtime academic_categories subscription failed: 'package:supabase_flutter/src/supabase.dart': Failed assertion: line 45 pos 7: '_instance._isInitialized': You must initialize the supabase instance before calling Supabase.instance
Supabase auth listener not attached (Supabase not initialized?): 'package:supabase_flutter/src/supabase.dart': Failed assertion: line 45 pos 7: '_instance._isInitialized': You must initialize the supabase instance before calling Supabase.instance
loadVerifiedStreamersFromBackend failed: Bad state: Backend unavailable
_refreshAcademicCategories failed: Bad state: Backend unavailable
Realtime chat_reports subscription failed: 'package:supabase_flutter/src/supabase.dart': Failed assertion: line 45 pos 7: '_instance._isInitialized': You must initialize the supabase instance before calling Supabase.instance
_refreshAcademicCategories failed: Bad state: Backend unavailable
loadVerifiedStreamersFromBackend failed: Bad state: Backend unavailable
Realtime public streamer subscription failed: 'package:supabase_flutter/src/supabase.dart': Failed assertion: line 45 pos 7: '_instance._isInitialized': You must initialize the supabase instance before calling Supabase.instance
Realtime academic_categories subscription failed: 'package:supabase_flutter/src/supabase.dart': Failed assertion: line 45 pos 7: '_instance._isInitialized': You must initialize the supabase instance before calling Supabase.instance
Supabase auth listener not attached (Supabase not initialized?): 'package:supabase_flutter/src/supabase.dart': Failed assertion: line 45 pos 7: '_instance._isInitialized': You must initialize the supabase instance before calling Supabase.instance
loadVerifiedStreamersFromBackend failed: Bad state: Backend unavailable
_refreshAcademicCategories failed: Bad state: Backend unavailable
Realtime chat_reports subscription failed: 'package:supabase_flutter/src/supabase.dart': Failed assertion: line 45 pos 7: '_instance._isInitialized': You must initialize the supabase instance before calling Supabase.instance
_refreshAcademicCategories failed: Bad state: Backend unavailable
loadVerifiedStreamersFromBackend failed: Bad state: Backend unavailable
Realtime public streamer subscription failed: 'package:supabase_flutter/src/supabase.dart': Failed assertion: line 45 pos 7: '_instance._isInitialized': You must initialize the supabase instance before calling Supabase.instance
Realtime academic_categories subscription failed: 'package:supabase_flutter/src/supabase.dart': Failed assertion: line 45 pos 7: '_instance._isInitialized': You must initialize the supabase instance before calling Supabase.instance
Supabase auth listener not attached (Supabase not initialized?): 'package:supabase_flutter/src/supabase.dart': Failed assertion: line 45 pos 7: '_instance._isInitialized': You must initialize the supabase instance before calling Supabase.instance
loadVerifiedStreamersFromBackend failed: Bad state: Backend unavailable
_refreshAcademicCategories failed: Bad state: Backend unavailable
Realtime chat_reports subscription failed: 'package:supabase_flutter/src/supabase.dart': Failed assertion: line 45 pos 7: '_instance._isInitialized': You must initialize the supabase instance before calling Supabase.instance
_refreshAcademicCategories failed: Bad state: Backend unavailable
loadVerifiedStreamersFromBackend failed: Bad state: Backend unavailable
00:34 +34: C:/Users/User/.codex/worktrees/hadayah-wave4v2-integration/Streamer_app/project/test/layout_sweep_test.dart: admin tab 11 en at all sizes and text scales
Realtime public streamer subscription failed: 'package:supabase_flutter/src/supabase.dart': Failed assertion: line 45 pos 7: '_instance._isInitialized': You must initialize the supabase instance before calling Supabase.instance
Realtime academic_categories subscription failed: 'package:supabase_flutter/src/supabase.dart': Failed assertion: line 45 pos 7: '_instance._isInitialized': You must initialize the supabase instance before calling Supabase.instance
Supabase auth listener not attached (Supabase not initialized?): 'package:supabase_flutter/src/supabase.dart': Failed assertion: line 45 pos 7: '_instance._isInitialized': You must initialize the supabase instance before calling Supabase.instance
loadVerifiedStreamersFromBackend failed: Bad state: Backend unavailable
_refreshAcademicCategories failed: Bad state: Backend unavailable
Realtime chat_reports subscription failed: 'package:supabase_flutter/src/supabase.dart': Failed assertion: line 45 pos 7: '_instance._isInitialized': You must initialize the supabase instance before calling Supabase.instance
_refreshAcademicCategories failed: Bad state: Backend unavailable
loadVerifiedStreamersFromBackend failed: Bad state: Backend unavailable
Realtime public streamer subscription failed: 'package:supabase_flutter/src/supabase.dart': Failed assertion: line 45 pos 7: '_instance._isInitialized': You must initialize the supabase instance before calling Supabase.instance
Realtime academic_categories subscription failed: 'package:supabase_flutter/src/supabase.dart': Failed assertion: line 45 pos 7: '_instance._isInitialized': You must initialize the supabase instance before calling Supabase.instance
Supabase auth listener not attached (Supabase not initialized?): 'package:supabase_flutter/src/supabase.dart': Failed assertion: line 45 pos 7: '_instance._isInitialized': You must initialize the supabase instance before calling Supabase.instance
loadVerifiedStreamersFromBackend failed: Bad state: Backend unavailable
_refreshAcademicCategories failed: Bad state: Backend unavailable
Realtime chat_reports subscription failed: 'package:supabase_flutter/src/supabase.dart': Failed assertion: line 45 pos 7: '_instance._isInitialized': You must initialize the supabase instance before calling Supabase.instance
_refreshAcademicCategories failed: Bad state: Backend unavailable
loadVerifiedStreamersFromBackend failed: Bad state: Backend unavailable
Realtime public streamer subscription failed: 'package:supabase_flutter/src/supabase.dart': Failed assertion: line 45 pos 7: '_instance._isInitialized': You must initialize the supabase instance before calling Supabase.instance
Realtime academic_categories subscription failed: 'package:supabase_flutter/src/supabase.dart': Failed assertion: line 45 pos 7: '_instance._isInitialized': You must initialize the supabase instance before calling Supabase.instance
Supabase auth listener not attached (Supabase not initialized?): 'package:supabase_flutter/src/supabase.dart': Failed assertion: line 45 pos 7: '_instance._isInitialized': You must initialize the supabase instance before calling Supabase.instance
loadVerifiedStreamersFromBackend failed: Bad state: Backend unavailable
_refreshAcademicCategories failed: Bad state: Backend unavailable
Realtime chat_reports subscription failed: 'package:supabase_flutter/src/supabase.dart': Failed assertion: line 45 pos 7: '_instance._isInitialized': You must initialize the supabase instance before calling Supabase.instance
_refreshAcademicCategories failed: Bad state: Backend unavailable
loadVerifiedStreamersFromBackend failed: Bad state: Backend unavailable
Realtime public streamer subscription failed: 'package:supabase_flutter/src/supabase.dart': Failed assertion: line 45 pos 7: '_instance._isInitialized': You must initialize the supabase instance before calling Supabase.instance
Realtime academic_categories subscription failed: 'package:supabase_flutter/src/supabase.dart': Failed assertion: line 45 pos 7: '_instance._isInitialized': You must initialize the supabase instance before calling Supabase.instance
Supabase auth listener not attached (Supabase not initialized?): 'package:supabase_flutter/src/supabase.dart': Failed assertion: line 45 pos 7: '_instance._isInitialized': You must initialize the supabase instance before calling Supabase.instance
loadVerifiedStreamersFromBackend failed: Bad state: Backend unavailable
_refreshAcademicCategories failed: Bad state: Backend unavailable
Realtime chat_reports subscription failed: 'package:supabase_flutter/src/supabase.dart': Failed assertion: line 45 pos 7: '_instance._isInitialized': You must initialize the supabase instance before calling Supabase.instance
_refreshAcademicCategories failed: Bad state: Backend unavailable
loadVerifiedStreamersFromBackend failed: Bad state: Backend unavailable
Realtime public streamer subscription failed: 'package:supabase_flutter/src/supabase.dart': Failed assertion: line 45 pos 7: '_instance._isInitialized': You must initialize the supabase instance before calling Supabase.instance
Realtime academic_categories subscription failed: 'package:supabase_flutter/src/supabase.dart': Failed assertion: line 45 pos 7: '_instance._isInitialized': You must initialize the supabase instance before calling Supabase.instance
Supabase auth listener not attached (Supabase not initialized?): 'package:supabase_flutter/src/supabase.dart': Failed assertion: line 45 pos 7: '_instance._isInitialized': You must initialize the supabase instance before calling Supabase.instance
loadVerifiedStreamersFromBackend failed: Bad state: Backend unavailable
_refreshAcademicCategories failed: Bad state: Backend unavailable
Realtime chat_reports subscription failed: 'package:supabase_flutter/src/supabase.dart': Failed assertion: line 45 pos 7: '_instance._isInitialized': You must initialize the supabase instance before calling Supabase.instance
_refreshAcademicCategories failed: Bad state: Backend unavailable
loadVerifiedStreamersFromBackend failed: Bad state: Backend unavailable
Realtime public streamer subscription failed: 'package:supabase_flutter/src/supabase.dart': Failed assertion: line 45 pos 7: '_instance._isInitialized': You must initialize the supabase instance before calling Supabase.instance
Realtime academic_categories subscription failed: 'package:supabase_flutter/src/supabase.dart': Failed assertion: line 45 pos 7: '_instance._isInitialized': You must initialize the supabase instance before calling Supabase.instance
Supabase auth listener not attached (Supabase not initialized?): 'package:supabase_flutter/src/supabase.dart': Failed assertion: line 45 pos 7: '_instance._isInitialized': You must initialize the supabase instance before calling Supabase.instance
loadVerifiedStreamersFromBackend failed: Bad state: Backend unavailable
_refreshAcademicCategories failed: Bad state: Backend unavailable
Realtime chat_reports subscription failed: 'package:supabase_flutter/src/supabase.dart': Failed assertion: line 45 pos 7: '_instance._isInitialized': You must initialize the supabase instance before calling Supabase.instance
_refreshAcademicCategories failed: Bad state: Backend unavailable
loadVerifiedStreamersFromBackend failed: Bad state: Backend unavailable
Realtime public streamer subscription failed: 'package:supabase_flutter/src/supabase.dart': Failed assertion: line 45 pos 7: '_instance._isInitialized': You must initialize the supabase instance before calling Supabase.instance
Realtime academic_categories subscription failed: 'package:supabase_flutter/src/supabase.dart': Failed assertion: line 45 pos 7: '_instance._isInitialized': You must initialize the supabase instance before calling Supabase.instance
Supabase auth listener not attached (Supabase not initialized?): 'package:supabase_flutter/src/supabase.dart': Failed assertion: line 45 pos 7: '_instance._isInitialized': You must initialize the supabase instance before calling Supabase.instance
loadVerifiedStreamersFromBackend failed: Bad state: Backend unavailable
_refreshAcademicCategories failed: Bad state: Backend unavailable
Realtime chat_reports subscription failed: 'package:supabase_flutter/src/supabase.dart': Failed assertion: line 45 pos 7: '_instance._isInitialized': You must initialize the supabase instance before calling Supabase.instance
_refreshAcademicCategories failed: Bad state: Backend unavailable
loadVerifiedStreamersFromBackend failed: Bad state: Backend unavailable
Realtime public streamer subscription failed: 'package:supabase_flutter/src/supabase.dart': Failed assertion: line 45 pos 7: '_instance._isInitialized': You must initialize the supabase instance before calling Supabase.instance
Realtime academic_categories subscription failed: 'package:supabase_flutter/src/supabase.dart': Failed assertion: line 45 pos 7: '_instance._isInitialized': You must initialize the supabase instance before calling Supabase.instance
Supabase auth listener not attached (Supabase not initialized?): 'package:supabase_flutter/src/supabase.dart': Failed assertion: line 45 pos 7: '_instance._isInitialized': You must initialize the supabase instance before calling Supabase.instance
loadVerifiedStreamersFromBackend failed: Bad state: Backend unavailable
_refreshAcademicCategories failed: Bad state: Backend unavailable
Realtime chat_reports subscription failed: 'package:supabase_flutter/src/supabase.dart': Failed assertion: line 45 pos 7: '_instance._isInitialized': You must initialize the supabase instance before calling Supabase.instance
_refreshAcademicCategories failed: Bad state: Backend unavailable
loadVerifiedStreamersFromBackend failed: Bad state: Backend unavailable
Realtime public streamer subscription failed: 'package:supabase_flutter/src/supabase.dart': Failed assertion: line 45 pos 7: '_instance._isInitialized': You must initialize the supabase instance before calling Supabase.instance
Realtime academic_categories subscription failed: 'package:supabase_flutter/src/supabase.dart': Failed assertion: line 45 pos 7: '_instance._isInitialized': You must initialize the supabase instance before calling Supabase.instance
Supabase auth listener not attached (Supabase not initialized?): 'package:supabase_flutter/src/supabase.dart': Failed assertion: line 45 pos 7: '_instance._isInitialized': You must initialize the supabase instance before calling Supabase.instance
loadVerifiedStreamersFromBackend failed: Bad state: Backend unavailable
_refreshAcademicCategories failed: Bad state: Backend unavailable
Realtime chat_reports subscription failed: 'package:supabase_flutter/src/supabase.dart': Failed assertion: line 45 pos 7: '_instance._isInitialized': You must initialize the supabase instance before calling Supabase.instance
_refreshAcademicCategories failed: Bad state: Backend unavailable
loadVerifiedStreamersFromBackend failed: Bad state: Backend unavailable
Realtime public streamer subscription failed: 'package:supabase_flutter/src/supabase.dart': Failed assertion: line 45 pos 7: '_instance._isInitialized': You must initialize the supabase instance before calling Supabase.instance
Realtime academic_categories subscription failed: 'package:supabase_flutter/src/supabase.dart': Failed assertion: line 45 pos 7: '_instance._isInitialized': You must initialize the supabase instance before calling Supabase.instance
Supabase auth listener not attached (Supabase not initialized?): 'package:supabase_flutter/src/supabase.dart': Failed assertion: line 45 pos 7: '_instance._isInitialized': You must initialize the supabase instance before calling Supabase.instance
loadVerifiedStreamersFromBackend failed: Bad state: Backend unavailable
_refreshAcademicCategories failed: Bad state: Backend unavailable
Realtime chat_reports subscription failed: 'package:supabase_flutter/src/supabase.dart': Failed assertion: line 45 pos 7: '_instance._isInitialized': You must initialize the supabase instance before calling Supabase.instance
_refreshAcademicCategories failed: Bad state: Backend unavailable
loadVerifiedStreamersFromBackend failed: Bad state: Backend unavailable
Realtime public streamer subscription failed: 'package:supabase_flutter/src/supabase.dart': Failed assertion: line 45 pos 7: '_instance._isInitialized': You must initialize the supabase instance before calling Supabase.instance
Realtime academic_categories subscription failed: 'package:supabase_flutter/src/supabase.dart': Failed assertion: line 45 pos 7: '_instance._isInitialized': You must initialize the supabase instance before calling Supabase.instance
Supabase auth listener not attached (Supabase not initialized?): 'package:supabase_flutter/src/supabase.dart': Failed assertion: line 45 pos 7: '_instance._isInitialized': You must initialize the supabase instance before calling Supabase.instance
loadVerifiedStreamersFromBackend failed: Bad state: Backend unavailable
_refreshAcademicCategories failed: Bad state: Backend unavailable
Realtime chat_reports subscription failed: 'package:supabase_flutter/src/supabase.dart': Failed assertion: line 45 pos 7: '_instance._isInitialized': You must initialize the supabase instance before calling Supabase.instance
_refreshAcademicCategories failed: Bad state: Backend unavailable
loadVerifiedStreamersFromBackend failed: Bad state: Backend unavailable
Realtime public streamer subscription failed: 'package:supabase_flutter/src/supabase.dart': Failed assertion: line 45 pos 7: '_instance._isInitialized': You must initialize the supabase instance before calling Supabase.instance
Realtime academic_categories subscription failed: 'package:supabase_flutter/src/supabase.dart': Failed assertion: line 45 pos 7: '_instance._isInitialized': You must initialize the supabase instance before calling Supabase.instance
Supabase auth listener not attached (Supabase not initialized?): 'package:supabase_flutter/src/supabase.dart': Failed assertion: line 45 pos 7: '_instance._isInitialized': You must initialize the supabase instance before calling Supabase.instance
loadVerifiedStreamersFromBackend failed: Bad state: Backend unavailable
_refreshAcademicCategories failed: Bad state: Backend unavailable
Realtime chat_reports subscription failed: 'package:supabase_flutter/src/supabase.dart': Failed assertion: line 45 pos 7: '_instance._isInitialized': You must initialize the supabase instance before calling Supabase.instance
_refreshAcademicCategories failed: Bad state: Backend unavailable
loadVerifiedStreamersFromBackend failed: Bad state: Backend unavailable
Realtime public streamer subscription failed: 'package:supabase_flutter/src/supabase.dart': Failed assertion: line 45 pos 7: '_instance._isInitialized': You must initialize the supabase instance before calling Supabase.instance
Realtime academic_categories subscription failed: 'package:supabase_flutter/src/supabase.dart': Failed assertion: line 45 pos 7: '_instance._isInitialized': You must initialize the supabase instance before calling Supabase.instance
Supabase auth listener not attached (Supabase not initialized?): 'package:supabase_flutter/src/supabase.dart': Failed assertion: line 45 pos 7: '_instance._isInitialized': You must initialize the supabase instance before calling Supabase.instance
loadVerifiedStreamersFromBackend failed: Bad state: Backend unavailable
_refreshAcademicCategories failed: Bad state: Backend unavailable
Realtime chat_reports subscription failed: 'package:supabase_flutter/src/supabase.dart': Failed assertion: line 45 pos 7: '_instance._isInitialized': You must initialize the supabase instance before calling Supabase.instance
_refreshAcademicCategories failed: Bad state: Backend unavailable
loadVerifiedStreamersFromBackend failed: Bad state: Backend unavailable
Realtime public streamer subscription failed: 'package:supabase_flutter/src/supabase.dart': Failed assertion: line 45 pos 7: '_instance._isInitialized': You must initialize the supabase instance before calling Supabase.instance
Realtime academic_categories subscription failed: 'package:supabase_flutter/src/supabase.dart': Failed assertion: line 45 pos 7: '_instance._isInitialized': You must initialize the supabase instance before calling Supabase.instance
Supabase auth listener not attached (Supabase not initialized?): 'package:supabase_flutter/src/supabase.dart': Failed assertion: line 45 pos 7: '_instance._isInitialized': You must initialize the supabase instance before calling Supabase.instance
loadVerifiedStreamersFromBackend failed: Bad state: Backend unavailable
_refreshAcademicCategories failed: Bad state: Backend unavailable
Realtime chat_reports subscription failed: 'package:supabase_flutter/src/supabase.dart': Failed assertion: line 45 pos 7: '_instance._isInitialized': You must initialize the supabase instance before calling Supabase.instance
_refreshAcademicCategories failed: Bad state: Backend unavailable
loadVerifiedStreamersFromBackend failed: Bad state: Backend unavailable
Realtime public streamer subscription failed: 'package:supabase_flutter/src/supabase.dart': Failed assertion: line 45 pos 7: '_instance._isInitialized': You must initialize the supabase instance before calling Supabase.instance
Realtime academic_categories subscription failed: 'package:supabase_flutter/src/supabase.dart': Failed assertion: line 45 pos 7: '_instance._isInitialized': You must initialize the supabase instance before calling Supabase.instance
Supabase auth listener not attached (Supabase not initialized?): 'package:supabase_flutter/src/supabase.dart': Failed assertion: line 45 pos 7: '_instance._isInitialized': You must initialize the supabase instance before calling Supabase.instance
loadVerifiedStreamersFromBackend failed: Bad state: Backend unavailable
_refreshAcademicCategories failed: Bad state: Backend unavailable
Realtime chat_reports subscription failed: 'package:supabase_flutter/src/supabase.dart': Failed assertion: line 45 pos 7: '_instance._isInitialized': You must initialize the supabase instance before calling Supabase.instance
_refreshAcademicCategories failed: Bad state: Backend unavailable
loadVerifiedStreamersFromBackend failed: Bad state: Backend unavailable
Realtime public streamer subscription failed: 'package:supabase_flutter/src/supabase.dart': Failed assertion: line 45 pos 7: '_instance._isInitialized': You must initialize the supabase instance before calling Supabase.instance
Realtime academic_categories subscription failed: 'package:supabase_flutter/src/supabase.dart': Failed assertion: line 45 pos 7: '_instance._isInitialized': You must initialize the supabase instance before calling Supabase.instance
Supabase auth listener not attached (Supabase not initialized?): 'package:supabase_flutter/src/supabase.dart': Failed assertion: line 45 pos 7: '_instance._isInitialized': You must initialize the supabase instance before calling Supabase.instance
loadVerifiedStreamersFromBackend failed: Bad state: Backend unavailable
_refreshAcademicCategories failed: Bad state: Backend unavailable
Realtime chat_reports subscription failed: 'package:supabase_flutter/src/supabase.dart': Failed assertion: line 45 pos 7: '_instance._isInitialized': You must initialize the supabase instance before calling Supabase.instance
_refreshAcademicCategories failed: Bad state: Backend unavailable
loadVerifiedStreamersFromBackend failed: Bad state: Backend unavailable
Realtime public streamer subscription failed: 'package:supabase_flutter/src/supabase.dart': Failed assertion: line 45 pos 7: '_instance._isInitialized': You must initialize the supabase instance before calling Supabase.instance
Realtime academic_categories subscription failed: 'package:supabase_flutter/src/supabase.dart': Failed assertion: line 45 pos 7: '_instance._isInitialized': You must initialize the supabase instance before calling Supabase.instance
Supabase auth listener not attached (Supabase not initialized?): 'package:supabase_flutter/src/supabase.dart': Failed assertion: line 45 pos 7: '_instance._isInitialized': You must initialize the supabase instance before calling Supabase.instance
loadVerifiedStreamersFromBackend failed: Bad state: Backend unavailable
_refreshAcademicCategories failed: Bad state: Backend unavailable
Realtime chat_reports subscription failed: 'package:supabase_flutter/src/supabase.dart': Failed assertion: line 45 pos 7: '_instance._isInitialized': You must initialize the supabase instance before calling Supabase.instance
_refreshAcademicCategories failed: Bad state: Backend unavailable
loadVerifiedStreamersFromBackend failed: Bad state: Backend unavailable
Realtime public streamer subscription failed: 'package:supabase_flutter/src/supabase.dart': Failed assertion: line 45 pos 7: '_instance._isInitialized': You must initialize the supabase instance before calling Supabase.instance
Realtime academic_categories subscription failed: 'package:supabase_flutter/src/supabase.dart': Failed assertion: line 45 pos 7: '_instance._isInitialized': You must initialize the supabase instance before calling Supabase.instance
Supabase auth listener not attached (Supabase not initialized?): 'package:supabase_flutter/src/supabase.dart': Failed assertion: line 45 pos 7: '_instance._isInitialized': You must initialize the supabase instance before calling Supabase.instance
loadVerifiedStreamersFromBackend failed: Bad state: Backend unavailable
_refreshAcademicCategories failed: Bad state: Backend unavailable
Realtime chat_reports subscription failed: 'package:supabase_flutter/src/supabase.dart': Failed assertion: line 45 pos 7: '_instance._isInitialized': You must initialize the supabase instance before calling Supabase.instance
_refreshAcademicCategories failed: Bad state: Backend unavailable
loadVerifiedStreamersFromBackend failed: Bad state: Backend unavailable
Realtime public streamer subscription failed: 'package:supabase_flutter/src/supabase.dart': Failed assertion: line 45 pos 7: '_instance._isInitialized': You must initialize the supabase instance before calling Supabase.instance
Realtime academic_categories subscription failed: 'package:supabase_flutter/src/supabase.dart': Failed assertion: line 45 pos 7: '_instance._isInitialized': You must initialize the supabase instance before calling Supabase.instance
Supabase auth listener not attached (Supabase not initialized?): 'package:supabase_flutter/src/supabase.dart': Failed assertion: line 45 pos 7: '_instance._isInitialized': You must initialize the supabase instance before calling Supabase.instance
loadVerifiedStreamersFromBackend failed: Bad state: Backend unavailable
_refreshAcademicCategories failed: Bad state: Backend unavailable
Realtime chat_reports subscription failed: 'package:supabase_flutter/src/supabase.dart': Failed assertion: line 45 pos 7: '_instance._isInitialized': You must initialize the supabase instance before calling Supabase.instance
_refreshAcademicCategories failed: Bad state: Backend unavailable
loadVerifiedStreamersFromBackend failed: Bad state: Backend unavailable
Realtime public streamer subscription failed: 'package:supabase_flutter/src/supabase.dart': Failed assertion: line 45 pos 7: '_instance._isInitialized': You must initialize the supabase instance before calling Supabase.instance
Realtime academic_categories subscription failed: 'package:supabase_flutter/src/supabase.dart': Failed assertion: line 45 pos 7: '_instance._isInitialized': You must initialize the supabase instance before calling Supabase.instance
Supabase auth listener not attached (Supabase not initialized?): 'package:supabase_flutter/src/supabase.dart': Failed assertion: line 45 pos 7: '_instance._isInitialized': You must initialize the supabase instance before calling Supabase.instance
loadVerifiedStreamersFromBackend failed: Bad state: Backend unavailable
_refreshAcademicCategories failed: Bad state: Backend unavailable
Realtime chat_reports subscription failed: 'package:supabase_flutter/src/supabase.dart': Failed assertion: line 45 pos 7: '_instance._isInitialized': You must initialize the supabase instance before calling Supabase.instance
_refreshAcademicCategories failed: Bad state: Backend unavailable
loadVerifiedStreamersFromBackend failed: Bad state: Backend unavailable
Realtime public streamer subscription failed: 'package:supabase_flutter/src/supabase.dart': Failed assertion: line 45 pos 7: '_instance._isInitialized': You must initialize the supabase instance before calling Supabase.instance
Realtime academic_categories subscription failed: 'package:supabase_flutter/src/supabase.dart': Failed assertion: line 45 pos 7: '_instance._isInitialized': You must initialize the supabase instance before calling Supabase.instance
Supabase auth listener not attached (Supabase not initialized?): 'package:supabase_flutter/src/supabase.dart': Failed assertion: line 45 pos 7: '_instance._isInitialized': You must initialize the supabase instance before calling Supabase.instance
loadVerifiedStreamersFromBackend failed: Bad state: Backend unavailable
_refreshAcademicCategories failed: Bad state: Backend unavailable
Realtime chat_reports subscription failed: 'package:supabase_flutter/src/supabase.dart': Failed assertion: line 45 pos 7: '_instance._isInitialized': You must initialize the supabase instance before calling Supabase.instance
_refreshAcademicCategories failed: Bad state: Backend unavailable
loadVerifiedStreamersFromBackend failed: Bad state: Backend unavailable
00:35 +35: C:/Users/User/.codex/worktrees/hadayah-wave4v2-integration/Streamer_app/project/test/layout_sweep_test.dart: admin tab 11 ar at all sizes and text scales
Realtime public streamer subscription failed: 'package:supabase_flutter/src/supabase.dart': Failed assertion: line 45 pos 7: '_instance._isInitialized': You must initialize the supabase instance before calling Supabase.instance
Realtime academic_categories subscription failed: 'package:supabase_flutter/src/supabase.dart': Failed assertion: line 45 pos 7: '_instance._isInitialized': You must initialize the supabase instance before calling Supabase.instance
Supabase auth listener not attached (Supabase not initialized?): 'package:supabase_flutter/src/supabase.dart': Failed assertion: line 45 pos 7: '_instance._isInitialized': You must initialize the supabase instance before calling Supabase.instance
loadVerifiedStreamersFromBackend failed: Bad state: Backend unavailable
_refreshAcademicCategories failed: Bad state: Backend unavailable
Realtime chat_reports subscription failed: 'package:supabase_flutter/src/supabase.dart': Failed assertion: line 45 pos 7: '_instance._isInitialized': You must initialize the supabase instance before calling Supabase.instance
_refreshAcademicCategories failed: Bad state: Backend unavailable
loadVerifiedStreamersFromBackend failed: Bad state: Backend unavailable
Realtime public streamer subscription failed: 'package:supabase_flutter/src/supabase.dart': Failed assertion: line 45 pos 7: '_instance._isInitialized': You must initialize the supabase instance before calling Supabase.instance
Realtime academic_categories subscription failed: 'package:supabase_flutter/src/supabase.dart': Failed assertion: line 45 pos 7: '_instance._isInitialized': You must initialize the supabase instance before calling Supabase.instance
Supabase auth listener not attached (Supabase not initialized?): 'package:supabase_flutter/src/supabase.dart': Failed assertion: line 45 pos 7: '_instance._isInitialized': You must initialize the supabase instance before calling Supabase.instance
loadVerifiedStreamersFromBackend failed: Bad state: Backend unavailable
_refreshAcademicCategories failed: Bad state: Backend unavailable
Realtime chat_reports subscription failed: 'package:supabase_flutter/src/supabase.dart': Failed assertion: line 45 pos 7: '_instance._isInitialized': You must initialize the supabase instance before calling Supabase.instance
_refreshAcademicCategories failed: Bad state: Backend unavailable
loadVerifiedStreamersFromBackend failed: Bad state: Backend unavailable
Realtime public streamer subscription failed: 'package:supabase_flutter/src/supabase.dart': Failed assertion: line 45 pos 7: '_instance._isInitialized': You must initialize the supabase instance before calling Supabase.instance
Realtime academic_categories subscription failed: 'package:supabase_flutter/src/supabase.dart': Failed assertion: line 45 pos 7: '_instance._isInitialized': You must initialize the supabase instance before calling Supabase.instance
Supabase auth listener not attached (Supabase not initialized?): 'package:supabase_flutter/src/supabase.dart': Failed assertion: line 45 pos 7: '_instance._isInitialized': You must initialize the supabase instance before calling Supabase.instance
loadVerifiedStreamersFromBackend failed: Bad state: Backend unavailable
_refreshAcademicCategories failed: Bad state: Backend unavailable
Realtime chat_reports subscription failed: 'package:supabase_flutter/src/supabase.dart': Failed assertion: line 45 pos 7: '_instance._isInitialized': You must initialize the supabase instance before calling Supabase.instance
_refreshAcademicCategories failed: Bad state: Backend unavailable
loadVerifiedStreamersFromBackend failed: Bad state: Backend unavailable
Realtime public streamer subscription failed: 'package:supabase_flutter/src/supabase.dart': Failed assertion: line 45 pos 7: '_instance._isInitialized': You must initialize the supabase instance before calling Supabase.instance
Realtime academic_categories subscription failed: 'package:supabase_flutter/src/supabase.dart': Failed assertion: line 45 pos 7: '_instance._isInitialized': You must initialize the supabase instance before calling Supabase.instance
Supabase auth listener not attached (Supabase not initialized?): 'package:supabase_flutter/src/supabase.dart': Failed assertion: line 45 pos 7: '_instance._isInitialized': You must initialize the supabase instance before calling Supabase.instance
loadVerifiedStreamersFromBackend failed: Bad state: Backend unavailable
_refreshAcademicCategories failed: Bad state: Backend unavailable
Realtime chat_reports subscription failed: 'package:supabase_flutter/src/supabase.dart': Failed assertion: line 45 pos 7: '_instance._isInitialized': You must initialize the supabase instance before calling Supabase.instance
_refreshAcademicCategories failed: Bad state: Backend unavailable
loadVerifiedStreamersFromBackend failed: Bad state: Backend unavailable
Realtime public streamer subscription failed: 'package:supabase_flutter/src/supabase.dart': Failed assertion: line 45 pos 7: '_instance._isInitialized': You must initialize the supabase instance before calling Supabase.instance
Realtime academic_categories subscription failed: 'package:supabase_flutter/src/supabase.dart': Failed assertion: line 45 pos 7: '_instance._isInitialized': You must initialize the supabase instance before calling Supabase.instance
Supabase auth listener not attached (Supabase not initialized?): 'package:supabase_flutter/src/supabase.dart': Failed assertion: line 45 pos 7: '_instance._isInitialized': You must initialize the supabase instance before calling Supabase.instance
loadVerifiedStreamersFromBackend failed: Bad state: Backend unavailable
_refreshAcademicCategories failed: Bad state: Backend unavailable
Realtime chat_reports subscription failed: 'package:supabase_flutter/src/supabase.dart': Failed assertion: line 45 pos 7: '_instance._isInitialized': You must initialize the supabase instance before calling Supabase.instance
_refreshAcademicCategories failed: Bad state: Backend unavailable
loadVerifiedStreamersFromBackend failed: Bad state: Backend unavailable
Realtime public streamer subscription failed: 'package:supabase_flutter/src/supabase.dart': Failed assertion: line 45 pos 7: '_instance._isInitialized': You must initialize the supabase instance before calling Supabase.instance
Realtime academic_categories subscription failed: 'package:supabase_flutter/src/supabase.dart': Failed assertion: line 45 pos 7: '_instance._isInitialized': You must initialize the supabase instance before calling Supabase.instance
Supabase auth listener not attached (Supabase not initialized?): 'package:supabase_flutter/src/supabase.dart': Failed assertion: line 45 pos 7: '_instance._isInitialized': You must initialize the supabase instance before calling Supabase.instance
loadVerifiedStreamersFromBackend failed: Bad state: Backend unavailable
_refreshAcademicCategories failed: Bad state: Backend unavailable
Realtime chat_reports subscription failed: 'package:supabase_flutter/src/supabase.dart': Failed assertion: line 45 pos 7: '_instance._isInitialized': You must initialize the supabase instance before calling Supabase.instance
_refreshAcademicCategories failed: Bad state: Backend unavailable
loadVerifiedStreamersFromBackend failed: Bad state: Backend unavailable
Realtime public streamer subscription failed: 'package:supabase_flutter/src/supabase.dart': Failed assertion: line 45 pos 7: '_instance._isInitialized': You must initialize the supabase instance before calling Supabase.instance
Realtime academic_categories subscription failed: 'package:supabase_flutter/src/supabase.dart': Failed assertion: line 45 pos 7: '_instance._isInitialized': You must initialize the supabase instance before calling Supabase.instance
Supabase auth listener not attached (Supabase not initialized?): 'package:supabase_flutter/src/supabase.dart': Failed assertion: line 45 pos 7: '_instance._isInitialized': You must initialize the supabase instance before calling Supabase.instance
loadVerifiedStreamersFromBackend failed: Bad state: Backend unavailable
_refreshAcademicCategories failed: Bad state: Backend unavailable
Realtime chat_reports subscription failed: 'package:supabase_flutter/src/supabase.dart': Failed assertion: line 45 pos 7: '_instance._isInitialized': You must initialize the supabase instance before calling Supabase.instance
_refreshAcademicCategories failed: Bad state: Backend unavailable
loadVerifiedStreamersFromBackend failed: Bad state: Backend unavailable
Realtime public streamer subscription failed: 'package:supabase_flutter/src/supabase.dart': Failed assertion: line 45 pos 7: '_instance._isInitialized': You must initialize the supabase instance before calling Supabase.instance
Realtime academic_categories subscription failed: 'package:supabase_flutter/src/supabase.dart': Failed assertion: line 45 pos 7: '_instance._isInitialized': You must initialize the supabase instance before calling Supabase.instance
Supabase auth listener not attached (Supabase not initialized?): 'package:supabase_flutter/src/supabase.dart': Failed assertion: line 45 pos 7: '_instance._isInitialized': You must initialize the supabase instance before calling Supabase.instance
loadVerifiedStreamersFromBackend failed: Bad state: Backend unavailable
_refreshAcademicCategories failed: Bad state: Backend unavailable
Realtime chat_reports subscription failed: 'package:supabase_flutter/src/supabase.dart': Failed assertion: line 45 pos 7: '_instance._isInitialized': You must initialize the supabase instance before calling Supabase.instance
_refreshAcademicCategories failed: Bad state: Backend unavailable
loadVerifiedStreamersFromBackend failed: Bad state: Backend unavailable
Realtime public streamer subscription failed: 'package:supabase_flutter/src/supabase.dart': Failed assertion: line 45 pos 7: '_instance._isInitialized': You must initialize the supabase instance before calling Supabase.instance
Realtime academic_categories subscription failed: 'package:supabase_flutter/src/supabase.dart': Failed assertion: line 45 pos 7: '_instance._isInitialized': You must initialize the supabase instance before calling Supabase.instance
Supabase auth listener not attached (Supabase not initialized?): 'package:supabase_flutter/src/supabase.dart': Failed assertion: line 45 pos 7: '_instance._isInitialized': You must initialize the supabase instance before calling Supabase.instance
loadVerifiedStreamersFromBackend failed: Bad state: Backend unavailable
_refreshAcademicCategories failed: Bad state: Backend unavailable
Realtime chat_reports subscription failed: 'package:supabase_flutter/src/supabase.dart': Failed assertion: line 45 pos 7: '_instance._isInitialized': You must initialize the supabase instance before calling Supabase.instance
_refreshAcademicCategories failed: Bad state: Backend unavailable
loadVerifiedStreamersFromBackend failed: Bad state: Backend unavailable
Realtime public streamer subscription failed: 'package:supabase_flutter/src/supabase.dart': Failed assertion: line 45 pos 7: '_instance._isInitialized': You must initialize the supabase instance before calling Supabase.instance
Realtime academic_categories subscription failed: 'package:supabase_flutter/src/supabase.dart': Failed assertion: line 45 pos 7: '_instance._isInitialized': You must initialize the supabase instance before calling Supabase.instance
Supabase auth listener not attached (Supabase not initialized?): 'package:supabase_flutter/src/supabase.dart': Failed assertion: line 45 pos 7: '_instance._isInitialized': You must initialize the supabase instance before calling Supabase.instance
loadVerifiedStreamersFromBackend failed: Bad state: Backend unavailable
_refreshAcademicCategories failed: Bad state: Backend unavailable
Realtime chat_reports subscription failed: 'package:supabase_flutter/src/supabase.dart': Failed assertion: line 45 pos 7: '_instance._isInitialized': You must initialize the supabase instance before calling Supabase.instance
_refreshAcademicCategories failed: Bad state: Backend unavailable
loadVerifiedStreamersFromBackend failed: Bad state: Backend unavailable
Realtime public streamer subscription failed: 'package:supabase_flutter/src/supabase.dart': Failed assertion: line 45 pos 7: '_instance._isInitialized': You must initialize the supabase instance before calling Supabase.instance
Realtime academic_categories subscription failed: 'package:supabase_flutter/src/supabase.dart': Failed assertion: line 45 pos 7: '_instance._isInitialized': You must initialize the supabase instance before calling Supabase.instance
Supabase auth listener not attached (Supabase not initialized?): 'package:supabase_flutter/src/supabase.dart': Failed assertion: line 45 pos 7: '_instance._isInitialized': You must initialize the supabase instance before calling Supabase.instance
loadVerifiedStreamersFromBackend failed: Bad state: Backend unavailable
_refreshAcademicCategories failed: Bad state: Backend unavailable
Realtime chat_reports subscription failed: 'package:supabase_flutter/src/supabase.dart': Failed assertion: line 45 pos 7: '_instance._isInitialized': You must initialize the supabase instance before calling Supabase.instance
_refreshAcademicCategories failed: Bad state: Backend unavailable
loadVerifiedStreamersFromBackend failed: Bad state: Backend unavailable
Realtime public streamer subscription failed: 'package:supabase_flutter/src/supabase.dart': Failed assertion: line 45 pos 7: '_instance._isInitialized': You must initialize the supabase instance before calling Supabase.instance
Realtime academic_categories subscription failed: 'package:supabase_flutter/src/supabase.dart': Failed assertion: line 45 pos 7: '_instance._isInitialized': You must initialize the supabase instance before calling Supabase.instance
Supabase auth listener not attached (Supabase not initialized?): 'package:supabase_flutter/src/supabase.dart': Failed assertion: line 45 pos 7: '_instance._isInitialized': You must initialize the supabase instance before calling Supabase.instance
loadVerifiedStreamersFromBackend failed: Bad state: Backend unavailable
_refreshAcademicCategories failed: Bad state: Backend unavailable
Realtime chat_reports subscription failed: 'package:supabase_flutter/src/supabase.dart': Failed assertion: line 45 pos 7: '_instance._isInitialized': You must initialize the supabase instance before calling Supabase.instance
_refreshAcademicCategories failed: Bad state: Backend unavailable
loadVerifiedStreamersFromBackend failed: Bad state: Backend unavailable
Realtime public streamer subscription failed: 'package:supabase_flutter/src/supabase.dart': Failed assertion: line 45 pos 7: '_instance._isInitialized': You must initialize the supabase instance before calling Supabase.instance
Realtime academic_categories subscription failed: 'package:supabase_flutter/src/supabase.dart': Failed assertion: line 45 pos 7: '_instance._isInitialized': You must initialize the supabase instance before calling Supabase.instance
Supabase auth listener not attached (Supabase not initialized?): 'package:supabase_flutter/src/supabase.dart': Failed assertion: line 45 pos 7: '_instance._isInitialized': You must initialize the supabase instance before calling Supabase.instance
loadVerifiedStreamersFromBackend failed: Bad state: Backend unavailable
_refreshAcademicCategories failed: Bad state: Backend unavailable
Realtime chat_reports subscription failed: 'package:supabase_flutter/src/supabase.dart': Failed assertion: line 45 pos 7: '_instance._isInitialized': You must initialize the supabase instance before calling Supabase.instance
_refreshAcademicCategories failed: Bad state: Backend unavailable
loadVerifiedStreamersFromBackend failed: Bad state: Backend unavailable
Realtime public streamer subscription failed: 'package:supabase_flutter/src/supabase.dart': Failed assertion: line 45 pos 7: '_instance._isInitialized': You must initialize the supabase instance before calling Supabase.instance
Realtime academic_categories subscription failed: 'package:supabase_flutter/src/supabase.dart': Failed assertion: line 45 pos 7: '_instance._isInitialized': You must initialize the supabase instance before calling Supabase.instance
Supabase auth listener not attached (Supabase not initialized?): 'package:supabase_flutter/src/supabase.dart': Failed assertion: line 45 pos 7: '_instance._isInitialized': You must initialize the supabase instance before calling Supabase.instance
loadVerifiedStreamersFromBackend failed: Bad state: Backend unavailable
_refreshAcademicCategories failed: Bad state: Backend unavailable
Realtime chat_reports subscription failed: 'package:supabase_flutter/src/supabase.dart': Failed assertion: line 45 pos 7: '_instance._isInitialized': You must initialize the supabase instance before calling Supabase.instance
_refreshAcademicCategories failed: Bad state: Backend unavailable
loadVerifiedStreamersFromBackend failed: Bad state: Backend unavailable
Realtime public streamer subscription failed: 'package:supabase_flutter/src/supabase.dart': Failed assertion: line 45 pos 7: '_instance._isInitialized': You must initialize the supabase instance before calling Supabase.instance
Realtime academic_categories subscription failed: 'package:supabase_flutter/src/supabase.dart': Failed assertion: line 45 pos 7: '_instance._isInitialized': You must initialize the supabase instance before calling Supabase.instance
Supabase auth listener not attached (Supabase not initialized?): 'package:supabase_flutter/src/supabase.dart': Failed assertion: line 45 pos 7: '_instance._isInitialized': You must initialize the supabase instance before calling Supabase.instance
loadVerifiedStreamersFromBackend failed: Bad state: Backend unavailable
_refreshAcademicCategories failed: Bad state: Backend unavailable
Realtime chat_reports subscription failed: 'package:supabase_flutter/src/supabase.dart': Failed assertion: line 45 pos 7: '_instance._isInitialized': You must initialize the supabase instance before calling Supabase.instance
_refreshAcademicCategories failed: Bad state: Backend unavailable
loadVerifiedStreamersFromBackend failed: Bad state: Backend unavailable
Realtime public streamer subscription failed: 'package:supabase_flutter/src/supabase.dart': Failed assertion: line 45 pos 7: '_instance._isInitialized': You must initialize the supabase instance before calling Supabase.instance
Realtime academic_categories subscription failed: 'package:supabase_flutter/src/supabase.dart': Failed assertion: line 45 pos 7: '_instance._isInitialized': You must initialize the supabase instance before calling Supabase.instance
Supabase auth listener not attached (Supabase not initialized?): 'package:supabase_flutter/src/supabase.dart': Failed assertion: line 45 pos 7: '_instance._isInitialized': You must initialize the supabase instance before calling Supabase.instance
loadVerifiedStreamersFromBackend failed: Bad state: Backend unavailable
_refreshAcademicCategories failed: Bad state: Backend unavailable
Realtime chat_reports subscription failed: 'package:supabase_flutter/src/supabase.dart': Failed assertion: line 45 pos 7: '_instance._isInitialized': You must initialize the supabase instance before calling Supabase.instance
_refreshAcademicCategories failed: Bad state: Backend unavailable
loadVerifiedStreamersFromBackend failed: Bad state: Backend unavailable
Realtime public streamer subscription failed: 'package:supabase_flutter/src/supabase.dart': Failed assertion: line 45 pos 7: '_instance._isInitialized': You must initialize the supabase instance before calling Supabase.instance
Realtime academic_categories subscription failed: 'package:supabase_flutter/src/supabase.dart': Failed assertion: line 45 pos 7: '_instance._isInitialized': You must initialize the supabase instance before calling Supabase.instance
Supabase auth listener not attached (Supabase not initialized?): 'package:supabase_flutter/src/supabase.dart': Failed assertion: line 45 pos 7: '_instance._isInitialized': You must initialize the supabase instance before calling Supabase.instance
loadVerifiedStreamersFromBackend failed: Bad state: Backend unavailable
_refreshAcademicCategories failed: Bad state: Backend unavailable
Realtime chat_reports subscription failed: 'package:supabase_flutter/src/supabase.dart': Failed assertion: line 45 pos 7: '_instance._isInitialized': You must initialize the supabase instance before calling Supabase.instance
_refreshAcademicCategories failed: Bad state: Backend unavailable
loadVerifiedStreamersFromBackend failed: Bad state: Backend unavailable
Realtime public streamer subscription failed: 'package:supabase_flutter/src/supabase.dart': Failed assertion: line 45 pos 7: '_instance._isInitialized': You must initialize the supabase instance before calling Supabase.instance
Realtime academic_categories subscription failed: 'package:supabase_flutter/src/supabase.dart': Failed assertion: line 45 pos 7: '_instance._isInitialized': You must initialize the supabase instance before calling Supabase.instance
Supabase auth listener not attached (Supabase not initialized?): 'package:supabase_flutter/src/supabase.dart': Failed assertion: line 45 pos 7: '_instance._isInitialized': You must initialize the supabase instance before calling Supabase.instance
loadVerifiedStreamersFromBackend failed: Bad state: Backend unavailable
_refreshAcademicCategories failed: Bad state: Backend unavailable
Realtime chat_reports subscription failed: 'package:supabase_flutter/src/supabase.dart': Failed assertion: line 45 pos 7: '_instance._isInitialized': You must initialize the supabase instance before calling Supabase.instance
_refreshAcademicCategories failed: Bad state: Backend unavailable
loadVerifiedStreamersFromBackend failed: Bad state: Backend unavailable
Realtime public streamer subscription failed: 'package:supabase_flutter/src/supabase.dart': Failed assertion: line 45 pos 7: '_instance._isInitialized': You must initialize the supabase instance before calling Supabase.instance
Realtime academic_categories subscription failed: 'package:supabase_flutter/src/supabase.dart': Failed assertion: line 45 pos 7: '_instance._isInitialized': You must initialize the supabase instance before calling Supabase.instance
Supabase auth listener not attached (Supabase not initialized?): 'package:supabase_flutter/src/supabase.dart': Failed assertion: line 45 pos 7: '_instance._isInitialized': You must initialize the supabase instance before calling Supabase.instance
loadVerifiedStreamersFromBackend failed: Bad state: Backend unavailable
_refreshAcademicCategories failed: Bad state: Backend unavailable
Realtime chat_reports subscription failed: 'package:supabase_flutter/src/supabase.dart': Failed assertion: line 45 pos 7: '_instance._isInitialized': You must initialize the supabase instance before calling Supabase.instance
_refreshAcademicCategories failed: Bad state: Backend unavailable
loadVerifiedStreamersFromBackend failed: Bad state: Backend unavailable
Realtime public streamer subscription failed: 'package:supabase_flutter/src/supabase.dart': Failed assertion: line 45 pos 7: '_instance._isInitialized': You must initialize the supabase instance before calling Supabase.instance
Realtime academic_categories subscription failed: 'package:supabase_flutter/src/supabase.dart': Failed assertion: line 45 pos 7: '_instance._isInitialized': You must initialize the supabase instance before calling Supabase.instance
Supabase auth listener not attached (Supabase not initialized?): 'package:supabase_flutter/src/supabase.dart': Failed assertion: line 45 pos 7: '_instance._isInitialized': You must initialize the supabase instance before calling Supabase.instance
loadVerifiedStreamersFromBackend failed: Bad state: Backend unavailable
_refreshAcademicCategories failed: Bad state: Backend unavailable
Realtime chat_reports subscription failed: 'package:supabase_flutter/src/supabase.dart': Failed assertion: line 45 pos 7: '_instance._isInitialized': You must initialize the supabase instance before calling Supabase.instance
_refreshAcademicCategories failed: Bad state: Backend unavailable
loadVerifiedStreamersFromBackend failed: Bad state: Backend unavailable
Realtime public streamer subscription failed: 'package:supabase_flutter/src/supabase.dart': Failed assertion: line 45 pos 7: '_instance._isInitialized': You must initialize the supabase instance before calling Supabase.instance
Realtime academic_categories subscription failed: 'package:supabase_flutter/src/supabase.dart': Failed assertion: line 45 pos 7: '_instance._isInitialized': You must initialize the supabase instance before calling Supabase.instance
Supabase auth listener not attached (Supabase not initialized?): 'package:supabase_flutter/src/supabase.dart': Failed assertion: line 45 pos 7: '_instance._isInitialized': You must initialize the supabase instance before calling Supabase.instance
loadVerifiedStreamersFromBackend failed: Bad state: Backend unavailable
_refreshAcademicCategories failed: Bad state: Backend unavailable
Realtime chat_reports subscription failed: 'package:supabase_flutter/src/supabase.dart': Failed assertion: line 45 pos 7: '_instance._isInitialized': You must initialize the supabase instance before calling Supabase.instance
_refreshAcademicCategories failed: Bad state: Backend unavailable
loadVerifiedStreamersFromBackend failed: Bad state: Backend unavailable
00:36 +36: C:/Users/User/.codex/worktrees/hadayah-wave4v2-integration/Streamer_app/project/test/layout_sweep_test.dart: admin tab 12 en at all sizes and text scales
Realtime public streamer subscription failed: 'package:supabase_flutter/src/supabase.dart': Failed assertion: line 45 pos 7: '_instance._isInitialized': You must initialize the supabase instance before calling Supabase.instance
Realtime academic_categories subscription failed: 'package:supabase_flutter/src/supabase.dart': Failed assertion: line 45 pos 7: '_instance._isInitialized': You must initialize the supabase instance before calling Supabase.instance
Supabase auth listener not attached (Supabase not initialized?): 'package:supabase_flutter/src/supabase.dart': Failed assertion: line 45 pos 7: '_instance._isInitialized': You must initialize the supabase instance before calling Supabase.instance
loadVerifiedStreamersFromBackend failed: Bad state: Backend unavailable
_refreshAcademicCategories failed: Bad state: Backend unavailable
Realtime chat_reports subscription failed: 'package:supabase_flutter/src/supabase.dart': Failed assertion: line 45 pos 7: '_instance._isInitialized': You must initialize the supabase instance before calling Supabase.instance
_refreshAcademicCategories failed: Bad state: Backend unavailable
loadVerifiedStreamersFromBackend failed: Bad state: Backend unavailable
Realtime public streamer subscription failed: 'package:supabase_flutter/src/supabase.dart': Failed assertion: line 45 pos 7: '_instance._isInitialized': You must initialize the supabase instance before calling Supabase.instance
Realtime academic_categories subscription failed: 'package:supabase_flutter/src/supabase.dart': Failed assertion: line 45 pos 7: '_instance._isInitialized': You must initialize the supabase instance before calling Supabase.instance
Supabase auth listener not attached (Supabase not initialized?): 'package:supabase_flutter/src/supabase.dart': Failed assertion: line 45 pos 7: '_instance._isInitialized': You must initialize the supabase instance before calling Supabase.instance
loadVerifiedStreamersFromBackend failed: Bad state: Backend unavailable
_refreshAcademicCategories failed: Bad state: Backend unavailable
Realtime chat_reports subscription failed: 'package:supabase_flutter/src/supabase.dart': Failed assertion: line 45 pos 7: '_instance._isInitialized': You must initialize the supabase instance before calling Supabase.instance
_refreshAcademicCategories failed: Bad state: Backend unavailable
loadVerifiedStreamersFromBackend failed: Bad state: Backend unavailable
Realtime public streamer subscription failed: 'package:supabase_flutter/src/supabase.dart': Failed assertion: line 45 pos 7: '_instance._isInitialized': You must initialize the supabase instance before calling Supabase.instance
Realtime academic_categories subscription failed: 'package:supabase_flutter/src/supabase.dart': Failed assertion: line 45 pos 7: '_instance._isInitialized': You must initialize the supabase instance before calling Supabase.instance
Supabase auth listener not attached (Supabase not initialized?): 'package:supabase_flutter/src/supabase.dart': Failed assertion: line 45 pos 7: '_instance._isInitialized': You must initialize the supabase instance before calling Supabase.instance
loadVerifiedStreamersFromBackend failed: Bad state: Backend unavailable
_refreshAcademicCategories failed: Bad state: Backend unavailable
Realtime chat_reports subscription failed: 'package:supabase_flutter/src/supabase.dart': Failed assertion: line 45 pos 7: '_instance._isInitialized': You must initialize the supabase instance before calling Supabase.instance
_refreshAcademicCategories failed: Bad state: Backend unavailable
loadVerifiedStreamersFromBackend failed: Bad state: Backend unavailable
Realtime public streamer subscription failed: 'package:supabase_flutter/src/supabase.dart': Failed assertion: line 45 pos 7: '_instance._isInitialized': You must initialize the supabase instance before calling Supabase.instance
Realtime academic_categories subscription failed: 'package:supabase_flutter/src/supabase.dart': Failed assertion: line 45 pos 7: '_instance._isInitialized': You must initialize the supabase instance before calling Supabase.instance
Supabase auth listener not attached (Supabase not initialized?): 'package:supabase_flutter/src/supabase.dart': Failed assertion: line 45 pos 7: '_instance._isInitialized': You must initialize the supabase instance before calling Supabase.instance
loadVerifiedStreamersFromBackend failed: Bad state: Backend unavailable
_refreshAcademicCategories failed: Bad state: Backend unavailable
Realtime chat_reports subscription failed: 'package:supabase_flutter/src/supabase.dart': Failed assertion: line 45 pos 7: '_instance._isInitialized': You must initialize the supabase instance before calling Supabase.instance
_refreshAcademicCategories failed: Bad state: Backend unavailable
loadVerifiedStreamersFromBackend failed: Bad state: Backend unavailable
Realtime public streamer subscription failed: 'package:supabase_flutter/src/supabase.dart': Failed assertion: line 45 pos 7: '_instance._isInitialized': You must initialize the supabase instance before calling Supabase.instance
Realtime academic_categories subscription failed: 'package:supabase_flutter/src/supabase.dart': Failed assertion: line 45 pos 7: '_instance._isInitialized': You must initialize the supabase instance before calling Supabase.instance
Supabase auth listener not attached (Supabase not initialized?): 'package:supabase_flutter/src/supabase.dart': Failed assertion: line 45 pos 7: '_instance._isInitialized': You must initialize the supabase instance before calling Supabase.instance
loadVerifiedStreamersFromBackend failed: Bad state: Backend unavailable
_refreshAcademicCategories failed: Bad state: Backend unavailable
Realtime chat_reports subscription failed: 'package:supabase_flutter/src/supabase.dart': Failed assertion: line 45 pos 7: '_instance._isInitialized': You must initialize the supabase instance before calling Supabase.instance
_refreshAcademicCategories failed: Bad state: Backend unavailable
loadVerifiedStreamersFromBackend failed: Bad state: Backend unavailable
Realtime public streamer subscription failed: 'package:supabase_flutter/src/supabase.dart': Failed assertion: line 45 pos 7: '_instance._isInitialized': You must initialize the supabase instance before calling Supabase.instance
Realtime academic_categories subscription failed: 'package:supabase_flutter/src/supabase.dart': Failed assertion: line 45 pos 7: '_instance._isInitialized': You must initialize the supabase instance before calling Supabase.instance
Supabase auth listener not attached (Supabase not initialized?): 'package:supabase_flutter/src/supabase.dart': Failed assertion: line 45 pos 7: '_instance._isInitialized': You must initialize the supabase instance before calling Supabase.instance
loadVerifiedStreamersFromBackend failed: Bad state: Backend unavailable
_refreshAcademicCategories failed: Bad state: Backend unavailable
Realtime chat_reports subscription failed: 'package:supabase_flutter/src/supabase.dart': Failed assertion: line 45 pos 7: '_instance._isInitialized': You must initialize the supabase instance before calling Supabase.instance
_refreshAcademicCategories failed: Bad state: Backend unavailable
loadVerifiedStreamersFromBackend failed: Bad state: Backend unavailable
Realtime public streamer subscription failed: 'package:supabase_flutter/src/supabase.dart': Failed assertion: line 45 pos 7: '_instance._isInitialized': You must initialize the supabase instance before calling Supabase.instance
Realtime academic_categories subscription failed: 'package:supabase_flutter/src/supabase.dart': Failed assertion: line 45 pos 7: '_instance._isInitialized': You must initialize the supabase instance before calling Supabase.instance
Supabase auth listener not attached (Supabase not initialized?): 'package:supabase_flutter/src/supabase.dart': Failed assertion: line 45 pos 7: '_instance._isInitialized': You must initialize the supabase instance before calling Supabase.instance
loadVerifiedStreamersFromBackend failed: Bad state: Backend unavailable
_refreshAcademicCategories failed: Bad state: Backend unavailable
Realtime chat_reports subscription failed: 'package:supabase_flutter/src/supabase.dart': Failed assertion: line 45 pos 7: '_instance._isInitialized': You must initialize the supabase instance before calling Supabase.instance
_refreshAcademicCategories failed: Bad state: Backend unavailable
loadVerifiedStreamersFromBackend failed: Bad state: Backend unavailable
Realtime public streamer subscription failed: 'package:supabase_flutter/src/supabase.dart': Failed assertion: line 45 pos 7: '_instance._isInitialized': You must initialize the supabase instance before calling Supabase.instance
Realtime academic_categories subscription failed: 'package:supabase_flutter/src/supabase.dart': Failed assertion: line 45 pos 7: '_instance._isInitialized': You must initialize the supabase instance before calling Supabase.instance
Supabase auth listener not attached (Supabase not initialized?): 'package:supabase_flutter/src/supabase.dart': Failed assertion: line 45 pos 7: '_instance._isInitialized': You must initialize the supabase instance before calling Supabase.instance
loadVerifiedStreamersFromBackend failed: Bad state: Backend unavailable
_refreshAcademicCategories failed: Bad state: Backend unavailable
Realtime chat_reports subscription failed: 'package:supabase_flutter/src/supabase.dart': Failed assertion: line 45 pos 7: '_instance._isInitialized': You must initialize the supabase instance before calling Supabase.instance
_refreshAcademicCategories failed: Bad state: Backend unavailable
loadVerifiedStreamersFromBackend failed: Bad state: Backend unavailable
Realtime public streamer subscription failed: 'package:supabase_flutter/src/supabase.dart': Failed assertion: line 45 pos 7: '_instance._isInitialized': You must initialize the supabase instance before calling Supabase.instance
Realtime academic_categories subscription failed: 'package:supabase_flutter/src/supabase.dart': Failed assertion: line 45 pos 7: '_instance._isInitialized': You must initialize the supabase instance before calling Supabase.instance
Supabase auth listener not attached (Supabase not initialized?): 'package:supabase_flutter/src/supabase.dart': Failed assertion: line 45 pos 7: '_instance._isInitialized': You must initialize the supabase instance before calling Supabase.instance
loadVerifiedStreamersFromBackend failed: Bad state: Backend unavailable
_refreshAcademicCategories failed: Bad state: Backend unavailable
Realtime chat_reports subscription failed: 'package:supabase_flutter/src/supabase.dart': Failed assertion: line 45 pos 7: '_instance._isInitialized': You must initialize the supabase instance before calling Supabase.instance
_refreshAcademicCategories failed: Bad state: Backend unavailable
loadVerifiedStreamersFromBackend failed: Bad state: Backend unavailable
Realtime public streamer subscription failed: 'package:supabase_flutter/src/supabase.dart': Failed assertion: line 45 pos 7: '_instance._isInitialized': You must initialize the supabase instance before calling Supabase.instance
Realtime academic_categories subscription failed: 'package:supabase_flutter/src/supabase.dart': Failed assertion: line 45 pos 7: '_instance._isInitialized': You must initialize the supabase instance before calling Supabase.instance
Supabase auth listener not attached (Supabase not initialized?): 'package:supabase_flutter/src/supabase.dart': Failed assertion: line 45 pos 7: '_instance._isInitialized': You must initialize the supabase instance before calling Supabase.instance
loadVerifiedStreamersFromBackend failed: Bad state: Backend unavailable
_refreshAcademicCategories failed: Bad state: Backend unavailable
Realtime chat_reports subscription failed: 'package:supabase_flutter/src/supabase.dart': Failed assertion: line 45 pos 7: '_instance._isInitialized': You must initialize the supabase instance before calling Supabase.instance
_refreshAcademicCategories failed: Bad state: Backend unavailable
loadVerifiedStreamersFromBackend failed: Bad state: Backend unavailable
Realtime public streamer subscription failed: 'package:supabase_flutter/src/supabase.dart': Failed assertion: line 45 pos 7: '_instance._isInitialized': You must initialize the supabase instance before calling Supabase.instance
Realtime academic_categories subscription failed: 'package:supabase_flutter/src/supabase.dart': Failed assertion: line 45 pos 7: '_instance._isInitialized': You must initialize the supabase instance before calling Supabase.instance
Supabase auth listener not attached (Supabase not initialized?): 'package:supabase_flutter/src/supabase.dart': Failed assertion: line 45 pos 7: '_instance._isInitialized': You must initialize the supabase instance before calling Supabase.instance
loadVerifiedStreamersFromBackend failed: Bad state: Backend unavailable
_refreshAcademicCategories failed: Bad state: Backend unavailable
Realtime chat_reports subscription failed: 'package:supabase_flutter/src/supabase.dart': Failed assertion: line 45 pos 7: '_instance._isInitialized': You must initialize the supabase instance before calling Supabase.instance
_refreshAcademicCategories failed: Bad state: Backend unavailable
loadVerifiedStreamersFromBackend failed: Bad state: Backend unavailable
Realtime public streamer subscription failed: 'package:supabase_flutter/src/supabase.dart': Failed assertion: line 45 pos 7: '_instance._isInitialized': You must initialize the supabase instance before calling Supabase.instance
Realtime academic_categories subscription failed: 'package:supabase_flutter/src/supabase.dart': Failed assertion: line 45 pos 7: '_instance._isInitialized': You must initialize the supabase instance before calling Supabase.instance
Supabase auth listener not attached (Supabase not initialized?): 'package:supabase_flutter/src/supabase.dart': Failed assertion: line 45 pos 7: '_instance._isInitialized': You must initialize the supabase instance before calling Supabase.instance
loadVerifiedStreamersFromBackend failed: Bad state: Backend unavailable
_refreshAcademicCategories failed: Bad state: Backend unavailable
Realtime chat_reports subscription failed: 'package:supabase_flutter/src/supabase.dart': Failed assertion: line 45 pos 7: '_instance._isInitialized': You must initialize the supabase instance before calling Supabase.instance
_refreshAcademicCategories failed: Bad state: Backend unavailable
loadVerifiedStreamersFromBackend failed: Bad state: Backend unavailable
Realtime public streamer subscription failed: 'package:supabase_flutter/src/supabase.dart': Failed assertion: line 45 pos 7: '_instance._isInitialized': You must initialize the supabase instance before calling Supabase.instance
Realtime academic_categories subscription failed: 'package:supabase_flutter/src/supabase.dart': Failed assertion: line 45 pos 7: '_instance._isInitialized': You must initialize the supabase instance before calling Supabase.instance
Supabase auth listener not attached (Supabase not initialized?): 'package:supabase_flutter/src/supabase.dart': Failed assertion: line 45 pos 7: '_instance._isInitialized': You must initialize the supabase instance before calling Supabase.instance
loadVerifiedStreamersFromBackend failed: Bad state: Backend unavailable
_refreshAcademicCategories failed: Bad state: Backend unavailable
Realtime chat_reports subscription failed: 'package:supabase_flutter/src/supabase.dart': Failed assertion: line 45 pos 7: '_instance._isInitialized': You must initialize the supabase instance before calling Supabase.instance
_refreshAcademicCategories failed: Bad state: Backend unavailable
loadVerifiedStreamersFromBackend failed: Bad state: Backend unavailable
Realtime public streamer subscription failed: 'package:supabase_flutter/src/supabase.dart': Failed assertion: line 45 pos 7: '_instance._isInitialized': You must initialize the supabase instance before calling Supabase.instance
Realtime academic_categories subscription failed: 'package:supabase_flutter/src/supabase.dart': Failed assertion: line 45 pos 7: '_instance._isInitialized': You must initialize the supabase instance before calling Supabase.instance
Supabase auth listener not attached (Supabase not initialized?): 'package:supabase_flutter/src/supabase.dart': Failed assertion: line 45 pos 7: '_instance._isInitialized': You must initialize the supabase instance before calling Supabase.instance
loadVerifiedStreamersFromBackend failed: Bad state: Backend unavailable
_refreshAcademicCategories failed: Bad state: Backend unavailable
Realtime chat_reports subscription failed: 'package:supabase_flutter/src/supabase.dart': Failed assertion: line 45 pos 7: '_instance._isInitialized': You must initialize the supabase instance before calling Supabase.instance
_refreshAcademicCategories failed: Bad state: Backend unavailable
loadVerifiedStreamersFromBackend failed: Bad state: Backend unavailable
Realtime public streamer subscription failed: 'package:supabase_flutter/src/supabase.dart': Failed assertion: line 45 pos 7: '_instance._isInitialized': You must initialize the supabase instance before calling Supabase.instance
Realtime academic_categories subscription failed: 'package:supabase_flutter/src/supabase.dart': Failed assertion: line 45 pos 7: '_instance._isInitialized': You must initialize the supabase instance before calling Supabase.instance
Supabase auth listener not attached (Supabase not initialized?): 'package:supabase_flutter/src/supabase.dart': Failed assertion: line 45 pos 7: '_instance._isInitialized': You must initialize the supabase instance before calling Supabase.instance
loadVerifiedStreamersFromBackend failed: Bad state: Backend unavailable
_refreshAcademicCategories failed: Bad state: Backend unavailable
Realtime chat_reports subscription failed: 'package:supabase_flutter/src/supabase.dart': Failed assertion: line 45 pos 7: '_instance._isInitialized': You must initialize the supabase instance before calling Supabase.instance
_refreshAcademicCategories failed: Bad state: Backend unavailable
loadVerifiedStreamersFromBackend failed: Bad state: Backend unavailable
Realtime public streamer subscription failed: 'package:supabase_flutter/src/supabase.dart': Failed assertion: line 45 pos 7: '_instance._isInitialized': You must initialize the supabase instance before calling Supabase.instance
Realtime academic_categories subscription failed: 'package:supabase_flutter/src/supabase.dart': Failed assertion: line 45 pos 7: '_instance._isInitialized': You must initialize the supabase instance before calling Supabase.instance
Supabase auth listener not attached (Supabase not initialized?): 'package:supabase_flutter/src/supabase.dart': Failed assertion: line 45 pos 7: '_instance._isInitialized': You must initialize the supabase instance before calling Supabase.instance
loadVerifiedStreamersFromBackend failed: Bad state: Backend unavailable
_refreshAcademicCategories failed: Bad state: Backend unavailable
Realtime chat_reports subscription failed: 'package:supabase_flutter/src/supabase.dart': Failed assertion: line 45 pos 7: '_instance._isInitialized': You must initialize the supabase instance before calling Supabase.instance
_refreshAcademicCategories failed: Bad state: Backend unavailable
loadVerifiedStreamersFromBackend failed: Bad state: Backend unavailable
Realtime public streamer subscription failed: 'package:supabase_flutter/src/supabase.dart': Failed assertion: line 45 pos 7: '_instance._isInitialized': You must initialize the supabase instance before calling Supabase.instance
Realtime academic_categories subscription failed: 'package:supabase_flutter/src/supabase.dart': Failed assertion: line 45 pos 7: '_instance._isInitialized': You must initialize the supabase instance before calling Supabase.instance
Supabase auth listener not attached (Supabase not initialized?): 'package:supabase_flutter/src/supabase.dart': Failed assertion: line 45 pos 7: '_instance._isInitialized': You must initialize the supabase instance before calling Supabase.instance
loadVerifiedStreamersFromBackend failed: Bad state: Backend unavailable
_refreshAcademicCategories failed: Bad state: Backend unavailable
Realtime chat_reports subscription failed: 'package:supabase_flutter/src/supabase.dart': Failed assertion: line 45 pos 7: '_instance._isInitialized': You must initialize the supabase instance before calling Supabase.instance
_refreshAcademicCategories failed: Bad state: Backend unavailable
loadVerifiedStreamersFromBackend failed: Bad state: Backend unavailable
Realtime public streamer subscription failed: 'package:supabase_flutter/src/supabase.dart': Failed assertion: line 45 pos 7: '_instance._isInitialized': You must initialize the supabase instance before calling Supabase.instance
Realtime academic_categories subscription failed: 'package:supabase_flutter/src/supabase.dart': Failed assertion: line 45 pos 7: '_instance._isInitialized': You must initialize the supabase instance before calling Supabase.instance
Supabase auth listener not attached (Supabase not initialized?): 'package:supabase_flutter/src/supabase.dart': Failed assertion: line 45 pos 7: '_instance._isInitialized': You must initialize the supabase instance before calling Supabase.instance
loadVerifiedStreamersFromBackend failed: Bad state: Backend unavailable
_refreshAcademicCategories failed: Bad state: Backend unavailable
Realtime chat_reports subscription failed: 'package:supabase_flutter/src/supabase.dart': Failed assertion: line 45 pos 7: '_instance._isInitialized': You must initialize the supabase instance before calling Supabase.instance
_refreshAcademicCategories failed: Bad state: Backend unavailable
loadVerifiedStreamersFromBackend failed: Bad state: Backend unavailable
Realtime public streamer subscription failed: 'package:supabase_flutter/src/supabase.dart': Failed assertion: line 45 pos 7: '_instance._isInitialized': You must initialize the supabase instance before calling Supabase.instance
Realtime academic_categories subscription failed: 'package:supabase_flutter/src/supabase.dart': Failed assertion: line 45 pos 7: '_instance._isInitialized': You must initialize the supabase instance before calling Supabase.instance
Supabase auth listener not attached (Supabase not initialized?): 'package:supabase_flutter/src/supabase.dart': Failed assertion: line 45 pos 7: '_instance._isInitialized': You must initialize the supabase instance before calling Supabase.instance
loadVerifiedStreamersFromBackend failed: Bad state: Backend unavailable
_refreshAcademicCategories failed: Bad state: Backend unavailable
Realtime chat_reports subscription failed: 'package:supabase_flutter/src/supabase.dart': Failed assertion: line 45 pos 7: '_instance._isInitialized': You must initialize the supabase instance before calling Supabase.instance
_refreshAcademicCategories failed: Bad state: Backend unavailable
loadVerifiedStreamersFromBackend failed: Bad state: Backend unavailable
Realtime public streamer subscription failed: 'package:supabase_flutter/src/supabase.dart': Failed assertion: line 45 pos 7: '_instance._isInitialized': You must initialize the supabase instance before calling Supabase.instance
Realtime academic_categories subscription failed: 'package:supabase_flutter/src/supabase.dart': Failed assertion: line 45 pos 7: '_instance._isInitialized': You must initialize the supabase instance before calling Supabase.instance
Supabase auth listener not attached (Supabase not initialized?): 'package:supabase_flutter/src/supabase.dart': Failed assertion: line 45 pos 7: '_instance._isInitialized': You must initialize the supabase instance before calling Supabase.instance
loadVerifiedStreamersFromBackend failed: Bad state: Backend unavailable
_refreshAcademicCategories failed: Bad state: Backend unavailable
Realtime chat_reports subscription failed: 'package:supabase_flutter/src/supabase.dart': Failed assertion: line 45 pos 7: '_instance._isInitialized': You must initialize the supabase instance before calling Supabase.instance
_refreshAcademicCategories failed: Bad state: Backend unavailable
loadVerifiedStreamersFromBackend failed: Bad state: Backend unavailable
Realtime public streamer subscription failed: 'package:supabase_flutter/src/supabase.dart': Failed assertion: line 45 pos 7: '_instance._isInitialized': You must initialize the supabase instance before calling Supabase.instance
Realtime academic_categories subscription failed: 'package:supabase_flutter/src/supabase.dart': Failed assertion: line 45 pos 7: '_instance._isInitialized': You must initialize the supabase instance before calling Supabase.instance
Supabase auth listener not attached (Supabase not initialized?): 'package:supabase_flutter/src/supabase.dart': Failed assertion: line 45 pos 7: '_instance._isInitialized': You must initialize the supabase instance before calling Supabase.instance
loadVerifiedStreamersFromBackend failed: Bad state: Backend unavailable
_refreshAcademicCategories failed: Bad state: Backend unavailable
Realtime chat_reports subscription failed: 'package:supabase_flutter/src/supabase.dart': Failed assertion: line 45 pos 7: '_instance._isInitialized': You must initialize the supabase instance before calling Supabase.instance
_refreshAcademicCategories failed: Bad state: Backend unavailable
loadVerifiedStreamersFromBackend failed: Bad state: Backend unavailable
00:37 +37: C:/Users/User/.codex/worktrees/hadayah-wave4v2-integration/Streamer_app/project/test/layout_sweep_test.dart: admin tab 12 ar at all sizes and text scales
Realtime public streamer subscription failed: 'package:supabase_flutter/src/supabase.dart': Failed assertion: line 45 pos 7: '_instance._isInitialized': You must initialize the supabase instance before calling Supabase.instance
Realtime academic_categories subscription failed: 'package:supabase_flutter/src/supabase.dart': Failed assertion: line 45 pos 7: '_instance._isInitialized': You must initialize the supabase instance before calling Supabase.instance
Supabase auth listener not attached (Supabase not initialized?): 'package:supabase_flutter/src/supabase.dart': Failed assertion: line 45 pos 7: '_instance._isInitialized': You must initialize the supabase instance before calling Supabase.instance
loadVerifiedStreamersFromBackend failed: Bad state: Backend unavailable
_refreshAcademicCategories failed: Bad state: Backend unavailable
Realtime chat_reports subscription failed: 'package:supabase_flutter/src/supabase.dart': Failed assertion: line 45 pos 7: '_instance._isInitialized': You must initialize the supabase instance before calling Supabase.instance
_refreshAcademicCategories failed: Bad state: Backend unavailable
loadVerifiedStreamersFromBackend failed: Bad state: Backend unavailable
Realtime public streamer subscription failed: 'package:supabase_flutter/src/supabase.dart': Failed assertion: line 45 pos 7: '_instance._isInitialized': You must initialize the supabase instance before calling Supabase.instance
Realtime academic_categories subscription failed: 'package:supabase_flutter/src/supabase.dart': Failed assertion: line 45 pos 7: '_instance._isInitialized': You must initialize the supabase instance before calling Supabase.instance
Supabase auth listener not attached (Supabase not initialized?): 'package:supabase_flutter/src/supabase.dart': Failed assertion: line 45 pos 7: '_instance._isInitialized': You must initialize the supabase instance before calling Supabase.instance
loadVerifiedStreamersFromBackend failed: Bad state: Backend unavailable
_refreshAcademicCategories failed: Bad state: Backend unavailable
Realtime chat_reports subscription failed: 'package:supabase_flutter/src/supabase.dart': Failed assertion: line 45 pos 7: '_instance._isInitialized': You must initialize the supabase instance before calling Supabase.instance
_refreshAcademicCategories failed: Bad state: Backend unavailable
loadVerifiedStreamersFromBackend failed: Bad state: Backend unavailable
Realtime public streamer subscription failed: 'package:supabase_flutter/src/supabase.dart': Failed assertion: line 45 pos 7: '_instance._isInitialized': You must initialize the supabase instance before calling Supabase.instance
Realtime academic_categories subscription failed: 'package:supabase_flutter/src/supabase.dart': Failed assertion: line 45 pos 7: '_instance._isInitialized': You must initialize the supabase instance before calling Supabase.instance
Supabase auth listener not attached (Supabase not initialized?): 'package:supabase_flutter/src/supabase.dart': Failed assertion: line 45 pos 7: '_instance._isInitialized': You must initialize the supabase instance before calling Supabase.instance
loadVerifiedStreamersFromBackend failed: Bad state: Backend unavailable
_refreshAcademicCategories failed: Bad state: Backend unavailable
Realtime chat_reports subscription failed: 'package:supabase_flutter/src/supabase.dart': Failed assertion: line 45 pos 7: '_instance._isInitialized': You must initialize the supabase instance before calling Supabase.instance
_refreshAcademicCategories failed: Bad state: Backend unavailable
loadVerifiedStreamersFromBackend failed: Bad state: Backend unavailable
Realtime public streamer subscription failed: 'package:supabase_flutter/src/supabase.dart': Failed assertion: line 45 pos 7: '_instance._isInitialized': You must initialize the supabase instance before calling Supabase.instance
Realtime academic_categories subscription failed: 'package:supabase_flutter/src/supabase.dart': Failed assertion: line 45 pos 7: '_instance._isInitialized': You must initialize the supabase instance before calling Supabase.instance
Supabase auth listener not attached (Supabase not initialized?): 'package:supabase_flutter/src/supabase.dart': Failed assertion: line 45 pos 7: '_instance._isInitialized': You must initialize the supabase instance before calling Supabase.instance
loadVerifiedStreamersFromBackend failed: Bad state: Backend unavailable
_refreshAcademicCategories failed: Bad state: Backend unavailable
Realtime chat_reports subscription failed: 'package:supabase_flutter/src/supabase.dart': Failed assertion: line 45 pos 7: '_instance._isInitialized': You must initialize the supabase instance before calling Supabase.instance
_refreshAcademicCategories failed: Bad state: Backend unavailable
loadVerifiedStreamersFromBackend failed: Bad state: Backend unavailable
Realtime public streamer subscription failed: 'package:supabase_flutter/src/supabase.dart': Failed assertion: line 45 pos 7: '_instance._isInitialized': You must initialize the supabase instance before calling Supabase.instance
Realtime academic_categories subscription failed: 'package:supabase_flutter/src/supabase.dart': Failed assertion: line 45 pos 7: '_instance._isInitialized': You must initialize the supabase instance before calling Supabase.instance
Supabase auth listener not attached (Supabase not initialized?): 'package:supabase_flutter/src/supabase.dart': Failed assertion: line 45 pos 7: '_instance._isInitialized': You must initialize the supabase instance before calling Supabase.instance
loadVerifiedStreamersFromBackend failed: Bad state: Backend unavailable
_refreshAcademicCategories failed: Bad state: Backend unavailable
Realtime chat_reports subscription failed: 'package:supabase_flutter/src/supabase.dart': Failed assertion: line 45 pos 7: '_instance._isInitialized': You must initialize the supabase instance before calling Supabase.instance
_refreshAcademicCategories failed: Bad state: Backend unavailable
loadVerifiedStreamersFromBackend failed: Bad state: Backend unavailable
Realtime public streamer subscription failed: 'package:supabase_flutter/src/supabase.dart': Failed assertion: line 45 pos 7: '_instance._isInitialized': You must initialize the supabase instance before calling Supabase.instance
Realtime academic_categories subscription failed: 'package:supabase_flutter/src/supabase.dart': Failed assertion: line 45 pos 7: '_instance._isInitialized': You must initialize the supabase instance before calling Supabase.instance
Supabase auth listener not attached (Supabase not initialized?): 'package:supabase_flutter/src/supabase.dart': Failed assertion: line 45 pos 7: '_instance._isInitialized': You must initialize the supabase instance before calling Supabase.instance
loadVerifiedStreamersFromBackend failed: Bad state: Backend unavailable
_refreshAcademicCategories failed: Bad state: Backend unavailable
Realtime chat_reports subscription failed: 'package:supabase_flutter/src/supabase.dart': Failed assertion: line 45 pos 7: '_instance._isInitialized': You must initialize the supabase instance before calling Supabase.instance
_refreshAcademicCategories failed: Bad state: Backend unavailable
loadVerifiedStreamersFromBackend failed: Bad state: Backend unavailable
Realtime public streamer subscription failed: 'package:supabase_flutter/src/supabase.dart': Failed assertion: line 45 pos 7: '_instance._isInitialized': You must initialize the supabase instance before calling Supabase.instance
Realtime academic_categories subscription failed: 'package:supabase_flutter/src/supabase.dart': Failed assertion: line 45 pos 7: '_instance._isInitialized': You must initialize the supabase instance before calling Supabase.instance
Supabase auth listener not attached (Supabase not initialized?): 'package:supabase_flutter/src/supabase.dart': Failed assertion: line 45 pos 7: '_instance._isInitialized': You must initialize the supabase instance before calling Supabase.instance
loadVerifiedStreamersFromBackend failed: Bad state: Backend unavailable
_refreshAcademicCategories failed: Bad state: Backend unavailable
Realtime chat_reports subscription failed: 'package:supabase_flutter/src/supabase.dart': Failed assertion: line 45 pos 7: '_instance._isInitialized': You must initialize the supabase instance before calling Supabase.instance
_refreshAcademicCategories failed: Bad state: Backend unavailable
loadVerifiedStreamersFromBackend failed: Bad state: Backend unavailable
Realtime public streamer subscription failed: 'package:supabase_flutter/src/supabase.dart': Failed assertion: line 45 pos 7: '_instance._isInitialized': You must initialize the supabase instance before calling Supabase.instance
Realtime academic_categories subscription failed: 'package:supabase_flutter/src/supabase.dart': Failed assertion: line 45 pos 7: '_instance._isInitialized': You must initialize the supabase instance before calling Supabase.instance
Supabase auth listener not attached (Supabase not initialized?): 'package:supabase_flutter/src/supabase.dart': Failed assertion: line 45 pos 7: '_instance._isInitialized': You must initialize the supabase instance before calling Supabase.instance
loadVerifiedStreamersFromBackend failed: Bad state: Backend unavailable
_refreshAcademicCategories failed: Bad state: Backend unavailable
Realtime chat_reports subscription failed: 'package:supabase_flutter/src/supabase.dart': Failed assertion: line 45 pos 7: '_instance._isInitialized': You must initialize the supabase instance before calling Supabase.instance
_refreshAcademicCategories failed: Bad state: Backend unavailable
loadVerifiedStreamersFromBackend failed: Bad state: Backend unavailable
Realtime public streamer subscription failed: 'package:supabase_flutter/src/supabase.dart': Failed assertion: line 45 pos 7: '_instance._isInitialized': You must initialize the supabase instance before calling Supabase.instance
Realtime academic_categories subscription failed: 'package:supabase_flutter/src/supabase.dart': Failed assertion: line 45 pos 7: '_instance._isInitialized': You must initialize the supabase instance before calling Supabase.instance
Supabase auth listener not attached (Supabase not initialized?): 'package:supabase_flutter/src/supabase.dart': Failed assertion: line 45 pos 7: '_instance._isInitialized': You must initialize the supabase instance before calling Supabase.instance
loadVerifiedStreamersFromBackend failed: Bad state: Backend unavailable
_refreshAcademicCategories failed: Bad state: Backend unavailable
Realtime chat_reports subscription failed: 'package:supabase_flutter/src/supabase.dart': Failed assertion: line 45 pos 7: '_instance._isInitialized': You must initialize the supabase instance before calling Supabase.instance
_refreshAcademicCategories failed: Bad state: Backend unavailable
loadVerifiedStreamersFromBackend failed: Bad state: Backend unavailable
Realtime public streamer subscription failed: 'package:supabase_flutter/src/supabase.dart': Failed assertion: line 45 pos 7: '_instance._isInitialized': You must initialize the supabase instance before calling Supabase.instance
Realtime academic_categories subscription failed: 'package:supabase_flutter/src/supabase.dart': Failed assertion: line 45 pos 7: '_instance._isInitialized': You must initialize the supabase instance before calling Supabase.instance
Supabase auth listener not attached (Supabase not initialized?): 'package:supabase_flutter/src/supabase.dart': Failed assertion: line 45 pos 7: '_instance._isInitialized': You must initialize the supabase instance before calling Supabase.instance
loadVerifiedStreamersFromBackend failed: Bad state: Backend unavailable
_refreshAcademicCategories failed: Bad state: Backend unavailable
Realtime chat_reports subscription failed: 'package:supabase_flutter/src/supabase.dart': Failed assertion: line 45 pos 7: '_instance._isInitialized': You must initialize the supabase instance before calling Supabase.instance
_refreshAcademicCategories failed: Bad state: Backend unavailable
loadVerifiedStreamersFromBackend failed: Bad state: Backend unavailable
Realtime public streamer subscription failed: 'package:supabase_flutter/src/supabase.dart': Failed assertion: line 45 pos 7: '_instance._isInitialized': You must initialize the supabase instance before calling Supabase.instance
Realtime academic_categories subscription failed: 'package:supabase_flutter/src/supabase.dart': Failed assertion: line 45 pos 7: '_instance._isInitialized': You must initialize the supabase instance before calling Supabase.instance
Supabase auth listener not attached (Supabase not initialized?): 'package:supabase_flutter/src/supabase.dart': Failed assertion: line 45 pos 7: '_instance._isInitialized': You must initialize the supabase instance before calling Supabase.instance
loadVerifiedStreamersFromBackend failed: Bad state: Backend unavailable
_refreshAcademicCategories failed: Bad state: Backend unavailable
Realtime chat_reports subscription failed: 'package:supabase_flutter/src/supabase.dart': Failed assertion: line 45 pos 7: '_instance._isInitialized': You must initialize the supabase instance before calling Supabase.instance
_refreshAcademicCategories failed: Bad state: Backend unavailable
loadVerifiedStreamersFromBackend failed: Bad state: Backend unavailable
Realtime public streamer subscription failed: 'package:supabase_flutter/src/supabase.dart': Failed assertion: line 45 pos 7: '_instance._isInitialized': You must initialize the supabase instance before calling Supabase.instance
Realtime academic_categories subscription failed: 'package:supabase_flutter/src/supabase.dart': Failed assertion: line 45 pos 7: '_instance._isInitialized': You must initialize the supabase instance before calling Supabase.instance
Supabase auth listener not attached (Supabase not initialized?): 'package:supabase_flutter/src/supabase.dart': Failed assertion: line 45 pos 7: '_instance._isInitialized': You must initialize the supabase instance before calling Supabase.instance
loadVerifiedStreamersFromBackend failed: Bad state: Backend unavailable
_refreshAcademicCategories failed: Bad state: Backend unavailable
Realtime chat_reports subscription failed: 'package:supabase_flutter/src/supabase.dart': Failed assertion: line 45 pos 7: '_instance._isInitialized': You must initialize the supabase instance before calling Supabase.instance
_refreshAcademicCategories failed: Bad state: Backend unavailable
loadVerifiedStreamersFromBackend failed: Bad state: Backend unavailable
Realtime public streamer subscription failed: 'package:supabase_flutter/src/supabase.dart': Failed assertion: line 45 pos 7: '_instance._isInitialized': You must initialize the supabase instance before calling Supabase.instance
Realtime academic_categories subscription failed: 'package:supabase_flutter/src/supabase.dart': Failed assertion: line 45 pos 7: '_instance._isInitialized': You must initialize the supabase instance before calling Supabase.instance
Supabase auth listener not attached (Supabase not initialized?): 'package:supabase_flutter/src/supabase.dart': Failed assertion: line 45 pos 7: '_instance._isInitialized': You must initialize the supabase instance before calling Supabase.instance
loadVerifiedStreamersFromBackend failed: Bad state: Backend unavailable
_refreshAcademicCategories failed: Bad state: Backend unavailable
Realtime chat_reports subscription failed: 'package:supabase_flutter/src/supabase.dart': Failed assertion: line 45 pos 7: '_instance._isInitialized': You must initialize the supabase instance before calling Supabase.instance
_refreshAcademicCategories failed: Bad state: Backend unavailable
loadVerifiedStreamersFromBackend failed: Bad state: Backend unavailable
Realtime public streamer subscription failed: 'package:supabase_flutter/src/supabase.dart': Failed assertion: line 45 pos 7: '_instance._isInitialized': You must initialize the supabase instance before calling Supabase.instance
Realtime academic_categories subscription failed: 'package:supabase_flutter/src/supabase.dart': Failed assertion: line 45 pos 7: '_instance._isInitialized': You must initialize the supabase instance before calling Supabase.instance
Supabase auth listener not attached (Supabase not initialized?): 'package:supabase_flutter/src/supabase.dart': Failed assertion: line 45 pos 7: '_instance._isInitialized': You must initialize the supabase instance before calling Supabase.instance
loadVerifiedStreamersFromBackend failed: Bad state: Backend unavailable
_refreshAcademicCategories failed: Bad state: Backend unavailable
Realtime chat_reports subscription failed: 'package:supabase_flutter/src/supabase.dart': Failed assertion: line 45 pos 7: '_instance._isInitialized': You must initialize the supabase instance before calling Supabase.instance
_refreshAcademicCategories failed: Bad state: Backend unavailable
loadVerifiedStreamersFromBackend failed: Bad state: Backend unavailable
Realtime public streamer subscription failed: 'package:supabase_flutter/src/supabase.dart': Failed assertion: line 45 pos 7: '_instance._isInitialized': You must initialize the supabase instance before calling Supabase.instance
Realtime academic_categories subscription failed: 'package:supabase_flutter/src/supabase.dart': Failed assertion: line 45 pos 7: '_instance._isInitialized': You must initialize the supabase instance before calling Supabase.instance
Supabase auth listener not attached (Supabase not initialized?): 'package:supabase_flutter/src/supabase.dart': Failed assertion: line 45 pos 7: '_instance._isInitialized': You must initialize the supabase instance before calling Supabase.instance
loadVerifiedStreamersFromBackend failed: Bad state: Backend unavailable
_refreshAcademicCategories failed: Bad state: Backend unavailable
Realtime chat_reports subscription failed: 'package:supabase_flutter/src/supabase.dart': Failed assertion: line 45 pos 7: '_instance._isInitialized': You must initialize the supabase instance before calling Supabase.instance
_refreshAcademicCategories failed: Bad state: Backend unavailable
loadVerifiedStreamersFromBackend failed: Bad state: Backend unavailable
Realtime public streamer subscription failed: 'package:supabase_flutter/src/supabase.dart': Failed assertion: line 45 pos 7: '_instance._isInitialized': You must initialize the supabase instance before calling Supabase.instance
Realtime academic_categories subscription failed: 'package:supabase_flutter/src/supabase.dart': Failed assertion: line 45 pos 7: '_instance._isInitialized': You must initialize the supabase instance before calling Supabase.instance
Supabase auth listener not attached (Supabase not initialized?): 'package:supabase_flutter/src/supabase.dart': Failed assertion: line 45 pos 7: '_instance._isInitialized': You must initialize the supabase instance before calling Supabase.instance
loadVerifiedStreamersFromBackend failed: Bad state: Backend unavailable
_refreshAcademicCategories failed: Bad state: Backend unavailable
Realtime chat_reports subscription failed: 'package:supabase_flutter/src/supabase.dart': Failed assertion: line 45 pos 7: '_instance._isInitialized': You must initialize the supabase instance before calling Supabase.instance
_refreshAcademicCategories failed: Bad state: Backend unavailable
loadVerifiedStreamersFromBackend failed: Bad state: Backend unavailable
Realtime public streamer subscription failed: 'package:supabase_flutter/src/supabase.dart': Failed assertion: line 45 pos 7: '_instance._isInitialized': You must initialize the supabase instance before calling Supabase.instance
Realtime academic_categories subscription failed: 'package:supabase_flutter/src/supabase.dart': Failed assertion: line 45 pos 7: '_instance._isInitialized': You must initialize the supabase instance before calling Supabase.instance
Supabase auth listener not attached (Supabase not initialized?): 'package:supabase_flutter/src/supabase.dart': Failed assertion: line 45 pos 7: '_instance._isInitialized': You must initialize the supabase instance before calling Supabase.instance
loadVerifiedStreamersFromBackend failed: Bad state: Backend unavailable
_refreshAcademicCategories failed: Bad state: Backend unavailable
Realtime chat_reports subscription failed: 'package:supabase_flutter/src/supabase.dart': Failed assertion: line 45 pos 7: '_instance._isInitialized': You must initialize the supabase instance before calling Supabase.instance
_refreshAcademicCategories failed: Bad state: Backend unavailable
loadVerifiedStreamersFromBackend failed: Bad state: Backend unavailable
Realtime public streamer subscription failed: 'package:supabase_flutter/src/supabase.dart': Failed assertion: line 45 pos 7: '_instance._isInitialized': You must initialize the supabase instance before calling Supabase.instance
Realtime academic_categories subscription failed: 'package:supabase_flutter/src/supabase.dart': Failed assertion: line 45 pos 7: '_instance._isInitialized': You must initialize the supabase instance before calling Supabase.instance
Supabase auth listener not attached (Supabase not initialized?): 'package:supabase_flutter/src/supabase.dart': Failed assertion: line 45 pos 7: '_instance._isInitialized': You must initialize the supabase instance before calling Supabase.instance
loadVerifiedStreamersFromBackend failed: Bad state: Backend unavailable
_refreshAcademicCategories failed: Bad state: Backend unavailable
Realtime chat_reports subscription failed: 'package:supabase_flutter/src/supabase.dart': Failed assertion: line 45 pos 7: '_instance._isInitialized': You must initialize the supabase instance before calling Supabase.instance
_refreshAcademicCategories failed: Bad state: Backend unavailable
loadVerifiedStreamersFromBackend failed: Bad state: Backend unavailable
Realtime public streamer subscription failed: 'package:supabase_flutter/src/supabase.dart': Failed assertion: line 45 pos 7: '_instance._isInitialized': You must initialize the supabase instance before calling Supabase.instance
Realtime academic_categories subscription failed: 'package:supabase_flutter/src/supabase.dart': Failed assertion: line 45 pos 7: '_instance._isInitialized': You must initialize the supabase instance before calling Supabase.instance
Supabase auth listener not attached (Supabase not initialized?): 'package:supabase_flutter/src/supabase.dart': Failed assertion: line 45 pos 7: '_instance._isInitialized': You must initialize the supabase instance before calling Supabase.instance
loadVerifiedStreamersFromBackend failed: Bad state: Backend unavailable
_refreshAcademicCategories failed: Bad state: Backend unavailable
Realtime chat_reports subscription failed: 'package:supabase_flutter/src/supabase.dart': Failed assertion: line 45 pos 7: '_instance._isInitialized': You must initialize the supabase instance before calling Supabase.instance
_refreshAcademicCategories failed: Bad state: Backend unavailable
loadVerifiedStreamersFromBackend failed: Bad state: Backend unavailable
Realtime public streamer subscription failed: 'package:supabase_flutter/src/supabase.dart': Failed assertion: line 45 pos 7: '_instance._isInitialized': You must initialize the supabase instance before calling Supabase.instance
Realtime academic_categories subscription failed: 'package:supabase_flutter/src/supabase.dart': Failed assertion: line 45 pos 7: '_instance._isInitialized': You must initialize the supabase instance before calling Supabase.instance
Supabase auth listener not attached (Supabase not initialized?): 'package:supabase_flutter/src/supabase.dart': Failed assertion: line 45 pos 7: '_instance._isInitialized': You must initialize the supabase instance before calling Supabase.instance
loadVerifiedStreamersFromBackend failed: Bad state: Backend unavailable
_refreshAcademicCategories failed: Bad state: Backend unavailable
Realtime chat_reports subscription failed: 'package:supabase_flutter/src/supabase.dart': Failed assertion: line 45 pos 7: '_instance._isInitialized': You must initialize the supabase instance before calling Supabase.instance
_refreshAcademicCategories failed: Bad state: Backend unavailable
loadVerifiedStreamersFromBackend failed: Bad state: Backend unavailable
Realtime public streamer subscription failed: 'package:supabase_flutter/src/supabase.dart': Failed assertion: line 45 pos 7: '_instance._isInitialized': You must initialize the supabase instance before calling Supabase.instance
Realtime academic_categories subscription failed: 'package:supabase_flutter/src/supabase.dart': Failed assertion: line 45 pos 7: '_instance._isInitialized': You must initialize the supabase instance before calling Supabase.instance
Supabase auth listener not attached (Supabase not initialized?): 'package:supabase_flutter/src/supabase.dart': Failed assertion: line 45 pos 7: '_instance._isInitialized': You must initialize the supabase instance before calling Supabase.instance
loadVerifiedStreamersFromBackend failed: Bad state: Backend unavailable
_refreshAcademicCategories failed: Bad state: Backend unavailable
Realtime chat_reports subscription failed: 'package:supabase_flutter/src/supabase.dart': Failed assertion: line 45 pos 7: '_instance._isInitialized': You must initialize the supabase instance before calling Supabase.instance
_refreshAcademicCategories failed: Bad state: Backend unavailable
loadVerifiedStreamersFromBackend failed: Bad state: Backend unavailable
00:38 +38: C:/Users/User/.codex/worktrees/hadayah-wave4v2-integration/Streamer_app/project/test/layout_sweep_test.dart: viewer settings en at all sizes and text scales
Realtime public streamer subscription failed: 'package:supabase_flutter/src/supabase.dart': Failed assertion: line 45 pos 7: '_instance._isInitialized': You must initialize the supabase instance before calling Supabase.instance
Realtime academic_categories subscription failed: 'package:supabase_flutter/src/supabase.dart': Failed assertion: line 45 pos 7: '_instance._isInitialized': You must initialize the supabase instance before calling Supabase.instance
Supabase auth listener not attached (Supabase not initialized?): 'package:supabase_flutter/src/supabase.dart': Failed assertion: line 45 pos 7: '_instance._isInitialized': You must initialize the supabase instance before calling Supabase.instance
loadVerifiedStreamersFromBackend failed: Bad state: Backend unavailable
_refreshAcademicCategories failed: Bad state: Backend unavailable
Realtime public streamer subscription failed: 'package:supabase_flutter/src/supabase.dart': Failed assertion: line 45 pos 7: '_instance._isInitialized': You must initialize the supabase instance before calling Supabase.instance
Realtime academic_categories subscription failed: 'package:supabase_flutter/src/supabase.dart': Failed assertion: line 45 pos 7: '_instance._isInitialized': You must initialize the supabase instance before calling Supabase.instance
Supabase auth listener not attached (Supabase not initialized?): 'package:supabase_flutter/src/supabase.dart': Failed assertion: line 45 pos 7: '_instance._isInitialized': You must initialize the supabase instance before calling Supabase.instance
loadVerifiedStreamersFromBackend failed: Bad state: Backend unavailable
_refreshAcademicCategories failed: Bad state: Backend unavailable
Realtime public streamer subscription failed: 'package:supabase_flutter/src/supabase.dart': Failed assertion: line 45 pos 7: '_instance._isInitialized': You must initialize the supabase instance before calling Supabase.instance
Realtime academic_categories subscription failed: 'package:supabase_flutter/src/supabase.dart': Failed assertion: line 45 pos 7: '_instance._isInitialized': You must initialize the supabase instance before calling Supabase.instance
Supabase auth listener not attached (Supabase not initialized?): 'package:supabase_flutter/src/supabase.dart': Failed assertion: line 45 pos 7: '_instance._isInitialized': You must initialize the supabase instance before calling Supabase.instance
loadVerifiedStreamersFromBackend failed: Bad state: Backend unavailable
_refreshAcademicCategories failed: Bad state: Backend unavailable
Realtime public streamer subscription failed: 'package:supabase_flutter/src/supabase.dart': Failed assertion: line 45 pos 7: '_instance._isInitialized': You must initialize the supabase instance before calling Supabase.instance
Realtime academic_categories subscription failed: 'package:supabase_flutter/src/supabase.dart': Failed assertion: line 45 pos 7: '_instance._isInitialized': You must initialize the supabase instance before calling Supabase.instance
Supabase auth listener not attached (Supabase not initialized?): 'package:supabase_flutter/src/supabase.dart': Failed assertion: line 45 pos 7: '_instance._isInitialized': You must initialize the supabase instance before calling Supabase.instance
loadVerifiedStreamersFromBackend failed: Bad state: Backend unavailable
_refreshAcademicCategories failed: Bad state: Backend unavailable
Realtime public streamer subscription failed: 'package:supabase_flutter/src/supabase.dart': Failed assertion: line 45 pos 7: '_instance._isInitialized': You must initialize the supabase instance before calling Supabase.instance
Realtime academic_categories subscription failed: 'package:supabase_flutter/src/supabase.dart': Failed assertion: line 45 pos 7: '_instance._isInitialized': You must initialize the supabase instance before calling Supabase.instance
Supabase auth listener not attached (Supabase not initialized?): 'package:supabase_flutter/src/supabase.dart': Failed assertion: line 45 pos 7: '_instance._isInitialized': You must initialize the supabase instance before calling Supabase.instance
loadVerifiedStreamersFromBackend failed: Bad state: Backend unavailable
_refreshAcademicCategories failed: Bad state: Backend unavailable
Realtime public streamer subscription failed: 'package:supabase_flutter/src/supabase.dart': Failed assertion: line 45 pos 7: '_instance._isInitialized': You must initialize the supabase instance before calling Supabase.instance
Realtime academic_categories subscription failed: 'package:supabase_flutter/src/supabase.dart': Failed assertion: line 45 pos 7: '_instance._isInitialized': You must initialize the supabase instance before calling Supabase.instance
Supabase auth listener not attached (Supabase not initialized?): 'package:supabase_flutter/src/supabase.dart': Failed assertion: line 45 pos 7: '_instance._isInitialized': You must initialize the supabase instance before calling Supabase.instance
loadVerifiedStreamersFromBackend failed: Bad state: Backend unavailable
_refreshAcademicCategories failed: Bad state: Backend unavailable
Realtime public streamer subscription failed: 'package:supabase_flutter/src/supabase.dart': Failed assertion: line 45 pos 7: '_instance._isInitialized': You must initialize the supabase instance before calling Supabase.instance
Realtime academic_categories subscription failed: 'package:supabase_flutter/src/supabase.dart': Failed assertion: line 45 pos 7: '_instance._isInitialized': You must initialize the supabase instance before calling Supabase.instance
Supabase auth listener not attached (Supabase not initialized?): 'package:supabase_flutter/src/supabase.dart': Failed assertion: line 45 pos 7: '_instance._isInitialized': You must initialize the supabase instance before calling Supabase.instance
loadVerifiedStreamersFromBackend failed: Bad state: Backend unavailable
_refreshAcademicCategories failed: Bad state: Backend unavailable
Realtime public streamer subscription failed: 'package:supabase_flutter/src/supabase.dart': Failed assertion: line 45 pos 7: '_instance._isInitialized': You must initialize the supabase instance before calling Supabase.instance
Realtime academic_categories subscription failed: 'package:supabase_flutter/src/supabase.dart': Failed assertion: line 45 pos 7: '_instance._isInitialized': You must initialize the supabase instance before calling Supabase.instance
Supabase auth listener not attached (Supabase not initialized?): 'package:supabase_flutter/src/supabase.dart': Failed assertion: line 45 pos 7: '_instance._isInitialized': You must initialize the supabase instance before calling Supabase.instance
loadVerifiedStreamersFromBackend failed: Bad state: Backend unavailable
_refreshAcademicCategories failed: Bad state: Backend unavailable
Realtime public streamer subscription failed: 'package:supabase_flutter/src/supabase.dart': Failed assertion: line 45 pos 7: '_instance._isInitialized': You must initialize the supabase instance before calling Supabase.instance
Realtime academic_categories subscription failed: 'package:supabase_flutter/src/supabase.dart': Failed assertion: line 45 pos 7: '_instance._isInitialized': You must initialize the supabase instance before calling Supabase.instance
Supabase auth listener not attached (Supabase not initialized?): 'package:supabase_flutter/src/supabase.dart': Failed assertion: line 45 pos 7: '_instance._isInitialized': You must initialize the supabase instance before calling Supabase.instance
loadVerifiedStreamersFromBackend failed: Bad state: Backend unavailable
_refreshAcademicCategories failed: Bad state: Backend unavailable
Realtime public streamer subscription failed: 'package:supabase_flutter/src/supabase.dart': Failed assertion: line 45 pos 7: '_instance._isInitialized': You must initialize the supabase instance before calling Supabase.instance
Realtime academic_categories subscription failed: 'package:supabase_flutter/src/supabase.dart': Failed assertion: line 45 pos 7: '_instance._isInitialized': You must initialize the supabase instance before calling Supabase.instance
Supabase auth listener not attached (Supabase not initialized?): 'package:supabase_flutter/src/supabase.dart': Failed assertion: line 45 pos 7: '_instance._isInitialized': You must initialize the supabase instance before calling Supabase.instance
loadVerifiedStreamersFromBackend failed: Bad state: Backend unavailable
_refreshAcademicCategories failed: Bad state: Backend unavailable
Realtime public streamer subscription failed: 'package:supabase_flutter/src/supabase.dart': Failed assertion: line 45 pos 7: '_instance._isInitialized': You must initialize the supabase instance before calling Supabase.instance
Realtime academic_categories subscription failed: 'package:supabase_flutter/src/supabase.dart': Failed assertion: line 45 pos 7: '_instance._isInitialized': You must initialize the supabase instance before calling Supabase.instance
Supabase auth listener not attached (Supabase not initialized?): 'package:supabase_flutter/src/supabase.dart': Failed assertion: line 45 pos 7: '_instance._isInitialized': You must initialize the supabase instance before calling Supabase.instance
loadVerifiedStreamersFromBackend failed: Bad state: Backend unavailable
_refreshAcademicCategories failed: Bad state: Backend unavailable
Realtime public streamer subscription failed: 'package:supabase_flutter/src/supabase.dart': Failed assertion: line 45 pos 7: '_instance._isInitialized': You must initialize the supabase instance before calling Supabase.instance
Realtime academic_categories subscription failed: 'package:supabase_flutter/src/supabase.dart': Failed assertion: line 45 pos 7: '_instance._isInitialized': You must initialize the supabase instance before calling Supabase.instance
Supabase auth listener not attached (Supabase not initialized?): 'package:supabase_flutter/src/supabase.dart': Failed assertion: line 45 pos 7: '_instance._isInitialized': You must initialize the supabase instance before calling Supabase.instance
loadVerifiedStreamersFromBackend failed: Bad state: Backend unavailable
_refreshAcademicCategories failed: Bad state: Backend unavailable
Realtime public streamer subscription failed: 'package:supabase_flutter/src/supabase.dart': Failed assertion: line 45 pos 7: '_instance._isInitialized': You must initialize the supabase instance before calling Supabase.instance
Realtime academic_categories subscription failed: 'package:supabase_flutter/src/supabase.dart': Failed assertion: line 45 pos 7: '_instance._isInitialized': You must initialize the supabase instance before calling Supabase.instance
Supabase auth listener not attached (Supabase not initialized?): 'package:supabase_flutter/src/supabase.dart': Failed assertion: line 45 pos 7: '_instance._isInitialized': You must initialize the supabase instance before calling Supabase.instance
loadVerifiedStreamersFromBackend failed: Bad state: Backend unavailable
_refreshAcademicCategories failed: Bad state: Backend unavailable
Realtime public streamer subscription failed: 'package:supabase_flutter/src/supabase.dart': Failed assertion: line 45 pos 7: '_instance._isInitialized': You must initialize the supabase instance before calling Supabase.instance
Realtime academic_categories subscription failed: 'package:supabase_flutter/src/supabase.dart': Failed assertion: line 45 pos 7: '_instance._isInitialized': You must initialize the supabase instance before calling Supabase.instance
Supabase auth listener not attached (Supabase not initialized?): 'package:supabase_flutter/src/supabase.dart': Failed assertion: line 45 pos 7: '_instance._isInitialized': You must initialize the supabase instance before calling Supabase.instance
loadVerifiedStreamersFromBackend failed: Bad state: Backend unavailable
_refreshAcademicCategories failed: Bad state: Backend unavailable
Realtime public streamer subscription failed: 'package:supabase_flutter/src/supabase.dart': Failed assertion: line 45 pos 7: '_instance._isInitialized': You must initialize the supabase instance before calling Supabase.instance
Realtime academic_categories subscription failed: 'package:supabase_flutter/src/supabase.dart': Failed assertion: line 45 pos 7: '_instance._isInitialized': You must initialize the supabase instance before calling Supabase.instance
Supabase auth listener not attached (Supabase not initialized?): 'package:supabase_flutter/src/supabase.dart': Failed assertion: line 45 pos 7: '_instance._isInitialized': You must initialize the supabase instance before calling Supabase.instance
loadVerifiedStreamersFromBackend failed: Bad state: Backend unavailable
_refreshAcademicCategories failed: Bad state: Backend unavailable
Realtime public streamer subscription failed: 'package:supabase_flutter/src/supabase.dart': Failed assertion: line 45 pos 7: '_instance._isInitialized': You must initialize the supabase instance before calling Supabase.instance
Realtime academic_categories subscription failed: 'package:supabase_flutter/src/supabase.dart': Failed assertion: line 45 pos 7: '_instance._isInitialized': You must initialize the supabase instance before calling Supabase.instance
Supabase auth listener not attached (Supabase not initialized?): 'package:supabase_flutter/src/supabase.dart': Failed assertion: line 45 pos 7: '_instance._isInitialized': You must initialize the supabase instance before calling Supabase.instance
loadVerifiedStreamersFromBackend failed: Bad state: Backend unavailable
_refreshAcademicCategories failed: Bad state: Backend unavailable
Realtime public streamer subscription failed: 'package:supabase_flutter/src/supabase.dart': Failed assertion: line 45 pos 7: '_instance._isInitialized': You must initialize the supabase instance before calling Supabase.instance
Realtime academic_categories subscription failed: 'package:supabase_flutter/src/supabase.dart': Failed assertion: line 45 pos 7: '_instance._isInitialized': You must initialize the supabase instance before calling Supabase.instance
Supabase auth listener not attached (Supabase not initialized?): 'package:supabase_flutter/src/supabase.dart': Failed assertion: line 45 pos 7: '_instance._isInitialized': You must initialize the supabase instance before calling Supabase.instance
loadVerifiedStreamersFromBackend failed: Bad state: Backend unavailable
_refreshAcademicCategories failed: Bad state: Backend unavailable
Realtime public streamer subscription failed: 'package:supabase_flutter/src/supabase.dart': Failed assertion: line 45 pos 7: '_instance._isInitialized': You must initialize the supabase instance before calling Supabase.instance
Realtime academic_categories subscription failed: 'package:supabase_flutter/src/supabase.dart': Failed assertion: line 45 pos 7: '_instance._isInitialized': You must initialize the supabase instance before calling Supabase.instance
Supabase auth listener not attached (Supabase not initialized?): 'package:supabase_flutter/src/supabase.dart': Failed assertion: line 45 pos 7: '_instance._isInitialized': You must initialize the supabase instance before calling Supabase.instance
loadVerifiedStreamersFromBackend failed: Bad state: Backend unavailable
_refreshAcademicCategories failed: Bad state: Backend unavailable
Realtime public streamer subscription failed: 'package:supabase_flutter/src/supabase.dart': Failed assertion: line 45 pos 7: '_instance._isInitialized': You must initialize the supabase instance before calling Supabase.instance
Realtime academic_categories subscription failed: 'package:supabase_flutter/src/supabase.dart': Failed assertion: line 45 pos 7: '_instance._isInitialized': You must initialize the supabase instance before calling Supabase.instance
Supabase auth listener not attached (Supabase not initialized?): 'package:supabase_flutter/src/supabase.dart': Failed assertion: line 45 pos 7: '_instance._isInitialized': You must initialize the supabase instance before calling Supabase.instance
loadVerifiedStreamersFromBackend failed: Bad state: Backend unavailable
_refreshAcademicCategories failed: Bad state: Backend unavailable
Realtime public streamer subscription failed: 'package:supabase_flutter/src/supabase.dart': Failed assertion: line 45 pos 7: '_instance._isInitialized': You must initialize the supabase instance before calling Supabase.instance
Realtime academic_categories subscription failed: 'package:supabase_flutter/src/supabase.dart': Failed assertion: line 45 pos 7: '_instance._isInitialized': You must initialize the supabase instance before calling Supabase.instance
Supabase auth listener not attached (Supabase not initialized?): 'package:supabase_flutter/src/supabase.dart': Failed assertion: line 45 pos 7: '_instance._isInitialized': You must initialize the supabase instance before calling Supabase.instance
loadVerifiedStreamersFromBackend failed: Bad state: Backend unavailable
_refreshAcademicCategories failed: Bad state: Backend unavailable
Realtime public streamer subscription failed: 'package:supabase_flutter/src/supabase.dart': Failed assertion: line 45 pos 7: '_instance._isInitialized': You must initialize the supabase instance before calling Supabase.instance
Realtime academic_categories subscription failed: 'package:supabase_flutter/src/supabase.dart': Failed assertion: line 45 pos 7: '_instance._isInitialized': You must initialize the supabase instance before calling Supabase.instance
Supabase auth listener not attached (Supabase not initialized?): 'package:supabase_flutter/src/supabase.dart': Failed assertion: line 45 pos 7: '_instance._isInitialized': You must initialize the supabase instance before calling Supabase.instance
loadVerifiedStreamersFromBackend failed: Bad state: Backend unavailable
_refreshAcademicCategories failed: Bad state: Backend unavailable
00:39 +39: C:/Users/User/.codex/worktrees/hadayah-wave4v2-integration/Streamer_app/project/test/layout_sweep_test.dart: viewer settings ar at all sizes and text scales
Realtime public streamer subscription failed: 'package:supabase_flutter/src/supabase.dart': Failed assertion: line 45 pos 7: '_instance._isInitialized': You must initialize the supabase instance before calling Supabase.instance
Realtime academic_categories subscription failed: 'package:supabase_flutter/src/supabase.dart': Failed assertion: line 45 pos 7: '_instance._isInitialized': You must initialize the supabase instance before calling Supabase.instance
Supabase auth listener not attached (Supabase not initialized?): 'package:supabase_flutter/src/supabase.dart': Failed assertion: line 45 pos 7: '_instance._isInitialized': You must initialize the supabase instance before calling Supabase.instance
loadVerifiedStreamersFromBackend failed: Bad state: Backend unavailable
_refreshAcademicCategories failed: Bad state: Backend unavailable
Realtime public streamer subscription failed: 'package:supabase_flutter/src/supabase.dart': Failed assertion: line 45 pos 7: '_instance._isInitialized': You must initialize the supabase instance before calling Supabase.instance
Realtime academic_categories subscription failed: 'package:supabase_flutter/src/supabase.dart': Failed assertion: line 45 pos 7: '_instance._isInitialized': You must initialize the supabase instance before calling Supabase.instance
Supabase auth listener not attached (Supabase not initialized?): 'package:supabase_flutter/src/supabase.dart': Failed assertion: line 45 pos 7: '_instance._isInitialized': You must initialize the supabase instance before calling Supabase.instance
loadVerifiedStreamersFromBackend failed: Bad state: Backend unavailable
_refreshAcademicCategories failed: Bad state: Backend unavailable
Realtime public streamer subscription failed: 'package:supabase_flutter/src/supabase.dart': Failed assertion: line 45 pos 7: '_instance._isInitialized': You must initialize the supabase instance before calling Supabase.instance
Realtime academic_categories subscription failed: 'package:supabase_flutter/src/supabase.dart': Failed assertion: line 45 pos 7: '_instance._isInitialized': You must initialize the supabase instance before calling Supabase.instance
Supabase auth listener not attached (Supabase not initialized?): 'package:supabase_flutter/src/supabase.dart': Failed assertion: line 45 pos 7: '_instance._isInitialized': You must initialize the supabase instance before calling Supabase.instance
loadVerifiedStreamersFromBackend failed: Bad state: Backend unavailable
_refreshAcademicCategories failed: Bad state: Backend unavailable
Realtime public streamer subscription failed: 'package:supabase_flutter/src/supabase.dart': Failed assertion: line 45 pos 7: '_instance._isInitialized': You must initialize the supabase instance before calling Supabase.instance
Realtime academic_categories subscription failed: 'package:supabase_flutter/src/supabase.dart': Failed assertion: line 45 pos 7: '_instance._isInitialized': You must initialize the supabase instance before calling Supabase.instance
Supabase auth listener not attached (Supabase not initialized?): 'package:supabase_flutter/src/supabase.dart': Failed assertion: line 45 pos 7: '_instance._isInitialized': You must initialize the supabase instance before calling Supabase.instance
loadVerifiedStreamersFromBackend failed: Bad state: Backend unavailable
_refreshAcademicCategories failed: Bad state: Backend unavailable
Realtime public streamer subscription failed: 'package:supabase_flutter/src/supabase.dart': Failed assertion: line 45 pos 7: '_instance._isInitialized': You must initialize the supabase instance before calling Supabase.instance
Realtime academic_categories subscription failed: 'package:supabase_flutter/src/supabase.dart': Failed assertion: line 45 pos 7: '_instance._isInitialized': You must initialize the supabase instance before calling Supabase.instance
Supabase auth listener not attached (Supabase not initialized?): 'package:supabase_flutter/src/supabase.dart': Failed assertion: line 45 pos 7: '_instance._isInitialized': You must initialize the supabase instance before calling Supabase.instance
loadVerifiedStreamersFromBackend failed: Bad state: Backend unavailable
_refreshAcademicCategories failed: Bad state: Backend unavailable
Realtime public streamer subscription failed: 'package:supabase_flutter/src/supabase.dart': Failed assertion: line 45 pos 7: '_instance._isInitialized': You must initialize the supabase instance before calling Supabase.instance
Realtime academic_categories subscription failed: 'package:supabase_flutter/src/supabase.dart': Failed assertion: line 45 pos 7: '_instance._isInitialized': You must initialize the supabase instance before calling Supabase.instance
Supabase auth listener not attached (Supabase not initialized?): 'package:supabase_flutter/src/supabase.dart': Failed assertion: line 45 pos 7: '_instance._isInitialized': You must initialize the supabase instance before calling Supabase.instance
loadVerifiedStreamersFromBackend failed: Bad state: Backend unavailable
_refreshAcademicCategories failed: Bad state: Backend unavailable
Realtime public streamer subscription failed: 'package:supabase_flutter/src/supabase.dart': Failed assertion: line 45 pos 7: '_instance._isInitialized': You must initialize the supabase instance before calling Supabase.instance
Realtime academic_categories subscription failed: 'package:supabase_flutter/src/supabase.dart': Failed assertion: line 45 pos 7: '_instance._isInitialized': You must initialize the supabase instance before calling Supabase.instance
Supabase auth listener not attached (Supabase not initialized?): 'package:supabase_flutter/src/supabase.dart': Failed assertion: line 45 pos 7: '_instance._isInitialized': You must initialize the supabase instance before calling Supabase.instance
loadVerifiedStreamersFromBackend failed: Bad state: Backend unavailable
_refreshAcademicCategories failed: Bad state: Backend unavailable
Realtime public streamer subscription failed: 'package:supabase_flutter/src/supabase.dart': Failed assertion: line 45 pos 7: '_instance._isInitialized': You must initialize the supabase instance before calling Supabase.instance
Realtime academic_categories subscription failed: 'package:supabase_flutter/src/supabase.dart': Failed assertion: line 45 pos 7: '_instance._isInitialized': You must initialize the supabase instance before calling Supabase.instance
Supabase auth listener not attached (Supabase not initialized?): 'package:supabase_flutter/src/supabase.dart': Failed assertion: line 45 pos 7: '_instance._isInitialized': You must initialize the supabase instance before calling Supabase.instance
loadVerifiedStreamersFromBackend failed: Bad state: Backend unavailable
_refreshAcademicCategories failed: Bad state: Backend unavailable
Realtime public streamer subscription failed: 'package:supabase_flutter/src/supabase.dart': Failed assertion: line 45 pos 7: '_instance._isInitialized': You must initialize the supabase instance before calling Supabase.instance
Realtime academic_categories subscription failed: 'package:supabase_flutter/src/supabase.dart': Failed assertion: line 45 pos 7: '_instance._isInitialized': You must initialize the supabase instance before calling Supabase.instance
Supabase auth listener not attached (Supabase not initialized?): 'package:supabase_flutter/src/supabase.dart': Failed assertion: line 45 pos 7: '_instance._isInitialized': You must initialize the supabase instance before calling Supabase.instance
loadVerifiedStreamersFromBackend failed: Bad state: Backend unavailable
_refreshAcademicCategories failed: Bad state: Backend unavailable
Realtime public streamer subscription failed: 'package:supabase_flutter/src/supabase.dart': Failed assertion: line 45 pos 7: '_instance._isInitialized': You must initialize the supabase instance before calling Supabase.instance
Realtime academic_categories subscription failed: 'package:supabase_flutter/src/supabase.dart': Failed assertion: line 45 pos 7: '_instance._isInitialized': You must initialize the supabase instance before calling Supabase.instance
Supabase auth listener not attached (Supabase not initialized?): 'package:supabase_flutter/src/supabase.dart': Failed assertion: line 45 pos 7: '_instance._isInitialized': You must initialize the supabase instance before calling Supabase.instance
loadVerifiedStreamersFromBackend failed: Bad state: Backend unavailable
_refreshAcademicCategories failed: Bad state: Backend unavailable
Realtime public streamer subscription failed: 'package:supabase_flutter/src/supabase.dart': Failed assertion: line 45 pos 7: '_instance._isInitialized': You must initialize the supabase instance before calling Supabase.instance
Realtime academic_categories subscription failed: 'package:supabase_flutter/src/supabase.dart': Failed assertion: line 45 pos 7: '_instance._isInitialized': You must initialize the supabase instance before calling Supabase.instance
Supabase auth listener not attached (Supabase not initialized?): 'package:supabase_flutter/src/supabase.dart': Failed assertion: line 45 pos 7: '_instance._isInitialized': You must initialize the supabase instance before calling Supabase.instance
loadVerifiedStreamersFromBackend failed: Bad state: Backend unavailable
_refreshAcademicCategories failed: Bad state: Backend unavailable
Realtime public streamer subscription failed: 'package:supabase_flutter/src/supabase.dart': Failed assertion: line 45 pos 7: '_instance._isInitialized': You must initialize the supabase instance before calling Supabase.instance
Realtime academic_categories subscription failed: 'package:supabase_flutter/src/supabase.dart': Failed assertion: line 45 pos 7: '_instance._isInitialized': You must initialize the supabase instance before calling Supabase.instance
Supabase auth listener not attached (Supabase not initialized?): 'package:supabase_flutter/src/supabase.dart': Failed assertion: line 45 pos 7: '_instance._isInitialized': You must initialize the supabase instance before calling Supabase.instance
loadVerifiedStreamersFromBackend failed: Bad state: Backend unavailable
_refreshAcademicCategories failed: Bad state: Backend unavailable
Realtime public streamer subscription failed: 'package:supabase_flutter/src/supabase.dart': Failed assertion: line 45 pos 7: '_instance._isInitialized': You must initialize the supabase instance before calling Supabase.instance
Realtime academic_categories subscription failed: 'package:supabase_flutter/src/supabase.dart': Failed assertion: line 45 pos 7: '_instance._isInitialized': You must initialize the supabase instance before calling Supabase.instance
Supabase auth listener not attached (Supabase not initialized?): 'package:supabase_flutter/src/supabase.dart': Failed assertion: line 45 pos 7: '_instance._isInitialized': You must initialize the supabase instance before calling Supabase.instance
loadVerifiedStreamersFromBackend failed: Bad state: Backend unavailable
_refreshAcademicCategories failed: Bad state: Backend unavailable
Realtime public streamer subscription failed: 'package:supabase_flutter/src/supabase.dart': Failed assertion: line 45 pos 7: '_instance._isInitialized': You must initialize the supabase instance before calling Supabase.instance
Realtime academic_categories subscription failed: 'package:supabase_flutter/src/supabase.dart': Failed assertion: line 45 pos 7: '_instance._isInitialized': You must initialize the supabase instance before calling Supabase.instance
Supabase auth listener not attached (Supabase not initialized?): 'package:supabase_flutter/src/supabase.dart': Failed assertion: line 45 pos 7: '_instance._isInitialized': You must initialize the supabase instance before calling Supabase.instance
loadVerifiedStreamersFromBackend failed: Bad state: Backend unavailable
_refreshAcademicCategories failed: Bad state: Backend unavailable
Realtime public streamer subscription failed: 'package:supabase_flutter/src/supabase.dart': Failed assertion: line 45 pos 7: '_instance._isInitialized': You must initialize the supabase instance before calling Supabase.instance
Realtime academic_categories subscription failed: 'package:supabase_flutter/src/supabase.dart': Failed assertion: line 45 pos 7: '_instance._isInitialized': You must initialize the supabase instance before calling Supabase.instance
Supabase auth listener not attached (Supabase not initialized?): 'package:supabase_flutter/src/supabase.dart': Failed assertion: line 45 pos 7: '_instance._isInitialized': You must initialize the supabase instance before calling Supabase.instance
loadVerifiedStreamersFromBackend failed: Bad state: Backend unavailable
_refreshAcademicCategories failed: Bad state: Backend unavailable
Realtime public streamer subscription failed: 'package:supabase_flutter/src/supabase.dart': Failed assertion: line 45 pos 7: '_instance._isInitialized': You must initialize the supabase instance before calling Supabase.instance
Realtime academic_categories subscription failed: 'package:supabase_flutter/src/supabase.dart': Failed assertion: line 45 pos 7: '_instance._isInitialized': You must initialize the supabase instance before calling Supabase.instance
Supabase auth listener not attached (Supabase not initialized?): 'package:supabase_flutter/src/supabase.dart': Failed assertion: line 45 pos 7: '_instance._isInitialized': You must initialize the supabase instance before calling Supabase.instance
loadVerifiedStreamersFromBackend failed: Bad state: Backend unavailable
_refreshAcademicCategories failed: Bad state: Backend unavailable
Realtime public streamer subscription failed: 'package:supabase_flutter/src/supabase.dart': Failed assertion: line 45 pos 7: '_instance._isInitialized': You must initialize the supabase instance before calling Supabase.instance
Realtime academic_categories subscription failed: 'package:supabase_flutter/src/supabase.dart': Failed assertion: line 45 pos 7: '_instance._isInitialized': You must initialize the supabase instance before calling Supabase.instance
Supabase auth listener not attached (Supabase not initialized?): 'package:supabase_flutter/src/supabase.dart': Failed assertion: line 45 pos 7: '_instance._isInitialized': You must initialize the supabase instance before calling Supabase.instance
loadVerifiedStreamersFromBackend failed: Bad state: Backend unavailable
_refreshAcademicCategories failed: Bad state: Backend unavailable
Realtime public streamer subscription failed: 'package:supabase_flutter/src/supabase.dart': Failed assertion: line 45 pos 7: '_instance._isInitialized': You must initialize the supabase instance before calling Supabase.instance
Realtime academic_categories subscription failed: 'package:supabase_flutter/src/supabase.dart': Failed assertion: line 45 pos 7: '_instance._isInitialized': You must initialize the supabase instance before calling Supabase.instance
Supabase auth listener not attached (Supabase not initialized?): 'package:supabase_flutter/src/supabase.dart': Failed assertion: line 45 pos 7: '_instance._isInitialized': You must initialize the supabase instance before calling Supabase.instance
loadVerifiedStreamersFromBackend failed: Bad state: Backend unavailable
_refreshAcademicCategories failed: Bad state: Backend unavailable
Realtime public streamer subscription failed: 'package:supabase_flutter/src/supabase.dart': Failed assertion: line 45 pos 7: '_instance._isInitialized': You must initialize the supabase instance before calling Supabase.instance
Realtime academic_categories subscription failed: 'package:supabase_flutter/src/supabase.dart': Failed assertion: line 45 pos 7: '_instance._isInitialized': You must initialize the supabase instance before calling Supabase.instance
Supabase auth listener not attached (Supabase not initialized?): 'package:supabase_flutter/src/supabase.dart': Failed assertion: line 45 pos 7: '_instance._isInitialized': You must initialize the supabase instance before calling Supabase.instance
loadVerifiedStreamersFromBackend failed: Bad state: Backend unavailable
_refreshAcademicCategories failed: Bad state: Backend unavailable
Realtime public streamer subscription failed: 'package:supabase_flutter/src/supabase.dart': Failed assertion: line 45 pos 7: '_instance._isInitialized': You must initialize the supabase instance before calling Supabase.instance
Realtime academic_categories subscription failed: 'package:supabase_flutter/src/supabase.dart': Failed assertion: line 45 pos 7: '_instance._isInitialized': You must initialize the supabase instance before calling Supabase.instance
Supabase auth listener not attached (Supabase not initialized?): 'package:supabase_flutter/src/supabase.dart': Failed assertion: line 45 pos 7: '_instance._isInitialized': You must initialize the supabase instance before calling Supabase.instance
loadVerifiedStreamersFromBackend failed: Bad state: Backend unavailable
_refreshAcademicCategories failed: Bad state: Backend unavailable
Realtime public streamer subscription failed: 'package:supabase_flutter/src/supabase.dart': Failed assertion: line 45 pos 7: '_instance._isInitialized': You must initialize the supabase instance before calling Supabase.instance
Realtime academic_categories subscription failed: 'package:supabase_flutter/src/supabase.dart': Failed assertion: line 45 pos 7: '_instance._isInitialized': You must initialize the supabase instance before calling Supabase.instance
Supabase auth listener not attached (Supabase not initialized?): 'package:supabase_flutter/src/supabase.dart': Failed assertion: line 45 pos 7: '_instance._isInitialized': You must initialize the supabase instance before calling Supabase.instance
loadVerifiedStreamersFromBackend failed: Bad state: Backend unavailable
_refreshAcademicCategories failed: Bad state: Backend unavailable
00:40 +40: C:/Users/User/.codex/worktrees/hadayah-wave4v2-integration/Streamer_app/project/test/layout_sweep_test.dart: admin access denied en at all sizes and text scales
Realtime public streamer subscription failed: 'package:supabase_flutter/src/supabase.dart': Failed assertion: line 45 pos 7: '_instance._isInitialized': You must initialize the supabase instance before calling Supabase.instance
Realtime academic_categories subscription failed: 'package:supabase_flutter/src/supabase.dart': Failed assertion: line 45 pos 7: '_instance._isInitialized': You must initialize the supabase instance before calling Supabase.instance
Supabase auth listener not attached (Supabase not initialized?): 'package:supabase_flutter/src/supabase.dart': Failed assertion: line 45 pos 7: '_instance._isInitialized': You must initialize the supabase instance before calling Supabase.instance
loadVerifiedStreamersFromBackend failed: Bad state: Backend unavailable
_refreshAcademicCategories failed: Bad state: Backend unavailable
Realtime chat_reports subscription failed: 'package:supabase_flutter/src/supabase.dart': Failed assertion: line 45 pos 7: '_instance._isInitialized': You must initialize the supabase instance before calling Supabase.instance
_refreshAcademicCategories failed: Bad state: Backend unavailable
loadVerifiedStreamersFromBackend failed: Bad state: Backend unavailable
Realtime public streamer subscription failed: 'package:supabase_flutter/src/supabase.dart': Failed assertion: line 45 pos 7: '_instance._isInitialized': You must initialize the supabase instance before calling Supabase.instance
Realtime academic_categories subscription failed: 'package:supabase_flutter/src/supabase.dart': Failed assertion: line 45 pos 7: '_instance._isInitialized': You must initialize the supabase instance before calling Supabase.instance
Supabase auth listener not attached (Supabase not initialized?): 'package:supabase_flutter/src/supabase.dart': Failed assertion: line 45 pos 7: '_instance._isInitialized': You must initialize the supabase instance before calling Supabase.instance
loadVerifiedStreamersFromBackend failed: Bad state: Backend unavailable
_refreshAcademicCategories failed: Bad state: Backend unavailable
Realtime chat_reports subscription failed: 'package:supabase_flutter/src/supabase.dart': Failed assertion: line 45 pos 7: '_instance._isInitialized': You must initialize the supabase instance before calling Supabase.instance
_refreshAcademicCategories failed: Bad state: Backend unavailable
loadVerifiedStreamersFromBackend failed: Bad state: Backend unavailable
Realtime public streamer subscription failed: 'package:supabase_flutter/src/supabase.dart': Failed assertion: line 45 pos 7: '_instance._isInitialized': You must initialize the supabase instance before calling Supabase.instance
Realtime academic_categories subscription failed: 'package:supabase_flutter/src/supabase.dart': Failed assertion: line 45 pos 7: '_instance._isInitialized': You must initialize the supabase instance before calling Supabase.instance
Supabase auth listener not attached (Supabase not initialized?): 'package:supabase_flutter/src/supabase.dart': Failed assertion: line 45 pos 7: '_instance._isInitialized': You must initialize the supabase instance before calling Supabase.instance
loadVerifiedStreamersFromBackend failed: Bad state: Backend unavailable
_refreshAcademicCategories failed: Bad state: Backend unavailable
Realtime chat_reports subscription failed: 'package:supabase_flutter/src/supabase.dart': Failed assertion: line 45 pos 7: '_instance._isInitialized': You must initialize the supabase instance before calling Supabase.instance
_refreshAcademicCategories failed: Bad state: Backend unavailable
loadVerifiedStreamersFromBackend failed: Bad state: Backend unavailable
Realtime public streamer subscription failed: 'package:supabase_flutter/src/supabase.dart': Failed assertion: line 45 pos 7: '_instance._isInitialized': You must initialize the supabase instance before calling Supabase.instance
Realtime academic_categories subscription failed: 'package:supabase_flutter/src/supabase.dart': Failed assertion: line 45 pos 7: '_instance._isInitialized': You must initialize the supabase instance before calling Supabase.instance
Supabase auth listener not attached (Supabase not initialized?): 'package:supabase_flutter/src/supabase.dart': Failed assertion: line 45 pos 7: '_instance._isInitialized': You must initialize the supabase instance before calling Supabase.instance
loadVerifiedStreamersFromBackend failed: Bad state: Backend unavailable
_refreshAcademicCategories failed: Bad state: Backend unavailable
Realtime chat_reports subscription failed: 'package:supabase_flutter/src/supabase.dart': Failed assertion: line 45 pos 7: '_instance._isInitialized': You must initialize the supabase instance before calling Supabase.instance
_refreshAcademicCategories failed: Bad state: Backend unavailable
loadVerifiedStreamersFromBackend failed: Bad state: Backend unavailable
Realtime public streamer subscription failed: 'package:supabase_flutter/src/supabase.dart': Failed assertion: line 45 pos 7: '_instance._isInitialized': You must initialize the supabase instance before calling Supabase.instance
Realtime academic_categories subscription failed: 'package:supabase_flutter/src/supabase.dart': Failed assertion: line 45 pos 7: '_instance._isInitialized': You must initialize the supabase instance before calling Supabase.instance
Supabase auth listener not attached (Supabase not initialized?): 'package:supabase_flutter/src/supabase.dart': Failed assertion: line 45 pos 7: '_instance._isInitialized': You must initialize the supabase instance before calling Supabase.instance
loadVerifiedStreamersFromBackend failed: Bad state: Backend unavailable
_refreshAcademicCategories failed: Bad state: Backend unavailable
Realtime chat_reports subscription failed: 'package:supabase_flutter/src/supabase.dart': Failed assertion: line 45 pos 7: '_instance._isInitialized': You must initialize the supabase instance before calling Supabase.instance
_refreshAcademicCategories failed: Bad state: Backend unavailable
loadVerifiedStreamersFromBackend failed: Bad state: Backend unavailable
Realtime public streamer subscription failed: 'package:supabase_flutter/src/supabase.dart': Failed assertion: line 45 pos 7: '_instance._isInitialized': You must initialize the supabase instance before calling Supabase.instance
Realtime academic_categories subscription failed: 'package:supabase_flutter/src/supabase.dart': Failed assertion: line 45 pos 7: '_instance._isInitialized': You must initialize the supabase instance before calling Supabase.instance
Supabase auth listener not attached (Supabase not initialized?): 'package:supabase_flutter/src/supabase.dart': Failed assertion: line 45 pos 7: '_instance._isInitialized': You must initialize the supabase instance before calling Supabase.instance
loadVerifiedStreamersFromBackend failed: Bad state: Backend unavailable
_refreshAcademicCategories failed: Bad state: Backend unavailable
Realtime chat_reports subscription failed: 'package:supabase_flutter/src/supabase.dart': Failed assertion: line 45 pos 7: '_instance._isInitialized': You must initialize the supabase instance before calling Supabase.instance
_refreshAcademicCategories failed: Bad state: Backend unavailable
loadVerifiedStreamersFromBackend failed: Bad state: Backend unavailable
Realtime public streamer subscription failed: 'package:supabase_flutter/src/supabase.dart': Failed assertion: line 45 pos 7: '_instance._isInitialized': You must initialize the supabase instance before calling Supabase.instance
Realtime academic_categories subscription failed: 'package:supabase_flutter/src/supabase.dart': Failed assertion: line 45 pos 7: '_instance._isInitialized': You must initialize the supabase instance before calling Supabase.instance
Supabase auth listener not attached (Supabase not initialized?): 'package:supabase_flutter/src/supabase.dart': Failed assertion: line 45 pos 7: '_instance._isInitialized': You must initialize the supabase instance before calling Supabase.instance
loadVerifiedStreamersFromBackend failed: Bad state: Backend unavailable
_refreshAcademicCategories failed: Bad state: Backend unavailable
Realtime chat_reports subscription failed: 'package:supabase_flutter/src/supabase.dart': Failed assertion: line 45 pos 7: '_instance._isInitialized': You must initialize the supabase instance before calling Supabase.instance
_refreshAcademicCategories failed: Bad state: Backend unavailable
loadVerifiedStreamersFromBackend failed: Bad state: Backend unavailable
Realtime public streamer subscription failed: 'package:supabase_flutter/src/supabase.dart': Failed assertion: line 45 pos 7: '_instance._isInitialized': You must initialize the supabase instance before calling Supabase.instance
Realtime academic_categories subscription failed: 'package:supabase_flutter/src/supabase.dart': Failed assertion: line 45 pos 7: '_instance._isInitialized': You must initialize the supabase instance before calling Supabase.instance
Supabase auth listener not attached (Supabase not initialized?): 'package:supabase_flutter/src/supabase.dart': Failed assertion: line 45 pos 7: '_instance._isInitialized': You must initialize the supabase instance before calling Supabase.instance
loadVerifiedStreamersFromBackend failed: Bad state: Backend unavailable
_refreshAcademicCategories failed: Bad state: Backend unavailable
Realtime chat_reports subscription failed: 'package:supabase_flutter/src/supabase.dart': Failed assertion: line 45 pos 7: '_instance._isInitialized': You must initialize the supabase instance before calling Supabase.instance
_refreshAcademicCategories failed: Bad state: Backend unavailable
loadVerifiedStreamersFromBackend failed: Bad state: Backend unavailable
Realtime public streamer subscription failed: 'package:supabase_flutter/src/supabase.dart': Failed assertion: line 45 pos 7: '_instance._isInitialized': You must initialize the supabase instance before calling Supabase.instance
Realtime academic_categories subscription failed: 'package:supabase_flutter/src/supabase.dart': Failed assertion: line 45 pos 7: '_instance._isInitialized': You must initialize the supabase instance before calling Supabase.instance
Supabase auth listener not attached (Supabase not initialized?): 'package:supabase_flutter/src/supabase.dart': Failed assertion: line 45 pos 7: '_instance._isInitialized': You must initialize the supabase instance before calling Supabase.instance
loadVerifiedStreamersFromBackend failed: Bad state: Backend unavailable
_refreshAcademicCategories failed: Bad state: Backend unavailable
Realtime chat_reports subscription failed: 'package:supabase_flutter/src/supabase.dart': Failed assertion: line 45 pos 7: '_instance._isInitialized': You must initialize the supabase instance before calling Supabase.instance
_refreshAcademicCategories failed: Bad state: Backend unavailable
loadVerifiedStreamersFromBackend failed: Bad state: Backend unavailable
Realtime public streamer subscription failed: 'package:supabase_flutter/src/supabase.dart': Failed assertion: line 45 pos 7: '_instance._isInitialized': You must initialize the supabase instance before calling Supabase.instance
Realtime academic_categories subscription failed: 'package:supabase_flutter/src/supabase.dart': Failed assertion: line 45 pos 7: '_instance._isInitialized': You must initialize the supabase instance before calling Supabase.instance
Supabase auth listener not attached (Supabase not initialized?): 'package:supabase_flutter/src/supabase.dart': Failed assertion: line 45 pos 7: '_instance._isInitialized': You must initialize the supabase instance before calling Supabase.instance
loadVerifiedStreamersFromBackend failed: Bad state: Backend unavailable
_refreshAcademicCategories failed: Bad state: Backend unavailable
Realtime chat_reports subscription failed: 'package:supabase_flutter/src/supabase.dart': Failed assertion: line 45 pos 7: '_instance._isInitialized': You must initialize the supabase instance before calling Supabase.instance
_refreshAcademicCategories failed: Bad state: Backend unavailable
loadVerifiedStreamersFromBackend failed: Bad state: Backend unavailable
Realtime public streamer subscription failed: 'package:supabase_flutter/src/supabase.dart': Failed assertion: line 45 pos 7: '_instance._isInitialized': You must initialize the supabase instance before calling Supabase.instance
Realtime academic_categories subscription failed: 'package:supabase_flutter/src/supabase.dart': Failed assertion: line 45 pos 7: '_instance._isInitialized': You must initialize the supabase instance before calling Supabase.instance
Supabase auth listener not attached (Supabase not initialized?): 'package:supabase_flutter/src/supabase.dart': Failed assertion: line 45 pos 7: '_instance._isInitialized': You must initialize the supabase instance before calling Supabase.instance
loadVerifiedStreamersFromBackend failed: Bad state: Backend unavailable
_refreshAcademicCategories failed: Bad state: Backend unavailable
Realtime chat_reports subscription failed: 'package:supabase_flutter/src/supabase.dart': Failed assertion: line 45 pos 7: '_instance._isInitialized': You must initialize the supabase instance before calling Supabase.instance
_refreshAcademicCategories failed: Bad state: Backend unavailable
loadVerifiedStreamersFromBackend failed: Bad state: Backend unavailable
Realtime public streamer subscription failed: 'package:supabase_flutter/src/supabase.dart': Failed assertion: line 45 pos 7: '_instance._isInitialized': You must initialize the supabase instance before calling Supabase.instance
Realtime academic_categories subscription failed: 'package:supabase_flutter/src/supabase.dart': Failed assertion: line 45 pos 7: '_instance._isInitialized': You must initialize the supabase instance before calling Supabase.instance
Supabase auth listener not attached (Supabase not initialized?): 'package:supabase_flutter/src/supabase.dart': Failed assertion: line 45 pos 7: '_instance._isInitialized': You must initialize the supabase instance before calling Supabase.instance
loadVerifiedStreamersFromBackend failed: Bad state: Backend unavailable
_refreshAcademicCategories failed: Bad state: Backend unavailable
Realtime chat_reports subscription failed: 'package:supabase_flutter/src/supabase.dart': Failed assertion: line 45 pos 7: '_instance._isInitialized': You must initialize the supabase instance before calling Supabase.instance
_refreshAcademicCategories failed: Bad state: Backend unavailable
loadVerifiedStreamersFromBackend failed: Bad state: Backend unavailable
Realtime public streamer subscription failed: 'package:supabase_flutter/src/supabase.dart': Failed assertion: line 45 pos 7: '_instance._isInitialized': You must initialize the supabase instance before calling Supabase.instance
Realtime academic_categories subscription failed: 'package:supabase_flutter/src/supabase.dart': Failed assertion: line 45 pos 7: '_instance._isInitialized': You must initialize the supabase instance before calling Supabase.instance
Supabase auth listener not attached (Supabase not initialized?): 'package:supabase_flutter/src/supabase.dart': Failed assertion: line 45 pos 7: '_instance._isInitialized': You must initialize the supabase instance before calling Supabase.instance
loadVerifiedStreamersFromBackend failed: Bad state: Backend unavailable
_refreshAcademicCategories failed: Bad state: Backend unavailable
Realtime chat_reports subscription failed: 'package:supabase_flutter/src/supabase.dart': Failed assertion: line 45 pos 7: '_instance._isInitialized': You must initialize the supabase instance before calling Supabase.instance
_refreshAcademicCategories failed: Bad state: Backend unavailable
loadVerifiedStreamersFromBackend failed: Bad state: Backend unavailable
Realtime public streamer subscription failed: 'package:supabase_flutter/src/supabase.dart': Failed assertion: line 45 pos 7: '_instance._isInitialized': You must initialize the supabase instance before calling Supabase.instance
Realtime academic_categories subscription failed: 'package:supabase_flutter/src/supabase.dart': Failed assertion: line 45 pos 7: '_instance._isInitialized': You must initialize the supabase instance before calling Supabase.instance
Supabase auth listener not attached (Supabase not initialized?): 'package:supabase_flutter/src/supabase.dart': Failed assertion: line 45 pos 7: '_instance._isInitialized': You must initialize the supabase instance before calling Supabase.instance
loadVerifiedStreamersFromBackend failed: Bad state: Backend unavailable
_refreshAcademicCategories failed: Bad state: Backend unavailable
Realtime chat_reports subscription failed: 'package:supabase_flutter/src/supabase.dart': Failed assertion: line 45 pos 7: '_instance._isInitialized': You must initialize the supabase instance before calling Supabase.instance
_refreshAcademicCategories failed: Bad state: Backend unavailable
loadVerifiedStreamersFromBackend failed: Bad state: Backend unavailable
Realtime public streamer subscription failed: 'package:supabase_flutter/src/supabase.dart': Failed assertion: line 45 pos 7: '_instance._isInitialized': You must initialize the supabase instance before calling Supabase.instance
Realtime academic_categories subscription failed: 'package:supabase_flutter/src/supabase.dart': Failed assertion: line 45 pos 7: '_instance._isInitialized': You must initialize the supabase instance before calling Supabase.instance
Supabase auth listener not attached (Supabase not initialized?): 'package:supabase_flutter/src/supabase.dart': Failed assertion: line 45 pos 7: '_instance._isInitialized': You must initialize the supabase instance before calling Supabase.instance
loadVerifiedStreamersFromBackend failed: Bad state: Backend unavailable
_refreshAcademicCategories failed: Bad state: Backend unavailable
Realtime chat_reports subscription failed: 'package:supabase_flutter/src/supabase.dart': Failed assertion: line 45 pos 7: '_instance._isInitialized': You must initialize the supabase instance before calling Supabase.instance
_refreshAcademicCategories failed: Bad state: Backend unavailable
loadVerifiedStreamersFromBackend failed: Bad state: Backend unavailable
Realtime public streamer subscription failed: 'package:supabase_flutter/src/supabase.dart': Failed assertion: line 45 pos 7: '_instance._isInitialized': You must initialize the supabase instance before calling Supabase.instance
Realtime academic_categories subscription failed: 'package:supabase_flutter/src/supabase.dart': Failed assertion: line 45 pos 7: '_instance._isInitialized': You must initialize the supabase instance before calling Supabase.instance
Supabase auth listener not attached (Supabase not initialized?): 'package:supabase_flutter/src/supabase.dart': Failed assertion: line 45 pos 7: '_instance._isInitialized': You must initialize the supabase instance before calling Supabase.instance
loadVerifiedStreamersFromBackend failed: Bad state: Backend unavailable
_refreshAcademicCategories failed: Bad state: Backend unavailable
Realtime chat_reports subscription failed: 'package:supabase_flutter/src/supabase.dart': Failed assertion: line 45 pos 7: '_instance._isInitialized': You must initialize the supabase instance before calling Supabase.instance
_refreshAcademicCategories failed: Bad state: Backend unavailable
loadVerifiedStreamersFromBackend failed: Bad state: Backend unavailable
Realtime public streamer subscription failed: 'package:supabase_flutter/src/supabase.dart': Failed assertion: line 45 pos 7: '_instance._isInitialized': You must initialize the supabase instance before calling Supabase.instance
Realtime academic_categories subscription failed: 'package:supabase_flutter/src/supabase.dart': Failed assertion: line 45 pos 7: '_instance._isInitialized': You must initialize the supabase instance before calling Supabase.instance
Supabase auth listener not attached (Supabase not initialized?): 'package:supabase_flutter/src/supabase.dart': Failed assertion: line 45 pos 7: '_instance._isInitialized': You must initialize the supabase instance before calling Supabase.instance
loadVerifiedStreamersFromBackend failed: Bad state: Backend unavailable
_refreshAcademicCategories failed: Bad state: Backend unavailable
Realtime chat_reports subscription failed: 'package:supabase_flutter/src/supabase.dart': Failed assertion: line 45 pos 7: '_instance._isInitialized': You must initialize the supabase instance before calling Supabase.instance
_refreshAcademicCategories failed: Bad state: Backend unavailable
loadVerifiedStreamersFromBackend failed: Bad state: Backend unavailable
Realtime public streamer subscription failed: 'package:supabase_flutter/src/supabase.dart': Failed assertion: line 45 pos 7: '_instance._isInitialized': You must initialize the supabase instance before calling Supabase.instance
Realtime academic_categories subscription failed: 'package:supabase_flutter/src/supabase.dart': Failed assertion: line 45 pos 7: '_instance._isInitialized': You must initialize the supabase instance before calling Supabase.instance
Supabase auth listener not attached (Supabase not initialized?): 'package:supabase_flutter/src/supabase.dart': Failed assertion: line 45 pos 7: '_instance._isInitialized': You must initialize the supabase instance before calling Supabase.instance
loadVerifiedStreamersFromBackend failed: Bad state: Backend unavailable
_refreshAcademicCategories failed: Bad state: Backend unavailable
Realtime chat_reports subscription failed: 'package:supabase_flutter/src/supabase.dart': Failed assertion: line 45 pos 7: '_instance._isInitialized': You must initialize the supabase instance before calling Supabase.instance
_refreshAcademicCategories failed: Bad state: Backend unavailable
loadVerifiedStreamersFromBackend failed: Bad state: Backend unavailable
Realtime public streamer subscription failed: 'package:supabase_flutter/src/supabase.dart': Failed assertion: line 45 pos 7: '_instance._isInitialized': You must initialize the supabase instance before calling Supabase.instance
Realtime academic_categories subscription failed: 'package:supabase_flutter/src/supabase.dart': Failed assertion: line 45 pos 7: '_instance._isInitialized': You must initialize the supabase instance before calling Supabase.instance
Supabase auth listener not attached (Supabase not initialized?): 'package:supabase_flutter/src/supabase.dart': Failed assertion: line 45 pos 7: '_instance._isInitialized': You must initialize the supabase instance before calling Supabase.instance
loadVerifiedStreamersFromBackend failed: Bad state: Backend unavailable
_refreshAcademicCategories failed: Bad state: Backend unavailable
Realtime chat_reports subscription failed: 'package:supabase_flutter/src/supabase.dart': Failed assertion: line 45 pos 7: '_instance._isInitialized': You must initialize the supabase instance before calling Supabase.instance
_refreshAcademicCategories failed: Bad state: Backend unavailable
loadVerifiedStreamersFromBackend failed: Bad state: Backend unavailable
Realtime public streamer subscription failed: 'package:supabase_flutter/src/supabase.dart': Failed assertion: line 45 pos 7: '_instance._isInitialized': You must initialize the supabase instance before calling Supabase.instance
Realtime academic_categories subscription failed: 'package:supabase_flutter/src/supabase.dart': Failed assertion: line 45 pos 7: '_instance._isInitialized': You must initialize the supabase instance before calling Supabase.instance
Supabase auth listener not attached (Supabase not initialized?): 'package:supabase_flutter/src/supabase.dart': Failed assertion: line 45 pos 7: '_instance._isInitialized': You must initialize the supabase instance before calling Supabase.instance
loadVerifiedStreamersFromBackend failed: Bad state: Backend unavailable
_refreshAcademicCategories failed: Bad state: Backend unavailable
Realtime chat_reports subscription failed: 'package:supabase_flutter/src/supabase.dart': Failed assertion: line 45 pos 7: '_instance._isInitialized': You must initialize the supabase instance before calling Supabase.instance
_refreshAcademicCategories failed: Bad state: Backend unavailable
loadVerifiedStreamersFromBackend failed: Bad state: Backend unavailable
Realtime public streamer subscription failed: 'package:supabase_flutter/src/supabase.dart': Failed assertion: line 45 pos 7: '_instance._isInitialized': You must initialize the supabase instance before calling Supabase.instance
Realtime academic_categories subscription failed: 'package:supabase_flutter/src/supabase.dart': Failed assertion: line 45 pos 7: '_instance._isInitialized': You must initialize the supabase instance before calling Supabase.instance
Supabase auth listener not attached (Supabase not initialized?): 'package:supabase_flutter/src/supabase.dart': Failed assertion: line 45 pos 7: '_instance._isInitialized': You must initialize the supabase instance before calling Supabase.instance
loadVerifiedStreamersFromBackend failed: Bad state: Backend unavailable
_refreshAcademicCategories failed: Bad state: Backend unavailable
Realtime chat_reports subscription failed: 'package:supabase_flutter/src/supabase.dart': Failed assertion: line 45 pos 7: '_instance._isInitialized': You must initialize the supabase instance before calling Supabase.instance
_refreshAcademicCategories failed: Bad state: Backend unavailable
loadVerifiedStreamersFromBackend failed: Bad state: Backend unavailable
00:40 +41: C:/Users/User/.codex/worktrees/hadayah-wave4v2-integration/Streamer_app/project/test/layout_sweep_test.dart: admin access denied ar at all sizes and text scales
Realtime public streamer subscription failed: 'package:supabase_flutter/src/supabase.dart': Failed assertion: line 45 pos 7: '_instance._isInitialized': You must initialize the supabase instance before calling Supabase.instance
Realtime academic_categories subscription failed: 'package:supabase_flutter/src/supabase.dart': Failed assertion: line 45 pos 7: '_instance._isInitialized': You must initialize the supabase instance before calling Supabase.instance
Supabase auth listener not attached (Supabase not initialized?): 'package:supabase_flutter/src/supabase.dart': Failed assertion: line 45 pos 7: '_instance._isInitialized': You must initialize the supabase instance before calling Supabase.instance
loadVerifiedStreamersFromBackend failed: Bad state: Backend unavailable
_refreshAcademicCategories failed: Bad state: Backend unavailable
Realtime chat_reports subscription failed: 'package:supabase_flutter/src/supabase.dart': Failed assertion: line 45 pos 7: '_instance._isInitialized': You must initialize the supabase instance before calling Supabase.instance
_refreshAcademicCategories failed: Bad state: Backend unavailable
loadVerifiedStreamersFromBackend failed: Bad state: Backend unavailable
Realtime public streamer subscription failed: 'package:supabase_flutter/src/supabase.dart': Failed assertion: line 45 pos 7: '_instance._isInitialized': You must initialize the supabase instance before calling Supabase.instance
Realtime academic_categories subscription failed: 'package:supabase_flutter/src/supabase.dart': Failed assertion: line 45 pos 7: '_instance._isInitialized': You must initialize the supabase instance before calling Supabase.instance
Supabase auth listener not attached (Supabase not initialized?): 'package:supabase_flutter/src/supabase.dart': Failed assertion: line 45 pos 7: '_instance._isInitialized': You must initialize the supabase instance before calling Supabase.instance
loadVerifiedStreamersFromBackend failed: Bad state: Backend unavailable
_refreshAcademicCategories failed: Bad state: Backend unavailable
Realtime chat_reports subscription failed: 'package:supabase_flutter/src/supabase.dart': Failed assertion: line 45 pos 7: '_instance._isInitialized': You must initialize the supabase instance before calling Supabase.instance
_refreshAcademicCategories failed: Bad state: Backend unavailable
loadVerifiedStreamersFromBackend failed: Bad state: Backend unavailable
Realtime public streamer subscription failed: 'package:supabase_flutter/src/supabase.dart': Failed assertion: line 45 pos 7: '_instance._isInitialized': You must initialize the supabase instance before calling Supabase.instance
Realtime academic_categories subscription failed: 'package:supabase_flutter/src/supabase.dart': Failed assertion: line 45 pos 7: '_instance._isInitialized': You must initialize the supabase instance before calling Supabase.instance
Supabase auth listener not attached (Supabase not initialized?): 'package:supabase_flutter/src/supabase.dart': Failed assertion: line 45 pos 7: '_instance._isInitialized': You must initialize the supabase instance before calling Supabase.instance
loadVerifiedStreamersFromBackend failed: Bad state: Backend unavailable
_refreshAcademicCategories failed: Bad state: Backend unavailable
Realtime chat_reports subscription failed: 'package:supabase_flutter/src/supabase.dart': Failed assertion: line 45 pos 7: '_instance._isInitialized': You must initialize the supabase instance before calling Supabase.instance
_refreshAcademicCategories failed: Bad state: Backend unavailable
loadVerifiedStreamersFromBackend failed: Bad state: Backend unavailable
Realtime public streamer subscription failed: 'package:supabase_flutter/src/supabase.dart': Failed assertion: line 45 pos 7: '_instance._isInitialized': You must initialize the supabase instance before calling Supabase.instance
Realtime academic_categories subscription failed: 'package:supabase_flutter/src/supabase.dart': Failed assertion: line 45 pos 7: '_instance._isInitialized': You must initialize the supabase instance before calling Supabase.instance
Supabase auth listener not attached (Supabase not initialized?): 'package:supabase_flutter/src/supabase.dart': Failed assertion: line 45 pos 7: '_instance._isInitialized': You must initialize the supabase instance before calling Supabase.instance
loadVerifiedStreamersFromBackend failed: Bad state: Backend unavailable
_refreshAcademicCategories failed: Bad state: Backend unavailable
Realtime chat_reports subscription failed: 'package:supabase_flutter/src/supabase.dart': Failed assertion: line 45 pos 7: '_instance._isInitialized': You must initialize the supabase instance before calling Supabase.instance
_refreshAcademicCategories failed: Bad state: Backend unavailable
loadVerifiedStreamersFromBackend failed: Bad state: Backend unavailable
Realtime public streamer subscription failed: 'package:supabase_flutter/src/supabase.dart': Failed assertion: line 45 pos 7: '_instance._isInitialized': You must initialize the supabase instance before calling Supabase.instance
Realtime academic_categories subscription failed: 'package:supabase_flutter/src/supabase.dart': Failed assertion: line 45 pos 7: '_instance._isInitialized': You must initialize the supabase instance before calling Supabase.instance
Supabase auth listener not attached (Supabase not initialized?): 'package:supabase_flutter/src/supabase.dart': Failed assertion: line 45 pos 7: '_instance._isInitialized': You must initialize the supabase instance before calling Supabase.instance
loadVerifiedStreamersFromBackend failed: Bad state: Backend unavailable
_refreshAcademicCategories failed: Bad state: Backend unavailable
Realtime chat_reports subscription failed: 'package:supabase_flutter/src/supabase.dart': Failed assertion: line 45 pos 7: '_instance._isInitialized': You must initialize the supabase instance before calling Supabase.instance
_refreshAcademicCategories failed: Bad state: Backend unavailable
loadVerifiedStreamersFromBackend failed: Bad state: Backend unavailable
Realtime public streamer subscription failed: 'package:supabase_flutter/src/supabase.dart': Failed assertion: line 45 pos 7: '_instance._isInitialized': You must initialize the supabase instance before calling Supabase.instance
Realtime academic_categories subscription failed: 'package:supabase_flutter/src/supabase.dart': Failed assertion: line 45 pos 7: '_instance._isInitialized': You must initialize the supabase instance before calling Supabase.instance
Supabase auth listener not attached (Supabase not initialized?): 'package:supabase_flutter/src/supabase.dart': Failed assertion: line 45 pos 7: '_instance._isInitialized': You must initialize the supabase instance before calling Supabase.instance
loadVerifiedStreamersFromBackend failed: Bad state: Backend unavailable
_refreshAcademicCategories failed: Bad state: Backend unavailable
Realtime chat_reports subscription failed: 'package:supabase_flutter/src/supabase.dart': Failed assertion: line 45 pos 7: '_instance._isInitialized': You must initialize the supabase instance before calling Supabase.instance
_refreshAcademicCategories failed: Bad state: Backend unavailable
loadVerifiedStreamersFromBackend failed: Bad state: Backend unavailable
Realtime public streamer subscription failed: 'package:supabase_flutter/src/supabase.dart': Failed assertion: line 45 pos 7: '_instance._isInitialized': You must initialize the supabase instance before calling Supabase.instance
Realtime academic_categories subscription failed: 'package:supabase_flutter/src/supabase.dart': Failed assertion: line 45 pos 7: '_instance._isInitialized': You must initialize the supabase instance before calling Supabase.instance
Supabase auth listener not attached (Supabase not initialized?): 'package:supabase_flutter/src/supabase.dart': Failed assertion: line 45 pos 7: '_instance._isInitialized': You must initialize the supabase instance before calling Supabase.instance
loadVerifiedStreamersFromBackend failed: Bad state: Backend unavailable
_refreshAcademicCategories failed: Bad state: Backend unavailable
Realtime chat_reports subscription failed: 'package:supabase_flutter/src/supabase.dart': Failed assertion: line 45 pos 7: '_instance._isInitialized': You must initialize the supabase instance before calling Supabase.instance
_refreshAcademicCategories failed: Bad state: Backend unavailable
loadVerifiedStreamersFromBackend failed: Bad state: Backend unavailable
Realtime public streamer subscription failed: 'package:supabase_flutter/src/supabase.dart': Failed assertion: line 45 pos 7: '_instance._isInitialized': You must initialize the supabase instance before calling Supabase.instance
Realtime academic_categories subscription failed: 'package:supabase_flutter/src/supabase.dart': Failed assertion: line 45 pos 7: '_instance._isInitialized': You must initialize the supabase instance before calling Supabase.instance
Supabase auth listener not attached (Supabase not initialized?): 'package:supabase_flutter/src/supabase.dart': Failed assertion: line 45 pos 7: '_instance._isInitialized': You must initialize the supabase instance before calling Supabase.instance
loadVerifiedStreamersFromBackend failed: Bad state: Backend unavailable
_refreshAcademicCategories failed: Bad state: Backend unavailable
Realtime chat_reports subscription failed: 'package:supabase_flutter/src/supabase.dart': Failed assertion: line 45 pos 7: '_instance._isInitialized': You must initialize the supabase instance before calling Supabase.instance
_refreshAcademicCategories failed: Bad state: Backend unavailable
loadVerifiedStreamersFromBackend failed: Bad state: Backend unavailable
Realtime public streamer subscription failed: 'package:supabase_flutter/src/supabase.dart': Failed assertion: line 45 pos 7: '_instance._isInitialized': You must initialize the supabase instance before calling Supabase.instance
Realtime academic_categories subscription failed: 'package:supabase_flutter/src/supabase.dart': Failed assertion: line 45 pos 7: '_instance._isInitialized': You must initialize the supabase instance before calling Supabase.instance
Supabase auth listener not attached (Supabase not initialized?): 'package:supabase_flutter/src/supabase.dart': Failed assertion: line 45 pos 7: '_instance._isInitialized': You must initialize the supabase instance before calling Supabase.instance
loadVerifiedStreamersFromBackend failed: Bad state: Backend unavailable
_refreshAcademicCategories failed: Bad state: Backend unavailable
Realtime chat_reports subscription failed: 'package:supabase_flutter/src/supabase.dart': Failed assertion: line 45 pos 7: '_instance._isInitialized': You must initialize the supabase instance before calling Supabase.instance
_refreshAcademicCategories failed: Bad state: Backend unavailable
loadVerifiedStreamersFromBackend failed: Bad state: Backend unavailable
Realtime public streamer subscription failed: 'package:supabase_flutter/src/supabase.dart': Failed assertion: line 45 pos 7: '_instance._isInitialized': You must initialize the supabase instance before calling Supabase.instance
Realtime academic_categories subscription failed: 'package:supabase_flutter/src/supabase.dart': Failed assertion: line 45 pos 7: '_instance._isInitialized': You must initialize the supabase instance before calling Supabase.instance
Supabase auth listener not attached (Supabase not initialized?): 'package:supabase_flutter/src/supabase.dart': Failed assertion: line 45 pos 7: '_instance._isInitialized': You must initialize the supabase instance before calling Supabase.instance
loadVerifiedStreamersFromBackend failed: Bad state: Backend unavailable
_refreshAcademicCategories failed: Bad state: Backend unavailable
Realtime chat_reports subscription failed: 'package:supabase_flutter/src/supabase.dart': Failed assertion: line 45 pos 7: '_instance._isInitialized': You must initialize the supabase instance before calling Supabase.instance
_refreshAcademicCategories failed: Bad state: Backend unavailable
loadVerifiedStreamersFromBackend failed: Bad state: Backend unavailable
Realtime public streamer subscription failed: 'package:supabase_flutter/src/supabase.dart': Failed assertion: line 45 pos 7: '_instance._isInitialized': You must initialize the supabase instance before calling Supabase.instance
Realtime academic_categories subscription failed: 'package:supabase_flutter/src/supabase.dart': Failed assertion: line 45 pos 7: '_instance._isInitialized': You must initialize the supabase instance before calling Supabase.instance
Supabase auth listener not attached (Supabase not initialized?): 'package:supabase_flutter/src/supabase.dart': Failed assertion: line 45 pos 7: '_instance._isInitialized': You must initialize the supabase instance before calling Supabase.instance
loadVerifiedStreamersFromBackend failed: Bad state: Backend unavailable
_refreshAcademicCategories failed: Bad state: Backend unavailable
Realtime chat_reports subscription failed: 'package:supabase_flutter/src/supabase.dart': Failed assertion: line 45 pos 7: '_instance._isInitialized': You must initialize the supabase instance before calling Supabase.instance
_refreshAcademicCategories failed: Bad state: Backend unavailable
loadVerifiedStreamersFromBackend failed: Bad state: Backend unavailable
Realtime public streamer subscription failed: 'package:supabase_flutter/src/supabase.dart': Failed assertion: line 45 pos 7: '_instance._isInitialized': You must initialize the supabase instance before calling Supabase.instance
Realtime academic_categories subscription failed: 'package:supabase_flutter/src/supabase.dart': Failed assertion: line 45 pos 7: '_instance._isInitialized': You must initialize the supabase instance before calling Supabase.instance
Supabase auth listener not attached (Supabase not initialized?): 'package:supabase_flutter/src/supabase.dart': Failed assertion: line 45 pos 7: '_instance._isInitialized': You must initialize the supabase instance before calling Supabase.instance
loadVerifiedStreamersFromBackend failed: Bad state: Backend unavailable
_refreshAcademicCategories failed: Bad state: Backend unavailable
Realtime chat_reports subscription failed: 'package:supabase_flutter/src/supabase.dart': Failed assertion: line 45 pos 7: '_instance._isInitialized': You must initialize the supabase instance before calling Supabase.instance
_refreshAcademicCategories failed: Bad state: Backend unavailable
loadVerifiedStreamersFromBackend failed: Bad state: Backend unavailable
Realtime public streamer subscription failed: 'package:supabase_flutter/src/supabase.dart': Failed assertion: line 45 pos 7: '_instance._isInitialized': You must initialize the supabase instance before calling Supabase.instance
Realtime academic_categories subscription failed: 'package:supabase_flutter/src/supabase.dart': Failed assertion: line 45 pos 7: '_instance._isInitialized': You must initialize the supabase instance before calling Supabase.instance
Supabase auth listener not attached (Supabase not initialized?): 'package:supabase_flutter/src/supabase.dart': Failed assertion: line 45 pos 7: '_instance._isInitialized': You must initialize the supabase instance before calling Supabase.instance
loadVerifiedStreamersFromBackend failed: Bad state: Backend unavailable
_refreshAcademicCategories failed: Bad state: Backend unavailable
Realtime chat_reports subscription failed: 'package:supabase_flutter/src/supabase.dart': Failed assertion: line 45 pos 7: '_instance._isInitialized': You must initialize the supabase instance before calling Supabase.instance
_refreshAcademicCategories failed: Bad state: Backend unavailable
loadVerifiedStreamersFromBackend failed: Bad state: Backend unavailable
Realtime public streamer subscription failed: 'package:supabase_flutter/src/supabase.dart': Failed assertion: line 45 pos 7: '_instance._isInitialized': You must initialize the supabase instance before calling Supabase.instance
Realtime academic_categories subscription failed: 'package:supabase_flutter/src/supabase.dart': Failed assertion: line 45 pos 7: '_instance._isInitialized': You must initialize the supabase instance before calling Supabase.instance
Supabase auth listener not attached (Supabase not initialized?): 'package:supabase_flutter/src/supabase.dart': Failed assertion: line 45 pos 7: '_instance._isInitialized': You must initialize the supabase instance before calling Supabase.instance
loadVerifiedStreamersFromBackend failed: Bad state: Backend unavailable
_refreshAcademicCategories failed: Bad state: Backend unavailable
Realtime chat_reports subscription failed: 'package:supabase_flutter/src/supabase.dart': Failed assertion: line 45 pos 7: '_instance._isInitialized': You must initialize the supabase instance before calling Supabase.instance
_refreshAcademicCategories failed: Bad state: Backend unavailable
loadVerifiedStreamersFromBackend failed: Bad state: Backend unavailable
Realtime public streamer subscription failed: 'package:supabase_flutter/src/supabase.dart': Failed assertion: line 45 pos 7: '_instance._isInitialized': You must initialize the supabase instance before calling Supabase.instance
Realtime academic_categories subscription failed: 'package:supabase_flutter/src/supabase.dart': Failed assertion: line 45 pos 7: '_instance._isInitialized': You must initialize the supabase instance before calling Supabase.instance
Supabase auth listener not attached (Supabase not initialized?): 'package:supabase_flutter/src/supabase.dart': Failed assertion: line 45 pos 7: '_instance._isInitialized': You must initialize the supabase instance before calling Supabase.instance
loadVerifiedStreamersFromBackend failed: Bad state: Backend unavailable
_refreshAcademicCategories failed: Bad state: Backend unavailable
Realtime chat_reports subscription failed: 'package:supabase_flutter/src/supabase.dart': Failed assertion: line 45 pos 7: '_instance._isInitialized': You must initialize the supabase instance before calling Supabase.instance
_refreshAcademicCategories failed: Bad state: Backend unavailable
loadVerifiedStreamersFromBackend failed: Bad state: Backend unavailable
Realtime public streamer subscription failed: 'package:supabase_flutter/src/supabase.dart': Failed assertion: line 45 pos 7: '_instance._isInitialized': You must initialize the supabase instance before calling Supabase.instance
Realtime academic_categories subscription failed: 'package:supabase_flutter/src/supabase.dart': Failed assertion: line 45 pos 7: '_instance._isInitialized': You must initialize the supabase instance before calling Supabase.instance
Supabase auth listener not attached (Supabase not initialized?): 'package:supabase_flutter/src/supabase.dart': Failed assertion: line 45 pos 7: '_instance._isInitialized': You must initialize the supabase instance before calling Supabase.instance
loadVerifiedStreamersFromBackend failed: Bad state: Backend unavailable
_refreshAcademicCategories failed: Bad state: Backend unavailable
Realtime chat_reports subscription failed: 'package:supabase_flutter/src/supabase.dart': Failed assertion: line 45 pos 7: '_instance._isInitialized': You must initialize the supabase instance before calling Supabase.instance
_refreshAcademicCategories failed: Bad state: Backend unavailable
loadVerifiedStreamersFromBackend failed: Bad state: Backend unavailable
Realtime public streamer subscription failed: 'package:supabase_flutter/src/supabase.dart': Failed assertion: line 45 pos 7: '_instance._isInitialized': You must initialize the supabase instance before calling Supabase.instance
Realtime academic_categories subscription failed: 'package:supabase_flutter/src/supabase.dart': Failed assertion: line 45 pos 7: '_instance._isInitialized': You must initialize the supabase instance before calling Supabase.instance
Supabase auth listener not attached (Supabase not initialized?): 'package:supabase_flutter/src/supabase.dart': Failed assertion: line 45 pos 7: '_instance._isInitialized': You must initialize the supabase instance before calling Supabase.instance
loadVerifiedStreamersFromBackend failed: Bad state: Backend unavailable
_refreshAcademicCategories failed: Bad state: Backend unavailable
Realtime chat_reports subscription failed: 'package:supabase_flutter/src/supabase.dart': Failed assertion: line 45 pos 7: '_instance._isInitialized': You must initialize the supabase instance before calling Supabase.instance
_refreshAcademicCategories failed: Bad state: Backend unavailable
loadVerifiedStreamersFromBackend failed: Bad state: Backend unavailable
Realtime public streamer subscription failed: 'package:supabase_flutter/src/supabase.dart': Failed assertion: line 45 pos 7: '_instance._isInitialized': You must initialize the supabase instance before calling Supabase.instance
Realtime academic_categories subscription failed: 'package:supabase_flutter/src/supabase.dart': Failed assertion: line 45 pos 7: '_instance._isInitialized': You must initialize the supabase instance before calling Supabase.instance
Supabase auth listener not attached (Supabase not initialized?): 'package:supabase_flutter/src/supabase.dart': Failed assertion: line 45 pos 7: '_instance._isInitialized': You must initialize the supabase instance before calling Supabase.instance
loadVerifiedStreamersFromBackend failed: Bad state: Backend unavailable
_refreshAcademicCategories failed: Bad state: Backend unavailable
Realtime chat_reports subscription failed: 'package:supabase_flutter/src/supabase.dart': Failed assertion: line 45 pos 7: '_instance._isInitialized': You must initialize the supabase instance before calling Supabase.instance
_refreshAcademicCategories failed: Bad state: Backend unavailable
loadVerifiedStreamersFromBackend failed: Bad state: Backend unavailable
Realtime public streamer subscription failed: 'package:supabase_flutter/src/supabase.dart': Failed assertion: line 45 pos 7: '_instance._isInitialized': You must initialize the supabase instance before calling Supabase.instance
Realtime academic_categories subscription failed: 'package:supabase_flutter/src/supabase.dart': Failed assertion: line 45 pos 7: '_instance._isInitialized': You must initialize the supabase instance before calling Supabase.instance
Supabase auth listener not attached (Supabase not initialized?): 'package:supabase_flutter/src/supabase.dart': Failed assertion: line 45 pos 7: '_instance._isInitialized': You must initialize the supabase instance before calling Supabase.instance
loadVerifiedStreamersFromBackend failed: Bad state: Backend unavailable
_refreshAcademicCategories failed: Bad state: Backend unavailable
Realtime chat_reports subscription failed: 'package:supabase_flutter/src/supabase.dart': Failed assertion: line 45 pos 7: '_instance._isInitialized': You must initialize the supabase instance before calling Supabase.instance
_refreshAcademicCategories failed: Bad state: Backend unavailable
loadVerifiedStreamersFromBackend failed: Bad state: Backend unavailable
Realtime public streamer subscription failed: 'package:supabase_flutter/src/supabase.dart': Failed assertion: line 45 pos 7: '_instance._isInitialized': You must initialize the supabase instance before calling Supabase.instance
Realtime academic_categories subscription failed: 'package:supabase_flutter/src/supabase.dart': Failed assertion: line 45 pos 7: '_instance._isInitialized': You must initialize the supabase instance before calling Supabase.instance
Supabase auth listener not attached (Supabase not initialized?): 'package:supabase_flutter/src/supabase.dart': Failed assertion: line 45 pos 7: '_instance._isInitialized': You must initialize the supabase instance before calling Supabase.instance
loadVerifiedStreamersFromBackend failed: Bad state: Backend unavailable
_refreshAcademicCategories failed: Bad state: Backend unavailable
Realtime chat_reports subscription failed: 'package:supabase_flutter/src/supabase.dart': Failed assertion: line 45 pos 7: '_instance._isInitialized': You must initialize the supabase instance before calling Supabase.instance
_refreshAcademicCategories failed: Bad state: Backend unavailable
loadVerifiedStreamersFromBackend failed: Bad state: Backend unavailable
Realtime public streamer subscription failed: 'package:supabase_flutter/src/supabase.dart': Failed assertion: line 45 pos 7: '_instance._isInitialized': You must initialize the supabase instance before calling Supabase.instance
Realtime academic_categories subscription failed: 'package:supabase_flutter/src/supabase.dart': Failed assertion: line 45 pos 7: '_instance._isInitialized': You must initialize the supabase instance before calling Supabase.instance
Supabase auth listener not attached (Supabase not initialized?): 'package:supabase_flutter/src/supabase.dart': Failed assertion: line 45 pos 7: '_instance._isInitialized': You must initialize the supabase instance before calling Supabase.instance
loadVerifiedStreamersFromBackend failed: Bad state: Backend unavailable
_refreshAcademicCategories failed: Bad state: Backend unavailable
Realtime chat_reports subscription failed: 'package:supabase_flutter/src/supabase.dart': Failed assertion: line 45 pos 7: '_instance._isInitialized': You must initialize the supabase instance before calling Supabase.instance
_refreshAcademicCategories failed: Bad state: Backend unavailable
loadVerifiedStreamersFromBackend failed: Bad state: Backend unavailable
00:41 +42: C:/Users/User/.codex/worktrees/hadayah-wave4v2-integration/Streamer_app/project/test/layout_sweep_test.dart: (tearDownAll)
00:41 +42: loading C:/Users/User/.codex/worktrees/hadayah-wave4v2-integration/Streamer_app/project/test/live_multi_speaker_test.dart
00:42 +42: C:/Users/User/.codex/worktrees/hadayah-wave4v2-integration/Streamer_app/project/test/live_multi_speaker_test.dart: (setUpAll)
[90m[🌎 Easy Localization] [DEBUG] Localization initialized[0m
00:42 +42: C:/Users/User/.codex/worktrees/hadayah-wave4v2-integration/Streamer_app/project/test/live_multi_speaker_test.dart: Organization Feature Phase 3: Live Multi-Speaker Dynamics Tests TC-LIVE-SPK-06: Integrated video viewport stack correctly renders LiveMultiSpeakerOverlay for organizations
Realtime public streamer subscription failed: 'package:supabase_flutter/src/supabase.dart': Failed assertion: line 45 pos 7: '_instance._isInitialized': You must initialize the supabase instance before calling Supabase.instance
Realtime academic_categories subscription failed: 'package:supabase_flutter/src/supabase.dart': Failed assertion: line 45 pos 7: '_instance._isInitialized': You must initialize the supabase instance before calling Supabase.instance
Supabase auth listener not attached (Supabase not initialized?): 'package:supabase_flutter/src/supabase.dart': Failed assertion: line 45 pos 7: '_instance._isInitialized': You must initialize the supabase instance before calling Supabase.instance
[90m[🌎 Easy Localization] [DEBUG] Start[0m
loadVerifiedStreamersFromBackend failed: Bad state: Backend unavailable
_refreshAcademicCategories failed: Bad state: Backend unavailable
[90m[🌎 Easy Localization] [DEBUG] Init state[0m
[32m[🌎 Easy Localization] [INFO] Start locale loaded en[0m
[90m[🌎 Easy Localization] [DEBUG] Build[0m
[90m[🌎 Easy Localization] [DEBUG] Init Localization Delegate[0m
[90m[🌎 Easy Localization] [DEBUG] Init provider[0m
[90m[🌎 Easy Localization] [DEBUG] Load Localization Delegate[0m
[90m[🌎 Easy Localization] [DEBUG] Build[0m
[90m[🌎 Easy Localization] [DEBUG] Init Localization Delegate[0m
[90m[🌎 Easy Localization] [DEBUG] Init provider[0m
00:42 +43: C:/Users/User/.codex/worktrees/hadayah-wave4v2-integration/Streamer_app/project/test/live_multi_speaker_test.dart: (tearDownAll)
00:42 +43: loading C:/Users/User/.codex/worktrees/hadayah-wave4v2-integration/Streamer_app/project/test/live_stream_test.dart
00:43 +43: C:/Users/User/.codex/worktrees/hadayah-wave4v2-integration/Streamer_app/project/test/live_stream_test.dart: Cluster 1 -- Player Quality, Placeholders & Mini-Player TC-FALLBACK-02: AbstractVideoPlayer forwards fallbackUrls to YouTube adapter
00:43 +44: loading C:/Users/User/.codex/worktrees/hadayah-wave4v2-integration/Streamer_app/project/test/local_mode_unavailable_test.dart
00:44 +44: loading C:/Users/User/.codex/worktrees/hadayah-wave4v2-integration/Streamer_app/project/test/map_p5_presentation_test.dart
00:45 +44: C:/Users/User/.codex/worktrees/hadayah-wave4v2-integration/Streamer_app/project/test/map_p5_presentation_test.dart: (setUpAll)
[90m[🌎 Easy Localization] [DEBUG] Localization initialized[0m
00:45 +44: C:/Users/User/.codex/worktrees/hadayah-wave4v2-integration/Streamer_app/project/test/map_p5_presentation_test.dart: own marker has accessible name and taps once
[90m[🌎 Easy Localization] [DEBUG] Start[0m
[90m[🌎 Easy Localization] [DEBUG] Init state[0m
[32m[🌎 Easy Localization] [INFO] Start locale loaded en[0m
[90m[🌎 Easy Localization] [DEBUG] Build[0m
[90m[🌎 Easy Localization] [DEBUG] Init Localization Delegate[0m
[90m[🌎 Easy Localization] [DEBUG] Init provider[0m
[90m[🌎 Easy Localization] [DEBUG] Load Localization Delegate[0m
[90m[🌎 Easy Localization] [DEBUG] Build[0m
[90m[🌎 Easy Localization] [DEBUG] Init Localization Delegate[0m
[90m[🌎 Easy Localization] [DEBUG] Init provider[0m
00:46 +45: C:/Users/User/.codex/worktrees/hadayah-wave4v2-integration/Streamer_app/project/test/map_p5_presentation_test.dart: (tearDownAll)
00:46 +45: loading C:/Users/User/.codex/worktrees/hadayah-wave4v2-integration/Streamer_app/project/test/map_pack_test.dart
00:46 +45: C:/Users/User/.codex/worktrees/hadayah-wave4v2-integration/Streamer_app/project/test/map_pack_test.dart: Browser offline preparation state (fake store; real browser behaviour is covered by the Chrome acceptance run) an interrupted preparation is reported as failed, never ready
00:47 +46: C:/Users/User/.codex/worktrees/hadayah-wave4v2-integration/Streamer_app/project/test/map_pack_test.dart: Browser offline preparation state (fake store; real browser behaviour is covered by the Chrome acceptance run) native builds have no browser offline state
00:47 +47: loading C:/Users/User/.codex/worktrees/hadayah-wave4v2-integration/Streamer_app/project/test/map_tricity_widgets_test.dart
00:48 +47: C:/Users/User/.codex/worktrees/hadayah-wave4v2-integration/Streamer_app/project/test/map_tricity_widgets_test.dart: (setUpAll)
[90m[🌎 Easy Localization] [DEBUG] Localization initialized[0m
00:48 +47: C:/Users/User/.codex/worktrees/hadayah-wave4v2-integration/Streamer_app/project/test/map_tricity_widgets_test.dart: directions that no app can open show a localized message (A18)
Realtime public streamer subscription failed: 'package:supabase_flutter/src/supabase.dart': Failed assertion: line 45 pos 7: '_instance._isInitialized': You must initialize the supabase instance before calling Supabase.instance
Realtime academic_categories subscription failed: 'package:supabase_flutter/src/supabase.dart': Failed assertion: line 45 pos 7: '_instance._isInitialized': You must initialize the supabase instance before calling Supabase.instance
Supabase auth listener not attached (Supabase not initialized?): 'package:supabase_flutter/src/supabase.dart': Failed assertion: line 45 pos 7: '_instance._isInitialized': You must initialize the supabase instance before calling Supabase.instance
[90m[🌎 Easy Localization] [DEBUG] Start[0m
loadVerifiedStreamersFromBackend failed: Bad state: Backend unavailable
_refreshAcademicCategories failed: Bad state: Backend unavailable
[90m[🌎 Easy Localization] [DEBUG] Init state[0m
[32m[🌎 Easy Localization] [INFO] Start locale loaded en[0m
[90m[🌎 Easy Localization] [DEBUG] Build[0m
[90m[🌎 Easy Localization] [DEBUG] Init Localization Delegate[0m
[90m[🌎 Easy Localization] [DEBUG] Init provider[0m
[90m[🌎 Easy Localization] [DEBUG] Load Localization Delegate[0m
[90m[🌎 Easy Localization] [DEBUG] Build[0m
[90m[🌎 Easy Localization] [DEBUG] Init Localization Delegate[0m
[90m[🌎 Easy Localization] [DEBUG] Init provider[0m
00:49 +48: C:/Users/User/.codex/worktrees/hadayah-wave4v2-integration/Streamer_app/project/test/map_tricity_widgets_test.dart: directions for a venue without a pinned point explain it instead of opening 0,0
Realtime public streamer subscription failed: 'package:supabase_flutter/src/supabase.dart': Failed assertion: line 45 pos 7: '_instance._isInitialized': You must initialize the supabase instance before calling Supabase.instance
Realtime academic_categories subscription failed: 'package:supabase_flutter/src/supabase.dart': Failed assertion: line 45 pos 7: '_instance._isInitialized': You must initialize the supabase instance before calling Supabase.instance
Supabase auth listener not attached (Supabase not initialized?): 'package:supabase_flutter/src/supabase.dart': Failed assertion: line 45 pos 7: '_instance._isInitialized': You must initialize the supabase instance before calling Supabase.instance
[90m[🌎 Easy Localization] [DEBUG] Start[0m
loadVerifiedStreamersFromBackend failed: Bad state: Backend unavailable
_refreshAcademicCategories failed: Bad state: Backend unavailable
[90m[🌎 Easy Localization] [DEBUG] Init state[0m
[32m[🌎 Easy Localization] [INFO] Start locale loaded en[0m
[90m[🌎 Easy Localization] [DEBUG] Build[0m
[90m[🌎 Easy Localization] [DEBUG] Init Localization Delegate[0m
[90m[🌎 Easy Localization] [DEBUG] Init provider[0m
[90m[🌎 Easy Localization] [DEBUG] Load Localization Delegate[0m
[90m[🌎 Easy Localization] [DEBUG] Build[0m
[90m[🌎 Easy Localization] [DEBUG] Init Localization Delegate[0m
[90m[🌎 Easy Localization] [DEBUG] Init provider[0m
00:49 +49: C:/Users/User/.codex/worktrees/hadayah-wave4v2-integration/Streamer_app/project/test/map_tricity_widgets_test.dart: Venue location picker (A19) a legacy point outside the map is shown and kept, never clamped; confirm stays disabled until a new point is chosen
Realtime public streamer subscription failed: 'package:supabase_flutter/src/supabase.dart': Failed assertion: line 45 pos 7: '_instance._isInitialized': You must initialize the supabase instance before calling Supabase.instance
Realtime academic_categories subscription failed: 'package:supabase_flutter/src/supabase.dart': Failed assertion: line 45 pos 7: '_instance._isInitialized': You must initialize the supabase instance before calling Supabase.instance
Supabase auth listener not attached (Supabase not initialized?): 'package:supabase_flutter/src/supabase.dart': Failed assertion: line 45 pos 7: '_instance._isInitialized': You must initialize the supabase instance before calling Supabase.instance
[90m[🌎 Easy Localization] [DEBUG] Start[0m
loadVerifiedStreamersFromBackend failed: Bad state: Backend unavailable
_refreshAcademicCategories failed: Bad state: Backend unavailable
[90m[🌎 Easy Localization] [DEBUG] Init state[0m
[32m[🌎 Easy Localization] [INFO] Start locale loaded en[0m
[90m[🌎 Easy Localization] [DEBUG] Build[0m
[90m[🌎 Easy Localization] [DEBUG] Init Localization Delegate[0m
[90m[🌎 Easy Localization] [DEBUG] Init provider[0m
[90m[🌎 Easy Localization] [DEBUG] Load Localization Delegate[0m
[90m[🌎 Easy Localization] [DEBUG] Build[0m
[90m[🌎 Easy Localization] [DEBUG] Init Localization Delegate[0m
[90m[🌎 Easy Localization] [DEBUG] Init provider[0m
00:49 +50: C:/Users/User/.codex/worktrees/hadayah-wave4v2-integration/Streamer_app/project/test/map_tricity_widgets_test.dart: Venue location picker (A19) without a visible map no blind pin can be placed
Realtime public streamer subscription failed: 'package:supabase_flutter/src/supabase.dart': Failed assertion: line 45 pos 7: '_instance._isInitialized': You must initialize the supabase instance before calling Supabase.instance
Realtime academic_categories subscription failed: 'package:supabase_flutter/src/supabase.dart': Failed assertion: line 45 pos 7: '_instance._isInitialized': You must initialize the supabase instance before calling Supabase.instance
Supabase auth listener not attached (Supabase not initialized?): 'package:supabase_flutter/src/supabase.dart': Failed assertion: line 45 pos 7: '_instance._isInitialized': You must initialize the supabase instance before calling Supabase.instance
[90m[🌎 Easy Localization] [DEBUG] Start[0m
loadVerifiedStreamersFromBackend failed: Bad state: Backend unavailable
_refreshAcademicCategories failed: Bad state: Backend unavailable
[90m[🌎 Easy Localization] [DEBUG] Init state[0m
[32m[🌎 Easy Localization] [INFO] Start locale loaded en[0m
[90m[🌎 Easy Localization] [DEBUG] Build[0m
[90m[🌎 Easy Localization] [DEBUG] Init Localization Delegate[0m
[90m[🌎 Easy Localization] [DEBUG] Init provider[0m
[90m[🌎 Easy Localization] [DEBUG] Load Localization Delegate[0m
[90m[🌎 Easy Localization] [DEBUG] Build[0m
[90m[🌎 Easy Localization] [DEBUG] Init Localization Delegate[0m
[90m[🌎 Easy Localization] [DEBUG] Init provider[0m
00:49 +51: C:/Users/User/.codex/worktrees/hadayah-wave4v2-integration/Streamer_app/project/test/map_tricity_widgets_test.dart: Venue location picker (A19) "Pin the map centre" places the point under the crosshair (keyboard and screen-reader path)
Realtime public streamer subscription failed: 'package:supabase_flutter/src/supabase.dart': Failed assertion: line 45 pos 7: '_instance._isInitialized': You must initialize the supabase instance before calling Supabase.instance
Realtime academic_categories subscription failed: 'package:supabase_flutter/src/supabase.dart': Failed assertion: line 45 pos 7: '_instance._isInitialized': You must initialize the supabase instance before calling Supabase.instance
Supabase auth listener not attached (Supabase not initialized?): 'package:supabase_flutter/src/supabase.dart': Failed assertion: line 45 pos 7: '_instance._isInitialized': You must initialize the supabase instance before calling Supabase.instance
[90m[🌎 Easy Localization] [DEBUG] Start[0m
loadVerifiedStreamersFromBackend failed: Bad state: Backend unavailable
_refreshAcademicCategories failed: Bad state: Backend unavailable
[90m[🌎 Easy Localization] [DEBUG] Init state[0m
[32m[🌎 Easy Localization] [INFO] Start locale loaded en[0m
[90m[🌎 Easy Localization] [DEBUG] Build[0m
[90m[🌎 Easy Localization] [DEBUG] Init Localization Delegate[0m
[90m[🌎 Easy Localization] [DEBUG] Init provider[0m
[90m[🌎 Easy Localization] [DEBUG] Load Localization Delegate[0m
[90m[🌎 Easy Localization] [DEBUG] Build[0m
[90m[🌎 Easy Localization] [DEBUG] Init Localization Delegate[0m
[90m[🌎 Easy Localization] [DEBUG] Init provider[0m
00:50 +52: C:/Users/User/.codex/worktrees/hadayah-wave4v2-integration/Streamer_app/project/test/map_tricity_widgets_test.dart: Venue location picker (A19) tapping the map records the exact point; the result carries coordinates only
Realtime public streamer subscription failed: 'package:supabase_flutter/src/supabase.dart': Failed assertion: line 45 pos 7: '_instance._isInitialized': You must initialize the supabase instance before calling Supabase.instance
Realtime academic_categories subscription failed: 'package:supabase_flutter/src/supabase.dart': Failed assertion: line 45 pos 7: '_instance._isInitialized': You must initialize the supabase instance before calling Supabase.instance
Supabase auth listener not attached (Supabase not initialized?): 'package:supabase_flutter/src/supabase.dart': Failed assertion: line 45 pos 7: '_instance._isInitialized': You must initialize the supabase instance before calling Supabase.instance
[90m[🌎 Easy Localization] [DEBUG] Start[0m
loadVerifiedStreamersFromBackend failed: Bad state: Backend unavailable
_refreshAcademicCategories failed: Bad state: Backend unavailable
[90m[🌎 Easy Localization] [DEBUG] Init state[0m
[32m[🌎 Easy Localization] [INFO] Start locale loaded en[0m
[90m[🌎 Easy Localization] [DEBUG] Build[0m
[90m[🌎 Easy Localization] [DEBUG] Init Localization Delegate[0m
[90m[🌎 Easy Localization] [DEBUG] Init provider[0m
[90m[🌎 Easy Localization] [DEBUG] Load Localization Delegate[0m
[90m[🌎 Easy Localization] [DEBUG] Build[0m
[90m[🌎 Easy Localization] [DEBUG] Init Localization Delegate[0m
[90m[🌎 Easy Localization] [DEBUG] Init provider[0m
00:50 +53: C:/Users/User/.codex/worktrees/hadayah-wave4v2-integration/Streamer_app/project/test/map_tricity_widgets_test.dart: Venue location picker (A19) step 4 main venue: pin changes only the point; typed venue text and chosen city are kept; cancel keeps the old point
Realtime public streamer subscription failed: 'package:supabase_flutter/src/supabase.dart': Failed assertion: line 45 pos 7: '_instance._isInitialized': You must initialize the supabase instance before calling Supabase.instance
Realtime academic_categories subscription failed: 'package:supabase_flutter/src/supabase.dart': Failed assertion: line 45 pos 7: '_instance._isInitialized': You must initialize the supabase instance before calling Supabase.instance
Supabase auth listener not attached (Supabase not initialized?): 'package:supabase_flutter/src/supabase.dart': Failed assertion: line 45 pos 7: '_instance._isInitialized': You must initialize the supabase instance before calling Supabase.instance
[90m[🌎 Easy Localization] [DEBUG] Start[0m
loadVerifiedStreamersFromBackend failed: Bad state: Backend unavailable
_refreshAcademicCategories failed: Bad state: Backend unavailable
[90m[🌎 Easy Localization] [DEBUG] Init state[0m
[32m[🌎 Easy Localization] [INFO] Start locale loaded en[0m
[90m[🌎 Easy Localization] [DEBUG] Build[0m
[90m[🌎 Easy Localization] [DEBUG] Init Localization Delegate[0m
[90m[🌎 Easy Localization] [DEBUG] Init provider[0m
[90m[🌎 Easy Localization] [DEBUG] Load Localization Delegate[0m
[90m[🌎 Easy Localization] [DEBUG] Build[0m
[90m[🌎 Easy Localization] [DEBUG] Init Localization Delegate[0m
[90m[🌎 Easy Localization] [DEBUG] Init provider[0m
00:51 +54: C:/Users/User/.codex/worktrees/hadayah-wave4v2-integration/Streamer_app/project/test/map_tricity_widgets_test.dart: Venue location picker (A19) additional branch: no invented coordinate when not pinned; the pinned point is kept when pinned
Realtime public streamer subscription failed: 'package:supabase_flutter/src/supabase.dart': Failed assertion: line 45 pos 7: '_instance._isInitialized': You must initialize the supabase instance before calling Supabase.instance
Realtime academic_categories subscription failed: 'package:supabase_flutter/src/supabase.dart': Failed assertion: line 45 pos 7: '_instance._isInitialized': You must initialize the supabase instance before calling Supabase.instance
Supabase auth listener not attached (Supabase not initialized?): 'package:supabase_flutter/src/supabase.dart': Failed assertion: line 45 pos 7: '_instance._isInitialized': You must initialize the supabase instance before calling Supabase.instance
[90m[🌎 Easy Localization] [DEBUG] Start[0m
loadVerifiedStreamersFromBackend failed: Bad state: Backend unavailable
_refreshAcademicCategories failed: Bad state: Backend unavailable
[90m[🌎 Easy Localization] [DEBUG] Init state[0m
[32m[🌎 Easy Localization] [INFO] Start locale loaded en[0m
[90m[🌎 Easy Localization] [DEBUG] Build[0m
[90m[🌎 Easy Localization] [DEBUG] Init Localization Delegate[0m
[90m[🌎 Easy Localization] [DEBUG] Init provider[0m
[90m[🌎 Easy Localization] [DEBUG] Load Localization Delegate[0m
[90m[🌎 Easy Localization] [DEBUG] Build[0m
[90m[🌎 Easy Localization] [DEBUG] Init Localization Delegate[0m
[90m[🌎 Easy Localization] [DEBUG] Init provider[0m
00:52 +55: C:/Users/User/.codex/worktrees/hadayah-wave4v2-integration/Streamer_app/project/test/map_tricity_widgets_test.dart: Round 2 repairs a pinned venue has directions but no invented user distance
Realtime public streamer subscription failed: 'package:supabase_flutter/src/supabase.dart': Failed assertion: line 45 pos 7: '_instance._isInitialized': You must initialize the supabase instance before calling Supabase.instance
Realtime academic_categories subscription failed: 'package:supabase_flutter/src/supabase.dart': Failed assertion: line 45 pos 7: '_instance._isInitialized': You must initialize the supabase instance before calling Supabase.instance
Supabase auth listener not attached (Supabase not initialized?): 'package:supabase_flutter/src/supabase.dart': Failed assertion: line 45 pos 7: '_instance._isInitialized': You must initialize the supabase instance before calling Supabase.instance
[90m[🌎 Easy Localization] [DEBUG] Start[0m
loadVerifiedStreamersFromBackend failed: Bad state: Backend unavailable
_refreshAcademicCategories failed: Bad state: Backend unavailable
[90m[🌎 Easy Localization] [DEBUG] Init state[0m
[32m[🌎 Easy Localization] [INFO] Start locale loaded en[0m
[90m[🌎 Easy Localization] [DEBUG] Build[0m
[90m[🌎 Easy Localization] [DEBUG] Init Localization Delegate[0m
[90m[🌎 Easy Localization] [DEBUG] Init provider[0m
[90m[🌎 Easy Localization] [DEBUG] Load Localization Delegate[0m
[90m[🌎 Easy Localization] [DEBUG] Build[0m
[90m[🌎 Easy Localization] [DEBUG] Init Localization Delegate[0m
[90m[🌎 Easy Localization] [DEBUG] Init provider[0m
00:52 +56: C:/Users/User/.codex/worktrees/hadayah-wave4v2-integration/Streamer_app/project/test/map_tricity_widgets_test.dart: Round 2 repairs an unpinned (0,0) venue shows no distance and no directions, only the no-location message
Realtime public streamer subscription failed: 'package:supabase_flutter/src/supabase.dart': Failed assertion: line 45 pos 7: '_instance._isInitialized': You must initialize the supabase instance before calling Supabase.instance
Realtime academic_categories subscription failed: 'package:supabase_flutter/src/supabase.dart': Failed assertion: line 45 pos 7: '_instance._isInitialized': You must initialize the supabase instance before calling Supabase.instance
Supabase auth listener not attached (Supabase not initialized?): 'package:supabase_flutter/src/supabase.dart': Failed assertion: line 45 pos 7: '_instance._isInitialized': You must initialize the supabase instance before calling Supabase.instance
[90m[🌎 Easy Localization] [DEBUG] Start[0m
loadVerifiedStreamersFromBackend failed: Bad state: Backend unavailable
_refreshAcademicCategories failed: Bad state: Backend unavailable
[90m[🌎 Easy Localization] [DEBUG] Init state[0m
[32m[🌎 Easy Localization] [INFO] Start locale loaded en[0m
[90m[🌎 Easy Localization] [DEBUG] Build[0m
[90m[🌎 Easy Localization] [DEBUG] Init Localization Delegate[0m
[90m[🌎 Easy Localization] [DEBUG] Init provider[0m
[90m[🌎 Easy Localization] [DEBUG] Load Localization Delegate[0m
[90m[🌎 Easy Localization] [DEBUG] Build[0m
[90m[🌎 Easy Localization] [DEBUG] Init Localization Delegate[0m
[90m[🌎 Easy Localization] [DEBUG] Init provider[0m
00:52 +57: C:/Users/User/.codex/worktrees/hadayah-wave4v2-integration/Streamer_app/project/test/map_tricity_widgets_test.dart: Round 2 repairs web prompt: Save keeps the prompt when saving fails and hides it once the copy is ready; details then say it is saved
Realtime public streamer subscription failed: 'package:supabase_flutter/src/supabase.dart': Failed assertion: line 45 pos 7: '_instance._isInitialized': You must initialize the supabase instance before calling Supabase.instance
Realtime academic_categories subscription failed: 'package:supabase_flutter/src/supabase.dart': Failed assertion: line 45 pos 7: '_instance._isInitialized': You must initialize the supabase instance before calling Supabase.instance
Supabase auth listener not attached (Supabase not initialized?): 'package:supabase_flutter/src/supabase.dart': Failed assertion: line 45 pos 7: '_instance._isInitialized': You must initialize the supabase instance before calling Supabase.instance
loadVerifiedStreamersFromBackend failed: Bad state: Backend unavailable
[90m[🌎 Easy Localization] [DEBUG] Start[0m
[90m[🌎 Easy Localization] [DEBUG] Init state[0m
[32m[🌎 Easy Localization] [INFO] Start locale loaded en[0m
[90m[🌎 Easy Localization] [DEBUG] Build[0m
[90m[🌎 Easy Localization] [DEBUG] Init Localization Delegate[0m
[90m[🌎 Easy Localization] [DEBUG] Init provider[0m
[90m[🌎 Easy Localization] [DEBUG] Load Localization Delegate[0m
[90m[🌎 Easy Localization] [DEBUG] Build[0m
[90m[🌎 Easy Localization] [DEBUG] Init Localization Delegate[0m
[90m[🌎 Easy Localization] [DEBUG] Init provider[0m
unhandled element <defs/>; Picture key: Svg loader
00:52 +58: C:/Users/User/.codex/worktrees/hadayah-wave4v2-integration/Streamer_app/project/test/map_tricity_widgets_test.dart: (tearDownAll)
00:53 +58: loading C:/Users/User/.codex/worktrees/hadayah-wave4v2-integration/Streamer_app/project/test/map_viewport_policy_test.dart
00:53 +58: C:/Users/User/.codex/worktrees/hadayah-wave4v2-integration/Streamer_app/project/test/map_viewport_policy_test.dart: cluster taps share the policy maximum
00:53 +59: loading C:/Users/User/.codex/worktrees/hadayah-wave4v2-integration/Streamer_app/project/test/multi_device_streamer_sync_and_youtube_parser_test.dart
00:54 +59: C:/Users/User/.codex/worktrees/hadayah-wave4v2-integration/Streamer_app/project/test/multi_device_streamer_sync_and_youtube_parser_test.dart: Multi-Device Streamer Sync & Flexible YouTube Parsing Tests TC-PROTECT-01: no channel is undeletable in the client any more
Realtime public streamer subscription failed: 'package:supabase_flutter/src/supabase.dart': Failed assertion: line 45 pos 7: '_instance._isInitialized': You must initialize the supabase instance before calling Supabase.instance
Realtime academic_categories subscription failed: 'package:supabase_flutter/src/supabase.dart': Failed assertion: line 45 pos 7: '_instance._isInitialized': You must initialize the supabase instance before calling Supabase.instance
Supabase auth listener not attached (Supabase not initialized?): 'package:supabase_flutter/src/supabase.dart': Failed assertion: line 45 pos 7: '_instance._isInitialized': You must initialize the supabase instance before calling Supabase.instance
loadVerifiedStreamersFromBackend failed: Bad state: Backend unavailable
loadVerifiedStreamersFromBackend failed: Bad state: Backend unavailable
00:54 +60: loading C:/Users/User/.codex/worktrees/hadayah-wave4v2-integration/Streamer_app/project/test/notification_system_test.dart
00:55 +60: C:/Users/User/.codex/worktrees/hadayah-wave4v2-integration/Streamer_app/project/test/notification_system_test.dart: TC-NOTIF-04: 14 Humanized Saudi Arabic Event Template Verification Category filtering and read states work accurately
Realtime public streamer subscription failed: 'package:supabase_flutter/src/supabase.dart': Failed assertion: line 45 pos 7: '_instance._isInitialized': You must initialize the supabase instance before calling Supabase.instance
Realtime academic_categories subscription failed: 'package:supabase_flutter/src/supabase.dart': Failed assertion: line 45 pos 7: '_instance._isInitialized': You must initialize the supabase instance before calling Supabase.instance
Supabase auth listener not attached (Supabase not initialized?): 'package:supabase_flutter/src/supabase.dart': Failed assertion: line 45 pos 7: '_instance._isInitialized': You must initialize the supabase instance before calling Supabase.instance
00:55 +61: loading C:/Users/User/.codex/worktrees/hadayah-wave4v2-integration/Streamer_app/project/test/offline_experience_test.dart
00:56 +61: C:/Users/User/.codex/worktrees/hadayah-wave4v2-integration/Streamer_app/project/test/offline_experience_test.dart: (setUpAll)
[90m[🌎 Easy Localization] [DEBUG] Localization initialized[0m
00:56 +61: C:/Users/User/.codex/worktrees/hadayah-wave4v2-integration/Streamer_app/project/test/offline_experience_test.dart: category loading shares one request and retries after failure
Realtime public streamer subscription failed: 'package:supabase_flutter/src/supabase.dart': Failed assertion: line 45 pos 7: '_instance._isInitialized': You must initialize the supabase instance before calling Supabase.instance
Realtime academic_categories subscription failed: 'package:supabase_flutter/src/supabase.dart': Failed assertion: line 45 pos 7: '_instance._isInitialized': You must initialize the supabase instance before calling Supabase.instance
Supabase auth listener not attached (Supabase not initialized?): 'package:supabase_flutter/src/supabase.dart': Failed assertion: line 45 pos 7: '_instance._isInitialized': You must initialize the supabase instance before calling Supabase.instance
_refreshAcademicCategories failed: Bad state: offline
00:56 +62: C:/Users/User/.codex/worktrees/hadayah-wave4v2-integration/Streamer_app/project/test/offline_experience_test.dart: (tearDownAll)
00:56 +62: C:/Users/User/.codex/worktrees/hadayah-wave4v2-integration/Streamer_app/project/test/offline_experience_test.dart: category loading shares one request and retries after failure
refreshAdminData failed: A AppProvider was used after being disposed.
Once you have called dispose() on a AppProvider, it can no longer be used.
_refreshTags failed: A AppProvider was used after being disposed.
Once you have called dispose() on a AppProvider, it can no longer be used.
00:56 +62: loading C:/Users/User/.codex/worktrees/hadayah-wave4v2-integration/Streamer_app/project/test/organization_admin_and_go_live_test.dart
00:57 +62: C:/Users/User/.codex/worktrees/hadayah-wave4v2-integration/Streamer_app/project/test/organization_admin_and_go_live_test.dart: (setUpAll)
[90m[🌎 Easy Localization] [DEBUG] Localization initialized[0m
00:57 +62: C:/Users/User/.codex/worktrees/hadayah-wave4v2-integration/Streamer_app/project/test/organization_admin_and_go_live_test.dart: Phase 4: Go Live Studio & Organization Management Tests TC-ORG-ADMIN-05: showAuditTrail=false hides the Audit Trail tab (Permitted Admin surface, v0.8 Checkpoint 3)
Realtime public streamer subscription failed: 'package:supabase_flutter/src/supabase.dart': Failed assertion: line 45 pos 7: '_instance._isInitialized': You must initialize the supabase instance before calling Supabase.instance
Realtime academic_categories subscription failed: 'package:supabase_flutter/src/supabase.dart': Failed assertion: line 45 pos 7: '_instance._isInitialized': You must initialize the supabase instance before calling Supabase.instance
Supabase auth listener not attached (Supabase not initialized?): 'package:supabase_flutter/src/supabase.dart': Failed assertion: line 45 pos 7: '_instance._isInitialized': You must initialize the supabase instance before calling Supabase.instance
loadVerifiedStreamersFromBackend failed: Bad state: Backend unavailable
_refreshAcademicCategories failed: Bad state: Backend unavailable
Realtime public streamer subscription failed: 'package:supabase_flutter/src/supabase.dart': Failed assertion: line 45 pos 7: '_instance._isInitialized': You must initialize the supabase instance before calling Supabase.instance
Realtime academic_categories subscription failed: 'package:supabase_flutter/src/supabase.dart': Failed assertion: line 45 pos 7: '_instance._isInitialized': You must initialize the supabase instance before calling Supabase.instance
Supabase auth listener not attached (Supabase not initialized?): 'package:supabase_flutter/src/supabase.dart': Failed assertion: line 45 pos 7: '_instance._isInitialized': You must initialize the supabase instance before calling Supabase.instance
[90m[🌎 Easy Localization] [DEBUG] Start[0m
loadVerifiedStreamersFromBackend failed: Bad state: Backend unavailable
_refreshAcademicCategories failed: Bad state: Backend unavailable
[90m[🌎 Easy Localization] [DEBUG] Init state[0m
[32m[🌎 Easy Localization] [INFO] Start locale loaded en[0m
[90m[🌎 Easy Localization] [DEBUG] Build[0m
[90m[🌎 Easy Localization] [DEBUG] Init Localization Delegate[0m
[90m[🌎 Easy Localization] [DEBUG] Init provider[0m
[90m[🌎 Easy Localization] [DEBUG] Load Localization Delegate[0m
[90m[🌎 Easy Localization] [DEBUG] Build[0m
[90m[🌎 Easy Localization] [DEBUG] Init Localization Delegate[0m
[90m[🌎 Easy Localization] [DEBUG] Init provider[0m
00:58 +63: C:/Users/User/.codex/worktrees/hadayah-wave4v2-integration/Streamer_app/project/test/organization_admin_and_go_live_test.dart: (tearDownAll)
00:58 +63: loading C:/Users/User/.codex/worktrees/hadayah-wave4v2-integration/Streamer_app/project/test/organization_location_reload_test.dart
00:59 +63: loading C:/Users/User/.codex/worktrees/hadayah-wave4v2-integration/Streamer_app/project/test/organization_models_and_rbac_test.dart
00:59 +63: C:/Users/User/.codex/worktrees/hadayah-wave4v2-integration/Streamer_app/project/test/organization_models_and_rbac_test.dart: Organization Feature Phase 1: Models & RBAC Unit Tests TC-ORG-05: AppProvider RBAC and Organization helpers
Realtime public streamer subscription failed: 'package:supabase_flutter/src/supabase.dart': Failed assertion: line 45 pos 7: '_instance._isInitialized': You must initialize the supabase instance before calling Supabase.instance
Realtime academic_categories subscription failed: 'package:supabase_flutter/src/supabase.dart': Failed assertion: line 45 pos 7: '_instance._isInitialized': You must initialize the supabase instance before calling Supabase.instance
Supabase auth listener not attached (Supabase not initialized?): 'package:supabase_flutter/src/supabase.dart': Failed assertion: line 45 pos 7: '_instance._isInitialized': You must initialize the supabase instance before calling Supabase.instance
Supabase org speaker write-through failed: Exception: Supabase not available
loadVerifiedStreamersFromBackend failed: Bad state: Backend unavailable
00:59 +64: loading C:/Users/User/.codex/worktrees/hadayah-wave4v2-integration/Streamer_app/project/test/organization_profile_screen_test.dart
01:00 +64: C:/Users/User/.codex/worktrees/hadayah-wave4v2-integration/Streamer_app/project/test/organization_profile_screen_test.dart: (setUpAll)
[90m[🌎 Easy Localization] [DEBUG] Localization initialized[0m
01:00 +64: C:/Users/User/.codex/worktrees/hadayah-wave4v2-integration/Streamer_app/project/test/organization_profile_screen_test.dart: Organization Feature Phase 2: Profile Screen & Speaker Filter Tests TC-ORG-UI-05: OrgSpeakerInspectionSheet displays instructor details & bio
Realtime public streamer subscription failed: 'package:supabase_flutter/src/supabase.dart': Failed assertion: line 45 pos 7: '_instance._isInitialized': You must initialize the supabase instance before calling Supabase.instance
Realtime academic_categories subscription failed: 'package:supabase_flutter/src/supabase.dart': Failed assertion: line 45 pos 7: '_instance._isInitialized': You must initialize the supabase instance before calling Supabase.instance
Supabase auth listener not attached (Supabase not initialized?): 'package:supabase_flutter/src/supabase.dart': Failed assertion: line 45 pos 7: '_instance._isInitialized': You must initialize the supabase instance before calling Supabase.instance
[90m[🌎 Easy Localization] [DEBUG] Start[0m
loadVerifiedStreamersFromBackend failed: Bad state: Backend unavailable
_refreshAcademicCategories failed: Bad state: Backend unavailable
[90m[🌎 Easy Localization] [DEBUG] Init state[0m
[32m[🌎 Easy Localization] [INFO] Start locale loaded en[0m
[90m[🌎 Easy Localization] [DEBUG] Build[0m
[90m[🌎 Easy Localization] [DEBUG] Init Localization Delegate[0m
[90m[🌎 Easy Localization] [DEBUG] Init provider[0m
[90m[🌎 Easy Localization] [DEBUG] Load Localization Delegate[0m
[90m[🌎 Easy Localization] [DEBUG] Build[0m
[90m[🌎 Easy Localization] [DEBUG] Init Localization Delegate[0m
[90m[🌎 Easy Localization] [DEBUG] Init provider[0m
01:01 +65: C:/Users/User/.codex/worktrees/hadayah-wave4v2-integration/Streamer_app/project/test/organization_profile_screen_test.dart: (tearDownAll)
01:01 +65: loading C:/Users/User/.codex/worktrees/hadayah-wave4v2-integration/Streamer_app/project/test/owner_acceptance_regression_test.dart
01:02 +65: C:/Users/User/.codex/worktrees/hadayah-wave4v2-integration/Streamer_app/project/test/owner_acceptance_regression_test.dart: absent and failed YouTube channel data never requests an unrelated playlist
01:02 +66: loading C:/Users/User/.codex/worktrees/hadayah-wave4v2-integration/Streamer_app/project/test/owner_mobile_layout_test.dart
01:03 +66: C:/Users/User/.codex/worktrees/hadayah-wave4v2-integration/Streamer_app/project/test/owner_mobile_layout_test.dart: (setUpAll)
[90m[🌎 Easy Localization] [DEBUG] Localization initialized[0m
01:03 +66: C:/Users/User/.codex/worktrees/hadayah-wave4v2-integration/Streamer_app/project/test/owner_mobile_layout_test.dart: phone chat with keyboard remains usable and offline ar
Realtime public streamer subscription failed: 'package:supabase_flutter/src/supabase.dart': Failed assertion: line 45 pos 7: '_instance._isInitialized': You must initialize the supabase instance before calling Supabase.instance
Realtime academic_categories subscription failed: 'package:supabase_flutter/src/supabase.dart': Failed assertion: line 45 pos 7: '_instance._isInitialized': You must initialize the supabase instance before calling Supabase.instance
Supabase auth listener not attached (Supabase not initialized?): 'package:supabase_flutter/src/supabase.dart': Failed assertion: line 45 pos 7: '_instance._isInitialized': You must initialize the supabase instance before calling Supabase.instance
[90m[🌎 Easy Localization] [DEBUG] Start[0m
loadVerifiedStreamersFromBackend failed: Bad state: Backend unavailable
_refreshAcademicCategories failed: Bad state: Backend unavailable
[90m[🌎 Easy Localization] [DEBUG] Init state[0m
[32m[🌎 Easy Localization] [INFO] Start locale loaded ar[0m
[90m[🌎 Easy Localization] [DEBUG] Build[0m
[90m[🌎 Easy Localization] [DEBUG] Init Localization Delegate[0m
[90m[🌎 Easy Localization] [DEBUG] Init provider[0m
[90m[🌎 Easy Localization] [DEBUG] Load Localization Delegate[0m
[90m[🌎 Easy Localization] [DEBUG] Build[0m
[90m[🌎 Easy Localization] [DEBUG] Init Localization Delegate[0m
[90m[🌎 Easy Localization] [DEBUG] Init provider[0m
01:04 +67: C:/Users/User/.codex/worktrees/hadayah-wave4v2-integration/Streamer_app/project/test/owner_mobile_layout_test.dart: (tearDownAll)
01:04 +67: loading C:/Users/User/.codex/worktrees/hadayah-wave4v2-integration/Streamer_app/project/test/p6s_wave3_group1_test.dart
01:05 +67: C:/Users/User/.codex/worktrees/hadayah-wave4v2-integration/Streamer_app/project/test/p6s_wave3_group1_test.dart: (setUpAll)
[90m[🌎 Easy Localization] [DEBUG] Localization initialized[0m
01:05 +67: C:/Users/User/.codex/worktrees/hadayah-wave4v2-integration/Streamer_app/project/test/p6s_wave3_group1_test.dart: the LIVE badge follows the server, not the player
[90m[🌎 Easy Localization] [DEBUG] Start[0m
[90m[🌎 Easy Localization] [DEBUG] Init state[0m
[32m[🌎 Easy Localization] [INFO] Start locale loaded en[0m
[90m[🌎 Easy Localization] [DEBUG] Build[0m
[90m[🌎 Easy Localization] [DEBUG] Init Localization Delegate[0m
[90m[🌎 Easy Localization] [DEBUG] Init provider[0m
[90m[🌎 Easy Localization] [DEBUG] Load Localization Delegate[0m
[90m[🌎 Easy Localization] [DEBUG] Build[0m
[90m[🌎 Easy Localization] [DEBUG] Init Localization Delegate[0m
[90m[🌎 Easy Localization] [DEBUG] Init provider[0m
[90m[🌎 Easy Localization] [DEBUG] Start[0m
[90m[🌎 Easy Localization] [DEBUG] Build[0m
[90m[🌎 Easy Localization] [DEBUG] Init Localization Delegate[0m
[90m[🌎 Easy Localization] [DEBUG] Init provider[0m
01:06 +68: C:/Users/User/.codex/worktrees/hadayah-wave4v2-integration/Streamer_app/project/test/p6s_wave3_group1_test.dart: a live mini-player closes when its broadcast ends
Realtime public streamer subscription failed: 'package:supabase_flutter/src/supabase.dart': Failed assertion: line 45 pos 7: '_instance._isInitialized': You must initialize the supabase instance before calling Supabase.instance
Realtime academic_categories subscription failed: 'package:supabase_flutter/src/supabase.dart': Failed assertion: line 45 pos 7: '_instance._isInitialized': You must initialize the supabase instance before calling Supabase.instance
Supabase auth listener not attached (Supabase not initialized?): 'package:supabase_flutter/src/supabase.dart': Failed assertion: line 45 pos 7: '_instance._isInitialized': You must initialize the supabase instance before calling Supabase.instance
_refreshAcademicCategories failed: Bad state: Backend unavailable
01:06 +69: C:/Users/User/.codex/worktrees/hadayah-wave4v2-integration/Streamer_app/project/test/p6s_wave3_group1_test.dart: remote end reasons map to explicit copy in both languages
01:06 +70: C:/Users/User/.codex/worktrees/hadayah-wave4v2-integration/Streamer_app/project/test/p6s_wave3_group1_test.dart: (tearDownAll)
01:06 +70: loading C:/Users/User/.codex/worktrees/hadayah-wave4v2-integration/Streamer_app/project/test/p6s_wave3_group5_test.dart
01:07 +70: C:/Users/User/.codex/worktrees/hadayah-wave4v2-integration/Streamer_app/project/test/p6s_wave3_group5_test.dart: (setUpAll)
[90m[🌎 Easy Localization] [DEBUG] Localization initialized[0m
01:07 +70: C:/Users/User/.codex/worktrees/hadayah-wave4v2-integration/Streamer_app/project/test/p6s_wave3_group5_test.dart: studio help live_guide.title_local (en) explains that mode and lays out
Realtime public streamer subscription failed: 'package:supabase_flutter/src/supabase.dart': Failed assertion: line 45 pos 7: '_instance._isInitialized': You must initialize the supabase instance before calling Supabase.instance
Realtime academic_categories subscription failed: 'package:supabase_flutter/src/supabase.dart': Failed assertion: line 45 pos 7: '_instance._isInitialized': You must initialize the supabase instance before calling Supabase.instance
Supabase auth listener not attached (Supabase not initialized?): 'package:supabase_flutter/src/supabase.dart': Failed assertion: line 45 pos 7: '_instance._isInitialized': You must initialize the supabase instance before calling Supabase.instance
[90m[🌎 Easy Localization] [DEBUG] Start[0m
loadVerifiedStreamersFromBackend failed: Bad state: Backend unavailable
_refreshAcademicCategories failed: Bad state: Backend unavailable
[90m[🌎 Easy Localization] [DEBUG] Init state[0m
[32m[🌎 Easy Localization] [INFO] Start locale loaded en[0m
[90m[🌎 Easy Localization] [DEBUG] Build[0m
[90m[🌎 Easy Localization] [DEBUG] Init Localization Delegate[0m
[90m[🌎 Easy Localization] [DEBUG] Init provider[0m
[90m[🌎 Easy Localization] [DEBUG] Load Localization Delegate[0m
[90m[🌎 Easy Localization] [DEBUG] Build[0m
[90m[🌎 Easy Localization] [DEBUG] Init Localization Delegate[0m
[90m[🌎 Easy Localization] [DEBUG] Init provider[0m
01:08 +71: C:/Users/User/.codex/worktrees/hadayah-wave4v2-integration/Streamer_app/project/test/p6s_wave3_group5_test.dart: studio help live_guide.title_local (ar) explains that mode and lays out
Realtime public streamer subscription failed: 'package:supabase_flutter/src/supabase.dart': Failed assertion: line 45 pos 7: '_instance._isInitialized': You must initialize the supabase instance before calling Supabase.instance
Realtime academic_categories subscription failed: 'package:supabase_flutter/src/supabase.dart': Failed assertion: line 45 pos 7: '_instance._isInitialized': You must initialize the supabase instance before calling Supabase.instance
Supabase auth listener not attached (Supabase not initialized?): 'package:supabase_flutter/src/supabase.dart': Failed assertion: line 45 pos 7: '_instance._isInitialized': You must initialize the supabase instance before calling Supabase.instance
[90m[🌎 Easy Localization] [DEBUG] Start[0m
loadVerifiedStreamersFromBackend failed: Bad state: Backend unavailable
_refreshAcademicCategories failed: Bad state: Backend unavailable
[90m[🌎 Easy Localization] [DEBUG] Init state[0m
[32m[🌎 Easy Localization] [INFO] Start locale loaded ar[0m
[90m[🌎 Easy Localization] [DEBUG] Build[0m
[90m[🌎 Easy Localization] [DEBUG] Init Localization Delegate[0m
[90m[🌎 Easy Localization] [DEBUG] Init provider[0m
[90m[🌎 Easy Localization] [DEBUG] Load Localization Delegate[0m
[90m[🌎 Easy Localization] [DEBUG] Build[0m
[90m[🌎 Easy Localization] [DEBUG] Init Localization Delegate[0m
[90m[🌎 Easy Localization] [DEBUG] Init provider[0m
01:08 +72: C:/Users/User/.codex/worktrees/hadayah-wave4v2-integration/Streamer_app/project/test/p6s_wave3_group5_test.dart: studio help the phone-app help never calls the sender OBS
Realtime public streamer subscription failed: 'package:supabase_flutter/src/supabase.dart': Failed assertion: line 45 pos 7: '_instance._isInitialized': You must initialize the supabase instance before calling Supabase.instance
Realtime academic_categories subscription failed: 'package:supabase_flutter/src/supabase.dart': Failed assertion: line 45 pos 7: '_instance._isInitialized': You must initialize the supabase instance before calling Supabase.instance
Supabase auth listener not attached (Supabase not initialized?): 'package:supabase_flutter/src/supabase.dart': Failed assertion: line 45 pos 7: '_instance._isInitialized': You must initialize the supabase instance before calling Supabase.instance
[90m[🌎 Easy Localization] [DEBUG] Start[0m
loadVerifiedStreamersFromBackend failed: Bad state: Backend unavailable
_refreshAcademicCategories failed: Bad state: Backend unavailable
[90m[🌎 Easy Localization] [DEBUG] Init state[0m
[32m[🌎 Easy Localization] [INFO] Start locale loaded en[0m
[90m[🌎 Easy Localization] [DEBUG] Build[0m
[90m[🌎 Easy Localization] [DEBUG] Init Localization Delegate[0m
[90m[🌎 Easy Localization] [DEBUG] Init provider[0m
[90m[🌎 Easy Localization] [DEBUG] Load Localization Delegate[0m
[90m[🌎 Easy Localization] [DEBUG] Build[0m
[90m[🌎 Easy Localization] [DEBUG] Init Localization Delegate[0m
[90m[🌎 Easy Localization] [DEBUG] Init provider[0m
01:08 +73: C:/Users/User/.codex/worktrees/hadayah-wave4v2-integration/Streamer_app/project/test/p6s_wave3_group5_test.dart: (tearDownAll)
01:08 +73: loading C:/Users/User/.codex/worktrees/hadayah-wave4v2-integration/Streamer_app/project/test/p6_retest_navigation_and_avatar_test.dart
01:09 +73: C:/Users/User/.codex/worktrees/hadayah-wave4v2-integration/Streamer_app/project/test/p6_retest_navigation_and_avatar_test.dart: (setUpAll)
[90m[🌎 Easy Localization] [DEBUG] Localization initialized[0m
01:09 +73: C:/Users/User/.codex/worktrees/hadayah-wave4v2-integration/Streamer_app/project/test/p6_retest_navigation_and_avatar_test.dart: R09: the application status screen has a way back even after go()
[90m[🌎 Easy Localization] [DEBUG] Start[0m
[90m[🌎 Easy Localization] [DEBUG] Init state[0m
[32m[🌎 Easy Localization] [INFO] Start locale loaded en[0m
[90m[🌎 Easy Localization] [DEBUG] Build[0m
[90m[🌎 Easy Localization] [DEBUG] Init Localization Delegate[0m
[90m[🌎 Easy Localization] [DEBUG] Init provider[0m
[90m[🌎 Easy Localization] [DEBUG] Load Localization Delegate[0m
[90m[🌎 Easy Localization] [DEBUG] Build[0m
[90m[🌎 Easy Localization] [DEBUG] Init Localization Delegate[0m
[90m[🌎 Easy Localization] [DEBUG] Init provider[0m
01:10 +74: C:/Users/User/.codex/worktrees/hadayah-wave4v2-integration/Streamer_app/project/test/p6_retest_navigation_and_avatar_test.dart: (tearDownAll)
01:10 +74: loading C:/Users/User/.codex/worktrees/hadayah-wave4v2-integration/Streamer_app/project/test/phone_broadcast_end_test.dart
01:11 +74: C:/Users/User/.codex/worktrees/hadayah-wave4v2-integration/Streamer_app/project/test/phone_broadcast_end_test.dart: (setUpAll)
[90m[🌎 Easy Localization] [DEBUG] Localization initialized[0m
01:11 +74: C:/Users/User/.codex/worktrees/hadayah-wave4v2-integration/Streamer_app/project/test/phone_broadcast_end_test.dart: a session ingest rejection stops the encoder without another start
Realtime public streamer subscription failed: 'package:supabase_flutter/src/supabase.dart': Failed assertion: line 45 pos 7: '_instance._isInitialized': You must initialize the supabase instance before calling Supabase.instance
Realtime academic_categories subscription failed: 'package:supabase_flutter/src/supabase.dart': Failed assertion: line 45 pos 7: '_instance._isInitialized': You must initialize the supabase instance before calling Supabase.instance
Realtime user status channel subscription failed: 'package:supabase_flutter/src/supabase.dart': Failed assertion: line 45 pos 7: '_instance._isInitialized': You must initialize the supabase instance before calling Supabase.instance
Profile provisioning failed: 'package:supabase_flutter/src/supabase.dart': Failed assertion: line 45 pos 7: '_instance._isInitialized': You must initialize the supabase instance before calling Supabase.instance
loadVerifiedStreamersFromBackend failed: Bad state: Backend unavailable
Admin role check failed: 'package:supabase_flutter/src/supabase.dart': Failed assertion: line 45 pos 7: '_instance._isInitialized': You must initialize the supabase instance before calling Supabase.instance
_refreshCurrentUserBanStatus failed: 'package:supabase_flutter/src/supabase.dart': Failed assertion: line 45 pos 7: '_instance._isInitialized': You must initialize the supabase instance before calling Supabase.instance
_refreshAcademicCategories failed: Bad state: Backend unavailable
loadVerifiedStreamersFromBackend failed: Bad state: Backend unavailable
[90m[🌎 Easy Localization] [DEBUG] Start[0m
[90m[🌎 Easy Localization] [DEBUG] Init state[0m
[32m[🌎 Easy Localization] [INFO] Start locale loaded en[0m
[90m[🌎 Easy Localization] [DEBUG] Build[0m
[90m[🌎 Easy Localization] [DEBUG] Init Localization Delegate[0m
[90m[🌎 Easy Localization] [DEBUG] Init provider[0m
[90m[🌎 Easy Localization] [DEBUG] Load Localization Delegate[0m
[90m[🌎 Easy Localization] [DEBUG] Build[0m
[90m[🌎 Easy Localization] [DEBUG] Init Localization Delegate[0m
[90m[🌎 Easy Localization] [DEBUG] Init provider[0m
[PhoneBroadcastScreen] wakelock unavailable: PlatformException(channel-error, Unable to establish connection on channel: "dev.flutter.pigeon.wakelock_plus_platform_interface.WakelockPlusApi.toggle"., null, null)
loadVerifiedStreamersFromBackend failed: Bad state: Backend unavailable
01:13 +75: C:/Users/User/.codex/worktrees/hadayah-wave4v2-integration/Streamer_app/project/test/phone_broadcast_end_test.dart: 360 px: End clears the muted badge and stays tappable
Realtime public streamer subscription failed: 'package:supabase_flutter/src/supabase.dart': Failed assertion: line 45 pos 7: '_instance._isInitialized': You must initialize the supabase instance before calling Supabase.instance
Realtime academic_categories subscription failed: 'package:supabase_flutter/src/supabase.dart': Failed assertion: line 45 pos 7: '_instance._isInitialized': You must initialize the supabase instance before calling Supabase.instance
Realtime user status channel subscription failed: 'package:supabase_flutter/src/supabase.dart': Failed assertion: line 45 pos 7: '_instance._isInitialized': You must initialize the supabase instance before calling Supabase.instance
Profile provisioning failed: 'package:supabase_flutter/src/supabase.dart': Failed assertion: line 45 pos 7: '_instance._isInitialized': You must initialize the supabase instance before calling Supabase.instance
loadVerifiedStreamersFromBackend failed: Bad state: Backend unavailable
Admin role check failed: 'package:supabase_flutter/src/supabase.dart': Failed assertion: line 45 pos 7: '_instance._isInitialized': You must initialize the supabase instance before calling Supabase.instance
_refreshCurrentUserBanStatus failed: 'package:supabase_flutter/src/supabase.dart': Failed assertion: line 45 pos 7: '_instance._isInitialized': You must initialize the supabase instance before calling Supabase.instance
_refreshAcademicCategories failed: Bad state: Backend unavailable
loadVerifiedStreamersFromBackend failed: Bad state: Backend unavailable
[90m[🌎 Easy Localization] [DEBUG] Start[0m
[90m[🌎 Easy Localization] [DEBUG] Init state[0m
[32m[🌎 Easy Localization] [INFO] Start locale loaded en[0m
[90m[🌎 Easy Localization] [DEBUG] Build[0m
[90m[🌎 Easy Localization] [DEBUG] Init Localization Delegate[0m
[90m[🌎 Easy Localization] [DEBUG] Init provider[0m
[90m[🌎 Easy Localization] [DEBUG] Load Localization Delegate[0m
[90m[🌎 Easy Localization] [DEBUG] Build[0m
[90m[🌎 Easy Localization] [DEBUG] Init Localization Delegate[0m
[90m[🌎 Easy Localization] [DEBUG] Init provider[0m
[PhoneBroadcastScreen] wakelock unavailable: PlatformException(channel-error, Unable to establish connection on channel: "dev.flutter.pigeon.wakelock_plus_platform_interface.WakelockPlusApi.toggle"., null, null)
01:13 +76: C:/Users/User/.codex/worktrees/hadayah-wave4v2-integration/Streamer_app/project/test/phone_broadcast_end_test.dart: live: an End the server does not confirm is said plainly
Realtime public streamer subscription failed: 'package:supabase_flutter/src/supabase.dart': Failed assertion: line 45 pos 7: '_instance._isInitialized': You must initialize the supabase instance before calling Supabase.instance
Realtime academic_categories subscription failed: 'package:supabase_flutter/src/supabase.dart': Failed assertion: line 45 pos 7: '_instance._isInitialized': You must initialize the supabase instance before calling Supabase.instance
Realtime user status channel subscription failed: 'package:supabase_flutter/src/supabase.dart': Failed assertion: line 45 pos 7: '_instance._isInitialized': You must initialize the supabase instance before calling Supabase.instance
Profile provisioning failed: 'package:supabase_flutter/src/supabase.dart': Failed assertion: line 45 pos 7: '_instance._isInitialized': You must initialize the supabase instance before calling Supabase.instance
loadVerifiedStreamersFromBackend failed: Bad state: Backend unavailable
Admin role check failed: 'package:supabase_flutter/src/supabase.dart': Failed assertion: line 45 pos 7: '_instance._isInitialized': You must initialize the supabase instance before calling Supabase.instance
_refreshCurrentUserBanStatus failed: 'package:supabase_flutter/src/supabase.dart': Failed assertion: line 45 pos 7: '_instance._isInitialized': You must initialize the supabase instance before calling Supabase.instance
_refreshAcademicCategories failed: Bad state: Backend unavailable
loadVerifiedStreamersFromBackend failed: Bad state: Backend unavailable
[90m[🌎 Easy Localization] [DEBUG] Start[0m
[90m[🌎 Easy Localization] [DEBUG] Init state[0m
[32m[🌎 Easy Localization] [INFO] Start locale loaded en[0m
[90m[🌎 Easy Localization] [DEBUG] Build[0m
[90m[🌎 Easy Localization] [DEBUG] Init Localization Delegate[0m
[90m[🌎 Easy Localization] [DEBUG] Init provider[0m
[90m[🌎 Easy Localization] [DEBUG] Load Localization Delegate[0m
[90m[🌎 Easy Localization] [DEBUG] Build[0m
[90m[🌎 Easy Localization] [DEBUG] Init Localization Delegate[0m
[90m[🌎 Easy Localization] [DEBUG] Init provider[0m
[PhoneBroadcastScreen] wakelock unavailable: PlatformException(channel-error, Unable to establish connection on channel: "dev.flutter.pigeon.wakelock_plus_platform_interface.WakelockPlusApi.toggle"., null, null)
01:14 +77: C:/Users/User/.codex/worktrees/hadayah-wave4v2-integration/Streamer_app/project/test/phone_broadcast_end_test.dart: the studio opened here cannot open a second camera screen
Realtime public streamer subscription failed: 'package:supabase_flutter/src/supabase.dart': Failed assertion: line 45 pos 7: '_instance._isInitialized': You must initialize the supabase instance before calling Supabase.instance
Realtime academic_categories subscription failed: 'package:supabase_flutter/src/supabase.dart': Failed assertion: line 45 pos 7: '_instance._isInitialized': You must initialize the supabase instance before calling Supabase.instance
Realtime user status channel subscription failed: 'package:supabase_flutter/src/supabase.dart': Failed assertion: line 45 pos 7: '_instance._isInitialized': You must initialize the supabase instance before calling Supabase.instance
Profile provisioning failed: 'package:supabase_flutter/src/supabase.dart': Failed assertion: line 45 pos 7: '_instance._isInitialized': You must initialize the supabase instance before calling Supabase.instance
loadVerifiedStreamersFromBackend failed: Bad state: Backend unavailable
Admin role check failed: 'package:supabase_flutter/src/supabase.dart': Failed assertion: line 45 pos 7: '_instance._isInitialized': You must initialize the supabase instance before calling Supabase.instance
_refreshCurrentUserBanStatus failed: 'package:supabase_flutter/src/supabase.dart': Failed assertion: line 45 pos 7: '_instance._isInitialized': You must initialize the supabase instance before calling Supabase.instance
_refreshAcademicCategories failed: Bad state: Backend unavailable
loadVerifiedStreamersFromBackend failed: Bad state: Backend unavailable
[90m[🌎 Easy Localization] [DEBUG] Start[0m
[90m[🌎 Easy Localization] [DEBUG] Init state[0m
[32m[🌎 Easy Localization] [INFO] Start locale loaded en[0m
[90m[🌎 Easy Localization] [DEBUG] Build[0m
[90m[🌎 Easy Localization] [DEBUG] Init Localization Delegate[0m
[90m[🌎 Easy Localization] [DEBUG] Init provider[0m
[90m[🌎 Easy Localization] [DEBUG] Load Localization Delegate[0m
[90m[🌎 Easy Localization] [DEBUG] Build[0m
[90m[🌎 Easy Localization] [DEBUG] Init Localization Delegate[0m
[90m[🌎 Easy Localization] [DEBUG] Init provider[0m
[PhoneBroadcastScreen] wakelock unavailable: PlatformException(channel-error, Unable to establish connection on channel: "dev.flutter.pigeon.wakelock_plus_platform_interface.WakelockPlusApi.toggle"., null, null)
01:15 +78: C:/Users/User/.codex/worktrees/hadayah-wave4v2-integration/Streamer_app/project/test/phone_broadcast_end_test.dart: (tearDownAll)
01:15 +78: loading C:/Users/User/.codex/worktrees/hadayah-wave4v2-integration/Streamer_app/project/test/phone_broadcast_engine_test.dart
01:15 +78: C:/Users/User/.codex/worktrees/hadayah-wave4v2-integration/Streamer_app/project/test/phone_broadcast_engine_test.dart: a failed setMuted leaves the silence flag untouched
01:15 +79: C:/Users/User/.codex/worktrees/hadayah-wave4v2-integration/Streamer_app/project/test/phone_broadcast_engine_test.dart: stopPublishing clears a lingering mute so the badge does not stick
01:15 +80: C:/Users/User/.codex/worktrees/hadayah-wave4v2-integration/Streamer_app/project/test/phone_broadcast_engine_test.dart: toggleCamera and isCameraOff state changes seamlessly
01:16 +81: loading C:/Users/User/.codex/worktrees/hadayah-wave4v2-integration/Streamer_app/project/test/phone_to_youtube_live_service_test.dart
01:16 +81: loading C:/Users/User/.codex/worktrees/hadayah-wave4v2-integration/Streamer_app/project/test/playlist_and_audio_polish_test.dart
01:17 +81: loading C:/Users/User/.codex/worktrees/hadayah-wave4v2-integration/Streamer_app/project/test/private_streaming_test.dart
01:18 +81: C:/Users/User/.codex/worktrees/hadayah-wave4v2-integration/Streamer_app/project/test/private_streaming_test.dart: (setUpAll)
[90m[🌎 Easy Localization] [DEBUG] Localization initialized[0m
01:18 +81: C:/Users/User/.codex/worktrees/hadayah-wave4v2-integration/Streamer_app/project/test/private_streaming_test.dart: PrivateStreamViewerGate: renders the correct overlay per state knocking shows the waiting-room overlay
[90m[🌎 Easy Localization] [DEBUG] Start[0m
[90m[🌎 Easy Localization] [DEBUG] Init state[0m
[32m[🌎 Easy Localization] [INFO] Start locale loaded en[0m
[90m[🌎 Easy Localization] [DEBUG] Build[0m
[90m[🌎 Easy Localization] [DEBUG] Init Localization Delegate[0m
[90m[🌎 Easy Localization] [DEBUG] Init provider[0m
[90m[🌎 Easy Localization] [DEBUG] Load Localization Delegate[0m
[90m[🌎 Easy Localization] [DEBUG] Build[0m
[90m[🌎 Easy Localization] [DEBUG] Init Localization Delegate[0m
[90m[🌎 Easy Localization] [DEBUG] Init provider[0m
01:19 +82: C:/Users/User/.codex/worktrees/hadayah-wave4v2-integration/Streamer_app/project/test/private_streaming_test.dart: PrivateStreamViewerGate: renders the correct overlay per state denied shows the unauthorized notice with a Request to Join button
[90m[🌎 Easy Localization] [DEBUG] Start[0m
[90m[🌎 Easy Localization] [DEBUG] Init state[0m
[32m[🌎 Easy Localization] [INFO] Start locale loaded en[0m
[90m[🌎 Easy Localization] [DEBUG] Build[0m
[90m[🌎 Easy Localization] [DEBUG] Init Localization Delegate[0m
[90m[🌎 Easy Localization] [DEBUG] Init provider[0m
[90m[🌎 Easy Localization] [DEBUG] Load Localization Delegate[0m
[90m[🌎 Easy Localization] [DEBUG] Build[0m
[90m[🌎 Easy Localization] [DEBUG] Init Localization Delegate[0m
[90m[🌎 Easy Localization] [DEBUG] Init provider[0m
01:19 +83: C:/Users/User/.codex/worktrees/hadayah-wave4v2-integration/Streamer_app/project/test/private_streaming_test.dart: (tearDownAll)
01:19 +83: loading C:/Users/User/.codex/worktrees/hadayah-wave4v2-integration/Streamer_app/project/test/public_catalog_cache_test.dart
01:20 +83: loading C:/Users/User/.codex/worktrees/hadayah-wave4v2-integration/Streamer_app/project/test/rendered_contrast_test.dart
01:20 +83: C:/Users/User/.codex/worktrees/hadayah-wave4v2-integration/Streamer_app/project/test/rendered_contrast_test.dart: (setUpAll)
[90m[🌎 Easy Localization] [DEBUG] Localization initialized[0m
01:20 +83: C:/Users/User/.codex/worktrees/hadayah-wave4v2-integration/Streamer_app/project/test/rendered_contrast_test.dart: broadcaster studio (Phone) ar keeps every label readable where it sits
Realtime public streamer subscription failed: 'package:supabase_flutter/src/supabase.dart': Failed assertion: line 45 pos 7: '_instance._isInitialized': You must initialize the supabase instance before calling Supabase.instance
Realtime academic_categories subscription failed: 'package:supabase_flutter/src/supabase.dart': Failed assertion: line 45 pos 7: '_instance._isInitialized': You must initialize the supabase instance before calling Supabase.instance
Supabase auth listener not attached (Supabase not initialized?): 'package:supabase_flutter/src/supabase.dart': Failed assertion: line 45 pos 7: '_instance._isInitialized': You must initialize the supabase instance before calling Supabase.instance
loadVerifiedStreamersFromBackend failed: Bad state: Backend unavailable
_refreshAcademicCategories failed: Bad state: Backend unavailable
01:22 +84: C:/Users/User/.codex/worktrees/hadayah-wave4v2-integration/Streamer_app/project/test/rendered_contrast_test.dart: broadcaster studio (Local) en keeps every label readable where it sits
Realtime public streamer subscription failed: 'package:supabase_flutter/src/supabase.dart': Failed assertion: line 45 pos 7: '_instance._isInitialized': You must initialize the supabase instance before calling Supabase.instance
Realtime academic_categories subscription failed: 'package:supabase_flutter/src/supabase.dart': Failed assertion: line 45 pos 7: '_instance._isInitialized': You must initialize the supabase instance before calling Supabase.instance
Supabase auth listener not attached (Supabase not initialized?): 'package:supabase_flutter/src/supabase.dart': Failed assertion: line 45 pos 7: '_instance._isInitialized': You must initialize the supabase instance before calling Supabase.instance
loadVerifiedStreamersFromBackend failed: Bad state: Backend unavailable
_refreshAcademicCategories failed: Bad state: Backend unavailable
01:22 +85: C:/Users/User/.codex/worktrees/hadayah-wave4v2-integration/Streamer_app/project/test/rendered_contrast_test.dart: broadcaster studio (Local) ar keeps every label readable where it sits
Realtime public streamer subscription failed: 'package:supabase_flutter/src/supabase.dart': Failed assertion: line 45 pos 7: '_instance._isInitialized': You must initialize the supabase instance before calling Supabase.instance
Realtime academic_categories subscription failed: 'package:supabase_flutter/src/supabase.dart': Failed assertion: line 45 pos 7: '_instance._isInitialized': You must initialize the supabase instance before calling Supabase.instance
Supabase auth listener not attached (Supabase not initialized?): 'package:supabase_flutter/src/supabase.dart': Failed assertion: line 45 pos 7: '_instance._isInitialized': You must initialize the supabase instance before calling Supabase.instance
loadVerifiedStreamersFromBackend failed: Bad state: Backend unavailable
_refreshAcademicCategories failed: Bad state: Backend unavailable
01:22 +86: C:/Users/User/.codex/worktrees/hadayah-wave4v2-integration/Streamer_app/project/test/rendered_contrast_test.dart: broadcaster tutorial (OBS) en keeps every label readable where it sits
Realtime public streamer subscription failed: 'package:supabase_flutter/src/supabase.dart': Failed assertion: line 45 pos 7: '_instance._isInitialized': You must initialize the supabase instance before calling Supabase.instance
Realtime academic_categories subscription failed: 'package:supabase_flutter/src/supabase.dart': Failed assertion: line 45 pos 7: '_instance._isInitialized': You must initialize the supabase instance before calling Supabase.instance
Supabase auth listener not attached (Supabase not initialized?): 'package:supabase_flutter/src/supabase.dart': Failed assertion: line 45 pos 7: '_instance._isInitialized': You must initialize the supabase instance before calling Supabase.instance
loadVerifiedStreamersFromBackend failed: Bad state: Backend unavailable
_refreshAcademicCategories failed: Bad state: Backend unavailable
01:22 +87: C:/Users/User/.codex/worktrees/hadayah-wave4v2-integration/Streamer_app/project/test/rendered_contrast_test.dart: broadcaster tutorial (OBS) ar keeps every label readable where it sits
Realtime public streamer subscription failed: 'package:supabase_flutter/src/supabase.dart': Failed assertion: line 45 pos 7: '_instance._isInitialized': You must initialize the supabase instance before calling Supabase.instance
Realtime academic_categories subscription failed: 'package:supabase_flutter/src/supabase.dart': Failed assertion: line 45 pos 7: '_instance._isInitialized': You must initialize the supabase instance before calling Supabase.instance
Supabase auth listener not attached (Supabase not initialized?): 'package:supabase_flutter/src/supabase.dart': Failed assertion: line 45 pos 7: '_instance._isInitialized': You must initialize the supabase instance before calling Supabase.instance
loadVerifiedStreamersFromBackend failed: Bad state: Backend unavailable
_refreshAcademicCategories failed: Bad state: Backend unavailable
01:22 +88: C:/Users/User/.codex/worktrees/hadayah-wave4v2-integration/Streamer_app/project/test/rendered_contrast_test.dart: (tearDownAll)
01:22 +88: loading C:/Users/User/.codex/worktrees/hadayah-wave4v2-integration/Streamer_app/project/test/rtmp_ip_dialog_test.dart
01:23 +88: C:/Users/User/.codex/worktrees/hadayah-wave4v2-integration/Streamer_app/project/test/rtmp_ip_dialog_test.dart: (setUpAll)
[90m[🌎 Easy Localization] [DEBUG] Localization initialized[0m
01:23 +88: C:/Users/User/.codex/worktrees/hadayah-wave4v2-integration/Streamer_app/project/test/rtmp_ip_dialog_test.dart: LiveBroadcasterStudioSheet: 80% Broadcaster Studio bottom sheet (V2) TC-STUDIO-17: OBS Go Live cannot enable private mode through provider state
Realtime public streamer subscription failed: 'package:supabase_flutter/src/supabase.dart': Failed assertion: line 45 pos 7: '_instance._isInitialized': You must initialize the supabase instance before calling Supabase.instance
Realtime academic_categories subscription failed: 'package:supabase_flutter/src/supabase.dart': Failed assertion: line 45 pos 7: '_instance._isInitialized': You must initialize the supabase instance before calling Supabase.instance
Supabase auth listener not attached (Supabase not initialized?): 'package:supabase_flutter/src/supabase.dart': Failed assertion: line 45 pos 7: '_instance._isInitialized': You must initialize the supabase instance before calling Supabase.instance
[90m[🌎 Easy Localization] [DEBUG] Start[0m
[90m[🌎 Easy Localization] [DEBUG] Init state[0m
[32m[🌎 Easy Localization] [INFO] Start locale loaded en[0m
[90m[🌎 Easy Localization] [DEBUG] Build[0m
[90m[🌎 Easy Localization] [DEBUG] Init Localization Delegate[0m
[90m[🌎 Easy Localization] [DEBUG] Init provider[0m
[90m[🌎 Easy Localization] [DEBUG] Load Localization Delegate[0m
[90m[🌎 Easy Localization] [DEBUG] Build[0m
[90m[🌎 Easy Localization] [DEBUG] Init Localization Delegate[0m
[90m[🌎 Easy Localization] [DEBUG] Init provider[0m
loadVerifiedStreamersFromBackend failed: Bad state: Backend unavailable
01:24 +89: C:/Users/User/.codex/worktrees/hadayah-wave4v2-integration/Streamer_app/project/test/rtmp_ip_dialog_test.dart: LiveBroadcasterStudioSheet: 80% Broadcaster Studio bottom sheet (V2) TC-STUDIO-18: Local mode cannot enable private streaming
01:24 +89: C:/Users/User/.codex/worktrees/hadayah-wave4v2-integration/Streamer_app/project/test/rtmp_ip_dialog_test.dart: LiveBroadcasterStudioSheet: 80% Broadcaster Studio bottom sheet (V2) TC-STUDIO-17: OBS Go Live cannot enable private mode through provider state
refreshAdminData failed: A AppProvider was used after being disposed.
Once you have called dispose() on a AppProvider, it can no longer be used.
_refreshAcademicCategories failed: Bad state: Backend unavailable
_refreshTags failed: A AppProvider was used after being disposed.
Once you have called dispose() on a AppProvider, it can no longer be used.
01:24 +89: C:/Users/User/.codex/worktrees/hadayah-wave4v2-integration/Streamer_app/project/test/rtmp_ip_dialog_test.dart: LiveBroadcasterStudioSheet: 80% Broadcaster Studio bottom sheet (V2) TC-STUDIO-18: Local mode cannot enable private streaming
Realtime public streamer subscription failed: 'package:supabase_flutter/src/supabase.dart': Failed assertion: line 45 pos 7: '_instance._isInitialized': You must initialize the supabase instance before calling Supabase.instance
Realtime academic_categories subscription failed: 'package:supabase_flutter/src/supabase.dart': Failed assertion: line 45 pos 7: '_instance._isInitialized': You must initialize the supabase instance before calling Supabase.instance
Supabase auth listener not attached (Supabase not initialized?): 'package:supabase_flutter/src/supabase.dart': Failed assertion: line 45 pos 7: '_instance._isInitialized': You must initialize the supabase instance before calling Supabase.instance
[90m[🌎 Easy Localization] [DEBUG] Start[0m
[90m[🌎 Easy Localization] [DEBUG] Init state[0m
[32m[🌎 Easy Localization] [INFO] Start locale loaded en[0m
[90m[🌎 Easy Localization] [DEBUG] Build[0m
[90m[🌎 Easy Localization] [DEBUG] Init Localization Delegate[0m
[90m[🌎 Easy Localization] [DEBUG] Init provider[0m
[90m[🌎 Easy Localization] [DEBUG] Load Localization Delegate[0m
[90m[🌎 Easy Localization] [DEBUG] Build[0m
[90m[🌎 Easy Localization] [DEBUG] Init Localization Delegate[0m
[90m[🌎 Easy Localization] [DEBUG] Init provider[0m
loadVerifiedStreamersFromBackend failed: Bad state: Backend unavailable
01:24 +90: C:/Users/User/.codex/worktrees/hadayah-wave4v2-integration/Streamer_app/project/test/rtmp_ip_dialog_test.dart: LiveBroadcasterStudioSheet: 80% Broadcaster Studio bottom sheet (V2) TC-STUDIO-19: default state (Private never tapped) leaves streamVisibility public
01:24 +90: C:/Users/User/.codex/worktrees/hadayah-wave4v2-integration/Streamer_app/project/test/rtmp_ip_dialog_test.dart: LiveBroadcasterStudioSheet: 80% Broadcaster Studio bottom sheet (V2) TC-STUDIO-18: Local mode cannot enable private streaming
_refreshAcademicCategories failed: Bad state: Backend unavailable
01:25 +90: C:/Users/User/.codex/worktrees/hadayah-wave4v2-integration/Streamer_app/project/test/rtmp_ip_dialog_test.dart: LiveBroadcasterStudioSheet: 80% Broadcaster Studio bottom sheet (V2) TC-STUDIO-19: default state (Private never tapped) leaves streamVisibility public
Realtime public streamer subscription failed: 'package:supabase_flutter/src/supabase.dart': Failed assertion: line 45 pos 7: '_instance._isInitialized': You must initialize the supabase instance before calling Supabase.instance
Realtime academic_categories subscription failed: 'package:supabase_flutter/src/supabase.dart': Failed assertion: line 45 pos 7: '_instance._isInitialized': You must initialize the supabase instance before calling Supabase.instance
Supabase auth listener not attached (Supabase not initialized?): 'package:supabase_flutter/src/supabase.dart': Failed assertion: line 45 pos 7: '_instance._isInitialized': You must initialize the supabase instance before calling Supabase.instance
[90m[🌎 Easy Localization] [DEBUG] Start[0m
[90m[🌎 Easy Localization] [DEBUG] Init state[0m
[32m[🌎 Easy Localization] [INFO] Start locale loaded en[0m
[90m[🌎 Easy Localization] [DEBUG] Build[0m
[90m[🌎 Easy Localization] [DEBUG] Init Localization Delegate[0m
[90m[🌎 Easy Localization] [DEBUG] Init provider[0m
[90m[🌎 Easy Localization] [DEBUG] Load Localization Delegate[0m
[90m[🌎 Easy Localization] [DEBUG] Build[0m
[90m[🌎 Easy Localization] [DEBUG] Init Localization Delegate[0m
[90m[🌎 Easy Localization] [DEBUG] Init provider[0m
loadVerifiedStreamersFromBackend failed: Bad state: Backend unavailable
01:25 +91: C:/Users/User/.codex/worktrees/hadayah-wave4v2-integration/Streamer_app/project/test/rtmp_ip_dialog_test.dart: (tearDownAll)
01:25 +91: C:/Users/User/.codex/worktrees/hadayah-wave4v2-integration/Streamer_app/project/test/rtmp_ip_dialog_test.dart: LiveBroadcasterStudioSheet: 80% Broadcaster Studio bottom sheet (V2) TC-STUDIO-19: default state (Private never tapped) leaves streamVisibility public
refreshAdminData failed: A AppProvider was used after being disposed.
Once you have called dispose() on a AppProvider, it can no longer be used.
_refreshAcademicCategories failed: Bad state: Backend unavailable
_refreshTags failed: A AppProvider was used after being disposed.
Once you have called dispose() on a AppProvider, it can no longer be used.
01:25 +91: loading C:/Users/User/.codex/worktrees/hadayah-wave4v2-integration/Streamer_app/project/test/settings_screen_test.dart
01:25 +91: C:/Users/User/.codex/worktrees/hadayah-wave4v2-integration/Streamer_app/project/test/settings_screen_test.dart: (setUpAll)
[90m[🌎 Easy Localization] [DEBUG] Localization initialized[0m
01:25 +91: C:/Users/User/.codex/worktrees/hadayah-wave4v2-integration/Streamer_app/project/test/settings_screen_test.dart: SettingsScreen: role-aware modular redesign TC-SET-09: Download My Data / Delete My Account stay gated on isLoggedInStreamer after relocation
Realtime public streamer subscription failed: 'package:supabase_flutter/src/supabase.dart': Failed assertion: line 45 pos 7: '_instance._isInitialized': You must initialize the supabase instance before calling Supabase.instance
Realtime academic_categories subscription failed: 'package:supabase_flutter/src/supabase.dart': Failed assertion: line 45 pos 7: '_instance._isInitialized': You must initialize the supabase instance before calling Supabase.instance
Supabase auth listener not attached (Supabase not initialized?): 'package:supabase_flutter/src/supabase.dart': Failed assertion: line 45 pos 7: '_instance._isInitialized': You must initialize the supabase instance before calling Supabase.instance
[90m[🌎 Easy Localization] [DEBUG] Start[0m
loadVerifiedStreamersFromBackend failed: Bad state: Backend unavailable
_refreshAcademicCategories failed: Bad state: Backend unavailable
[90m[🌎 Easy Localization] [DEBUG] Init state[0m
[32m[🌎 Easy Localization] [INFO] Start locale loaded en[0m
[90m[🌎 Easy Localization] [DEBUG] Build[0m
[90m[🌎 Easy Localization] [DEBUG] Init Localization Delegate[0m
[90m[🌎 Easy Localization] [DEBUG] Init provider[0m
[90m[🌎 Easy Localization] [DEBUG] Load Localization Delegate[0m
[90m[🌎 Easy Localization] [DEBUG] Build[0m
[90m[🌎 Easy Localization] [DEBUG] Init Localization Delegate[0m
[90m[🌎 Easy Localization] [DEBUG] Init provider[0m
unhandled element <defs/>; Picture key: Svg loader
Realtime public streamer subscription failed: 'package:supabase_flutter/src/supabase.dart': Failed assertion: line 45 pos 7: '_instance._isInitialized': You must initialize the supabase instance before calling Supabase.instance
Realtime academic_categories subscription failed: 'package:supabase_flutter/src/supabase.dart': Failed assertion: line 45 pos 7: '_instance._isInitialized': You must initialize the supabase instance before calling Supabase.instance
Supabase auth listener not attached (Supabase not initialized?): 'package:supabase_flutter/src/supabase.dart': Failed assertion: line 45 pos 7: '_instance._isInitialized': You must initialize the supabase instance before calling Supabase.instance
[90m[🌎 Easy Localization] [DEBUG] Start[0m
loadVerifiedStreamersFromBackend failed: Bad state: Backend unavailable
_refreshAcademicCategories failed: Bad state: Backend unavailable
[90m[🌎 Easy Localization] [DEBUG] Build[0m
[90m[🌎 Easy Localization] [DEBUG] Init Localization Delegate[0m
[90m[🌎 Easy Localization] [DEBUG] Init provider[0m
01:27 +92: C:/Users/User/.codex/worktrees/hadayah-wave4v2-integration/Streamer_app/project/test/settings_screen_test.dart: (tearDownAll)
01:27 +92: loading C:/Users/User/.codex/worktrees/hadayah-wave4v2-integration/Streamer_app/project/test/spatial_map_test.dart
01:28 +92: C:/Users/User/.codex/worktrees/hadayah-wave4v2-integration/Streamer_app/project/test/spatial_map_test.dart: UI-08: Spatial Map offline experience (AppProvider cache layer) starts with no cached markers when nothing was ever persisted
Realtime public streamer subscription failed: 'package:supabase_flutter/src/supabase.dart': Failed assertion: line 45 pos 7: '_instance._isInitialized': You must initialize the supabase instance before calling Supabase.instance
Realtime academic_categories subscription failed: 'package:supabase_flutter/src/supabase.dart': Failed assertion: line 45 pos 7: '_instance._isInitialized': You must initialize the supabase instance before calling Supabase.instance
Supabase auth listener not attached (Supabase not initialized?): 'package:supabase_flutter/src/supabase.dart': Failed assertion: line 45 pos 7: '_instance._isInitialized': You must initialize the supabase instance before calling Supabase.instance
loadVerifiedStreamersFromBackend failed: Bad state: Backend unavailable
_refreshAcademicCategories failed: Bad state: Backend unavailable
01:28 +93: C:/Users/User/.codex/worktrees/hadayah-wave4v2-integration/Streamer_app/project/test/spatial_map_test.dart: UI-08: Spatial Map offline experience (AppProvider cache layer) MapMarkerModel.fromCachedJson always forces MarkerStatus.offline
01:28 +94: C:/Users/User/.codex/worktrees/hadayah-wave4v2-integration/Streamer_app/project/test/spatial_map_test.dart: UI-08: Spatial Map offline experience (AppProvider cache layer) debugSetOnlineForTests flips isOnline and notifies listeners
Realtime public streamer subscription failed: 'package:supabase_flutter/src/supabase.dart': Failed assertion: line 45 pos 7: '_instance._isInitialized': You must initialize the supabase instance before calling Supabase.instance
Realtime academic_categories subscription failed: 'package:supabase_flutter/src/supabase.dart': Failed assertion: line 45 pos 7: '_instance._isInitialized': You must initialize the supabase instance before calling Supabase.instance
Supabase auth listener not attached (Supabase not initialized?): 'package:supabase_flutter/src/supabase.dart': Failed assertion: line 45 pos 7: '_instance._isInitialized': You must initialize the supabase instance before calling Supabase.instance
loadVerifiedStreamersFromBackend failed: Bad state: Backend unavailable
_refreshAcademicCategories failed: Bad state: Backend unavailable
01:28 +95: loading C:/Users/User/.codex/worktrees/hadayah-wave4v2-integration/Streamer_app/project/test/streamer_application_wizard_test.dart
01:29 +95: loading C:/Users/User/.codex/worktrees/hadayah-wave4v2-integration/Streamer_app/project/test/streamer_asset_path_test.dart
01:30 +95: loading C:/Users/User/.codex/worktrees/hadayah-wave4v2-integration/Streamer_app/project/test/streamer_role_mode_map_feed_sync_test.dart
01:30 +95: loading C:/Users/User/.codex/worktrees/hadayah-wave4v2-integration/Streamer_app/project/test/theme_contrast_test.dart
01:31 +95: loading C:/Users/User/.codex/worktrees/hadayah-wave4v2-integration/Streamer_app/project/test/v04_core_architect_settings_test.dart
01:32 +95: C:/Users/User/.codex/worktrees/hadayah-wave4v2-integration/Streamer_app/project/test/v04_core_architect_settings_test.dart: Version 0.4 Core Architect Settings & State Unit Tests TC-V04-MAP-01: Live Streamer Max Zoom Visibility & Z-Index Prioritization
Realtime public streamer subscription failed: 'package:supabase_flutter/src/supabase.dart': Failed assertion: line 45 pos 7: '_instance._isInitialized': You must initialize the supabase instance before calling Supabase.instance
Realtime academic_categories subscription failed: 'package:supabase_flutter/src/supabase.dart': Failed assertion: line 45 pos 7: '_instance._isInitialized': You must initialize the supabase instance before calling Supabase.instance
Supabase auth listener not attached (Supabase not initialized?): 'package:supabase_flutter/src/supabase.dart': Failed assertion: line 45 pos 7: '_instance._isInitialized': You must initialize the supabase instance before calling Supabase.instance
01:32 +96: loading C:/Users/User/.codex/worktrees/hadayah-wave4v2-integration/Streamer_app/project/test/v04_ui_ux_specialist_test.dart
01:33 +96: C:/Users/User/.codex/worktrees/hadayah-wave4v2-integration/Streamer_app/project/test/v04_ui_ux_specialist_test.dart: Version 0.4 Checkpoint 4.1 & 4.2 UI/UX, Localization & Safety Tests TC-PITCH-02: Category Filtering and Search Operations
Realtime public streamer subscription failed: 'package:supabase_flutter/src/supabase.dart': Failed assertion: line 45 pos 7: '_instance._isInitialized': You must initialize the supabase instance before calling Supabase.instance
Realtime academic_categories subscription failed: 'package:supabase_flutter/src/supabase.dart': Failed assertion: line 45 pos 7: '_instance._isInitialized': You must initialize the supabase instance before calling Supabase.instance
Supabase auth listener not attached (Supabase not initialized?): 'package:supabase_flutter/src/supabase.dart': Failed assertion: line 45 pos 7: '_instance._isInitialized': You must initialize the supabase instance before calling Supabase.instance
01:33 +97: loading C:/Users/User/.codex/worktrees/hadayah-wave4v2-integration/Streamer_app/project/test/viewer_presence_test.dart
01:33 +97: loading C:/Users/User/.codex/worktrees/hadayah-wave4v2-integration/Streamer_app/project/test/vod_archive_test.dart
01:34 +97: C:/Users/User/.codex/worktrees/hadayah-wave4v2-integration/Streamer_app/project/test/vod_archive_test.dart: VOD Archive & RTMP Configuration Unit Tests TC-POOL-01: MockVodArchivePool Data Integrity
01:34 +98: loading C:/Users/User/.codex/worktrees/hadayah-wave4v2-integration/Streamer_app/project/test/wave4v2_recovery_and_channel_test.dart
01:35 +98: C:/Users/User/.codex/worktrees/hadayah-wave4v2-integration/Streamer_app/project/test/wave4v2_recovery_and_channel_test.dart: channel references preserve identity and reject deceptive URLs
01:35 +99: loading C:/Users/User/.codex/worktrees/hadayah-wave4v2-integration/Streamer_app/project/test/youtube_api_test.dart
01:36 +99: C:/Users/User/.codex/worktrees/hadayah-wave4v2-integration/Streamer_app/project/test/youtube_api_test.dart: YouTube Data API v3 Unit & Integration Tests TC-YT-05: Fetch Playlist Items for Modal Display
YouTube statistics batch failed for chunk starting at 0: HTTP 404
01:36 +100: loading C:/Users/User/.codex/worktrees/hadayah-wave4v2-integration/Streamer_app/project/test/youtube_embed_page_test.dart
01:37 +100: loading C:/Users/User/.codex/worktrees/hadayah-wave4v2-integration/Streamer_app/project/test/youtube_navigation_policy_test.dart
01:39 +100: loading C:/Users/User/.codex/worktrees/hadayah-wave4v2-integration/Streamer_app/project/test/youtube_watch_status_test.dart
01:39 +100: C:/Users/User/.codex/worktrees/hadayah-wave4v2-integration/Streamer_app/project/test/youtube_watch_status_test.dart: fetchLiveVideoId a quota or network failure throws instead of saying "none"
YouTube live lookup failed: ClientException
YouTube live lookup failed: HTTP 403
01:40 +101: All tests passed!
