00:00 +0: loading C:/Users/User/.codex/worktrees/hadayah-wave4v2-integration/Streamer_app/project/test/admin_broadcaster_moderation_test.dart
00:00 +0: loading C:/Users/User/.codex/worktrees/hadayah-wave4v2-integration/Streamer_app/project/test/admin_database_service_test.dart
00:00 +0: C:/Users/User/.codex/worktrees/hadayah-wave4v2-integration/Streamer_app/project/test/admin_database_service_test.dart: Admin Hub & Database Layer Unit Tests (Phase 1) TC-DB-02: TermsAndConditionsModel Serialization & Bilingual Helpers
00:00 +1: loading C:/Users/User/.codex/worktrees/hadayah-wave4v2-integration/Streamer_app/project/test/admin_hub_screen_test.dart
00:00 +1: C:/Users/User/.codex/worktrees/hadayah-wave4v2-integration/Streamer_app/project/test/admin_hub_screen_test.dart: Admin Hub Dashboard & Multi-Account RBAC Tests (Phase 3) TC-ADMIN-01b: isMasterAdmin Is Distinct From (and Narrower Than) isAdminUser
Realtime public streamer subscription failed: 'package:supabase_flutter/src/supabase.dart': Failed assertion: line 45 pos 7: '_instance._isInitialized': You must initialize the supabase instance before calling Supabase.instance
Realtime academic_categories subscription failed: 'package:supabase_flutter/src/supabase.dart': Failed assertion: line 45 pos 7: '_instance._isInitialized': You must initialize the supabase instance before calling Supabase.instance
Supabase auth listener not attached (Supabase not initialized?): 'package:supabase_flutter/src/supabase.dart': Failed assertion: line 45 pos 7: '_instance._isInitialized': You must initialize the supabase instance before calling Supabase.instance
loadVerifiedStreamersFromBackend failed: Bad state: Backend unavailable
_refreshAcademicCategories failed: Bad state: Backend unavailable
_loadMapMarkerCacheFromDisk failed: MissingPluginException(No implementation found for method getAll on channel plugins.flutter.io/shared_preferences)
00:00 +2: C:/Users/User/.codex/worktrees/hadayah-wave4v2-integration/Streamer_app/project/test/admin_hub_screen_test.dart: Admin Hub Dashboard & Multi-Account RBAC Tests (Phase 3) TC-ADMIN-09: isPermittedAdmin Is Org-Scoped and Disjoint From isAdminUser (v0.8 Checkpoint 3)
Realtime public streamer subscription failed: 'package:supabase_flutter/src/supabase.dart': Failed assertion: line 45 pos 7: '_instance._isInitialized': You must initialize the supabase instance before calling Supabase.instance
Realtime academic_categories subscription failed: 'package:supabase_flutter/src/supabase.dart': Failed assertion: line 45 pos 7: '_instance._isInitialized': You must initialize the supabase instance before calling Supabase.instance
Supabase auth listener not attached (Supabase not initialized?): 'package:supabase_flutter/src/supabase.dart': Failed assertion: line 45 pos 7: '_instance._isInitialized': You must initialize the supabase instance before calling Supabase.instance
loadVerifiedStreamersFromBackend failed: Bad state: Backend unavailable
_refreshAcademicCategories failed: Bad state: Backend unavailable
_loadMapMarkerCacheFromDisk failed: MissingPluginException(No implementation found for method getAll on channel plugins.flutter.io/shared_preferences)
00:00 +3: loading C:/Users/User/.codex/worktrees/hadayah-wave4v2-integration/Streamer_app/project/test/admin_navigation_test.dart
00:01 +3: C:/Users/User/.codex/worktrees/hadayah-wave4v2-integration/Streamer_app/project/test/admin_navigation_test.dart: (setUpAll)
[90m[🌎 Easy Localization] [DEBUG] Localization initialized[0m
00:02 +3: C:/Users/User/.codex/worktrees/hadayah-wave4v2-integration/Streamer_app/project/test/admin_navigation_test.dart: Admin navigation 390.0 ar persists locale and selection
Realtime public streamer subscription failed: 'package:supabase_flutter/src/supabase.dart': Failed assertion: line 45 pos 7: '_instance._isInitialized': You must initialize the supabase instance before calling Supabase.instance
Realtime academic_categories subscription failed: 'package:supabase_flutter/src/supabase.dart': Failed assertion: line 45 pos 7: '_instance._isInitialized': You must initialize the supabase instance before calling Supabase.instance
Supabase auth listener not attached (Supabase not initialized?): 'package:supabase_flutter/src/supabase.dart': Failed assertion: line 45 pos 7: '_instance._isInitialized': You must initialize the supabase instance before calling Supabase.instance
[90m[🌎 Easy Localization] [DEBUG] Start[0m
loadVerifiedStreamersFromBackend failed: Bad state: Backend unavailable
_refreshAcademicCategories failed: Bad state: Backend unavailable
[90m[🌎 Easy Localization] [DEBUG] Init state[0m
[32m[🌎 Easy Localization] [INFO] Start locale loaded ar[0m
[90m[🌎 Easy Localization] [DEBUG] Build[0m
[90m[🌎 Easy Localization] [DEBUG] Init Localization Delegate[0m
[90m[🌎 Easy Localization] [DEBUG] Init provider[0m
[90m[🌎 Easy Localization] [DEBUG] Load Localization Delegate[0m
[90m[🌎 Easy Localization] [DEBUG] Build[0m
[90m[🌎 Easy Localization] [DEBUG] Init Localization Delegate[0m
[90m[🌎 Easy Localization] [DEBUG] Init provider[0m
unhandled element <defs/>; Picture key: Svg loader
Realtime chat_reports subscription failed: 'package:supabase_flutter/src/supabase.dart': Failed assertion: line 45 pos 7: '_instance._isInitialized': You must initialize the supabase instance before calling Supabase.instance
_refreshAcademicCategories failed: Bad state: Backend unavailable
loadVerifiedStreamersFromBackend failed: Bad state: Backend unavailable
[32m[🌎 Easy Localization] [INFO] Locale en changed[0m
[32m[🌎 Easy Localization] [INFO] Locale en saved[0m
[90m[🌎 Easy Localization] [DEBUG] Build[0m
[90m[🌎 Easy Localization] [DEBUG] Init Localization Delegate[0m
[90m[🌎 Easy Localization] [DEBUG] Init provider[0m
[90m[🌎 Easy Localization] [DEBUG] Load Localization Delegate[0m
00:04 +4: C:/Users/User/.codex/worktrees/hadayah-wave4v2-integration/Streamer_app/project/test/admin_navigation_test.dart: (tearDownAll)
00:04 +4: loading C:/Users/User/.codex/worktrees/hadayah-wave4v2-integration/Streamer_app/project/test/admin_safety_console_test.dart
00:05 +4: C:/Users/User/.codex/worktrees/hadayah-wave4v2-integration/Streamer_app/project/test/admin_safety_console_test.dart: (setUpAll)
[90m[🌎 Easy Localization] [DEBUG] Localization initialized[0m
00:05 +4: C:/Users/User/.codex/worktrees/hadayah-wave4v2-integration/Streamer_app/project/test/admin_safety_console_test.dart: AppFlags server refusals are classified
00:05 +5: C:/Users/User/.codex/worktrees/hadayah-wave4v2-integration/Streamer_app/project/test/admin_safety_console_test.dart: platform chat pause pauses everyone, moderators included
00:05 +6: C:/Users/User/.codex/worktrees/hadayah-wave4v2-integration/Streamer_app/project/test/admin_safety_console_test.dart: platform chat pause follows the switch without rebuilding the room
00:05 +7: C:/Users/User/.codex/worktrees/hadayah-wave4v2-integration/Streamer_app/project/test/admin_safety_console_test.dart: (tearDownAll)
00:05 +7: loading C:/Users/User/.codex/worktrees/hadayah-wave4v2-integration/Streamer_app/project/test/admin_user_directory_test.dart
00:06 +7: C:/Users/User/.codex/worktrees/hadayah-wave4v2-integration/Streamer_app/project/test/admin_user_directory_test.dart: (setUpAll)
[90m[🌎 Easy Localization] [DEBUG] Localization initialized[0m
00:06 +7: C:/Users/User/.codex/worktrees/hadayah-wave4v2-integration/Streamer_app/project/test/admin_user_directory_test.dart: directory denies non-admin before service call
Realtime public streamer subscription failed: 'package:supabase_flutter/src/supabase.dart': Failed assertion: line 45 pos 7: '_instance._isInitialized': You must initialize the supabase instance before calling Supabase.instance
Realtime academic_categories subscription failed: 'package:supabase_flutter/src/supabase.dart': Failed assertion: line 45 pos 7: '_instance._isInitialized': You must initialize the supabase instance before calling Supabase.instance
Supabase auth listener not attached (Supabase not initialized?): 'package:supabase_flutter/src/supabase.dart': Failed assertion: line 45 pos 7: '_instance._isInitialized': You must initialize the supabase instance before calling Supabase.instance
[90m[🌎 Easy Localization] [DEBUG] Start[0m
loadVerifiedStreamersFromBackend failed: Bad state: Backend unavailable
_refreshAcademicCategories failed: Bad state: Backend unavailable
[90m[🌎 Easy Localization] [DEBUG] Init state[0m
[32m[🌎 Easy Localization] [INFO] Start locale loaded en[0m
[90m[🌎 Easy Localization] [DEBUG] Build[0m
[90m[🌎 Easy Localization] [DEBUG] Init Localization Delegate[0m
[90m[🌎 Easy Localization] [DEBUG] Init provider[0m
[90m[🌎 Easy Localization] [DEBUG] Load Localization Delegate[0m
[90m[🌎 Easy Localization] [DEBUG] Build[0m
[90m[🌎 Easy Localization] [DEBUG] Init Localization Delegate[0m
[90m[🌎 Easy Localization] [DEBUG] Init provider[0m
00:07 +8: C:/Users/User/.codex/worktrees/hadayah-wave4v2-integration/Streamer_app/project/test/admin_user_directory_test.dart: (tearDownAll)
00:07 +8: loading C:/Users/User/.codex/worktrees/hadayah-wave4v2-integration/Streamer_app/project/test/auth_onboarding_and_org_affiliation_test.dart
00:08 +8: C:/Users/User/.codex/worktrees/hadayah-wave4v2-integration/Streamer_app/project/test/auth_onboarding_and_org_affiliation_test.dart: (setUpAll)
[90m[🌎 Easy Localization] [DEBUG] Localization initialized[0m
00:08 +8: C:/Users/User/.codex/worktrees/hadayah-wave4v2-integration/Streamer_app/project/test/auth_onboarding_and_org_affiliation_test.dart: Auth, Onboarding & Streamer Application Wizard Tests TC-AUTH-02: ViewerSetupScreen saves display name and avatar
Realtime public streamer subscription failed: 'package:supabase_flutter/src/supabase.dart': Failed assertion: line 45 pos 7: '_instance._isInitialized': You must initialize the supabase instance before calling Supabase.instance
Realtime academic_categories subscription failed: 'package:supabase_flutter/src/supabase.dart': Failed assertion: line 45 pos 7: '_instance._isInitialized': You must initialize the supabase instance before calling Supabase.instance
Supabase auth listener not attached (Supabase not initialized?): 'package:supabase_flutter/src/supabase.dart': Failed assertion: line 45 pos 7: '_instance._isInitialized': You must initialize the supabase instance before calling Supabase.instance
loadVerifiedStreamersFromBackend failed: Bad state: Backend unavailable
_refreshAcademicCategories failed: Bad state: Backend unavailable
[90m[🌎 Easy Localization] [DEBUG] Start[0m
[90m[🌎 Easy Localization] [DEBUG] Init state[0m
[32m[🌎 Easy Localization] [INFO] Start locale loaded en[0m
[90m[🌎 Easy Localization] [DEBUG] Build[0m
[90m[🌎 Easy Localization] [DEBUG] Init Localization Delegate[0m
[90m[🌎 Easy Localization] [DEBUG] Init provider[0m
[90m[🌎 Easy Localization] [DEBUG] Load Localization Delegate[0m
[90m[🌎 Easy Localization] [DEBUG] Build[0m
[90m[🌎 Easy Localization] [DEBUG] Init Localization Delegate[0m
[90m[🌎 Easy Localization] [DEBUG] Init provider[0m
00:09 +9: C:/Users/User/.codex/worktrees/hadayah-wave4v2-integration/Streamer_app/project/test/auth_onboarding_and_org_affiliation_test.dart: Auth, Onboarding & Streamer Application Wizard Tests TC-AUTH-02b: ViewerSetupScreen avatar presets are neutral, not real-person or branded photos (UI-05)
Realtime public streamer subscription failed: 'package:supabase_flutter/src/supabase.dart': Failed assertion: line 45 pos 7: '_instance._isInitialized': You must initialize the supabase instance before calling Supabase.instance
Realtime academic_categories subscription failed: 'package:supabase_flutter/src/supabase.dart': Failed assertion: line 45 pos 7: '_instance._isInitialized': You must initialize the supabase instance before calling Supabase.instance
Supabase auth listener not attached (Supabase not initialized?): 'package:supabase_flutter/src/supabase.dart': Failed assertion: line 45 pos 7: '_instance._isInitialized': You must initialize the supabase instance before calling Supabase.instance
loadVerifiedStreamersFromBackend failed: Bad state: Backend unavailable
_refreshAcademicCategories failed: Bad state: Backend unavailable
[90m[🌎 Easy Localization] [DEBUG] Start[0m
[90m[🌎 Easy Localization] [DEBUG] Init state[0m
[32m[🌎 Easy Localization] [INFO] Start locale loaded en[0m
[90m[🌎 Easy Localization] [DEBUG] Build[0m
[90m[🌎 Easy Localization] [DEBUG] Init Localization Delegate[0m
[90m[🌎 Easy Localization] [DEBUG] Init provider[0m
[90m[🌎 Easy Localization] [DEBUG] Load Localization Delegate[0m
[90m[🌎 Easy Localization] [DEBUG] Build[0m
[90m[🌎 Easy Localization] [DEBUG] Init Localization Delegate[0m
[90m[🌎 Easy Localization] [DEBUG] Init provider[0m
00:09 +10: C:/Users/User/.codex/worktrees/hadayah-wave4v2-integration/Streamer_app/project/test/auth_onboarding_and_org_affiliation_test.dart: (tearDownAll)
00:09 +10: loading C:/Users/User/.codex/worktrees/hadayah-wave4v2-integration/Streamer_app/project/test/auto_translation_service_test.dart
00:10 +10: C:/Users/User/.codex/worktrees/hadayah-wave4v2-integration/Streamer_app/project/test/auto_translation_service_test.dart: TC-TR-01: Pure-Dart ArabicTransliterationEngine Phonetic Mapping Tests Handles theophoric compound names with proper prefixes
00:10 +11: loading C:/Users/User/.codex/worktrees/hadayah-wave4v2-integration/Streamer_app/project/test/broadcaster_application_sheet_test.dart
00:11 +11: loading C:/Users/User/.codex/worktrees/hadayah-wave4v2-integration/Streamer_app/project/test/broadcaster_application_uuid_verification_test.dart
00:12 +11: loading C:/Users/User/.codex/worktrees/hadayah-wave4v2-integration/Streamer_app/project/test/broadcaster_studio_entry_test.dart
00:12 +11: C:/Users/User/.codex/worktrees/hadayah-wave4v2-integration/Streamer_app/project/test/broadcaster_studio_entry_test.dart: (setUpAll)
[90m[🌎 Easy Localization] [DEBUG] Localization initialized[0m
00:12 +11: C:/Users/User/.codex/worktrees/hadayah-wave4v2-integration/Streamer_app/project/test/broadcaster_studio_entry_test.dart: OBS closing the sheet while the request is pending is safe
Realtime public streamer subscription failed: 'package:supabase_flutter/src/supabase.dart': Failed assertion: line 45 pos 7: '_instance._isInitialized': You must initialize the supabase instance before calling Supabase.instance
Realtime academic_categories subscription failed: 'package:supabase_flutter/src/supabase.dart': Failed assertion: line 45 pos 7: '_instance._isInitialized': You must initialize the supabase instance before calling Supabase.instance
Realtime user status channel subscription failed: 'package:supabase_flutter/src/supabase.dart': Failed assertion: line 45 pos 7: '_instance._isInitialized': You must initialize the supabase instance before calling Supabase.instance
Profile provisioning failed: 'package:supabase_flutter/src/supabase.dart': Failed assertion: line 45 pos 7: '_instance._isInitialized': You must initialize the supabase instance before calling Supabase.instance
loadVerifiedStreamersFromBackend failed: Bad state: Backend unavailable
Admin role check failed: 'package:supabase_flutter/src/supabase.dart': Failed assertion: line 45 pos 7: '_instance._isInitialized': You must initialize the supabase instance before calling Supabase.instance
_refreshCurrentUserBanStatus failed: 'package:supabase_flutter/src/supabase.dart': Failed assertion: line 45 pos 7: '_instance._isInitialized': You must initialize the supabase instance before calling Supabase.instance
_refreshAcademicCategories failed: Bad state: Backend unavailable
loadVerifiedStreamersFromBackend failed: Bad state: Backend unavailable
[90m[🌎 Easy Localization] [DEBUG] Start[0m
[90m[🌎 Easy Localization] [DEBUG] Init state[0m
[32m[🌎 Easy Localization] [INFO] Start locale loaded en[0m
[90m[🌎 Easy Localization] [DEBUG] Build[0m
[90m[🌎 Easy Localization] [DEBUG] Init Localization Delegate[0m
[90m[🌎 Easy Localization] [DEBUG] Init provider[0m
[90m[🌎 Easy Localization] [DEBUG] Load Localization Delegate[0m
[90m[🌎 Easy Localization] [DEBUG] Build[0m
[90m[🌎 Easy Localization] [DEBUG] Init Localization Delegate[0m
[90m[🌎 Easy Localization] [DEBUG] Init provider[0m
00:14 +12: C:/Users/User/.codex/worktrees/hadayah-wave4v2-integration/Streamer_app/project/test/broadcaster_studio_entry_test.dart: Phone missing key and missing watch link are each explained
Realtime public streamer subscription failed: 'package:supabase_flutter/src/supabase.dart': Failed assertion: line 45 pos 7: '_instance._isInitialized': You must initialize the supabase instance before calling Supabase.instance
Realtime academic_categories subscription failed: 'package:supabase_flutter/src/supabase.dart': Failed assertion: line 45 pos 7: '_instance._isInitialized': You must initialize the supabase instance before calling Supabase.instance
Realtime user status channel subscription failed: 'package:supabase_flutter/src/supabase.dart': Failed assertion: line 45 pos 7: '_instance._isInitialized': You must initialize the supabase instance before calling Supabase.instance
Profile provisioning failed: 'package:supabase_flutter/src/supabase.dart': Failed assertion: line 45 pos 7: '_instance._isInitialized': You must initialize the supabase instance before calling Supabase.instance
loadVerifiedStreamersFromBackend failed: Bad state: Backend unavailable
Admin role check failed: 'package:supabase_flutter/src/supabase.dart': Failed assertion: line 45 pos 7: '_instance._isInitialized': You must initialize the supabase instance before calling Supabase.instance
_refreshCurrentUserBanStatus failed: 'package:supabase_flutter/src/supabase.dart': Failed assertion: line 45 pos 7: '_instance._isInitialized': You must initialize the supabase instance before calling Supabase.instance
_refreshAcademicCategories failed: Bad state: Backend unavailable
loadVerifiedStreamersFromBackend failed: Bad state: Backend unavailable
[90m[🌎 Easy Localization] [DEBUG] Start[0m
[90m[🌎 Easy Localization] [DEBUG] Init state[0m
[32m[🌎 Easy Localization] [INFO] Start locale loaded en[0m
[90m[🌎 Easy Localization] [DEBUG] Build[0m
[90m[🌎 Easy Localization] [DEBUG] Init Localization Delegate[0m
[90m[🌎 Easy Localization] [DEBUG] Init provider[0m
[90m[🌎 Easy Localization] [DEBUG] Load Localization Delegate[0m
[90m[🌎 Easy Localization] [DEBUG] Build[0m
[90m[🌎 Easy Localization] [DEBUG] Init Localization Delegate[0m
[90m[🌎 Easy Localization] [DEBUG] Init provider[0m
00:14 +13: C:/Users/User/.codex/worktrees/hadayah-wave4v2-integration/Streamer_app/project/test/broadcaster_studio_entry_test.dart: Phone valid input opens PhoneBroadcastScreen once on a double tap
Realtime public streamer subscription failed: 'package:supabase_flutter/src/supabase.dart': Failed assertion: line 45 pos 7: '_instance._isInitialized': You must initialize the supabase instance before calling Supabase.instance
Realtime academic_categories subscription failed: 'package:supabase_flutter/src/supabase.dart': Failed assertion: line 45 pos 7: '_instance._isInitialized': You must initialize the supabase instance before calling Supabase.instance
Realtime user status channel subscription failed: 'package:supabase_flutter/src/supabase.dart': Failed assertion: line 45 pos 7: '_instance._isInitialized': You must initialize the supabase instance before calling Supabase.instance
Profile provisioning failed: 'package:supabase_flutter/src/supabase.dart': Failed assertion: line 45 pos 7: '_instance._isInitialized': You must initialize the supabase instance before calling Supabase.instance
loadVerifiedStreamersFromBackend failed: Bad state: Backend unavailable
Admin role check failed: 'package:supabase_flutter/src/supabase.dart': Failed assertion: line 45 pos 7: '_instance._isInitialized': You must initialize the supabase instance before calling Supabase.instance
_refreshCurrentUserBanStatus failed: 'package:supabase_flutter/src/supabase.dart': Failed assertion: line 45 pos 7: '_instance._isInitialized': You must initialize the supabase instance before calling Supabase.instance
_refreshAcademicCategories failed: Bad state: Backend unavailable
loadVerifiedStreamersFromBackend failed: Bad state: Backend unavailable
[90m[🌎 Easy Localization] [DEBUG] Start[0m
[90m[🌎 Easy Localization] [DEBUG] Init state[0m
[32m[🌎 Easy Localization] [INFO] Start locale loaded en[0m
[90m[🌎 Easy Localization] [DEBUG] Build[0m
[90m[🌎 Easy Localization] [DEBUG] Init Localization Delegate[0m
[90m[🌎 Easy Localization] [DEBUG] Init provider[0m
[90m[🌎 Easy Localization] [DEBUG] Load Localization Delegate[0m
[90m[🌎 Easy Localization] [DEBUG] Build[0m
[90m[🌎 Easy Localization] [DEBUG] Init Localization Delegate[0m
[90m[🌎 Easy Localization] [DEBUG] Init provider[0m
00:15 +14: C:/Users/User/.codex/worktrees/hadayah-wave4v2-integration/Streamer_app/project/test/broadcaster_studio_entry_test.dart: Phone outside the Android app, Phone explains that it is unavailable
Realtime public streamer subscription failed: 'package:supabase_flutter/src/supabase.dart': Failed assertion: line 45 pos 7: '_instance._isInitialized': You must initialize the supabase instance before calling Supabase.instance
Realtime academic_categories subscription failed: 'package:supabase_flutter/src/supabase.dart': Failed assertion: line 45 pos 7: '_instance._isInitialized': You must initialize the supabase instance before calling Supabase.instance
Realtime user status channel subscription failed: 'package:supabase_flutter/src/supabase.dart': Failed assertion: line 45 pos 7: '_instance._isInitialized': You must initialize the supabase instance before calling Supabase.instance
Profile provisioning failed: 'package:supabase_flutter/src/supabase.dart': Failed assertion: line 45 pos 7: '_instance._isInitialized': You must initialize the supabase instance before calling Supabase.instance
loadVerifiedStreamersFromBackend failed: Bad state: Backend unavailable
Admin role check failed: 'package:supabase_flutter/src/supabase.dart': Failed assertion: line 45 pos 7: '_instance._isInitialized': You must initialize the supabase instance before calling Supabase.instance
_refreshCurrentUserBanStatus failed: 'package:supabase_flutter/src/supabase.dart': Failed assertion: line 45 pos 7: '_instance._isInitialized': You must initialize the supabase instance before calling Supabase.instance
_refreshAcademicCategories failed: Bad state: Backend unavailable
loadVerifiedStreamersFromBackend failed: Bad state: Backend unavailable
[90m[🌎 Easy Localization] [DEBUG] Start[0m
[90m[🌎 Easy Localization] [DEBUG] Init state[0m
[32m[🌎 Easy Localization] [INFO] Start locale loaded en[0m
[90m[🌎 Easy Localization] [DEBUG] Build[0m
[90m[🌎 Easy Localization] [DEBUG] Init Localization Delegate[0m
[90m[🌎 Easy Localization] [DEBUG] Init provider[0m
[90m[🌎 Easy Localization] [DEBUG] Load Localization Delegate[0m
[90m[🌎 Easy Localization] [DEBUG] Build[0m
[90m[🌎 Easy Localization] [DEBUG] Init Localization Delegate[0m
[90m[🌎 Easy Localization] [DEBUG] Init provider[0m
00:16 +15: C:/Users/User/.codex/worktrees/hadayah-wave4v2-integration/Streamer_app/project/test/broadcaster_studio_entry_test.dart: Phone Arabic: the refusal is visible and the sheet lays out
Realtime public streamer subscription failed: 'package:supabase_flutter/src/supabase.dart': Failed assertion: line 45 pos 7: '_instance._isInitialized': You must initialize the supabase instance before calling Supabase.instance
Realtime academic_categories subscription failed: 'package:supabase_flutter/src/supabase.dart': Failed assertion: line 45 pos 7: '_instance._isInitialized': You must initialize the supabase instance before calling Supabase.instance
Realtime user status channel subscription failed: 'package:supabase_flutter/src/supabase.dart': Failed assertion: line 45 pos 7: '_instance._isInitialized': You must initialize the supabase instance before calling Supabase.instance
Profile provisioning failed: 'package:supabase_flutter/src/supabase.dart': Failed assertion: line 45 pos 7: '_instance._isInitialized': You must initialize the supabase instance before calling Supabase.instance
loadVerifiedStreamersFromBackend failed: Bad state: Backend unavailable
Admin role check failed: 'package:supabase_flutter/src/supabase.dart': Failed assertion: line 45 pos 7: '_instance._isInitialized': You must initialize the supabase instance before calling Supabase.instance
_refreshCurrentUserBanStatus failed: 'package:supabase_flutter/src/supabase.dart': Failed assertion: line 45 pos 7: '_instance._isInitialized': You must initialize the supabase instance before calling Supabase.instance
_refreshAcademicCategories failed: Bad state: Backend unavailable
loadVerifiedStreamersFromBackend failed: Bad state: Backend unavailable
[90m[🌎 Easy Localization] [DEBUG] Start[0m
[90m[🌎 Easy Localization] [DEBUG] Init state[0m
[32m[🌎 Easy Localization] [INFO] Start locale loaded ar[0m
[90m[🌎 Easy Localization] [DEBUG] Build[0m
[90m[🌎 Easy Localization] [DEBUG] Init Localization Delegate[0m
[90m[🌎 Easy Localization] [DEBUG] Init provider[0m
[90m[🌎 Easy Localization] [DEBUG] Load Localization Delegate[0m
[90m[🌎 Easy Localization] [DEBUG] Build[0m
[90m[🌎 Easy Localization] [DEBUG] Init Localization Delegate[0m
[90m[🌎 Easy Localization] [DEBUG] Init provider[0m
00:16 +16: C:/Users/User/.codex/worktrees/hadayah-wave4v2-integration/Streamer_app/project/test/broadcaster_studio_entry_test.dart: (tearDownAll)
00:16 +16: loading C:/Users/User/.codex/worktrees/hadayah-wave4v2-integration/Streamer_app/project/test/broadcast_backend_compatibility_test.dart
00:17 +16: loading C:/Users/User/.codex/worktrees/hadayah-wave4v2-integration/Streamer_app/project/test/chat_block_sync_test.dart
00:18 +16: C:/Users/User/.codex/worktrees/hadayah-wave4v2-integration/Streamer_app/project/test/chat_block_sync_test.dart: ChatBlockList network, deleted-target and signed-out failures are distinct
00:18 +17: C:/Users/User/.codex/worktrees/hadayah-wave4v2-integration/Streamer_app/project/test/chat_block_sync_test.dart: ChatBlockList a block the server already holds counts as success
00:18 +18: C:/Users/User/.codex/worktrees/hadayah-wave4v2-integration/Streamer_app/project/test/chat_block_sync_test.dart: ChatBlockList blocking yourself is refused before any write
00:18 +19: loading C:/Users/User/.codex/worktrees/hadayah-wave4v2-integration/Streamer_app/project/test/chat_composer_state_test.dart
00:19 +19: C:/Users/User/.codex/worktrees/hadayah-wave4v2-integration/Streamer_app/project/test/chat_composer_state_test.dart: composer state a banned account outranks every other reason
00:19 +20: C:/Users/User/.codex/worktrees/hadayah-wave4v2-integration/Streamer_app/project/test/chat_composer_state_test.dart: composer state chat turned off blocks a viewer
00:19 +21: C:/Users/User/.codex/worktrees/hadayah-wave4v2-integration/Streamer_app/project/test/chat_composer_state_test.dart: composer state chat turned off does not block a moderator
00:19 +22: loading C:/Users/User/.codex/worktrees/hadayah-wave4v2-integration/Streamer_app/project/test/cluster_1_and_feedback_fixes_test.dart
00:19 +22: C:/Users/User/.codex/worktrees/hadayah-wave4v2-integration/Streamer_app/project/test/cluster_1_and_feedback_fixes_test.dart: Quick Fix QF-01: Fullscreen Button on Audio-Only Streams Fullscreen toggle displays exit icon when isFullscreen is true on audio streams
[34m[🌎 Easy Localization] [WARNING] Localization key [live.toggle_player_controls] not found[0m
[34m[🌎 Easy Localization] [WARNING] Localization key [live.tooltip_exit_fullscreen] not found[0m
00:20 +23: loading C:/Users/User/.codex/worktrees/hadayah-wave4v2-integration/Streamer_app/project/test/cluster_3_4_categories_moderation_test.dart
00:21 +23: C:/Users/User/.codex/worktrees/hadayah-wave4v2-integration/Streamer_app/project/test/cluster_3_4_categories_moderation_test.dart: Cluster 3 Task 10/11: Academic Categories copyWith only overrides the given fields, id stays immutable
00:21 +24: C:/Users/User/.codex/worktrees/hadayah-wave4v2-integration/Streamer_app/project/test/cluster_3_4_categories_moderation_test.dart: Cluster 3 Task 10/11: Academic Categories AppProvider.academicCategories falls back to defaultPool when the backend list is empty (offline / not loaded yet)
Realtime public streamer subscription failed: 'package:supabase_flutter/src/supabase.dart': Failed assertion: line 45 pos 7: '_instance._isInitialized': You must initialize the supabase instance before calling Supabase.instance
Realtime academic_categories subscription failed: 'package:supabase_flutter/src/supabase.dart': Failed assertion: line 45 pos 7: '_instance._isInitialized': You must initialize the supabase instance before calling Supabase.instance
Supabase auth listener not attached (Supabase not initialized?): 'package:supabase_flutter/src/supabase.dart': Failed assertion: line 45 pos 7: '_instance._isInitialized': You must initialize the supabase instance before calling Supabase.instance
00:21 +25: loading C:/Users/User/.codex/worktrees/hadayah-wave4v2-integration/Streamer_app/project/test/connectivity_service_test.dart
00:22 +25: C:/Users/User/.codex/worktrees/hadayah-wave4v2-integration/Streamer_app/project/test/connectivity_service_test.dart: attached transport is degraded until the backend responds
00:22 +26: loading C:/Users/User/.codex/worktrees/hadayah-wave4v2-integration/Streamer_app/project/test/device_session_presenter_test.dart
00:23 +26: C:/Users/User/.codex/worktrees/hadayah-wave4v2-integration/Streamer_app/project/test/device_session_presenter_test.dart: (setUpAll)
[90m[🌎 Easy Localization] [DEBUG] Localization initialized[0m
00:23 +26: C:/Users/User/.codex/worktrees/hadayah-wave4v2-integration/Streamer_app/project/test/device_session_presenter_test.dart: R02: transfer from the dialog claims with force
Realtime public streamer subscription failed: 'package:supabase_flutter/src/supabase.dart': Failed assertion: line 45 pos 7: '_instance._isInitialized': You must initialize the supabase instance before calling Supabase.instance
Realtime academic_categories subscription failed: 'package:supabase_flutter/src/supabase.dart': Failed assertion: line 45 pos 7: '_instance._isInitialized': You must initialize the supabase instance before calling Supabase.instance
[90m[🌎 Easy Localization] [DEBUG] Start[0m
loadVerifiedStreamersFromBackend failed: Bad state: Backend unavailable
_refreshAcademicCategories failed: Bad state: Backend unavailable
[90m[🌎 Easy Localization] [DEBUG] Init state[0m
[32m[🌎 Easy Localization] [INFO] Start locale loaded en[0m
[90m[🌎 Easy Localization] [DEBUG] Build[0m
[90m[🌎 Easy Localization] [DEBUG] Init Localization Delegate[0m
[90m[🌎 Easy Localization] [DEBUG] Init provider[0m
[90m[🌎 Easy Localization] [DEBUG] Load Localization Delegate[0m
[90m[🌎 Easy Localization] [DEBUG] Build[0m
[90m[🌎 Easy Localization] [DEBUG] Init Localization Delegate[0m
[90m[🌎 Easy Localization] [DEBUG] Init provider[0m
Realtime user status channel subscription failed: 'package:supabase_flutter/src/supabase.dart': Failed assertion: line 45 pos 7: '_instance._isInitialized': You must initialize the supabase instance before calling Supabase.instance
Profile provisioning failed: 'package:supabase_flutter/src/supabase.dart': Failed assertion: line 45 pos 7: '_instance._isInitialized': You must initialize the supabase instance before calling Supabase.instance
Admin role check failed: 'package:supabase_flutter/src/supabase.dart': Failed assertion: line 45 pos 7: '_instance._isInitialized': You must initialize the supabase instance before calling Supabase.instance
_refreshCurrentUserBanStatus failed: 'package:supabase_flutter/src/supabase.dart': Failed assertion: line 45 pos 7: '_instance._isInitialized': You must initialize the supabase instance before calling Supabase.instance
loadVerifiedStreamersFromBackend failed: Bad state: Backend unavailable
unhandled element <defs/>; Picture key: Svg loader
loadVerifiedStreamersFromBackend failed: Bad state: Backend unavailable
00:25 +27: C:/Users/User/.codex/worktrees/hadayah-wave4v2-integration/Streamer_app/project/test/device_session_presenter_test.dart: (tearDownAll)
00:25 +27: loading C:/Users/User/.codex/worktrees/hadayah-wave4v2-integration/Streamer_app/project/test/interactive_toast_test.dart
00:26 +27: loading C:/Users/User/.codex/worktrees/hadayah-wave4v2-integration/Streamer_app/project/test/issue_log_fixes_test.dart
00:27 +27: C:/Users/User/.codex/worktrees/hadayah-wave4v2-integration/Streamer_app/project/test/issue_log_fixes_test.dart: (setUpAll)
[90m[🌎 Easy Localization] [DEBUG] Localization initialized[0m
00:27 +27: C:/Users/User/.codex/worktrees/hadayah-wave4v2-integration/Streamer_app/project/test/issue_log_fixes_test.dart: Issue Log Fix QF-06: Multi-Device Session Conflict Management DeviceSessionConflictDialog renders device options and returns choice
[90m[🌎 Easy Localization] [DEBUG] Start[0m
[90m[🌎 Easy Localization] [DEBUG] Init state[0m
[32m[🌎 Easy Localization] [INFO] Start locale loaded en[0m
[90m[🌎 Easy Localization] [DEBUG] Build[0m
[90m[🌎 Easy Localization] [DEBUG] Init Localization Delegate[0m
[90m[🌎 Easy Localization] [DEBUG] Init provider[0m
[90m[🌎 Easy Localization] [DEBUG] Load Localization Delegate[0m
[90m[🌎 Easy Localization] [DEBUG] Build[0m
[90m[🌎 Easy Localization] [DEBUG] Init Localization Delegate[0m
[90m[🌎 Easy Localization] [DEBUG] Init provider[0m
00:28 +28: C:/Users/User/.codex/worktrees/hadayah-wave4v2-integration/Streamer_app/project/test/issue_log_fixes_test.dart: (tearDownAll)
00:28 +28: loading C:/Users/User/.codex/worktrees/hadayah-wave4v2-integration/Streamer_app/project/test/landscape_chat_input_test.dart
00:29 +28: C:/Users/User/.codex/worktrees/hadayah-wave4v2-integration/Streamer_app/project/test/landscape_chat_input_test.dart: (setUpAll)
[90m[🌎 Easy Localization] [DEBUG] Localization initialized[0m
00:29 +28: C:/Users/User/.codex/worktrees/hadayah-wave4v2-integration/Streamer_app/project/test/landscape_chat_input_test.dart: sender chat closes keyboard, preserves draft through rotation
[90m[🌎 Easy Localization] [DEBUG] Start[0m
[90m[🌎 Easy Localization] [DEBUG] Init state[0m
[32m[🌎 Easy Localization] [INFO] Start locale loaded en[0m
[90m[🌎 Easy Localization] [DEBUG] Build[0m
[90m[🌎 Easy Localization] [DEBUG] Init Localization Delegate[0m
[90m[🌎 Easy Localization] [DEBUG] Init provider[0m
[90m[🌎 Easy Localization] [DEBUG] Load Localization Delegate[0m
[90m[🌎 Easy Localization] [DEBUG] Build[0m
[90m[🌎 Easy Localization] [DEBUG] Init Localization Delegate[0m
[90m[🌎 Easy Localization] [DEBUG] Init provider[0m
00:30 +29: C:/Users/User/.codex/worktrees/hadayah-wave4v2-integration/Streamer_app/project/test/landscape_chat_input_test.dart: (tearDownAll)
00:30 +29: loading C:/Users/User/.codex/worktrees/hadayah-wave4v2-integration/Streamer_app/project/test/layout_sweep_test.dart
00:31 +29: C:/Users/User/.codex/worktrees/hadayah-wave4v2-integration/Streamer_app/project/test/layout_sweep_test.dart: (setUpAll)
[90m[🌎 Easy Localization] [DEBUG] Localization initialized[0m
00:31 +29: C:/Users/User/.codex/worktrees/hadayah-wave4v2-integration/Streamer_app/project/test/layout_sweep_test.dart: wizard individual 3 ar at all sizes and text scales
Realtime public streamer subscription failed: 'package:supabase_flutter/src/supabase.dart': Failed assertion: line 45 pos 7: '_instance._isInitialized': You must initialize the supabase instance before calling Supabase.instance
Realtime academic_categories subscription failed: 'package:supabase_flutter/src/supabase.dart': Failed assertion: line 45 pos 7: '_instance._isInitialized': You must initialize the supabase instance before calling Supabase.instance
Supabase auth listener not attached (Supabase not initialized?): 'package:supabase_flutter/src/supabase.dart': Failed assertion: line 45 pos 7: '_instance._isInitialized': You must initialize the supabase instance before calling Supabase.instance
loadVerifiedStreamersFromBackend failed: Bad state: Backend unavailable
_refreshAcademicCategories failed: Bad state: Backend unavailable
Realtime public streamer subscription failed: 'package:supabase_flutter/src/supabase.dart': Failed assertion: line 45 pos 7: '_instance._isInitialized': You must initialize the supabase instance before calling Supabase.instance
Realtime academic_categories subscription failed: 'package:supabase_flutter/src/supabase.dart': Failed assertion: line 45 pos 7: '_instance._isInitialized': You must initialize the supabase instance before calling Supabase.instance
Supabase auth listener not attached (Supabase not initialized?): 'package:supabase_flutter/src/supabase.dart': Failed assertion: line 45 pos 7: '_instance._isInitialized': You must initialize the supabase instance before calling Supabase.instance
loadVerifiedStreamersFromBackend failed: Bad state: Backend unavailable
_refreshAcademicCategories failed: Bad state: Backend unavailable
Realtime public streamer subscription failed: 'package:supabase_flutter/src/supabase.dart': Failed assertion: line 45 pos 7: '_instance._isInitialized': You must initialize the supabase instance before calling Supabase.instance
Realtime academic_categories subscription failed: 'package:supabase_flutter/src/supabase.dart': Failed assertion: line 45 pos 7: '_instance._isInitialized': You must initialize the supabase instance before calling Supabase.instance
Supabase auth listener not attached (Supabase not initialized?): 'package:supabase_flutter/src/supabase.dart': Failed assertion: line 45 pos 7: '_instance._isInitialized': You must initialize the supabase instance before calling Supabase.instance
loadVerifiedStreamersFromBackend failed: Bad state: Backend unavailable
_refreshAcademicCategories failed: Bad state: Backend unavailable
Realtime public streamer subscription failed: 'package:supabase_flutter/src/supabase.dart': Failed assertion: line 45 pos 7: '_instance._isInitialized': You must initialize the supabase instance before calling Supabase.instance
Realtime academic_categories subscription failed: 'package:supabase_flutter/src/supabase.dart': Failed assertion: line 45 pos 7: '_instance._isInitialized': You must initialize the supabase instance before calling Supabase.instance
Supabase auth listener not attached (Supabase not initialized?): 'package:supabase_flutter/src/supabase.dart': Failed assertion: line 45 pos 7: '_instance._isInitialized': You must initialize the supabase instance before calling Supabase.instance
loadVerifiedStreamersFromBackend failed: Bad state: Backend unavailable
_refreshAcademicCategories failed: Bad state: Backend unavailable
Realtime public streamer subscription failed: 'package:supabase_flutter/src/supabase.dart': Failed assertion: line 45 pos 7: '_instance._isInitialized': You must initialize the supabase instance before calling Supabase.instance
Realtime academic_categories subscription failed: 'package:supabase_flutter/src/supabase.dart': Failed assertion: line 45 pos 7: '_instance._isInitialized': You must initialize the supabase instance before calling Supabase.instance
Supabase auth listener not attached (Supabase not initialized?): 'package:supabase_flutter/src/supabase.dart': Failed assertion: line 45 pos 7: '_instance._isInitialized': You must initialize the supabase instance before calling Supabase.instance
loadVerifiedStreamersFromBackend failed: Bad state: Backend unavailable
_refreshAcademicCategories failed: Bad state: Backend unavailable
Realtime public streamer subscription failed: 'package:supabase_flutter/src/supabase.dart': Failed assertion: line 45 pos 7: '_instance._isInitialized': You must initialize the supabase instance before calling Supabase.instance
Realtime academic_categories subscription failed: 'package:supabase_flutter/src/supabase.dart': Failed assertion: line 45 pos 7: '_instance._isInitialized': You must initialize the supabase instance before calling Supabase.instance
Supabase auth listener not attached (Supabase not initialized?): 'package:supabase_flutter/src/supabase.dart': Failed assertion: line 45 pos 7: '_instance._isInitialized': You must initialize the supabase instance before calling Supabase.instance
loadVerifiedStreamersFromBackend failed: Bad state: Backend unavailable
_refreshAcademicCategories failed: Bad state: Backend unavailable
Realtime public streamer subscription failed: 'package:supabase_flutter/src/supabase.dart': Failed assertion: line 45 pos 7: '_instance._isInitialized': You must initialize the supabase instance before calling Supabase.instance
Realtime academic_categories subscription failed: 'package:supabase_flutter/src/supabase.dart': Failed assertion: line 45 pos 7: '_instance._isInitialized': You must initialize the supabase instance before calling Supabase.instance
Supabase auth listener not attached (Supabase not initialized?): 'package:supabase_flutter/src/supabase.dart': Failed assertion: line 45 pos 7: '_instance._isInitialized': You must initialize the supabase instance before calling Supabase.instance
loadVerifiedStreamersFromBackend failed: Bad state: Backend unavailable
_refreshAcademicCategories failed: Bad state: Backend unavailable
Realtime public streamer subscription failed: 'package:supabase_flutter/src/supabase.dart': Failed assertion: line 45 pos 7: '_instance._isInitialized': You must initialize the supabase instance before calling Supabase.instance
Realtime academic_categories subscription failed: 'package:supabase_flutter/src/supabase.dart': Failed assertion: line 45 pos 7: '_instance._isInitialized': You must initialize the supabase instance before calling Supabase.instance
Supabase auth listener not attached (Supabase not initialized?): 'package:supabase_flutter/src/supabase.dart': Failed assertion: line 45 pos 7: '_instance._isInitialized': You must initialize the supabase instance before calling Supabase.instance
loadVerifiedStreamersFromBackend failed: Bad state: Backend unavailable
_refreshAcademicCategories failed: Bad state: Backend unavailable
Realtime public streamer subscription failed: 'package:supabase_flutter/src/supabase.dart': Failed assertion: line 45 pos 7: '_instance._isInitialized': You must initialize the supabase instance before calling Supabase.instance
Realtime academic_categories subscription failed: 'package:supabase_flutter/src/supabase.dart': Failed assertion: line 45 pos 7: '_instance._isInitialized': You must initialize the supabase instance before calling Supabase.instance
Supabase auth listener not attached (Supabase not initialized?): 'package:supabase_flutter/src/supabase.dart': Failed assertion: line 45 pos 7: '_instance._isInitialized': You must initialize the supabase instance before calling Supabase.instance
loadVerifiedStreamersFromBackend failed: Bad state: Backend unavailable
_refreshAcademicCategories failed: Bad state: Backend unavailable
Realtime public streamer subscription failed: 'package:supabase_flutter/src/supabase.dart': Failed assertion: line 45 pos 7: '_instance._isInitialized': You must initialize the supabase instance before calling Supabase.instance
Realtime academic_categories subscription failed: 'package:supabase_flutter/src/supabase.dart': Failed assertion: line 45 pos 7: '_instance._isInitialized': You must initialize the supabase instance before calling Supabase.instance
Supabase auth listener not attached (Supabase not initialized?): 'package:supabase_flutter/src/supabase.dart': Failed assertion: line 45 pos 7: '_instance._isInitialized': You must initialize the supabase instance before calling Supabase.instance
loadVerifiedStreamersFromBackend failed: Bad state: Backend unavailable
_refreshAcademicCategories failed: Bad state: Backend unavailable
Realtime public streamer subscription failed: 'package:supabase_flutter/src/supabase.dart': Failed assertion: line 45 pos 7: '_instance._isInitialized': You must initialize the supabase instance before calling Supabase.instance
Realtime academic_categories subscription failed: 'package:supabase_flutter/src/supabase.dart': Failed assertion: line 45 pos 7: '_instance._isInitialized': You must initialize the supabase instance before calling Supabase.instance
Supabase auth listener not attached (Supabase not initialized?): 'package:supabase_flutter/src/supabase.dart': Failed assertion: line 45 pos 7: '_instance._isInitialized': You must initialize the supabase instance before calling Supabase.instance
loadVerifiedStreamersFromBackend failed: Bad state: Backend unavailable
_refreshAcademicCategories failed: Bad state: Backend unavailable
Realtime public streamer subscription failed: 'package:supabase_flutter/src/supabase.dart': Failed assertion: line 45 pos 7: '_instance._isInitialized': You must initialize the supabase instance before calling Supabase.instance
Realtime academic_categories subscription failed: 'package:supabase_flutter/src/supabase.dart': Failed assertion: line 45 pos 7: '_instance._isInitialized': You must initialize the supabase instance before calling Supabase.instance
Supabase auth listener not attached (Supabase not initialized?): 'package:supabase_flutter/src/supabase.dart': Failed assertion: line 45 pos 7: '_instance._isInitialized': You must initialize the supabase instance before calling Supabase.instance
loadVerifiedStreamersFromBackend failed: Bad state: Backend unavailable
_refreshAcademicCategories failed: Bad state: Backend unavailable
Realtime public streamer subscription failed: 'package:supabase_flutter/src/supabase.dart': Failed assertion: line 45 pos 7: '_instance._isInitialized': You must initialize the supabase instance before calling Supabase.instance
Realtime academic_categories subscription failed: 'package:supabase_flutter/src/supabase.dart': Failed assertion: line 45 pos 7: '_instance._isInitialized': You must initialize the supabase instance before calling Supabase.instance
Supabase auth listener not attached (Supabase not initialized?): 'package:supabase_flutter/src/supabase.dart': Failed assertion: line 45 pos 7: '_instance._isInitialized': You must initialize the supabase instance before calling Supabase.instance
loadVerifiedStreamersFromBackend failed: Bad state: Backend unavailable
_refreshAcademicCategories failed: Bad state: Backend unavailable
Realtime public streamer subscription failed: 'package:supabase_flutter/src/supabase.dart': Failed assertion: line 45 pos 7: '_instance._isInitialized': You must initialize the supabase instance before calling Supabase.instance
Realtime academic_categories subscription failed: 'package:supabase_flutter/src/supabase.dart': Failed assertion: line 45 pos 7: '_instance._isInitialized': You must initialize the supabase instance before calling Supabase.instance
Supabase auth listener not attached (Supabase not initialized?): 'package:supabase_flutter/src/supabase.dart': Failed assertion: line 45 pos 7: '_instance._isInitialized': You must initialize the supabase instance before calling Supabase.instance
loadVerifiedStreamersFromBackend failed: Bad state: Backend unavailable
_refreshAcademicCategories failed: Bad state: Backend unavailable
Realtime public streamer subscription failed: 'package:supabase_flutter/src/supabase.dart': Failed assertion: line 45 pos 7: '_instance._isInitialized': You must initialize the supabase instance before calling Supabase.instance
Realtime academic_categories subscription failed: 'package:supabase_flutter/src/supabase.dart': Failed assertion: line 45 pos 7: '_instance._isInitialized': You must initialize the supabase instance before calling Supabase.instance
Supabase auth listener not attached (Supabase not initialized?): 'package:supabase_flutter/src/supabase.dart': Failed assertion: line 45 pos 7: '_instance._isInitialized': You must initialize the supabase instance before calling Supabase.instance
loadVerifiedStreamersFromBackend failed: Bad state: Backend unavailable
_refreshAcademicCategories failed: Bad state: Backend unavailable
Realtime public streamer subscription failed: 'package:supabase_flutter/src/supabase.dart': Failed assertion: line 45 pos 7: '_instance._isInitialized': You must initialize the supabase instance before calling Supabase.instance
Realtime academic_categories subscription failed: 'package:supabase_flutter/src/supabase.dart': Failed assertion: line 45 pos 7: '_instance._isInitialized': You must initialize the supabase instance before calling Supabase.instance
Supabase auth listener not attached (Supabase not initialized?): 'package:supabase_flutter/src/supabase.dart': Failed assertion: line 45 pos 7: '_instance._isInitialized': You must initialize the supabase instance before calling Supabase.instance
loadVerifiedStreamersFromBackend failed: Bad state: Backend unavailable
_refreshAcademicCategories failed: Bad state: Backend unavailable
Realtime public streamer subscription failed: 'package:supabase_flutter/src/supabase.dart': Failed assertion: line 45 pos 7: '_instance._isInitialized': You must initialize the supabase instance before calling Supabase.instance
Realtime academic_categories subscription failed: 'package:supabase_flutter/src/supabase.dart': Failed assertion: line 45 pos 7: '_instance._isInitialized': You must initialize the supabase instance before calling Supabase.instance
Supabase auth listener not attached (Supabase not initialized?): 'package:supabase_flutter/src/supabase.dart': Failed assertion: line 45 pos 7: '_instance._isInitialized': You must initialize the supabase instance before calling Supabase.instance
loadVerifiedStreamersFromBackend failed: Bad state: Backend unavailable
_refreshAcademicCategories failed: Bad state: Backend unavailable
Realtime public streamer subscription failed: 'package:supabase_flutter/src/supabase.dart': Failed assertion: line 45 pos 7: '_instance._isInitialized': You must initialize the supabase instance before calling Supabase.instance
Realtime academic_categories subscription failed: 'package:supabase_flutter/src/supabase.dart': Failed assertion: line 45 pos 7: '_instance._isInitialized': You must initialize the supabase instance before calling Supabase.instance
Supabase auth listener not attached (Supabase not initialized?): 'package:supabase_flutter/src/supabase.dart': Failed assertion: line 45 pos 7: '_instance._isInitialized': You must initialize the supabase instance before calling Supabase.instance
loadVerifiedStreamersFromBackend failed: Bad state: Backend unavailable
_refreshAcademicCategories failed: Bad state: Backend unavailable
Realtime public streamer subscription failed: 'package:supabase_flutter/src/supabase.dart': Failed assertion: line 45 pos 7: '_instance._isInitialized': You must initialize the supabase instance before calling Supabase.instance
Realtime academic_categories subscription failed: 'package:supabase_flutter/src/supabase.dart': Failed assertion: line 45 pos 7: '_instance._isInitialized': You must initialize the supabase instance before calling Supabase.instance
Supabase auth listener not attached (Supabase not initialized?): 'package:supabase_flutter/src/supabase.dart': Failed assertion: line 45 pos 7: '_instance._isInitialized': You must initialize the supabase instance before calling Supabase.instance
loadVerifiedStreamersFromBackend failed: Bad state: Backend unavailable
_refreshAcademicCategories failed: Bad state: Backend unavailable
Realtime public streamer subscription failed: 'package:supabase_flutter/src/supabase.dart': Failed assertion: line 45 pos 7: '_instance._isInitialized': You must initialize the supabase instance before calling Supabase.instance
Realtime academic_categories subscription failed: 'package:supabase_flutter/src/supabase.dart': Failed assertion: line 45 pos 7: '_instance._isInitialized': You must initialize the supabase instance before calling Supabase.instance
Supabase auth listener not attached (Supabase not initialized?): 'package:supabase_flutter/src/supabase.dart': Failed assertion: line 45 pos 7: '_instance._isInitialized': You must initialize the supabase instance before calling Supabase.instance
loadVerifiedStreamersFromBackend failed: Bad state: Backend unavailable
_refreshAcademicCategories failed: Bad state: Backend unavailable
Realtime public streamer subscription failed: 'package:supabase_flutter/src/supabase.dart': Failed assertion: line 45 pos 7: '_instance._isInitialized': You must initialize the supabase instance before calling Supabase.instance
Realtime academic_categories subscription failed: 'package:supabase_flutter/src/supabase.dart': Failed assertion: line 45 pos 7: '_instance._isInitialized': You must initialize the supabase instance before calling Supabase.instance
Supabase auth listener not attached (Supabase not initialized?): 'package:supabase_flutter/src/supabase.dart': Failed assertion: line 45 pos 7: '_instance._isInitialized': You must initialize the supabase instance before calling Supabase.instance
loadVerifiedStreamersFromBackend failed: Bad state: Backend unavailable
_refreshAcademicCategories failed: Bad state: Backend unavailable
00:34 +30: C:/Users/User/.codex/worktrees/hadayah-wave4v2-integration/Streamer_app/project/test/layout_sweep_test.dart: wizard individual 4 en at all sizes and text scales
Realtime public streamer subscription failed: 'package:supabase_flutter/src/supabase.dart': Failed assertion: line 45 pos 7: '_instance._isInitialized': You must initialize the supabase instance before calling Supabase.instance
Realtime academic_categories subscription failed: 'package:supabase_flutter/src/supabase.dart': Failed assertion: line 45 pos 7: '_instance._isInitialized': You must initialize the supabase instance before calling Supabase.instance
Supabase auth listener not attached (Supabase not initialized?): 'package:supabase_flutter/src/supabase.dart': Failed assertion: line 45 pos 7: '_instance._isInitialized': You must initialize the supabase instance before calling Supabase.instance
loadVerifiedStreamersFromBackend failed: Bad state: Backend unavailable
_refreshAcademicCategories failed: Bad state: Backend unavailable
Realtime public streamer subscription failed: 'package:supabase_flutter/src/supabase.dart': Failed assertion: line 45 pos 7: '_instance._isInitialized': You must initialize the supabase instance before calling Supabase.instance
Realtime academic_categories subscription failed: 'package:supabase_flutter/src/supabase.dart': Failed assertion: line 45 pos 7: '_instance._isInitialized': You must initialize the supabase instance before calling Supabase.instance
Supabase auth listener not attached (Supabase not initialized?): 'package:supabase_flutter/src/supabase.dart': Failed assertion: line 45 pos 7: '_instance._isInitialized': You must initialize the supabase instance before calling Supabase.instance
loadVerifiedStreamersFromBackend failed: Bad state: Backend unavailable
_refreshAcademicCategories failed: Bad state: Backend unavailable
Realtime public streamer subscription failed: 'package:supabase_flutter/src/supabase.dart': Failed assertion: line 45 pos 7: '_instance._isInitialized': You must initialize the supabase instance before calling Supabase.instance
Realtime academic_categories subscription failed: 'package:supabase_flutter/src/supabase.dart': Failed assertion: line 45 pos 7: '_instance._isInitialized': You must initialize the supabase instance before calling Supabase.instance
Supabase auth listener not attached (Supabase not initialized?): 'package:supabase_flutter/src/supabase.dart': Failed assertion: line 45 pos 7: '_instance._isInitialized': You must initialize the supabase instance before calling Supabase.instance
loadVerifiedStreamersFromBackend failed: Bad state: Backend unavailable
_refreshAcademicCategories failed: Bad state: Backend unavailable
Realtime public streamer subscription failed: 'package:supabase_flutter/src/supabase.dart': Failed assertion: line 45 pos 7: '_instance._isInitialized': You must initialize the supabase instance before calling Supabase.instance
Realtime academic_categories subscription failed: 'package:supabase_flutter/src/supabase.dart': Failed assertion: line 45 pos 7: '_instance._isInitialized': You must initialize the supabase instance before calling Supabase.instance
Supabase auth listener not attached (Supabase not initialized?): 'package:supabase_flutter/src/supabase.dart': Failed assertion: line 45 pos 7: '_instance._isInitialized': You must initialize the supabase instance before calling Supabase.instance
loadVerifiedStreamersFromBackend failed: Bad state: Backend unavailable
_refreshAcademicCategories failed: Bad state: Backend unavailable
Realtime public streamer subscription failed: 'package:supabase_flutter/src/supabase.dart': Failed assertion: line 45 pos 7: '_instance._isInitialized': You must initialize the supabase instance before calling Supabase.instance
Realtime academic_categories subscription failed: 'package:supabase_flutter/src/supabase.dart': Failed assertion: line 45 pos 7: '_instance._isInitialized': You must initialize the supabase instance before calling Supabase.instance
Supabase auth listener not attached (Supabase not initialized?): 'package:supabase_flutter/src/supabase.dart': Failed assertion: line 45 pos 7: '_instance._isInitialized': You must initialize the supabase instance before calling Supabase.instance
loadVerifiedStreamersFromBackend failed: Bad state: Backend unavailable
_refreshAcademicCategories failed: Bad state: Backend unavailable
Realtime public streamer subscription failed: 'package:supabase_flutter/src/supabase.dart': Failed assertion: line 45 pos 7: '_instance._isInitialized': You must initialize the supabase instance before calling Supabase.instance
Realtime academic_categories subscription failed: 'package:supabase_flutter/src/supabase.dart': Failed assertion: line 45 pos 7: '_instance._isInitialized': You must initialize the supabase instance before calling Supabase.instance
Supabase auth listener not attached (Supabase not initialized?): 'package:supabase_flutter/src/supabase.dart': Failed assertion: line 45 pos 7: '_instance._isInitialized': You must initialize the supabase instance before calling Supabase.instance
loadVerifiedStreamersFromBackend failed: Bad state: Backend unavailable
_refreshAcademicCategories failed: Bad state: Backend unavailable
Realtime public streamer subscription failed: 'package:supabase_flutter/src/supabase.dart': Failed assertion: line 45 pos 7: '_instance._isInitialized': You must initialize the supabase instance before calling Supabase.instance
Realtime academic_categories subscription failed: 'package:supabase_flutter/src/supabase.dart': Failed assertion: line 45 pos 7: '_instance._isInitialized': You must initialize the supabase instance before calling Supabase.instance
Supabase auth listener not attached (Supabase not initialized?): 'package:supabase_flutter/src/supabase.dart': Failed assertion: line 45 pos 7: '_instance._isInitialized': You must initialize the supabase instance before calling Supabase.instance
loadVerifiedStreamersFromBackend failed: Bad state: Backend unavailable
_refreshAcademicCategories failed: Bad state: Backend unavailable
Realtime public streamer subscription failed: 'package:supabase_flutter/src/supabase.dart': Failed assertion: line 45 pos 7: '_instance._isInitialized': You must initialize the supabase instance before calling Supabase.instance
Realtime academic_categories subscription failed: 'package:supabase_flutter/src/supabase.dart': Failed assertion: line 45 pos 7: '_instance._isInitialized': You must initialize the supabase instance before calling Supabase.instance
Supabase auth listener not attached (Supabase not initialized?): 'package:supabase_flutter/src/supabase.dart': Failed assertion: line 45 pos 7: '_instance._isInitialized': You must initialize the supabase instance before calling Supabase.instance
loadVerifiedStreamersFromBackend failed: Bad state: Backend unavailable
_refreshAcademicCategories failed: Bad state: Backend unavailable
Realtime public streamer subscription failed: 'package:supabase_flutter/src/supabase.dart': Failed assertion: line 45 pos 7: '_instance._isInitialized': You must initialize the supabase instance before calling Supabase.instance
Realtime academic_categories subscription failed: 'package:supabase_flutter/src/supabase.dart': Failed assertion: line 45 pos 7: '_instance._isInitialized': You must initialize the supabase instance before calling Supabase.instance
Supabase auth listener not attached (Supabase not initialized?): 'package:supabase_flutter/src/supabase.dart': Failed assertion: line 45 pos 7: '_instance._isInitialized': You must initialize the supabase instance before calling Supabase.instance
loadVerifiedStreamersFromBackend failed: Bad state: Backend unavailable
_refreshAcademicCategories failed: Bad state: Backend unavailable
Realtime public streamer subscription failed: 'package:supabase_flutter/src/supabase.dart': Failed assertion: line 45 pos 7: '_instance._isInitialized': You must initialize the supabase instance before calling Supabase.instance
Realtime academic_categories subscription failed: 'package:supabase_flutter/src/supabase.dart': Failed assertion: line 45 pos 7: '_instance._isInitialized': You must initialize the supabase instance before calling Supabase.instance
Supabase auth listener not attached (Supabase not initialized?): 'package:supabase_flutter/src/supabase.dart': Failed assertion: line 45 pos 7: '_instance._isInitialized': You must initialize the supabase instance before calling Supabase.instance
loadVerifiedStreamersFromBackend failed: Bad state: Backend unavailable
_refreshAcademicCategories failed: Bad state: Backend unavailable
Realtime public streamer subscription failed: 'package:supabase_flutter/src/supabase.dart': Failed assertion: line 45 pos 7: '_instance._isInitialized': You must initialize the supabase instance before calling Supabase.instance
Realtime academic_categories subscription failed: 'package:supabase_flutter/src/supabase.dart': Failed assertion: line 45 pos 7: '_instance._isInitialized': You must initialize the supabase instance before calling Supabase.instance
Supabase auth listener not attached (Supabase not initialized?): 'package:supabase_flutter/src/supabase.dart': Failed assertion: line 45 pos 7: '_instance._isInitialized': You must initialize the supabase instance before calling Supabase.instance
loadVerifiedStreamersFromBackend failed: Bad state: Backend unavailable
_refreshAcademicCategories failed: Bad state: Backend unavailable
Realtime public streamer subscription failed: 'package:supabase_flutter/src/supabase.dart': Failed assertion: line 45 pos 7: '_instance._isInitialized': You must initialize the supabase instance before calling Supabase.instance
Realtime academic_categories subscription failed: 'package:supabase_flutter/src/supabase.dart': Failed assertion: line 45 pos 7: '_instance._isInitialized': You must initialize the supabase instance before calling Supabase.instance
Supabase auth listener not attached (Supabase not initialized?): 'package:supabase_flutter/src/supabase.dart': Failed assertion: line 45 pos 7: '_instance._isInitialized': You must initialize the supabase instance before calling Supabase.instance
loadVerifiedStreamersFromBackend failed: Bad state: Backend unavailable
_refreshAcademicCategories failed: Bad state: Backend unavailable
Realtime public streamer subscription failed: 'package:supabase_flutter/src/supabase.dart': Failed assertion: line 45 pos 7: '_instance._isInitialized': You must initialize the supabase instance before calling Supabase.instance
Realtime academic_categories subscription failed: 'package:supabase_flutter/src/supabase.dart': Failed assertion: line 45 pos 7: '_instance._isInitialized': You must initialize the supabase instance before calling Supabase.instance
Supabase auth listener not attached (Supabase not initialized?): 'package:supabase_flutter/src/supabase.dart': Failed assertion: line 45 pos 7: '_instance._isInitialized': You must initialize the supabase instance before calling Supabase.instance
loadVerifiedStreamersFromBackend failed: Bad state: Backend unavailable
_refreshAcademicCategories failed: Bad state: Backend unavailable
Realtime public streamer subscription failed: 'package:supabase_flutter/src/supabase.dart': Failed assertion: line 45 pos 7: '_instance._isInitialized': You must initialize the supabase instance before calling Supabase.instance
Realtime academic_categories subscription failed: 'package:supabase_flutter/src/supabase.dart': Failed assertion: line 45 pos 7: '_instance._isInitialized': You must initialize the supabase instance before calling Supabase.instance
Supabase auth listener not attached (Supabase not initialized?): 'package:supabase_flutter/src/supabase.dart': Failed assertion: line 45 pos 7: '_instance._isInitialized': You must initialize the supabase instance before calling Supabase.instance
loadVerifiedStreamersFromBackend failed: Bad state: Backend unavailable
_refreshAcademicCategories failed: Bad state: Backend unavailable
Realtime public streamer subscription failed: 'package:supabase_flutter/src/supabase.dart': Failed assertion: line 45 pos 7: '_instance._isInitialized': You must initialize the supabase instance before calling Supabase.instance
Realtime academic_categories subscription failed: 'package:supabase_flutter/src/supabase.dart': Failed assertion: line 45 pos 7: '_instance._isInitialized': You must initialize the supabase instance before calling Supabase.instance
Supabase auth listener not attached (Supabase not initialized?): 'package:supabase_flutter/src/supabase.dart': Failed assertion: line 45 pos 7: '_instance._isInitialized': You must initialize the supabase instance before calling Supabase.instance
loadVerifiedStreamersFromBackend failed: Bad state: Backend unavailable
_refreshAcademicCategories failed: Bad state: Backend unavailable
Realtime public streamer subscription failed: 'package:supabase_flutter/src/supabase.dart': Failed assertion: line 45 pos 7: '_instance._isInitialized': You must initialize the supabase instance before calling Supabase.instance
Realtime academic_categories subscription failed: 'package:supabase_flutter/src/supabase.dart': Failed assertion: line 45 pos 7: '_instance._isInitialized': You must initialize the supabase instance before calling Supabase.instance
Supabase auth listener not attached (Supabase not initialized?): 'package:supabase_flutter/src/supabase.dart': Failed assertion: line 45 pos 7: '_instance._isInitialized': You must initialize the supabase instance before calling Supabase.instance
loadVerifiedStreamersFromBackend failed: Bad state: Backend unavailable
_refreshAcademicCategories failed: Bad state: Backend unavailable
Realtime public streamer subscription failed: 'package:supabase_flutter/src/supabase.dart': Failed assertion: line 45 pos 7: '_instance._isInitialized': You must initialize the supabase instance before calling Supabase.instance
Realtime academic_categories subscription failed: 'package:supabase_flutter/src/supabase.dart': Failed assertion: line 45 pos 7: '_instance._isInitialized': You must initialize the supabase instance before calling Supabase.instance
Supabase auth listener not attached (Supabase not initialized?): 'package:supabase_flutter/src/supabase.dart': Failed assertion: line 45 pos 7: '_instance._isInitialized': You must initialize the supabase instance before calling Supabase.instance
loadVerifiedStreamersFromBackend failed: Bad state: Backend unavailable
_refreshAcademicCategories failed: Bad state: Backend unavailable
Realtime public streamer subscription failed: 'package:supabase_flutter/src/supabase.dart': Failed assertion: line 45 pos 7: '_instance._isInitialized': You must initialize the supabase instance before calling Supabase.instance
Realtime academic_categories subscription failed: 'package:supabase_flutter/src/supabase.dart': Failed assertion: line 45 pos 7: '_instance._isInitialized': You must initialize the supabase instance before calling Supabase.instance
Supabase auth listener not attached (Supabase not initialized?): 'package:supabase_flutter/src/supabase.dart': Failed assertion: line 45 pos 7: '_instance._isInitialized': You must initialize the supabase instance before calling Supabase.instance
loadVerifiedStreamersFromBackend failed: Bad state: Backend unavailable
_refreshAcademicCategories failed: Bad state: Backend unavailable
Realtime public streamer subscription failed: 'package:supabase_flutter/src/supabase.dart': Failed assertion: line 45 pos 7: '_instance._isInitialized': You must initialize the supabase instance before calling Supabase.instance
Realtime academic_categories subscription failed: 'package:supabase_flutter/src/supabase.dart': Failed assertion: line 45 pos 7: '_instance._isInitialized': You must initialize the supabase instance before calling Supabase.instance
Supabase auth listener not attached (Supabase not initialized?): 'package:supabase_flutter/src/supabase.dart': Failed assertion: line 45 pos 7: '_instance._isInitialized': You must initialize the supabase instance before calling Supabase.instance
loadVerifiedStreamersFromBackend failed: Bad state: Backend unavailable
_refreshAcademicCategories failed: Bad state: Backend unavailable
Realtime public streamer subscription failed: 'package:supabase_flutter/src/supabase.dart': Failed assertion: line 45 pos 7: '_instance._isInitialized': You must initialize the supabase instance before calling Supabase.instance
Realtime academic_categories subscription failed: 'package:supabase_flutter/src/supabase.dart': Failed assertion: line 45 pos 7: '_instance._isInitialized': You must initialize the supabase instance before calling Supabase.instance
Supabase auth listener not attached (Supabase not initialized?): 'package:supabase_flutter/src/supabase.dart': Failed assertion: line 45 pos 7: '_instance._isInitialized': You must initialize the supabase instance before calling Supabase.instance
loadVerifiedStreamersFromBackend failed: Bad state: Backend unavailable
_refreshAcademicCategories failed: Bad state: Backend unavailable
Realtime public streamer subscription failed: 'package:supabase_flutter/src/supabase.dart': Failed assertion: line 45 pos 7: '_instance._isInitialized': You must initialize the supabase instance before calling Supabase.instance
Realtime academic_categories subscription failed: 'package:supabase_flutter/src/supabase.dart': Failed assertion: line 45 pos 7: '_instance._isInitialized': You must initialize the supabase instance before calling Supabase.instance
Supabase auth listener not attached (Supabase not initialized?): 'package:supabase_flutter/src/supabase.dart': Failed assertion: line 45 pos 7: '_instance._isInitialized': You must initialize the supabase instance before calling Supabase.instance
loadVerifiedStreamersFromBackend failed: Bad state: Backend unavailable
_refreshAcademicCategories failed: Bad state: Backend unavailable
00:36 +31: C:/Users/User/.codex/worktrees/hadayah-wave4v2-integration/Streamer_app/project/test/layout_sweep_test.dart: wizard individual 4 ar at all sizes and text scales
Realtime public streamer subscription failed: 'package:supabase_flutter/src/supabase.dart': Failed assertion: line 45 pos 7: '_instance._isInitialized': You must initialize the supabase instance before calling Supabase.instance
Realtime academic_categories subscription failed: 'package:supabase_flutter/src/supabase.dart': Failed assertion: line 45 pos 7: '_instance._isInitialized': You must initialize the supabase instance before calling Supabase.instance
Supabase auth listener not attached (Supabase not initialized?): 'package:supabase_flutter/src/supabase.dart': Failed assertion: line 45 pos 7: '_instance._isInitialized': You must initialize the supabase instance before calling Supabase.instance
loadVerifiedStreamersFromBackend failed: Bad state: Backend unavailable
_refreshAcademicCategories failed: Bad state: Backend unavailable
Realtime public streamer subscription failed: 'package:supabase_flutter/src/supabase.dart': Failed assertion: line 45 pos 7: '_instance._isInitialized': You must initialize the supabase instance before calling Supabase.instance
Realtime academic_categories subscription failed: 'package:supabase_flutter/src/supabase.dart': Failed assertion: line 45 pos 7: '_instance._isInitialized': You must initialize the supabase instance before calling Supabase.instance
Supabase auth listener not attached (Supabase not initialized?): 'package:supabase_flutter/src/supabase.dart': Failed assertion: line 45 pos 7: '_instance._isInitialized': You must initialize the supabase instance before calling Supabase.instance
loadVerifiedStreamersFromBackend failed: Bad state: Backend unavailable
_refreshAcademicCategories failed: Bad state: Backend unavailable
Realtime public streamer subscription failed: 'package:supabase_flutter/src/supabase.dart': Failed assertion: line 45 pos 7: '_instance._isInitialized': You must initialize the supabase instance before calling Supabase.instance
Realtime academic_categories subscription failed: 'package:supabase_flutter/src/supabase.dart': Failed assertion: line 45 pos 7: '_instance._isInitialized': You must initialize the supabase instance before calling Supabase.instance
Supabase auth listener not attached (Supabase not initialized?): 'package:supabase_flutter/src/supabase.dart': Failed assertion: line 45 pos 7: '_instance._isInitialized': You must initialize the supabase instance before calling Supabase.instance
loadVerifiedStreamersFromBackend failed: Bad state: Backend unavailable
_refreshAcademicCategories failed: Bad state: Backend unavailable
Realtime public streamer subscription failed: 'package:supabase_flutter/src/supabase.dart': Failed assertion: line 45 pos 7: '_instance._isInitialized': You must initialize the supabase instance before calling Supabase.instance
Realtime academic_categories subscription failed: 'package:supabase_flutter/src/supabase.dart': Failed assertion: line 45 pos 7: '_instance._isInitialized': You must initialize the supabase instance before calling Supabase.instance
Supabase auth listener not attached (Supabase not initialized?): 'package:supabase_flutter/src/supabase.dart': Failed assertion: line 45 pos 7: '_instance._isInitialized': You must initialize the supabase instance before calling Supabase.instance
loadVerifiedStreamersFromBackend failed: Bad state: Backend unavailable
_refreshAcademicCategories failed: Bad state: Backend unavailable
Realtime public streamer subscription failed: 'package:supabase_flutter/src/supabase.dart': Failed assertion: line 45 pos 7: '_instance._isInitialized': You must initialize the supabase instance before calling Supabase.instance
Realtime academic_categories subscription failed: 'package:supabase_flutter/src/supabase.dart': Failed assertion: line 45 pos 7: '_instance._isInitialized': You must initialize the supabase instance before calling Supabase.instance
Supabase auth listener not attached (Supabase not initialized?): 'package:supabase_flutter/src/supabase.dart': Failed assertion: line 45 pos 7: '_instance._isInitialized': You must initialize the supabase instance before calling Supabase.instance
loadVerifiedStreamersFromBackend failed: Bad state: Backend unavailable
_refreshAcademicCategories failed: Bad state: Backend unavailable
Realtime public streamer subscription failed: 'package:supabase_flutter/src/supabase.dart': Failed assertion: line 45 pos 7: '_instance._isInitialized': You must initialize the supabase instance before calling Supabase.instance
Realtime academic_categories subscription failed: 'package:supabase_flutter/src/supabase.dart': Failed assertion: line 45 pos 7: '_instance._isInitialized': You must initialize the supabase instance before calling Supabase.instance
Supabase auth listener not attached (Supabase not initialized?): 'package:supabase_flutter/src/supabase.dart': Failed assertion: line 45 pos 7: '_instance._isInitialized': You must initialize the supabase instance before calling Supabase.instance
loadVerifiedStreamersFromBackend failed: Bad state: Backend unavailable
_refreshAcademicCategories failed: Bad state: Backend unavailable
Realtime public streamer subscription failed: 'package:supabase_flutter/src/supabase.dart': Failed assertion: line 45 pos 7: '_instance._isInitialized': You must initialize the supabase instance before calling Supabase.instance
Realtime academic_categories subscription failed: 'package:supabase_flutter/src/supabase.dart': Failed assertion: line 45 pos 7: '_instance._isInitialized': You must initialize the supabase instance before calling Supabase.instance
Supabase auth listener not attached (Supabase not initialized?): 'package:supabase_flutter/src/supabase.dart': Failed assertion: line 45 pos 7: '_instance._isInitialized': You must initialize the supabase instance before calling Supabase.instance
loadVerifiedStreamersFromBackend failed: Bad state: Backend unavailable
_refreshAcademicCategories failed: Bad state: Backend unavailable
Realtime public streamer subscription failed: 'package:supabase_flutter/src/supabase.dart': Failed assertion: line 45 pos 7: '_instance._isInitialized': You must initialize the supabase instance before calling Supabase.instance
Realtime academic_categories subscription failed: 'package:supabase_flutter/src/supabase.dart': Failed assertion: line 45 pos 7: '_instance._isInitialized': You must initialize the supabase instance before calling Supabase.instance
Supabase auth listener not attached (Supabase not initialized?): 'package:supabase_flutter/src/supabase.dart': Failed assertion: line 45 pos 7: '_instance._isInitialized': You must initialize the supabase instance before calling Supabase.instance
loadVerifiedStreamersFromBackend failed: Bad state: Backend unavailable
_refreshAcademicCategories failed: Bad state: Backend unavailable
Realtime public streamer subscription failed: 'package:supabase_flutter/src/supabase.dart': Failed assertion: line 45 pos 7: '_instance._isInitialized': You must initialize the supabase instance before calling Supabase.instance
Realtime academic_categories subscription failed: 'package:supabase_flutter/src/supabase.dart': Failed assertion: line 45 pos 7: '_instance._isInitialized': You must initialize the supabase instance before calling Supabase.instance
Supabase auth listener not attached (Supabase not initialized?): 'package:supabase_flutter/src/supabase.dart': Failed assertion: line 45 pos 7: '_instance._isInitialized': You must initialize the supabase instance before calling Supabase.instance
loadVerifiedStreamersFromBackend failed: Bad state: Backend unavailable
_refreshAcademicCategories failed: Bad state: Backend unavailable
Realtime public streamer subscription failed: 'package:supabase_flutter/src/supabase.dart': Failed assertion: line 45 pos 7: '_instance._isInitialized': You must initialize the supabase instance before calling Supabase.instance
Realtime academic_categories subscription failed: 'package:supabase_flutter/src/supabase.dart': Failed assertion: line 45 pos 7: '_instance._isInitialized': You must initialize the supabase instance before calling Supabase.instance
Supabase auth listener not attached (Supabase not initialized?): 'package:supabase_flutter/src/supabase.dart': Failed assertion: line 45 pos 7: '_instance._isInitialized': You must initialize the supabase instance before calling Supabase.instance
loadVerifiedStreamersFromBackend failed: Bad state: Backend unavailable
_refreshAcademicCategories failed: Bad state: Backend unavailable
Realtime public streamer subscription failed: 'package:supabase_flutter/src/supabase.dart': Failed assertion: line 45 pos 7: '_instance._isInitialized': You must initialize the supabase instance before calling Supabase.instance
Realtime academic_categories subscription failed: 'package:supabase_flutter/src/supabase.dart': Failed assertion: line 45 pos 7: '_instance._isInitialized': You must initialize the supabase instance before calling Supabase.instance
Supabase auth listener not attached (Supabase not initialized?): 'package:supabase_flutter/src/supabase.dart': Failed assertion: line 45 pos 7: '_instance._isInitialized': You must initialize the supabase instance before calling Supabase.instance
loadVerifiedStreamersFromBackend failed: Bad state: Backend unavailable
_refreshAcademicCategories failed: Bad state: Backend unavailable
Realtime public streamer subscription failed: 'package:supabase_flutter/src/supabase.dart': Failed assertion: line 45 pos 7: '_instance._isInitialized': You must initialize the supabase instance before calling Supabase.instance
Realtime academic_categories subscription failed: 'package:supabase_flutter/src/supabase.dart': Failed assertion: line 45 pos 7: '_instance._isInitialized': You must initialize the supabase instance before calling Supabase.instance
Supabase auth listener not attached (Supabase not initialized?): 'package:supabase_flutter/src/supabase.dart': Failed assertion: line 45 pos 7: '_instance._isInitialized': You must initialize the supabase instance before calling Supabase.instance
loadVerifiedStreamersFromBackend failed: Bad state: Backend unavailable
_refreshAcademicCategories failed: Bad state: Backend unavailable
Realtime public streamer subscription failed: 'package:supabase_flutter/src/supabase.dart': Failed assertion: line 45 pos 7: '_instance._isInitialized': You must initialize the supabase instance before calling Supabase.instance
Realtime academic_categories subscription failed: 'package:supabase_flutter/src/supabase.dart': Failed assertion: line 45 pos 7: '_instance._isInitialized': You must initialize the supabase instance before calling Supabase.instance
Supabase auth listener not attached (Supabase not initialized?): 'package:supabase_flutter/src/supabase.dart': Failed assertion: line 45 pos 7: '_instance._isInitialized': You must initialize the supabase instance before calling Supabase.instance
loadVerifiedStreamersFromBackend failed: Bad state: Backend unavailable
_refreshAcademicCategories failed: Bad state: Backend unavailable
Realtime public streamer subscription failed: 'package:supabase_flutter/src/supabase.dart': Failed assertion: line 45 pos 7: '_instance._isInitialized': You must initialize the supabase instance before calling Supabase.instance
Realtime academic_categories subscription failed: 'package:supabase_flutter/src/supabase.dart': Failed assertion: line 45 pos 7: '_instance._isInitialized': You must initialize the supabase instance before calling Supabase.instance
Supabase auth listener not attached (Supabase not initialized?): 'package:supabase_flutter/src/supabase.dart': Failed assertion: line 45 pos 7: '_instance._isInitialized': You must initialize the supabase instance before calling Supabase.instance
loadVerifiedStreamersFromBackend failed: Bad state: Backend unavailable
_refreshAcademicCategories failed: Bad state: Backend unavailable
Realtime public streamer subscription failed: 'package:supabase_flutter/src/supabase.dart': Failed assertion: line 45 pos 7: '_instance._isInitialized': You must initialize the supabase instance before calling Supabase.instance
Realtime academic_categories subscription failed: 'package:supabase_flutter/src/supabase.dart': Failed assertion: line 45 pos 7: '_instance._isInitialized': You must initialize the supabase instance before calling Supabase.instance
Supabase auth listener not attached (Supabase not initialized?): 'package:supabase_flutter/src/supabase.dart': Failed assertion: line 45 pos 7: '_instance._isInitialized': You must initialize the supabase instance before calling Supabase.instance
loadVerifiedStreamersFromBackend failed: Bad state: Backend unavailable
_refreshAcademicCategories failed: Bad state: Backend unavailable
Realtime public streamer subscription failed: 'package:supabase_flutter/src/supabase.dart': Failed assertion: line 45 pos 7: '_instance._isInitialized': You must initialize the supabase instance before calling Supabase.instance
Realtime academic_categories subscription failed: 'package:supabase_flutter/src/supabase.dart': Failed assertion: line 45 pos 7: '_instance._isInitialized': You must initialize the supabase instance before calling Supabase.instance
Supabase auth listener not attached (Supabase not initialized?): 'package:supabase_flutter/src/supabase.dart': Failed assertion: line 45 pos 7: '_instance._isInitialized': You must initialize the supabase instance before calling Supabase.instance
loadVerifiedStreamersFromBackend failed: Bad state: Backend unavailable
_refreshAcademicCategories failed: Bad state: Backend unavailable
Realtime public streamer subscription failed: 'package:supabase_flutter/src/supabase.dart': Failed assertion: line 45 pos 7: '_instance._isInitialized': You must initialize the supabase instance before calling Supabase.instance
Realtime academic_categories subscription failed: 'package:supabase_flutter/src/supabase.dart': Failed assertion: line 45 pos 7: '_instance._isInitialized': You must initialize the supabase instance before calling Supabase.instance
Supabase auth listener not attached (Supabase not initialized?): 'package:supabase_flutter/src/supabase.dart': Failed assertion: line 45 pos 7: '_instance._isInitialized': You must initialize the supabase instance before calling Supabase.instance
loadVerifiedStreamersFromBackend failed: Bad state: Backend unavailable
_refreshAcademicCategories failed: Bad state: Backend unavailable
Realtime public streamer subscription failed: 'package:supabase_flutter/src/supabase.dart': Failed assertion: line 45 pos 7: '_instance._isInitialized': You must initialize the supabase instance before calling Supabase.instance
Realtime academic_categories subscription failed: 'package:supabase_flutter/src/supabase.dart': Failed assertion: line 45 pos 7: '_instance._isInitialized': You must initialize the supabase instance before calling Supabase.instance
Supabase auth listener not attached (Supabase not initialized?): 'package:supabase_flutter/src/supabase.dart': Failed assertion: line 45 pos 7: '_instance._isInitialized': You must initialize the supabase instance before calling Supabase.instance
loadVerifiedStreamersFromBackend failed: Bad state: Backend unavailable
_refreshAcademicCategories failed: Bad state: Backend unavailable
Realtime public streamer subscription failed: 'package:supabase_flutter/src/supabase.dart': Failed assertion: line 45 pos 7: '_instance._isInitialized': You must initialize the supabase instance before calling Supabase.instance
Realtime academic_categories subscription failed: 'package:supabase_flutter/src/supabase.dart': Failed assertion: line 45 pos 7: '_instance._isInitialized': You must initialize the supabase instance before calling Supabase.instance
Supabase auth listener not attached (Supabase not initialized?): 'package:supabase_flutter/src/supabase.dart': Failed assertion: line 45 pos 7: '_instance._isInitialized': You must initialize the supabase instance before calling Supabase.instance
loadVerifiedStreamersFromBackend failed: Bad state: Backend unavailable
_refreshAcademicCategories failed: Bad state: Backend unavailable
Realtime public streamer subscription failed: 'package:supabase_flutter/src/supabase.dart': Failed assertion: line 45 pos 7: '_instance._isInitialized': You must initialize the supabase instance before calling Supabase.instance
Realtime academic_categories subscription failed: 'package:supabase_flutter/src/supabase.dart': Failed assertion: line 45 pos 7: '_instance._isInitialized': You must initialize the supabase instance before calling Supabase.instance
Supabase auth listener not attached (Supabase not initialized?): 'package:supabase_flutter/src/supabase.dart': Failed assertion: line 45 pos 7: '_instance._isInitialized': You must initialize the supabase instance before calling Supabase.instance
loadVerifiedStreamersFromBackend failed: Bad state: Backend unavailable
_refreshAcademicCategories failed: Bad state: Backend unavailable
Realtime public streamer subscription failed: 'package:supabase_flutter/src/supabase.dart': Failed assertion: line 45 pos 7: '_instance._isInitialized': You must initialize the supabase instance before calling Supabase.instance
Realtime academic_categories subscription failed: 'package:supabase_flutter/src/supabase.dart': Failed assertion: line 45 pos 7: '_instance._isInitialized': You must initialize the supabase instance before calling Supabase.instance
Supabase auth listener not attached (Supabase not initialized?): 'package:supabase_flutter/src/supabase.dart': Failed assertion: line 45 pos 7: '_instance._isInitialized': You must initialize the supabase instance before calling Supabase.instance
loadVerifiedStreamersFromBackend failed: Bad state: Backend unavailable
_refreshAcademicCategories failed: Bad state: Backend unavailable
00:38 +32: C:/Users/User/.codex/worktrees/hadayah-wave4v2-integration/Streamer_app/project/test/layout_sweep_test.dart: wizard organization 0 en at all sizes and text scales
Realtime public streamer subscription failed: 'package:supabase_flutter/src/supabase.dart': Failed assertion: line 45 pos 7: '_instance._isInitialized': You must initialize the supabase instance before calling Supabase.instance
Realtime academic_categories subscription failed: 'package:supabase_flutter/src/supabase.dart': Failed assertion: line 45 pos 7: '_instance._isInitialized': You must initialize the supabase instance before calling Supabase.instance
Supabase auth listener not attached (Supabase not initialized?): 'package:supabase_flutter/src/supabase.dart': Failed assertion: line 45 pos 7: '_instance._isInitialized': You must initialize the supabase instance before calling Supabase.instance
loadVerifiedStreamersFromBackend failed: Bad state: Backend unavailable
_refreshAcademicCategories failed: Bad state: Backend unavailable
Realtime public streamer subscription failed: 'package:supabase_flutter/src/supabase.dart': Failed assertion: line 45 pos 7: '_instance._isInitialized': You must initialize the supabase instance before calling Supabase.instance
Realtime academic_categories subscription failed: 'package:supabase_flutter/src/supabase.dart': Failed assertion: line 45 pos 7: '_instance._isInitialized': You must initialize the supabase instance before calling Supabase.instance
Supabase auth listener not attached (Supabase not initialized?): 'package:supabase_flutter/src/supabase.dart': Failed assertion: line 45 pos 7: '_instance._isInitialized': You must initialize the supabase instance before calling Supabase.instance
loadVerifiedStreamersFromBackend failed: Bad state: Backend unavailable
_refreshAcademicCategories failed: Bad state: Backend unavailable
Realtime public streamer subscription failed: 'package:supabase_flutter/src/supabase.dart': Failed assertion: line 45 pos 7: '_instance._isInitialized': You must initialize the supabase instance before calling Supabase.instance
Realtime academic_categories subscription failed: 'package:supabase_flutter/src/supabase.dart': Failed assertion: line 45 pos 7: '_instance._isInitialized': You must initialize the supabase instance before calling Supabase.instance
Supabase auth listener not attached (Supabase not initialized?): 'package:supabase_flutter/src/supabase.dart': Failed assertion: line 45 pos 7: '_instance._isInitialized': You must initialize the supabase instance before calling Supabase.instance
loadVerifiedStreamersFromBackend failed: Bad state: Backend unavailable
_refreshAcademicCategories failed: Bad state: Backend unavailable
Realtime public streamer subscription failed: 'package:supabase_flutter/src/supabase.dart': Failed assertion: line 45 pos 7: '_instance._isInitialized': You must initialize the supabase instance before calling Supabase.instance
Realtime academic_categories subscription failed: 'package:supabase_flutter/src/supabase.dart': Failed assertion: line 45 pos 7: '_instance._isInitialized': You must initialize the supabase instance before calling Supabase.instance
Supabase auth listener not attached (Supabase not initialized?): 'package:supabase_flutter/src/supabase.dart': Failed assertion: line 45 pos 7: '_instance._isInitialized': You must initialize the supabase instance before calling Supabase.instance
loadVerifiedStreamersFromBackend failed: Bad state: Backend unavailable
_refreshAcademicCategories failed: Bad state: Backend unavailable
Realtime public streamer subscription failed: 'package:supabase_flutter/src/supabase.dart': Failed assertion: line 45 pos 7: '_instance._isInitialized': You must initialize the supabase instance before calling Supabase.instance
Realtime academic_categories subscription failed: 'package:supabase_flutter/src/supabase.dart': Failed assertion: line 45 pos 7: '_instance._isInitialized': You must initialize the supabase instance before calling Supabase.instance
Supabase auth listener not attached (Supabase not initialized?): 'package:supabase_flutter/src/supabase.dart': Failed assertion: line 45 pos 7: '_instance._isInitialized': You must initialize the supabase instance before calling Supabase.instance
loadVerifiedStreamersFromBackend failed: Bad state: Backend unavailable
_refreshAcademicCategories failed: Bad state: Backend unavailable
Realtime public streamer subscription failed: 'package:supabase_flutter/src/supabase.dart': Failed assertion: line 45 pos 7: '_instance._isInitialized': You must initialize the supabase instance before calling Supabase.instance
Realtime academic_categories subscription failed: 'package:supabase_flutter/src/supabase.dart': Failed assertion: line 45 pos 7: '_instance._isInitialized': You must initialize the supabase instance before calling Supabase.instance
Supabase auth listener not attached (Supabase not initialized?): 'package:supabase_flutter/src/supabase.dart': Failed assertion: line 45 pos 7: '_instance._isInitialized': You must initialize the supabase instance before calling Supabase.instance
loadVerifiedStreamersFromBackend failed: Bad state: Backend unavailable
_refreshAcademicCategories failed: Bad state: Backend unavailable
Realtime public streamer subscription failed: 'package:supabase_flutter/src/supabase.dart': Failed assertion: line 45 pos 7: '_instance._isInitialized': You must initialize the supabase instance before calling Supabase.instance
Realtime academic_categories subscription failed: 'package:supabase_flutter/src/supabase.dart': Failed assertion: line 45 pos 7: '_instance._isInitialized': You must initialize the supabase instance before calling Supabase.instance
Supabase auth listener not attached (Supabase not initialized?): 'package:supabase_flutter/src/supabase.dart': Failed assertion: line 45 pos 7: '_instance._isInitialized': You must initialize the supabase instance before calling Supabase.instance
loadVerifiedStreamersFromBackend failed: Bad state: Backend unavailable
_refreshAcademicCategories failed: Bad state: Backend unavailable
Realtime public streamer subscription failed: 'package:supabase_flutter/src/supabase.dart': Failed assertion: line 45 pos 7: '_instance._isInitialized': You must initialize the supabase instance before calling Supabase.instance
Realtime academic_categories subscription failed: 'package:supabase_flutter/src/supabase.dart': Failed assertion: line 45 pos 7: '_instance._isInitialized': You must initialize the supabase instance before calling Supabase.instance
Supabase auth listener not attached (Supabase not initialized?): 'package:supabase_flutter/src/supabase.dart': Failed assertion: line 45 pos 7: '_instance._isInitialized': You must initialize the supabase instance before calling Supabase.instance
loadVerifiedStreamersFromBackend failed: Bad state: Backend unavailable
_refreshAcademicCategories failed: Bad state: Backend unavailable
Realtime public streamer subscription failed: 'package:supabase_flutter/src/supabase.dart': Failed assertion: line 45 pos 7: '_instance._isInitialized': You must initialize the supabase instance before calling Supabase.instance
Realtime academic_categories subscription failed: 'package:supabase_flutter/src/supabase.dart': Failed assertion: line 45 pos 7: '_instance._isInitialized': You must initialize the supabase instance before calling Supabase.instance
Supabase auth listener not attached (Supabase not initialized?): 'package:supabase_flutter/src/supabase.dart': Failed assertion: line 45 pos 7: '_instance._isInitialized': You must initialize the supabase instance before calling Supabase.instance
loadVerifiedStreamersFromBackend failed: Bad state: Backend unavailable
_refreshAcademicCategories failed: Bad state: Backend unavailable
Realtime public streamer subscription failed: 'package:supabase_flutter/src/supabase.dart': Failed assertion: line 45 pos 7: '_instance._isInitialized': You must initialize the supabase instance before calling Supabase.instance
Realtime academic_categories subscription failed: 'package:supabase_flutter/src/supabase.dart': Failed assertion: line 45 pos 7: '_instance._isInitialized': You must initialize the supabase instance before calling Supabase.instance
Supabase auth listener not attached (Supabase not initialized?): 'package:supabase_flutter/src/supabase.dart': Failed assertion: line 45 pos 7: '_instance._isInitialized': You must initialize the supabase instance before calling Supabase.instance
loadVerifiedStreamersFromBackend failed: Bad state: Backend unavailable
_refreshAcademicCategories failed: Bad state: Backend unavailable
Realtime public streamer subscription failed: 'package:supabase_flutter/src/supabase.dart': Failed assertion: line 45 pos 7: '_instance._isInitialized': You must initialize the supabase instance before calling Supabase.instance
Realtime academic_categories subscription failed: 'package:supabase_flutter/src/supabase.dart': Failed assertion: line 45 pos 7: '_instance._isInitialized': You must initialize the supabase instance before calling Supabase.instance
Supabase auth listener not attached (Supabase not initialized?): 'package:supabase_flutter/src/supabase.dart': Failed assertion: line 45 pos 7: '_instance._isInitialized': You must initialize the supabase instance before calling Supabase.instance
loadVerifiedStreamersFromBackend failed: Bad state: Backend unavailable
_refreshAcademicCategories failed: Bad state: Backend unavailable
Realtime public streamer subscription failed: 'package:supabase_flutter/src/supabase.dart': Failed assertion: line 45 pos 7: '_instance._isInitialized': You must initialize the supabase instance before calling Supabase.instance
Realtime academic_categories subscription failed: 'package:supabase_flutter/src/supabase.dart': Failed assertion: line 45 pos 7: '_instance._isInitialized': You must initialize the supabase instance before calling Supabase.instance
Supabase auth listener not attached (Supabase not initialized?): 'package:supabase_flutter/src/supabase.dart': Failed assertion: line 45 pos 7: '_instance._isInitialized': You must initialize the supabase instance before calling Supabase.instance
loadVerifiedStreamersFromBackend failed: Bad state: Backend unavailable
_refreshAcademicCategories failed: Bad state: Backend unavailable
Realtime public streamer subscription failed: 'package:supabase_flutter/src/supabase.dart': Failed assertion: line 45 pos 7: '_instance._isInitialized': You must initialize the supabase instance before calling Supabase.instance
Realtime academic_categories subscription failed: 'package:supabase_flutter/src/supabase.dart': Failed assertion: line 45 pos 7: '_instance._isInitialized': You must initialize the supabase instance before calling Supabase.instance
Supabase auth listener not attached (Supabase not initialized?): 'package:supabase_flutter/src/supabase.dart': Failed assertion: line 45 pos 7: '_instance._isInitialized': You must initialize the supabase instance before calling Supabase.instance
loadVerifiedStreamersFromBackend failed: Bad state: Backend unavailable
_refreshAcademicCategories failed: Bad state: Backend unavailable
Realtime public streamer subscription failed: 'package:supabase_flutter/src/supabase.dart': Failed assertion: line 45 pos 7: '_instance._isInitialized': You must initialize the supabase instance before calling Supabase.instance
Realtime academic_categories subscription failed: 'package:supabase_flutter/src/supabase.dart': Failed assertion: line 45 pos 7: '_instance._isInitialized': You must initialize the supabase instance before calling Supabase.instance
Supabase auth listener not attached (Supabase not initialized?): 'package:supabase_flutter/src/supabase.dart': Failed assertion: line 45 pos 7: '_instance._isInitialized': You must initialize the supabase instance before calling Supabase.instance
loadVerifiedStreamersFromBackend failed: Bad state: Backend unavailable
_refreshAcademicCategories failed: Bad state: Backend unavailable
Realtime public streamer subscription failed: 'package:supabase_flutter/src/supabase.dart': Failed assertion: line 45 pos 7: '_instance._isInitialized': You must initialize the supabase instance before calling Supabase.instance
Realtime academic_categories subscription failed: 'package:supabase_flutter/src/supabase.dart': Failed assertion: line 45 pos 7: '_instance._isInitialized': You must initialize the supabase instance before calling Supabase.instance
Supabase auth listener not attached (Supabase not initialized?): 'package:supabase_flutter/src/supabase.dart': Failed assertion: line 45 pos 7: '_instance._isInitialized': You must initialize the supabase instance before calling Supabase.instance
loadVerifiedStreamersFromBackend failed: Bad state: Backend unavailable
_refreshAcademicCategories failed: Bad state: Backend unavailable
Realtime public streamer subscription failed: 'package:supabase_flutter/src/supabase.dart': Failed assertion: line 45 pos 7: '_instance._isInitialized': You must initialize the supabase instance before calling Supabase.instance
Realtime academic_categories subscription failed: 'package:supabase_flutter/src/supabase.dart': Failed assertion: line 45 pos 7: '_instance._isInitialized': You must initialize the supabase instance before calling Supabase.instance
Supabase auth listener not attached (Supabase not initialized?): 'package:supabase_flutter/src/supabase.dart': Failed assertion: line 45 pos 7: '_instance._isInitialized': You must initialize the supabase instance before calling Supabase.instance
loadVerifiedStreamersFromBackend failed: Bad state: Backend unavailable
_refreshAcademicCategories failed: Bad state: Backend unavailable
Realtime public streamer subscription failed: 'package:supabase_flutter/src/supabase.dart': Failed assertion: line 45 pos 7: '_instance._isInitialized': You must initialize the supabase instance before calling Supabase.instance
Realtime academic_categories subscription failed: 'package:supabase_flutter/src/supabase.dart': Failed assertion: line 45 pos 7: '_instance._isInitialized': You must initialize the supabase instance before calling Supabase.instance
Supabase auth listener not attached (Supabase not initialized?): 'package:supabase_flutter/src/supabase.dart': Failed assertion: line 45 pos 7: '_instance._isInitialized': You must initialize the supabase instance before calling Supabase.instance
loadVerifiedStreamersFromBackend failed: Bad state: Backend unavailable
_refreshAcademicCategories failed: Bad state: Backend unavailable
Realtime public streamer subscription failed: 'package:supabase_flutter/src/supabase.dart': Failed assertion: line 45 pos 7: '_instance._isInitialized': You must initialize the supabase instance before calling Supabase.instance
Realtime academic_categories subscription failed: 'package:supabase_flutter/src/supabase.dart': Failed assertion: line 45 pos 7: '_instance._isInitialized': You must initialize the supabase instance before calling Supabase.instance
Supabase auth listener not attached (Supabase not initialized?): 'package:supabase_flutter/src/supabase.dart': Failed assertion: line 45 pos 7: '_instance._isInitialized': You must initialize the supabase instance before calling Supabase.instance
loadVerifiedStreamersFromBackend failed: Bad state: Backend unavailable
_refreshAcademicCategories failed: Bad state: Backend unavailable
Realtime public streamer subscription failed: 'package:supabase_flutter/src/supabase.dart': Failed assertion: line 45 pos 7: '_instance._isInitialized': You must initialize the supabase instance before calling Supabase.instance
Realtime academic_categories subscription failed: 'package:supabase_flutter/src/supabase.dart': Failed assertion: line 45 pos 7: '_instance._isInitialized': You must initialize the supabase instance before calling Supabase.instance
Supabase auth listener not attached (Supabase not initialized?): 'package:supabase_flutter/src/supabase.dart': Failed assertion: line 45 pos 7: '_instance._isInitialized': You must initialize the supabase instance before calling Supabase.instance
loadVerifiedStreamersFromBackend failed: Bad state: Backend unavailable
_refreshAcademicCategories failed: Bad state: Backend unavailable
Realtime public streamer subscription failed: 'package:supabase_flutter/src/supabase.dart': Failed assertion: line 45 pos 7: '_instance._isInitialized': You must initialize the supabase instance before calling Supabase.instance
Realtime academic_categories subscription failed: 'package:supabase_flutter/src/supabase.dart': Failed assertion: line 45 pos 7: '_instance._isInitialized': You must initialize the supabase instance before calling Supabase.instance
Supabase auth listener not attached (Supabase not initialized?): 'package:supabase_flutter/src/supabase.dart': Failed assertion: line 45 pos 7: '_instance._isInitialized': You must initialize the supabase instance before calling Supabase.instance
loadVerifiedStreamersFromBackend failed: Bad state: Backend unavailable
_refreshAcademicCategories failed: Bad state: Backend unavailable
Realtime public streamer subscription failed: 'package:supabase_flutter/src/supabase.dart': Failed assertion: line 45 pos 7: '_instance._isInitialized': You must initialize the supabase instance before calling Supabase.instance
Realtime academic_categories subscription failed: 'package:supabase_flutter/src/supabase.dart': Failed assertion: line 45 pos 7: '_instance._isInitialized': You must initialize the supabase instance before calling Supabase.instance
Supabase auth listener not attached (Supabase not initialized?): 'package:supabase_flutter/src/supabase.dart': Failed assertion: line 45 pos 7: '_instance._isInitialized': You must initialize the supabase instance before calling Supabase.instance
loadVerifiedStreamersFromBackend failed: Bad state: Backend unavailable
_refreshAcademicCategories failed: Bad state: Backend unavailable
00:42 +33: C:/Users/User/.codex/worktrees/hadayah-wave4v2-integration/Streamer_app/project/test/layout_sweep_test.dart: wizard organization 0 ar at all sizes and text scales
Realtime public streamer subscription failed: 'package:supabase_flutter/src/supabase.dart': Failed assertion: line 45 pos 7: '_instance._isInitialized': You must initialize the supabase instance before calling Supabase.instance
Realtime academic_categories subscription failed: 'package:supabase_flutter/src/supabase.dart': Failed assertion: line 45 pos 7: '_instance._isInitialized': You must initialize the supabase instance before calling Supabase.instance
Supabase auth listener not attached (Supabase not initialized?): 'package:supabase_flutter/src/supabase.dart': Failed assertion: line 45 pos 7: '_instance._isInitialized': You must initialize the supabase instance before calling Supabase.instance
loadVerifiedStreamersFromBackend failed: Bad state: Backend unavailable
_refreshAcademicCategories failed: Bad state: Backend unavailable
Realtime public streamer subscription failed: 'package:supabase_flutter/src/supabase.dart': Failed assertion: line 45 pos 7: '_instance._isInitialized': You must initialize the supabase instance before calling Supabase.instance
Realtime academic_categories subscription failed: 'package:supabase_flutter/src/supabase.dart': Failed assertion: line 45 pos 7: '_instance._isInitialized': You must initialize the supabase instance before calling Supabase.instance
Supabase auth listener not attached (Supabase not initialized?): 'package:supabase_flutter/src/supabase.dart': Failed assertion: line 45 pos 7: '_instance._isInitialized': You must initialize the supabase instance before calling Supabase.instance
loadVerifiedStreamersFromBackend failed: Bad state: Backend unavailable
_refreshAcademicCategories failed: Bad state: Backend unavailable
Realtime public streamer subscription failed: 'package:supabase_flutter/src/supabase.dart': Failed assertion: line 45 pos 7: '_instance._isInitialized': You must initialize the supabase instance before calling Supabase.instance
Realtime academic_categories subscription failed: 'package:supabase_flutter/src/supabase.dart': Failed assertion: line 45 pos 7: '_instance._isInitialized': You must initialize the supabase instance before calling Supabase.instance
Supabase auth listener not attached (Supabase not initialized?): 'package:supabase_flutter/src/supabase.dart': Failed assertion: line 45 pos 7: '_instance._isInitialized': You must initialize the supabase instance before calling Supabase.instance
loadVerifiedStreamersFromBackend failed: Bad state: Backend unavailable
_refreshAcademicCategories failed: Bad state: Backend unavailable
Realtime public streamer subscription failed: 'package:supabase_flutter/src/supabase.dart': Failed assertion: line 45 pos 7: '_instance._isInitialized': You must initialize the supabase instance before calling Supabase.instance
Realtime academic_categories subscription failed: 'package:supabase_flutter/src/supabase.dart': Failed assertion: line 45 pos 7: '_instance._isInitialized': You must initialize the supabase instance before calling Supabase.instance
Supabase auth listener not attached (Supabase not initialized?): 'package:supabase_flutter/src/supabase.dart': Failed assertion: line 45 pos 7: '_instance._isInitialized': You must initialize the supabase instance before calling Supabase.instance
loadVerifiedStreamersFromBackend failed: Bad state: Backend unavailable
_refreshAcademicCategories failed: Bad state: Backend unavailable
Realtime public streamer subscription failed: 'package:supabase_flutter/src/supabase.dart': Failed assertion: line 45 pos 7: '_instance._isInitialized': You must initialize the supabase instance before calling Supabase.instance
Realtime academic_categories subscription failed: 'package:supabase_flutter/src/supabase.dart': Failed assertion: line 45 pos 7: '_instance._isInitialized': You must initialize the supabase instance before calling Supabase.instance
Supabase auth listener not attached (Supabase not initialized?): 'package:supabase_flutter/src/supabase.dart': Failed assertion: line 45 pos 7: '_instance._isInitialized': You must initialize the supabase instance before calling Supabase.instance
loadVerifiedStreamersFromBackend failed: Bad state: Backend unavailable
_refreshAcademicCategories failed: Bad state: Backend unavailable
Realtime public streamer subscription failed: 'package:supabase_flutter/src/supabase.dart': Failed assertion: line 45 pos 7: '_instance._isInitialized': You must initialize the supabase instance before calling Supabase.instance
Realtime academic_categories subscription failed: 'package:supabase_flutter/src/supabase.dart': Failed assertion: line 45 pos 7: '_instance._isInitialized': You must initialize the supabase instance before calling Supabase.instance
Supabase auth listener not attached (Supabase not initialized?): 'package:supabase_flutter/src/supabase.dart': Failed assertion: line 45 pos 7: '_instance._isInitialized': You must initialize the supabase instance before calling Supabase.instance
loadVerifiedStreamersFromBackend failed: Bad state: Backend unavailable
_refreshAcademicCategories failed: Bad state: Backend unavailable
Realtime public streamer subscription failed: 'package:supabase_flutter/src/supabase.dart': Failed assertion: line 45 pos 7: '_instance._isInitialized': You must initialize the supabase instance before calling Supabase.instance
Realtime academic_categories subscription failed: 'package:supabase_flutter/src/supabase.dart': Failed assertion: line 45 pos 7: '_instance._isInitialized': You must initialize the supabase instance before calling Supabase.instance
Supabase auth listener not attached (Supabase not initialized?): 'package:supabase_flutter/src/supabase.dart': Failed assertion: line 45 pos 7: '_instance._isInitialized': You must initialize the supabase instance before calling Supabase.instance
loadVerifiedStreamersFromBackend failed: Bad state: Backend unavailable
_refreshAcademicCategories failed: Bad state: Backend unavailable
Realtime public streamer subscription failed: 'package:supabase_flutter/src/supabase.dart': Failed assertion: line 45 pos 7: '_instance._isInitialized': You must initialize the supabase instance before calling Supabase.instance
Realtime academic_categories subscription failed: 'package:supabase_flutter/src/supabase.dart': Failed assertion: line 45 pos 7: '_instance._isInitialized': You must initialize the supabase instance before calling Supabase.instance
Supabase auth listener not attached (Supabase not initialized?): 'package:supabase_flutter/src/supabase.dart': Failed assertion: line 45 pos 7: '_instance._isInitialized': You must initialize the supabase instance before calling Supabase.instance
loadVerifiedStreamersFromBackend failed: Bad state: Backend unavailable
_refreshAcademicCategories failed: Bad state: Backend unavailable
Realtime public streamer subscription failed: 'package:supabase_flutter/src/supabase.dart': Failed assertion: line 45 pos 7: '_instance._isInitialized': You must initialize the supabase instance before calling Supabase.instance
Realtime academic_categories subscription failed: 'package:supabase_flutter/src/supabase.dart': Failed assertion: line 45 pos 7: '_instance._isInitialized': You must initialize the supabase instance before calling Supabase.instance
Supabase auth listener not attached (Supabase not initialized?): 'package:supabase_flutter/src/supabase.dart': Failed assertion: line 45 pos 7: '_instance._isInitialized': You must initialize the supabase instance before calling Supabase.instance
loadVerifiedStreamersFromBackend failed: Bad state: Backend unavailable
_refreshAcademicCategories failed: Bad state: Backend unavailable
Realtime public streamer subscription failed: 'package:supabase_flutter/src/supabase.dart': Failed assertion: line 45 pos 7: '_instance._isInitialized': You must initialize the supabase instance before calling Supabase.instance
Realtime academic_categories subscription failed: 'package:supabase_flutter/src/supabase.dart': Failed assertion: line 45 pos 7: '_instance._isInitialized': You must initialize the supabase instance before calling Supabase.instance
Supabase auth listener not attached (Supabase not initialized?): 'package:supabase_flutter/src/supabase.dart': Failed assertion: line 45 pos 7: '_instance._isInitialized': You must initialize the supabase instance before calling Supabase.instance
loadVerifiedStreamersFromBackend failed: Bad state: Backend unavailable
_refreshAcademicCategories failed: Bad state: Backend unavailable
Realtime public streamer subscription failed: 'package:supabase_flutter/src/supabase.dart': Failed assertion: line 45 pos 7: '_instance._isInitialized': You must initialize the supabase instance before calling Supabase.instance
Realtime academic_categories subscription failed: 'package:supabase_flutter/src/supabase.dart': Failed assertion: line 45 pos 7: '_instance._isInitialized': You must initialize the supabase instance before calling Supabase.instance
Supabase auth listener not attached (Supabase not initialized?): 'package:supabase_flutter/src/supabase.dart': Failed assertion: line 45 pos 7: '_instance._isInitialized': You must initialize the supabase instance before calling Supabase.instance
loadVerifiedStreamersFromBackend failed: Bad state: Backend unavailable
_refreshAcademicCategories failed: Bad state: Backend unavailable
Realtime public streamer subscription failed: 'package:supabase_flutter/src/supabase.dart': Failed assertion: line 45 pos 7: '_instance._isInitialized': You must initialize the supabase instance before calling Supabase.instance
Realtime academic_categories subscription failed: 'package:supabase_flutter/src/supabase.dart': Failed assertion: line 45 pos 7: '_instance._isInitialized': You must initialize the supabase instance before calling Supabase.instance
Supabase auth listener not attached (Supabase not initialized?): 'package:supabase_flutter/src/supabase.dart': Failed assertion: line 45 pos 7: '_instance._isInitialized': You must initialize the supabase instance before calling Supabase.instance
loadVerifiedStreamersFromBackend failed: Bad state: Backend unavailable
_refreshAcademicCategories failed: Bad state: Backend unavailable
Realtime public streamer subscription failed: 'package:supabase_flutter/src/supabase.dart': Failed assertion: line 45 pos 7: '_instance._isInitialized': You must initialize the supabase instance before calling Supabase.instance
Realtime academic_categories subscription failed: 'package:supabase_flutter/src/supabase.dart': Failed assertion: line 45 pos 7: '_instance._isInitialized': You must initialize the supabase instance before calling Supabase.instance
Supabase auth listener not attached (Supabase not initialized?): 'package:supabase_flutter/src/supabase.dart': Failed assertion: line 45 pos 7: '_instance._isInitialized': You must initialize the supabase instance before calling Supabase.instance
loadVerifiedStreamersFromBackend failed: Bad state: Backend unavailable
_refreshAcademicCategories failed: Bad state: Backend unavailable
Realtime public streamer subscription failed: 'package:supabase_flutter/src/supabase.dart': Failed assertion: line 45 pos 7: '_instance._isInitialized': You must initialize the supabase instance before calling Supabase.instance
Realtime academic_categories subscription failed: 'package:supabase_flutter/src/supabase.dart': Failed assertion: line 45 pos 7: '_instance._isInitialized': You must initialize the supabase instance before calling Supabase.instance
Supabase auth listener not attached (Supabase not initialized?): 'package:supabase_flutter/src/supabase.dart': Failed assertion: line 45 pos 7: '_instance._isInitialized': You must initialize the supabase instance before calling Supabase.instance
loadVerifiedStreamersFromBackend failed: Bad state: Backend unavailable
_refreshAcademicCategories failed: Bad state: Backend unavailable
Realtime public streamer subscription failed: 'package:supabase_flutter/src/supabase.dart': Failed assertion: line 45 pos 7: '_instance._isInitialized': You must initialize the supabase instance before calling Supabase.instance
Realtime academic_categories subscription failed: 'package:supabase_flutter/src/supabase.dart': Failed assertion: line 45 pos 7: '_instance._isInitialized': You must initialize the supabase instance before calling Supabase.instance
Supabase auth listener not attached (Supabase not initialized?): 'package:supabase_flutter/src/supabase.dart': Failed assertion: line 45 pos 7: '_instance._isInitialized': You must initialize the supabase instance before calling Supabase.instance
loadVerifiedStreamersFromBackend failed: Bad state: Backend unavailable
_refreshAcademicCategories failed: Bad state: Backend unavailable
Realtime public streamer subscription failed: 'package:supabase_flutter/src/supabase.dart': Failed assertion: line 45 pos 7: '_instance._isInitialized': You must initialize the supabase instance before calling Supabase.instance
Realtime academic_categories subscription failed: 'package:supabase_flutter/src/supabase.dart': Failed assertion: line 45 pos 7: '_instance._isInitialized': You must initialize the supabase instance before calling Supabase.instance
Supabase auth listener not attached (Supabase not initialized?): 'package:supabase_flutter/src/supabase.dart': Failed assertion: line 45 pos 7: '_instance._isInitialized': You must initialize the supabase instance before calling Supabase.instance
loadVerifiedStreamersFromBackend failed: Bad state: Backend unavailable
_refreshAcademicCategories failed: Bad state: Backend unavailable
Realtime public streamer subscription failed: 'package:supabase_flutter/src/supabase.dart': Failed assertion: line 45 pos 7: '_instance._isInitialized': You must initialize the supabase instance before calling Supabase.instance
Realtime academic_categories subscription failed: 'package:supabase_flutter/src/supabase.dart': Failed assertion: line 45 pos 7: '_instance._isInitialized': You must initialize the supabase instance before calling Supabase.instance
Supabase auth listener not attached (Supabase not initialized?): 'package:supabase_flutter/src/supabase.dart': Failed assertion: line 45 pos 7: '_instance._isInitialized': You must initialize the supabase instance before calling Supabase.instance
loadVerifiedStreamersFromBackend failed: Bad state: Backend unavailable
_refreshAcademicCategories failed: Bad state: Backend unavailable
Realtime public streamer subscription failed: 'package:supabase_flutter/src/supabase.dart': Failed assertion: line 45 pos 7: '_instance._isInitialized': You must initialize the supabase instance before calling Supabase.instance
Realtime academic_categories subscription failed: 'package:supabase_flutter/src/supabase.dart': Failed assertion: line 45 pos 7: '_instance._isInitialized': You must initialize the supabase instance before calling Supabase.instance
Supabase auth listener not attached (Supabase not initialized?): 'package:supabase_flutter/src/supabase.dart': Failed assertion: line 45 pos 7: '_instance._isInitialized': You must initialize the supabase instance before calling Supabase.instance
loadVerifiedStreamersFromBackend failed: Bad state: Backend unavailable
_refreshAcademicCategories failed: Bad state: Backend unavailable
Realtime public streamer subscription failed: 'package:supabase_flutter/src/supabase.dart': Failed assertion: line 45 pos 7: '_instance._isInitialized': You must initialize the supabase instance before calling Supabase.instance
Realtime academic_categories subscription failed: 'package:supabase_flutter/src/supabase.dart': Failed assertion: line 45 pos 7: '_instance._isInitialized': You must initialize the supabase instance before calling Supabase.instance
Supabase auth listener not attached (Supabase not initialized?): 'package:supabase_flutter/src/supabase.dart': Failed assertion: line 45 pos 7: '_instance._isInitialized': You must initialize the supabase instance before calling Supabase.instance
loadVerifiedStreamersFromBackend failed: Bad state: Backend unavailable
_refreshAcademicCategories failed: Bad state: Backend unavailable
Realtime public streamer subscription failed: 'package:supabase_flutter/src/supabase.dart': Failed assertion: line 45 pos 7: '_instance._isInitialized': You must initialize the supabase instance before calling Supabase.instance
Realtime academic_categories subscription failed: 'package:supabase_flutter/src/supabase.dart': Failed assertion: line 45 pos 7: '_instance._isInitialized': You must initialize the supabase instance before calling Supabase.instance
Supabase auth listener not attached (Supabase not initialized?): 'package:supabase_flutter/src/supabase.dart': Failed assertion: line 45 pos 7: '_instance._isInitialized': You must initialize the supabase instance before calling Supabase.instance
loadVerifiedStreamersFromBackend failed: Bad state: Backend unavailable
_refreshAcademicCategories failed: Bad state: Backend unavailable
Realtime public streamer subscription failed: 'package:supabase_flutter/src/supabase.dart': Failed assertion: line 45 pos 7: '_instance._isInitialized': You must initialize the supabase instance before calling Supabase.instance
Realtime academic_categories subscription failed: 'package:supabase_flutter/src/supabase.dart': Failed assertion: line 45 pos 7: '_instance._isInitialized': You must initialize the supabase instance before calling Supabase.instance
Supabase auth listener not attached (Supabase not initialized?): 'package:supabase_flutter/src/supabase.dart': Failed assertion: line 45 pos 7: '_instance._isInitialized': You must initialize the supabase instance before calling Supabase.instance
loadVerifiedStreamersFromBackend failed: Bad state: Backend unavailable
_refreshAcademicCategories failed: Bad state: Backend unavailable
00:45 +34: C:/Users/User/.codex/worktrees/hadayah-wave4v2-integration/Streamer_app/project/test/layout_sweep_test.dart: wizard organization 1 en at all sizes and text scales
Realtime public streamer subscription failed: 'package:supabase_flutter/src/supabase.dart': Failed assertion: line 45 pos 7: '_instance._isInitialized': You must initialize the supabase instance before calling Supabase.instance
Realtime academic_categories subscription failed: 'package:supabase_flutter/src/supabase.dart': Failed assertion: line 45 pos 7: '_instance._isInitialized': You must initialize the supabase instance before calling Supabase.instance
Supabase auth listener not attached (Supabase not initialized?): 'package:supabase_flutter/src/supabase.dart': Failed assertion: line 45 pos 7: '_instance._isInitialized': You must initialize the supabase instance before calling Supabase.instance
loadVerifiedStreamersFromBackend failed: Bad state: Backend unavailable
_refreshAcademicCategories failed: Bad state: Backend unavailable
Realtime public streamer subscription failed: 'package:supabase_flutter/src/supabase.dart': Failed assertion: line 45 pos 7: '_instance._isInitialized': You must initialize the supabase instance before calling Supabase.instance
Realtime academic_categories subscription failed: 'package:supabase_flutter/src/supabase.dart': Failed assertion: line 45 pos 7: '_instance._isInitialized': You must initialize the supabase instance before calling Supabase.instance
Supabase auth listener not attached (Supabase not initialized?): 'package:supabase_flutter/src/supabase.dart': Failed assertion: line 45 pos 7: '_instance._isInitialized': You must initialize the supabase instance before calling Supabase.instance
loadVerifiedStreamersFromBackend failed: Bad state: Backend unavailable
_refreshAcademicCategories failed: Bad state: Backend unavailable
Realtime public streamer subscription failed: 'package:supabase_flutter/src/supabase.dart': Failed assertion: line 45 pos 7: '_instance._isInitialized': You must initialize the supabase instance before calling Supabase.instance
Realtime academic_categories subscription failed: 'package:supabase_flutter/src/supabase.dart': Failed assertion: line 45 pos 7: '_instance._isInitialized': You must initialize the supabase instance before calling Supabase.instance
Supabase auth listener not attached (Supabase not initialized?): 'package:supabase_flutter/src/supabase.dart': Failed assertion: line 45 pos 7: '_instance._isInitialized': You must initialize the supabase instance before calling Supabase.instance
loadVerifiedStreamersFromBackend failed: Bad state: Backend unavailable
_refreshAcademicCategories failed: Bad state: Backend unavailable
Realtime public streamer subscription failed: 'package:supabase_flutter/src/supabase.dart': Failed assertion: line 45 pos 7: '_instance._isInitialized': You must initialize the supabase instance before calling Supabase.instance
Realtime academic_categories subscription failed: 'package:supabase_flutter/src/supabase.dart': Failed assertion: line 45 pos 7: '_instance._isInitialized': You must initialize the supabase instance before calling Supabase.instance
Supabase auth listener not attached (Supabase not initialized?): 'package:supabase_flutter/src/supabase.dart': Failed assertion: line 45 pos 7: '_instance._isInitialized': You must initialize the supabase instance before calling Supabase.instance
loadVerifiedStreamersFromBackend failed: Bad state: Backend unavailable
_refreshAcademicCategories failed: Bad state: Backend unavailable
Realtime public streamer subscription failed: 'package:supabase_flutter/src/supabase.dart': Failed assertion: line 45 pos 7: '_instance._isInitialized': You must initialize the supabase instance before calling Supabase.instance
Realtime academic_categories subscription failed: 'package:supabase_flutter/src/supabase.dart': Failed assertion: line 45 pos 7: '_instance._isInitialized': You must initialize the supabase instance before calling Supabase.instance
Supabase auth listener not attached (Supabase not initialized?): 'package:supabase_flutter/src/supabase.dart': Failed assertion: line 45 pos 7: '_instance._isInitialized': You must initialize the supabase instance before calling Supabase.instance
loadVerifiedStreamersFromBackend failed: Bad state: Backend unavailable
_refreshAcademicCategories failed: Bad state: Backend unavailable
Realtime public streamer subscription failed: 'package:supabase_flutter/src/supabase.dart': Failed assertion: line 45 pos 7: '_instance._isInitialized': You must initialize the supabase instance before calling Supabase.instance
Realtime academic_categories subscription failed: 'package:supabase_flutter/src/supabase.dart': Failed assertion: line 45 pos 7: '_instance._isInitialized': You must initialize the supabase instance before calling Supabase.instance
Supabase auth listener not attached (Supabase not initialized?): 'package:supabase_flutter/src/supabase.dart': Failed assertion: line 45 pos 7: '_instance._isInitialized': You must initialize the supabase instance before calling Supabase.instance
loadVerifiedStreamersFromBackend failed: Bad state: Backend unavailable
_refreshAcademicCategories failed: Bad state: Backend unavailable
Realtime public streamer subscription failed: 'package:supabase_flutter/src/supabase.dart': Failed assertion: line 45 pos 7: '_instance._isInitialized': You must initialize the supabase instance before calling Supabase.instance
Realtime academic_categories subscription failed: 'package:supabase_flutter/src/supabase.dart': Failed assertion: line 45 pos 7: '_instance._isInitialized': You must initialize the supabase instance before calling Supabase.instance
Supabase auth listener not attached (Supabase not initialized?): 'package:supabase_flutter/src/supabase.dart': Failed assertion: line 45 pos 7: '_instance._isInitialized': You must initialize the supabase instance before calling Supabase.instance
loadVerifiedStreamersFromBackend failed: Bad state: Backend unavailable
_refreshAcademicCategories failed: Bad state: Backend unavailable
Realtime public streamer subscription failed: 'package:supabase_flutter/src/supabase.dart': Failed assertion: line 45 pos 7: '_instance._isInitialized': You must initialize the supabase instance before calling Supabase.instance
Realtime academic_categories subscription failed: 'package:supabase_flutter/src/supabase.dart': Failed assertion: line 45 pos 7: '_instance._isInitialized': You must initialize the supabase instance before calling Supabase.instance
Supabase auth listener not attached (Supabase not initialized?): 'package:supabase_flutter/src/supabase.dart': Failed assertion: line 45 pos 7: '_instance._isInitialized': You must initialize the supabase instance before calling Supabase.instance
loadVerifiedStreamersFromBackend failed: Bad state: Backend unavailable
_refreshAcademicCategories failed: Bad state: Backend unavailable
Realtime public streamer subscription failed: 'package:supabase_flutter/src/supabase.dart': Failed assertion: line 45 pos 7: '_instance._isInitialized': You must initialize the supabase instance before calling Supabase.instance
Realtime academic_categories subscription failed: 'package:supabase_flutter/src/supabase.dart': Failed assertion: line 45 pos 7: '_instance._isInitialized': You must initialize the supabase instance before calling Supabase.instance
Supabase auth listener not attached (Supabase not initialized?): 'package:supabase_flutter/src/supabase.dart': Failed assertion: line 45 pos 7: '_instance._isInitialized': You must initialize the supabase instance before calling Supabase.instance
loadVerifiedStreamersFromBackend failed: Bad state: Backend unavailable
_refreshAcademicCategories failed: Bad state: Backend unavailable
Realtime public streamer subscription failed: 'package:supabase_flutter/src/supabase.dart': Failed assertion: line 45 pos 7: '_instance._isInitialized': You must initialize the supabase instance before calling Supabase.instance
Realtime academic_categories subscription failed: 'package:supabase_flutter/src/supabase.dart': Failed assertion: line 45 pos 7: '_instance._isInitialized': You must initialize the supabase instance before calling Supabase.instance
Supabase auth listener not attached (Supabase not initialized?): 'package:supabase_flutter/src/supabase.dart': Failed assertion: line 45 pos 7: '_instance._isInitialized': You must initialize the supabase instance before calling Supabase.instance
loadVerifiedStreamersFromBackend failed: Bad state: Backend unavailable
_refreshAcademicCategories failed: Bad state: Backend unavailable
Realtime public streamer subscription failed: 'package:supabase_flutter/src/supabase.dart': Failed assertion: line 45 pos 7: '_instance._isInitialized': You must initialize the supabase instance before calling Supabase.instance
Realtime academic_categories subscription failed: 'package:supabase_flutter/src/supabase.dart': Failed assertion: line 45 pos 7: '_instance._isInitialized': You must initialize the supabase instance before calling Supabase.instance
Supabase auth listener not attached (Supabase not initialized?): 'package:supabase_flutter/src/supabase.dart': Failed assertion: line 45 pos 7: '_instance._isInitialized': You must initialize the supabase instance before calling Supabase.instance
loadVerifiedStreamersFromBackend failed: Bad state: Backend unavailable
_refreshAcademicCategories failed: Bad state: Backend unavailable
Realtime public streamer subscription failed: 'package:supabase_flutter/src/supabase.dart': Failed assertion: line 45 pos 7: '_instance._isInitialized': You must initialize the supabase instance before calling Supabase.instance
Realtime academic_categories subscription failed: 'package:supabase_flutter/src/supabase.dart': Failed assertion: line 45 pos 7: '_instance._isInitialized': You must initialize the supabase instance before calling Supabase.instance
Supabase auth listener not attached (Supabase not initialized?): 'package:supabase_flutter/src/supabase.dart': Failed assertion: line 45 pos 7: '_instance._isInitialized': You must initialize the supabase instance before calling Supabase.instance
loadVerifiedStreamersFromBackend failed: Bad state: Backend unavailable
_refreshAcademicCategories failed: Bad state: Backend unavailable
Realtime public streamer subscription failed: 'package:supabase_flutter/src/supabase.dart': Failed assertion: line 45 pos 7: '_instance._isInitialized': You must initialize the supabase instance before calling Supabase.instance
Realtime academic_categories subscription failed: 'package:supabase_flutter/src/supabase.dart': Failed assertion: line 45 pos 7: '_instance._isInitialized': You must initialize the supabase instance before calling Supabase.instance
Supabase auth listener not attached (Supabase not initialized?): 'package:supabase_flutter/src/supabase.dart': Failed assertion: line 45 pos 7: '_instance._isInitialized': You must initialize the supabase instance before calling Supabase.instance
loadVerifiedStreamersFromBackend failed: Bad state: Backend unavailable
_refreshAcademicCategories failed: Bad state: Backend unavailable
Realtime public streamer subscription failed: 'package:supabase_flutter/src/supabase.dart': Failed assertion: line 45 pos 7: '_instance._isInitialized': You must initialize the supabase instance before calling Supabase.instance
Realtime academic_categories subscription failed: 'package:supabase_flutter/src/supabase.dart': Failed assertion: line 45 pos 7: '_instance._isInitialized': You must initialize the supabase instance before calling Supabase.instance
Supabase auth listener not attached (Supabase not initialized?): 'package:supabase_flutter/src/supabase.dart': Failed assertion: line 45 pos 7: '_instance._isInitialized': You must initialize the supabase instance before calling Supabase.instance
loadVerifiedStreamersFromBackend failed: Bad state: Backend unavailable
_refreshAcademicCategories failed: Bad state: Backend unavailable
Realtime public streamer subscription failed: 'package:supabase_flutter/src/supabase.dart': Failed assertion: line 45 pos 7: '_instance._isInitialized': You must initialize the supabase instance before calling Supabase.instance
Realtime academic_categories subscription failed: 'package:supabase_flutter/src/supabase.dart': Failed assertion: line 45 pos 7: '_instance._isInitialized': You must initialize the supabase instance before calling Supabase.instance
Supabase auth listener not attached (Supabase not initialized?): 'package:supabase_flutter/src/supabase.dart': Failed assertion: line 45 pos 7: '_instance._isInitialized': You must initialize the supabase instance before calling Supabase.instance
loadVerifiedStreamersFromBackend failed: Bad state: Backend unavailable
_refreshAcademicCategories failed: Bad state: Backend unavailable
Realtime public streamer subscription failed: 'package:supabase_flutter/src/supabase.dart': Failed assertion: line 45 pos 7: '_instance._isInitialized': You must initialize the supabase instance before calling Supabase.instance
Realtime academic_categories subscription failed: 'package:supabase_flutter/src/supabase.dart': Failed assertion: line 45 pos 7: '_instance._isInitialized': You must initialize the supabase instance before calling Supabase.instance
Supabase auth listener not attached (Supabase not initialized?): 'package:supabase_flutter/src/supabase.dart': Failed assertion: line 45 pos 7: '_instance._isInitialized': You must initialize the supabase instance before calling Supabase.instance
loadVerifiedStreamersFromBackend failed: Bad state: Backend unavailable
_refreshAcademicCategories failed: Bad state: Backend unavailable
Realtime public streamer subscription failed: 'package:supabase_flutter/src/supabase.dart': Failed assertion: line 45 pos 7: '_instance._isInitialized': You must initialize the supabase instance before calling Supabase.instance
Realtime academic_categories subscription failed: 'package:supabase_flutter/src/supabase.dart': Failed assertion: line 45 pos 7: '_instance._isInitialized': You must initialize the supabase instance before calling Supabase.instance
Supabase auth listener not attached (Supabase not initialized?): 'package:supabase_flutter/src/supabase.dart': Failed assertion: line 45 pos 7: '_instance._isInitialized': You must initialize the supabase instance before calling Supabase.instance
loadVerifiedStreamersFromBackend failed: Bad state: Backend unavailable
_refreshAcademicCategories failed: Bad state: Backend unavailable
Realtime public streamer subscription failed: 'package:supabase_flutter/src/supabase.dart': Failed assertion: line 45 pos 7: '_instance._isInitialized': You must initialize the supabase instance before calling Supabase.instance
Realtime academic_categories subscription failed: 'package:supabase_flutter/src/supabase.dart': Failed assertion: line 45 pos 7: '_instance._isInitialized': You must initialize the supabase instance before calling Supabase.instance
Supabase auth listener not attached (Supabase not initialized?): 'package:supabase_flutter/src/supabase.dart': Failed assertion: line 45 pos 7: '_instance._isInitialized': You must initialize the supabase instance before calling Supabase.instance
loadVerifiedStreamersFromBackend failed: Bad state: Backend unavailable
_refreshAcademicCategories failed: Bad state: Backend unavailable
Realtime public streamer subscription failed: 'package:supabase_flutter/src/supabase.dart': Failed assertion: line 45 pos 7: '_instance._isInitialized': You must initialize the supabase instance before calling Supabase.instance
Realtime academic_categories subscription failed: 'package:supabase_flutter/src/supabase.dart': Failed assertion: line 45 pos 7: '_instance._isInitialized': You must initialize the supabase instance before calling Supabase.instance
Supabase auth listener not attached (Supabase not initialized?): 'package:supabase_flutter/src/supabase.dart': Failed assertion: line 45 pos 7: '_instance._isInitialized': You must initialize the supabase instance before calling Supabase.instance
loadVerifiedStreamersFromBackend failed: Bad state: Backend unavailable
_refreshAcademicCategories failed: Bad state: Backend unavailable
Realtime public streamer subscription failed: 'package:supabase_flutter/src/supabase.dart': Failed assertion: line 45 pos 7: '_instance._isInitialized': You must initialize the supabase instance before calling Supabase.instance
Realtime academic_categories subscription failed: 'package:supabase_flutter/src/supabase.dart': Failed assertion: line 45 pos 7: '_instance._isInitialized': You must initialize the supabase instance before calling Supabase.instance
Supabase auth listener not attached (Supabase not initialized?): 'package:supabase_flutter/src/supabase.dart': Failed assertion: line 45 pos 7: '_instance._isInitialized': You must initialize the supabase instance before calling Supabase.instance
loadVerifiedStreamersFromBackend failed: Bad state: Backend unavailable
_refreshAcademicCategories failed: Bad state: Backend unavailable
Realtime public streamer subscription failed: 'package:supabase_flutter/src/supabase.dart': Failed assertion: line 45 pos 7: '_instance._isInitialized': You must initialize the supabase instance before calling Supabase.instance
Realtime academic_categories subscription failed: 'package:supabase_flutter/src/supabase.dart': Failed assertion: line 45 pos 7: '_instance._isInitialized': You must initialize the supabase instance before calling Supabase.instance
Supabase auth listener not attached (Supabase not initialized?): 'package:supabase_flutter/src/supabase.dart': Failed assertion: line 45 pos 7: '_instance._isInitialized': You must initialize the supabase instance before calling Supabase.instance
loadVerifiedStreamersFromBackend failed: Bad state: Backend unavailable
_refreshAcademicCategories failed: Bad state: Backend unavailable
00:48 +35: C:/Users/User/.codex/worktrees/hadayah-wave4v2-integration/Streamer_app/project/test/layout_sweep_test.dart: wizard organization 1 ar at all sizes and text scales
Realtime public streamer subscription failed: 'package:supabase_flutter/src/supabase.dart': Failed assertion: line 45 pos 7: '_instance._isInitialized': You must initialize the supabase instance before calling Supabase.instance
Realtime academic_categories subscription failed: 'package:supabase_flutter/src/supabase.dart': Failed assertion: line 45 pos 7: '_instance._isInitialized': You must initialize the supabase instance before calling Supabase.instance
Supabase auth listener not attached (Supabase not initialized?): 'package:supabase_flutter/src/supabase.dart': Failed assertion: line 45 pos 7: '_instance._isInitialized': You must initialize the supabase instance before calling Supabase.instance
loadVerifiedStreamersFromBackend failed: Bad state: Backend unavailable
_refreshAcademicCategories failed: Bad state: Backend unavailable
Realtime public streamer subscription failed: 'package:supabase_flutter/src/supabase.dart': Failed assertion: line 45 pos 7: '_instance._isInitialized': You must initialize the supabase instance before calling Supabase.instance
Realtime academic_categories subscription failed: 'package:supabase_flutter/src/supabase.dart': Failed assertion: line 45 pos 7: '_instance._isInitialized': You must initialize the supabase instance before calling Supabase.instance
Supabase auth listener not attached (Supabase not initialized?): 'package:supabase_flutter/src/supabase.dart': Failed assertion: line 45 pos 7: '_instance._isInitialized': You must initialize the supabase instance before calling Supabase.instance
loadVerifiedStreamersFromBackend failed: Bad state: Backend unavailable
_refreshAcademicCategories failed: Bad state: Backend unavailable
Realtime public streamer subscription failed: 'package:supabase_flutter/src/supabase.dart': Failed assertion: line 45 pos 7: '_instance._isInitialized': You must initialize the supabase instance before calling Supabase.instance
Realtime academic_categories subscription failed: 'package:supabase_flutter/src/supabase.dart': Failed assertion: line 45 pos 7: '_instance._isInitialized': You must initialize the supabase instance before calling Supabase.instance
Supabase auth listener not attached (Supabase not initialized?): 'package:supabase_flutter/src/supabase.dart': Failed assertion: line 45 pos 7: '_instance._isInitialized': You must initialize the supabase instance before calling Supabase.instance
loadVerifiedStreamersFromBackend failed: Bad state: Backend unavailable
_refreshAcademicCategories failed: Bad state: Backend unavailable
Realtime public streamer subscription failed: 'package:supabase_flutter/src/supabase.dart': Failed assertion: line 45 pos 7: '_instance._isInitialized': You must initialize the supabase instance before calling Supabase.instance
Realtime academic_categories subscription failed: 'package:supabase_flutter/src/supabase.dart': Failed assertion: line 45 pos 7: '_instance._isInitialized': You must initialize the supabase instance before calling Supabase.instance
Supabase auth listener not attached (Supabase not initialized?): 'package:supabase_flutter/src/supabase.dart': Failed assertion: line 45 pos 7: '_instance._isInitialized': You must initialize the supabase instance before calling Supabase.instance
loadVerifiedStreamersFromBackend failed: Bad state: Backend unavailable
_refreshAcademicCategories failed: Bad state: Backend unavailable
Realtime public streamer subscription failed: 'package:supabase_flutter/src/supabase.dart': Failed assertion: line 45 pos 7: '_instance._isInitialized': You must initialize the supabase instance before calling Supabase.instance
Realtime academic_categories subscription failed: 'package:supabase_flutter/src/supabase.dart': Failed assertion: line 45 pos 7: '_instance._isInitialized': You must initialize the supabase instance before calling Supabase.instance
Supabase auth listener not attached (Supabase not initialized?): 'package:supabase_flutter/src/supabase.dart': Failed assertion: line 45 pos 7: '_instance._isInitialized': You must initialize the supabase instance before calling Supabase.instance
loadVerifiedStreamersFromBackend failed: Bad state: Backend unavailable
_refreshAcademicCategories failed: Bad state: Backend unavailable
Realtime public streamer subscription failed: 'package:supabase_flutter/src/supabase.dart': Failed assertion: line 45 pos 7: '_instance._isInitialized': You must initialize the supabase instance before calling Supabase.instance
Realtime academic_categories subscription failed: 'package:supabase_flutter/src/supabase.dart': Failed assertion: line 45 pos 7: '_instance._isInitialized': You must initialize the supabase instance before calling Supabase.instance
Supabase auth listener not attached (Supabase not initialized?): 'package:supabase_flutter/src/supabase.dart': Failed assertion: line 45 pos 7: '_instance._isInitialized': You must initialize the supabase instance before calling Supabase.instance
loadVerifiedStreamersFromBackend failed: Bad state: Backend unavailable
_refreshAcademicCategories failed: Bad state: Backend unavailable
Realtime public streamer subscription failed: 'package:supabase_flutter/src/supabase.dart': Failed assertion: line 45 pos 7: '_instance._isInitialized': You must initialize the supabase instance before calling Supabase.instance
Realtime academic_categories subscription failed: 'package:supabase_flutter/src/supabase.dart': Failed assertion: line 45 pos 7: '_instance._isInitialized': You must initialize the supabase instance before calling Supabase.instance
Supabase auth listener not attached (Supabase not initialized?): 'package:supabase_flutter/src/supabase.dart': Failed assertion: line 45 pos 7: '_instance._isInitialized': You must initialize the supabase instance before calling Supabase.instance
loadVerifiedStreamersFromBackend failed: Bad state: Backend unavailable
_refreshAcademicCategories failed: Bad state: Backend unavailable
Realtime public streamer subscription failed: 'package:supabase_flutter/src/supabase.dart': Failed assertion: line 45 pos 7: '_instance._isInitialized': You must initialize the supabase instance before calling Supabase.instance
Realtime academic_categories subscription failed: 'package:supabase_flutter/src/supabase.dart': Failed assertion: line 45 pos 7: '_instance._isInitialized': You must initialize the supabase instance before calling Supabase.instance
Supabase auth listener not attached (Supabase not initialized?): 'package:supabase_flutter/src/supabase.dart': Failed assertion: line 45 pos 7: '_instance._isInitialized': You must initialize the supabase instance before calling Supabase.instance
loadVerifiedStreamersFromBackend failed: Bad state: Backend unavailable
_refreshAcademicCategories failed: Bad state: Backend unavailable
Realtime public streamer subscription failed: 'package:supabase_flutter/src/supabase.dart': Failed assertion: line 45 pos 7: '_instance._isInitialized': You must initialize the supabase instance before calling Supabase.instance
Realtime academic_categories subscription failed: 'package:supabase_flutter/src/supabase.dart': Failed assertion: line 45 pos 7: '_instance._isInitialized': You must initialize the supabase instance before calling Supabase.instance
Supabase auth listener not attached (Supabase not initialized?): 'package:supabase_flutter/src/supabase.dart': Failed assertion: line 45 pos 7: '_instance._isInitialized': You must initialize the supabase instance before calling Supabase.instance
loadVerifiedStreamersFromBackend failed: Bad state: Backend unavailable
_refreshAcademicCategories failed: Bad state: Backend unavailable
Realtime public streamer subscription failed: 'package:supabase_flutter/src/supabase.dart': Failed assertion: line 45 pos 7: '_instance._isInitialized': You must initialize the supabase instance before calling Supabase.instance
Realtime academic_categories subscription failed: 'package:supabase_flutter/src/supabase.dart': Failed assertion: line 45 pos 7: '_instance._isInitialized': You must initialize the supabase instance before calling Supabase.instance
Supabase auth listener not attached (Supabase not initialized?): 'package:supabase_flutter/src/supabase.dart': Failed assertion: line 45 pos 7: '_instance._isInitialized': You must initialize the supabase instance before calling Supabase.instance
loadVerifiedStreamersFromBackend failed: Bad state: Backend unavailable
_refreshAcademicCategories failed: Bad state: Backend unavailable
Realtime public streamer subscription failed: 'package:supabase_flutter/src/supabase.dart': Failed assertion: line 45 pos 7: '_instance._isInitialized': You must initialize the supabase instance before calling Supabase.instance
Realtime academic_categories subscription failed: 'package:supabase_flutter/src/supabase.dart': Failed assertion: line 45 pos 7: '_instance._isInitialized': You must initialize the supabase instance before calling Supabase.instance
Supabase auth listener not attached (Supabase not initialized?): 'package:supabase_flutter/src/supabase.dart': Failed assertion: line 45 pos 7: '_instance._isInitialized': You must initialize the supabase instance before calling Supabase.instance
loadVerifiedStreamersFromBackend failed: Bad state: Backend unavailable
_refreshAcademicCategories failed: Bad state: Backend unavailable
Realtime public streamer subscription failed: 'package:supabase_flutter/src/supabase.dart': Failed assertion: line 45 pos 7: '_instance._isInitialized': You must initialize the supabase instance before calling Supabase.instance
Realtime academic_categories subscription failed: 'package:supabase_flutter/src/supabase.dart': Failed assertion: line 45 pos 7: '_instance._isInitialized': You must initialize the supabase instance before calling Supabase.instance
Supabase auth listener not attached (Supabase not initialized?): 'package:supabase_flutter/src/supabase.dart': Failed assertion: line 45 pos 7: '_instance._isInitialized': You must initialize the supabase instance before calling Supabase.instance
loadVerifiedStreamersFromBackend failed: Bad state: Backend unavailable
_refreshAcademicCategories failed: Bad state: Backend unavailable
Realtime public streamer subscription failed: 'package:supabase_flutter/src/supabase.dart': Failed assertion: line 45 pos 7: '_instance._isInitialized': You must initialize the supabase instance before calling Supabase.instance
Realtime academic_categories subscription failed: 'package:supabase_flutter/src/supabase.dart': Failed assertion: line 45 pos 7: '_instance._isInitialized': You must initialize the supabase instance before calling Supabase.instance
Supabase auth listener not attached (Supabase not initialized?): 'package:supabase_flutter/src/supabase.dart': Failed assertion: line 45 pos 7: '_instance._isInitialized': You must initialize the supabase instance before calling Supabase.instance
loadVerifiedStreamersFromBackend failed: Bad state: Backend unavailable
_refreshAcademicCategories failed: Bad state: Backend unavailable
Realtime public streamer subscription failed: 'package:supabase_flutter/src/supabase.dart': Failed assertion: line 45 pos 7: '_instance._isInitialized': You must initialize the supabase instance before calling Supabase.instance
Realtime academic_categories subscription failed: 'package:supabase_flutter/src/supabase.dart': Failed assertion: line 45 pos 7: '_instance._isInitialized': You must initialize the supabase instance before calling Supabase.instance
Supabase auth listener not attached (Supabase not initialized?): 'package:supabase_flutter/src/supabase.dart': Failed assertion: line 45 pos 7: '_instance._isInitialized': You must initialize the supabase instance before calling Supabase.instance
loadVerifiedStreamersFromBackend failed: Bad state: Backend unavailable
_refreshAcademicCategories failed: Bad state: Backend unavailable
Realtime public streamer subscription failed: 'package:supabase_flutter/src/supabase.dart': Failed assertion: line 45 pos 7: '_instance._isInitialized': You must initialize the supabase instance before calling Supabase.instance
Realtime academic_categories subscription failed: 'package:supabase_flutter/src/supabase.dart': Failed assertion: line 45 pos 7: '_instance._isInitialized': You must initialize the supabase instance before calling Supabase.instance
Supabase auth listener not attached (Supabase not initialized?): 'package:supabase_flutter/src/supabase.dart': Failed assertion: line 45 pos 7: '_instance._isInitialized': You must initialize the supabase instance before calling Supabase.instance
loadVerifiedStreamersFromBackend failed: Bad state: Backend unavailable
_refreshAcademicCategories failed: Bad state: Backend unavailable
Realtime public streamer subscription failed: 'package:supabase_flutter/src/supabase.dart': Failed assertion: line 45 pos 7: '_instance._isInitialized': You must initialize the supabase instance before calling Supabase.instance
Realtime academic_categories subscription failed: 'package:supabase_flutter/src/supabase.dart': Failed assertion: line 45 pos 7: '_instance._isInitialized': You must initialize the supabase instance before calling Supabase.instance
Supabase auth listener not attached (Supabase not initialized?): 'package:supabase_flutter/src/supabase.dart': Failed assertion: line 45 pos 7: '_instance._isInitialized': You must initialize the supabase instance before calling Supabase.instance
loadVerifiedStreamersFromBackend failed: Bad state: Backend unavailable
_refreshAcademicCategories failed: Bad state: Backend unavailable
Realtime public streamer subscription failed: 'package:supabase_flutter/src/supabase.dart': Failed assertion: line 45 pos 7: '_instance._isInitialized': You must initialize the supabase instance before calling Supabase.instance
Realtime academic_categories subscription failed: 'package:supabase_flutter/src/supabase.dart': Failed assertion: line 45 pos 7: '_instance._isInitialized': You must initialize the supabase instance before calling Supabase.instance
Supabase auth listener not attached (Supabase not initialized?): 'package:supabase_flutter/src/supabase.dart': Failed assertion: line 45 pos 7: '_instance._isInitialized': You must initialize the supabase instance before calling Supabase.instance
loadVerifiedStreamersFromBackend failed: Bad state: Backend unavailable
_refreshAcademicCategories failed: Bad state: Backend unavailable
Realtime public streamer subscription failed: 'package:supabase_flutter/src/supabase.dart': Failed assertion: line 45 pos 7: '_instance._isInitialized': You must initialize the supabase instance before calling Supabase.instance
Realtime academic_categories subscription failed: 'package:supabase_flutter/src/supabase.dart': Failed assertion: line 45 pos 7: '_instance._isInitialized': You must initialize the supabase instance before calling Supabase.instance
Supabase auth listener not attached (Supabase not initialized?): 'package:supabase_flutter/src/supabase.dart': Failed assertion: line 45 pos 7: '_instance._isInitialized': You must initialize the supabase instance before calling Supabase.instance
loadVerifiedStreamersFromBackend failed: Bad state: Backend unavailable
_refreshAcademicCategories failed: Bad state: Backend unavailable
Realtime public streamer subscription failed: 'package:supabase_flutter/src/supabase.dart': Failed assertion: line 45 pos 7: '_instance._isInitialized': You must initialize the supabase instance before calling Supabase.instance
Realtime academic_categories subscription failed: 'package:supabase_flutter/src/supabase.dart': Failed assertion: line 45 pos 7: '_instance._isInitialized': You must initialize the supabase instance before calling Supabase.instance
Supabase auth listener not attached (Supabase not initialized?): 'package:supabase_flutter/src/supabase.dart': Failed assertion: line 45 pos 7: '_instance._isInitialized': You must initialize the supabase instance before calling Supabase.instance
loadVerifiedStreamersFromBackend failed: Bad state: Backend unavailable
_refreshAcademicCategories failed: Bad state: Backend unavailable
Realtime public streamer subscription failed: 'package:supabase_flutter/src/supabase.dart': Failed assertion: line 45 pos 7: '_instance._isInitialized': You must initialize the supabase instance before calling Supabase.instance
Realtime academic_categories subscription failed: 'package:supabase_flutter/src/supabase.dart': Failed assertion: line 45 pos 7: '_instance._isInitialized': You must initialize the supabase instance before calling Supabase.instance
Supabase auth listener not attached (Supabase not initialized?): 'package:supabase_flutter/src/supabase.dart': Failed assertion: line 45 pos 7: '_instance._isInitialized': You must initialize the supabase instance before calling Supabase.instance
loadVerifiedStreamersFromBackend failed: Bad state: Backend unavailable
_refreshAcademicCategories failed: Bad state: Backend unavailable
Realtime public streamer subscription failed: 'package:supabase_flutter/src/supabase.dart': Failed assertion: line 45 pos 7: '_instance._isInitialized': You must initialize the supabase instance before calling Supabase.instance
Realtime academic_categories subscription failed: 'package:supabase_flutter/src/supabase.dart': Failed assertion: line 45 pos 7: '_instance._isInitialized': You must initialize the supabase instance before calling Supabase.instance
Supabase auth listener not attached (Supabase not initialized?): 'package:supabase_flutter/src/supabase.dart': Failed assertion: line 45 pos 7: '_instance._isInitialized': You must initialize the supabase instance before calling Supabase.instance
loadVerifiedStreamersFromBackend failed: Bad state: Backend unavailable
_refreshAcademicCategories failed: Bad state: Backend unavailable
00:51 +36: C:/Users/User/.codex/worktrees/hadayah-wave4v2-integration/Streamer_app/project/test/layout_sweep_test.dart: wizard organization 2 en at all sizes and text scales
Realtime public streamer subscription failed: 'package:supabase_flutter/src/supabase.dart': Failed assertion: line 45 pos 7: '_instance._isInitialized': You must initialize the supabase instance before calling Supabase.instance
Realtime academic_categories subscription failed: 'package:supabase_flutter/src/supabase.dart': Failed assertion: line 45 pos 7: '_instance._isInitialized': You must initialize the supabase instance before calling Supabase.instance
Supabase auth listener not attached (Supabase not initialized?): 'package:supabase_flutter/src/supabase.dart': Failed assertion: line 45 pos 7: '_instance._isInitialized': You must initialize the supabase instance before calling Supabase.instance
loadVerifiedStreamersFromBackend failed: Bad state: Backend unavailable
_refreshAcademicCategories failed: Bad state: Backend unavailable
Realtime public streamer subscription failed: 'package:supabase_flutter/src/supabase.dart': Failed assertion: line 45 pos 7: '_instance._isInitialized': You must initialize the supabase instance before calling Supabase.instance
Realtime academic_categories subscription failed: 'package:supabase_flutter/src/supabase.dart': Failed assertion: line 45 pos 7: '_instance._isInitialized': You must initialize the supabase instance before calling Supabase.instance
Supabase auth listener not attached (Supabase not initialized?): 'package:supabase_flutter/src/supabase.dart': Failed assertion: line 45 pos 7: '_instance._isInitialized': You must initialize the supabase instance before calling Supabase.instance
loadVerifiedStreamersFromBackend failed: Bad state: Backend unavailable
_refreshAcademicCategories failed: Bad state: Backend unavailable
Realtime public streamer subscription failed: 'package:supabase_flutter/src/supabase.dart': Failed assertion: line 45 pos 7: '_instance._isInitialized': You must initialize the supabase instance before calling Supabase.instance
Realtime academic_categories subscription failed: 'package:supabase_flutter/src/supabase.dart': Failed assertion: line 45 pos 7: '_instance._isInitialized': You must initialize the supabase instance before calling Supabase.instance
Supabase auth listener not attached (Supabase not initialized?): 'package:supabase_flutter/src/supabase.dart': Failed assertion: line 45 pos 7: '_instance._isInitialized': You must initialize the supabase instance before calling Supabase.instance
loadVerifiedStreamersFromBackend failed: Bad state: Backend unavailable
_refreshAcademicCategories failed: Bad state: Backend unavailable
Realtime public streamer subscription failed: 'package:supabase_flutter/src/supabase.dart': Failed assertion: line 45 pos 7: '_instance._isInitialized': You must initialize the supabase instance before calling Supabase.instance
Realtime academic_categories subscription failed: 'package:supabase_flutter/src/supabase.dart': Failed assertion: line 45 pos 7: '_instance._isInitialized': You must initialize the supabase instance before calling Supabase.instance
Supabase auth listener not attached (Supabase not initialized?): 'package:supabase_flutter/src/supabase.dart': Failed assertion: line 45 pos 7: '_instance._isInitialized': You must initialize the supabase instance before calling Supabase.instance
loadVerifiedStreamersFromBackend failed: Bad state: Backend unavailable
_refreshAcademicCategories failed: Bad state: Backend unavailable
Realtime public streamer subscription failed: 'package:supabase_flutter/src/supabase.dart': Failed assertion: line 45 pos 7: '_instance._isInitialized': You must initialize the supabase instance before calling Supabase.instance
Realtime academic_categories subscription failed: 'package:supabase_flutter/src/supabase.dart': Failed assertion: line 45 pos 7: '_instance._isInitialized': You must initialize the supabase instance before calling Supabase.instance
Supabase auth listener not attached (Supabase not initialized?): 'package:supabase_flutter/src/supabase.dart': Failed assertion: line 45 pos 7: '_instance._isInitialized': You must initialize the supabase instance before calling Supabase.instance
loadVerifiedStreamersFromBackend failed: Bad state: Backend unavailable
_refreshAcademicCategories failed: Bad state: Backend unavailable
Realtime public streamer subscription failed: 'package:supabase_flutter/src/supabase.dart': Failed assertion: line 45 pos 7: '_instance._isInitialized': You must initialize the supabase instance before calling Supabase.instance
Realtime academic_categories subscription failed: 'package:supabase_flutter/src/supabase.dart': Failed assertion: line 45 pos 7: '_instance._isInitialized': You must initialize the supabase instance before calling Supabase.instance
Supabase auth listener not attached (Supabase not initialized?): 'package:supabase_flutter/src/supabase.dart': Failed assertion: line 45 pos 7: '_instance._isInitialized': You must initialize the supabase instance before calling Supabase.instance
loadVerifiedStreamersFromBackend failed: Bad state: Backend unavailable
_refreshAcademicCategories failed: Bad state: Backend unavailable
Realtime public streamer subscription failed: 'package:supabase_flutter/src/supabase.dart': Failed assertion: line 45 pos 7: '_instance._isInitialized': You must initialize the supabase instance before calling Supabase.instance
Realtime academic_categories subscription failed: 'package:supabase_flutter/src/supabase.dart': Failed assertion: line 45 pos 7: '_instance._isInitialized': You must initialize the supabase instance before calling Supabase.instance
Supabase auth listener not attached (Supabase not initialized?): 'package:supabase_flutter/src/supabase.dart': Failed assertion: line 45 pos 7: '_instance._isInitialized': You must initialize the supabase instance before calling Supabase.instance
loadVerifiedStreamersFromBackend failed: Bad state: Backend unavailable
_refreshAcademicCategories failed: Bad state: Backend unavailable
Realtime public streamer subscription failed: 'package:supabase_flutter/src/supabase.dart': Failed assertion: line 45 pos 7: '_instance._isInitialized': You must initialize the supabase instance before calling Supabase.instance
Realtime academic_categories subscription failed: 'package:supabase_flutter/src/supabase.dart': Failed assertion: line 45 pos 7: '_instance._isInitialized': You must initialize the supabase instance before calling Supabase.instance
Supabase auth listener not attached (Supabase not initialized?): 'package:supabase_flutter/src/supabase.dart': Failed assertion: line 45 pos 7: '_instance._isInitialized': You must initialize the supabase instance before calling Supabase.instance
loadVerifiedStreamersFromBackend failed: Bad state: Backend unavailable
_refreshAcademicCategories failed: Bad state: Backend unavailable
Realtime public streamer subscription failed: 'package:supabase_flutter/src/supabase.dart': Failed assertion: line 45 pos 7: '_instance._isInitialized': You must initialize the supabase instance before calling Supabase.instance
Realtime academic_categories subscription failed: 'package:supabase_flutter/src/supabase.dart': Failed assertion: line 45 pos 7: '_instance._isInitialized': You must initialize the supabase instance before calling Supabase.instance
Supabase auth listener not attached (Supabase not initialized?): 'package:supabase_flutter/src/supabase.dart': Failed assertion: line 45 pos 7: '_instance._isInitialized': You must initialize the supabase instance before calling Supabase.instance
loadVerifiedStreamersFromBackend failed: Bad state: Backend unavailable
_refreshAcademicCategories failed: Bad state: Backend unavailable
Realtime public streamer subscription failed: 'package:supabase_flutter/src/supabase.dart': Failed assertion: line 45 pos 7: '_instance._isInitialized': You must initialize the supabase instance before calling Supabase.instance
Realtime academic_categories subscription failed: 'package:supabase_flutter/src/supabase.dart': Failed assertion: line 45 pos 7: '_instance._isInitialized': You must initialize the supabase instance before calling Supabase.instance
Supabase auth listener not attached (Supabase not initialized?): 'package:supabase_flutter/src/supabase.dart': Failed assertion: line 45 pos 7: '_instance._isInitialized': You must initialize the supabase instance before calling Supabase.instance
loadVerifiedStreamersFromBackend failed: Bad state: Backend unavailable
_refreshAcademicCategories failed: Bad state: Backend unavailable
Realtime public streamer subscription failed: 'package:supabase_flutter/src/supabase.dart': Failed assertion: line 45 pos 7: '_instance._isInitialized': You must initialize the supabase instance before calling Supabase.instance
Realtime academic_categories subscription failed: 'package:supabase_flutter/src/supabase.dart': Failed assertion: line 45 pos 7: '_instance._isInitialized': You must initialize the supabase instance before calling Supabase.instance
Supabase auth listener not attached (Supabase not initialized?): 'package:supabase_flutter/src/supabase.dart': Failed assertion: line 45 pos 7: '_instance._isInitialized': You must initialize the supabase instance before calling Supabase.instance
loadVerifiedStreamersFromBackend failed: Bad state: Backend unavailable
_refreshAcademicCategories failed: Bad state: Backend unavailable
Realtime public streamer subscription failed: 'package:supabase_flutter/src/supabase.dart': Failed assertion: line 45 pos 7: '_instance._isInitialized': You must initialize the supabase instance before calling Supabase.instance
Realtime academic_categories subscription failed: 'package:supabase_flutter/src/supabase.dart': Failed assertion: line 45 pos 7: '_instance._isInitialized': You must initialize the supabase instance before calling Supabase.instance
Supabase auth listener not attached (Supabase not initialized?): 'package:supabase_flutter/src/supabase.dart': Failed assertion: line 45 pos 7: '_instance._isInitialized': You must initialize the supabase instance before calling Supabase.instance
loadVerifiedStreamersFromBackend failed: Bad state: Backend unavailable
_refreshAcademicCategories failed: Bad state: Backend unavailable
Realtime public streamer subscription failed: 'package:supabase_flutter/src/supabase.dart': Failed assertion: line 45 pos 7: '_instance._isInitialized': You must initialize the supabase instance before calling Supabase.instance
Realtime academic_categories subscription failed: 'package:supabase_flutter/src/supabase.dart': Failed assertion: line 45 pos 7: '_instance._isInitialized': You must initialize the supabase instance before calling Supabase.instance
Supabase auth listener not attached (Supabase not initialized?): 'package:supabase_flutter/src/supabase.dart': Failed assertion: line 45 pos 7: '_instance._isInitialized': You must initialize the supabase instance before calling Supabase.instance
loadVerifiedStreamersFromBackend failed: Bad state: Backend unavailable
_refreshAcademicCategories failed: Bad state: Backend unavailable
Realtime public streamer subscription failed: 'package:supabase_flutter/src/supabase.dart': Failed assertion: line 45 pos 7: '_instance._isInitialized': You must initialize the supabase instance before calling Supabase.instance
Realtime academic_categories subscription failed: 'package:supabase_flutter/src/supabase.dart': Failed assertion: line 45 pos 7: '_instance._isInitialized': You must initialize the supabase instance before calling Supabase.instance
Supabase auth listener not attached (Supabase not initialized?): 'package:supabase_flutter/src/supabase.dart': Failed assertion: line 45 pos 7: '_instance._isInitialized': You must initialize the supabase instance before calling Supabase.instance
loadVerifiedStreamersFromBackend failed: Bad state: Backend unavailable
_refreshAcademicCategories failed: Bad state: Backend unavailable
Realtime public streamer subscription failed: 'package:supabase_flutter/src/supabase.dart': Failed assertion: line 45 pos 7: '_instance._isInitialized': You must initialize the supabase instance before calling Supabase.instance
Realtime academic_categories subscription failed: 'package:supabase_flutter/src/supabase.dart': Failed assertion: line 45 pos 7: '_instance._isInitialized': You must initialize the supabase instance before calling Supabase.instance
Supabase auth listener not attached (Supabase not initialized?): 'package:supabase_flutter/src/supabase.dart': Failed assertion: line 45 pos 7: '_instance._isInitialized': You must initialize the supabase instance before calling Supabase.instance
loadVerifiedStreamersFromBackend failed: Bad state: Backend unavailable
_refreshAcademicCategories failed: Bad state: Backend unavailable
Realtime public streamer subscription failed: 'package:supabase_flutter/src/supabase.dart': Failed assertion: line 45 pos 7: '_instance._isInitialized': You must initialize the supabase instance before calling Supabase.instance
Realtime academic_categories subscription failed: 'package:supabase_flutter/src/supabase.dart': Failed assertion: line 45 pos 7: '_instance._isInitialized': You must initialize the supabase instance before calling Supabase.instance
Supabase auth listener not attached (Supabase not initialized?): 'package:supabase_flutter/src/supabase.dart': Failed assertion: line 45 pos 7: '_instance._isInitialized': You must initialize the supabase instance before calling Supabase.instance
loadVerifiedStreamersFromBackend failed: Bad state: Backend unavailable
_refreshAcademicCategories failed: Bad state: Backend unavailable
Realtime public streamer subscription failed: 'package:supabase_flutter/src/supabase.dart': Failed assertion: line 45 pos 7: '_instance._isInitialized': You must initialize the supabase instance before calling Supabase.instance
Realtime academic_categories subscription failed: 'package:supabase_flutter/src/supabase.dart': Failed assertion: line 45 pos 7: '_instance._isInitialized': You must initialize the supabase instance before calling Supabase.instance
Supabase auth listener not attached (Supabase not initialized?): 'package:supabase_flutter/src/supabase.dart': Failed assertion: line 45 pos 7: '_instance._isInitialized': You must initialize the supabase instance before calling Supabase.instance
loadVerifiedStreamersFromBackend failed: Bad state: Backend unavailable
_refreshAcademicCategories failed: Bad state: Backend unavailable
Realtime public streamer subscription failed: 'package:supabase_flutter/src/supabase.dart': Failed assertion: line 45 pos 7: '_instance._isInitialized': You must initialize the supabase instance before calling Supabase.instance
Realtime academic_categories subscription failed: 'package:supabase_flutter/src/supabase.dart': Failed assertion: line 45 pos 7: '_instance._isInitialized': You must initialize the supabase instance before calling Supabase.instance
Supabase auth listener not attached (Supabase not initialized?): 'package:supabase_flutter/src/supabase.dart': Failed assertion: line 45 pos 7: '_instance._isInitialized': You must initialize the supabase instance before calling Supabase.instance
loadVerifiedStreamersFromBackend failed: Bad state: Backend unavailable
_refreshAcademicCategories failed: Bad state: Backend unavailable
Realtime public streamer subscription failed: 'package:supabase_flutter/src/supabase.dart': Failed assertion: line 45 pos 7: '_instance._isInitialized': You must initialize the supabase instance before calling Supabase.instance
Realtime academic_categories subscription failed: 'package:supabase_flutter/src/supabase.dart': Failed assertion: line 45 pos 7: '_instance._isInitialized': You must initialize the supabase instance before calling Supabase.instance
Supabase auth listener not attached (Supabase not initialized?): 'package:supabase_flutter/src/supabase.dart': Failed assertion: line 45 pos 7: '_instance._isInitialized': You must initialize the supabase instance before calling Supabase.instance
loadVerifiedStreamersFromBackend failed: Bad state: Backend unavailable
_refreshAcademicCategories failed: Bad state: Backend unavailable
Realtime public streamer subscription failed: 'package:supabase_flutter/src/supabase.dart': Failed assertion: line 45 pos 7: '_instance._isInitialized': You must initialize the supabase instance before calling Supabase.instance
Realtime academic_categories subscription failed: 'package:supabase_flutter/src/supabase.dart': Failed assertion: line 45 pos 7: '_instance._isInitialized': You must initialize the supabase instance before calling Supabase.instance
Supabase auth listener not attached (Supabase not initialized?): 'package:supabase_flutter/src/supabase.dart': Failed assertion: line 45 pos 7: '_instance._isInitialized': You must initialize the supabase instance before calling Supabase.instance
loadVerifiedStreamersFromBackend failed: Bad state: Backend unavailable
_refreshAcademicCategories failed: Bad state: Backend unavailable
Realtime public streamer subscription failed: 'package:supabase_flutter/src/supabase.dart': Failed assertion: line 45 pos 7: '_instance._isInitialized': You must initialize the supabase instance before calling Supabase.instance
Realtime academic_categories subscription failed: 'package:supabase_flutter/src/supabase.dart': Failed assertion: line 45 pos 7: '_instance._isInitialized': You must initialize the supabase instance before calling Supabase.instance
Supabase auth listener not attached (Supabase not initialized?): 'package:supabase_flutter/src/supabase.dart': Failed assertion: line 45 pos 7: '_instance._isInitialized': You must initialize the supabase instance before calling Supabase.instance
loadVerifiedStreamersFromBackend failed: Bad state: Backend unavailable
_refreshAcademicCategories failed: Bad state: Backend unavailable
00:53 +37: C:/Users/User/.codex/worktrees/hadayah-wave4v2-integration/Streamer_app/project/test/layout_sweep_test.dart: wizard organization 2 ar at all sizes and text scales
Realtime public streamer subscription failed: 'package:supabase_flutter/src/supabase.dart': Failed assertion: line 45 pos 7: '_instance._isInitialized': You must initialize the supabase instance before calling Supabase.instance
Realtime academic_categories subscription failed: 'package:supabase_flutter/src/supabase.dart': Failed assertion: line 45 pos 7: '_instance._isInitialized': You must initialize the supabase instance before calling Supabase.instance
Supabase auth listener not attached (Supabase not initialized?): 'package:supabase_flutter/src/supabase.dart': Failed assertion: line 45 pos 7: '_instance._isInitialized': You must initialize the supabase instance before calling Supabase.instance
loadVerifiedStreamersFromBackend failed: Bad state: Backend unavailable
_refreshAcademicCategories failed: Bad state: Backend unavailable
Realtime public streamer subscription failed: 'package:supabase_flutter/src/supabase.dart': Failed assertion: line 45 pos 7: '_instance._isInitialized': You must initialize the supabase instance before calling Supabase.instance
Realtime academic_categories subscription failed: 'package:supabase_flutter/src/supabase.dart': Failed assertion: line 45 pos 7: '_instance._isInitialized': You must initialize the supabase instance before calling Supabase.instance
Supabase auth listener not attached (Supabase not initialized?): 'package:supabase_flutter/src/supabase.dart': Failed assertion: line 45 pos 7: '_instance._isInitialized': You must initialize the supabase instance before calling Supabase.instance
loadVerifiedStreamersFromBackend failed: Bad state: Backend unavailable
_refreshAcademicCategories failed: Bad state: Backend unavailable
Realtime public streamer subscription failed: 'package:supabase_flutter/src/supabase.dart': Failed assertion: line 45 pos 7: '_instance._isInitialized': You must initialize the supabase instance before calling Supabase.instance
Realtime academic_categories subscription failed: 'package:supabase_flutter/src/supabase.dart': Failed assertion: line 45 pos 7: '_instance._isInitialized': You must initialize the supabase instance before calling Supabase.instance
Supabase auth listener not attached (Supabase not initialized?): 'package:supabase_flutter/src/supabase.dart': Failed assertion: line 45 pos 7: '_instance._isInitialized': You must initialize the supabase instance before calling Supabase.instance
loadVerifiedStreamersFromBackend failed: Bad state: Backend unavailable
_refreshAcademicCategories failed: Bad state: Backend unavailable
Realtime public streamer subscription failed: 'package:supabase_flutter/src/supabase.dart': Failed assertion: line 45 pos 7: '_instance._isInitialized': You must initialize the supabase instance before calling Supabase.instance
Realtime academic_categories subscription failed: 'package:supabase_flutter/src/supabase.dart': Failed assertion: line 45 pos 7: '_instance._isInitialized': You must initialize the supabase instance before calling Supabase.instance
Supabase auth listener not attached (Supabase not initialized?): 'package:supabase_flutter/src/supabase.dart': Failed assertion: line 45 pos 7: '_instance._isInitialized': You must initialize the supabase instance before calling Supabase.instance
loadVerifiedStreamersFromBackend failed: Bad state: Backend unavailable
_refreshAcademicCategories failed: Bad state: Backend unavailable
Realtime public streamer subscription failed: 'package:supabase_flutter/src/supabase.dart': Failed assertion: line 45 pos 7: '_instance._isInitialized': You must initialize the supabase instance before calling Supabase.instance
Realtime academic_categories subscription failed: 'package:supabase_flutter/src/supabase.dart': Failed assertion: line 45 pos 7: '_instance._isInitialized': You must initialize the supabase instance before calling Supabase.instance
Supabase auth listener not attached (Supabase not initialized?): 'package:supabase_flutter/src/supabase.dart': Failed assertion: line 45 pos 7: '_instance._isInitialized': You must initialize the supabase instance before calling Supabase.instance
loadVerifiedStreamersFromBackend failed: Bad state: Backend unavailable
_refreshAcademicCategories failed: Bad state: Backend unavailable
Realtime public streamer subscription failed: 'package:supabase_flutter/src/supabase.dart': Failed assertion: line 45 pos 7: '_instance._isInitialized': You must initialize the supabase instance before calling Supabase.instance
Realtime academic_categories subscription failed: 'package:supabase_flutter/src/supabase.dart': Failed assertion: line 45 pos 7: '_instance._isInitialized': You must initialize the supabase instance before calling Supabase.instance
Supabase auth listener not attached (Supabase not initialized?): 'package:supabase_flutter/src/supabase.dart': Failed assertion: line 45 pos 7: '_instance._isInitialized': You must initialize the supabase instance before calling Supabase.instance
loadVerifiedStreamersFromBackend failed: Bad state: Backend unavailable
_refreshAcademicCategories failed: Bad state: Backend unavailable
Realtime public streamer subscription failed: 'package:supabase_flutter/src/supabase.dart': Failed assertion: line 45 pos 7: '_instance._isInitialized': You must initialize the supabase instance before calling Supabase.instance
Realtime academic_categories subscription failed: 'package:supabase_flutter/src/supabase.dart': Failed assertion: line 45 pos 7: '_instance._isInitialized': You must initialize the supabase instance before calling Supabase.instance
Supabase auth listener not attached (Supabase not initialized?): 'package:supabase_flutter/src/supabase.dart': Failed assertion: line 45 pos 7: '_instance._isInitialized': You must initialize the supabase instance before calling Supabase.instance
loadVerifiedStreamersFromBackend failed: Bad state: Backend unavailable
_refreshAcademicCategories failed: Bad state: Backend unavailable
Realtime public streamer subscription failed: 'package:supabase_flutter/src/supabase.dart': Failed assertion: line 45 pos 7: '_instance._isInitialized': You must initialize the supabase instance before calling Supabase.instance
Realtime academic_categories subscription failed: 'package:supabase_flutter/src/supabase.dart': Failed assertion: line 45 pos 7: '_instance._isInitialized': You must initialize the supabase instance before calling Supabase.instance
Supabase auth listener not attached (Supabase not initialized?): 'package:supabase_flutter/src/supabase.dart': Failed assertion: line 45 pos 7: '_instance._isInitialized': You must initialize the supabase instance before calling Supabase.instance
loadVerifiedStreamersFromBackend failed: Bad state: Backend unavailable
_refreshAcademicCategories failed: Bad state: Backend unavailable
Realtime public streamer subscription failed: 'package:supabase_flutter/src/supabase.dart': Failed assertion: line 45 pos 7: '_instance._isInitialized': You must initialize the supabase instance before calling Supabase.instance
Realtime academic_categories subscription failed: 'package:supabase_flutter/src/supabase.dart': Failed assertion: line 45 pos 7: '_instance._isInitialized': You must initialize the supabase instance before calling Supabase.instance
Supabase auth listener not attached (Supabase not initialized?): 'package:supabase_flutter/src/supabase.dart': Failed assertion: line 45 pos 7: '_instance._isInitialized': You must initialize the supabase instance before calling Supabase.instance
loadVerifiedStreamersFromBackend failed: Bad state: Backend unavailable
_refreshAcademicCategories failed: Bad state: Backend unavailable
Realtime public streamer subscription failed: 'package:supabase_flutter/src/supabase.dart': Failed assertion: line 45 pos 7: '_instance._isInitialized': You must initialize the supabase instance before calling Supabase.instance
Realtime academic_categories subscription failed: 'package:supabase_flutter/src/supabase.dart': Failed assertion: line 45 pos 7: '_instance._isInitialized': You must initialize the supabase instance before calling Supabase.instance
Supabase auth listener not attached (Supabase not initialized?): 'package:supabase_flutter/src/supabase.dart': Failed assertion: line 45 pos 7: '_instance._isInitialized': You must initialize the supabase instance before calling Supabase.instance
loadVerifiedStreamersFromBackend failed: Bad state: Backend unavailable
_refreshAcademicCategories failed: Bad state: Backend unavailable
Realtime public streamer subscription failed: 'package:supabase_flutter/src/supabase.dart': Failed assertion: line 45 pos 7: '_instance._isInitialized': You must initialize the supabase instance before calling Supabase.instance
Realtime academic_categories subscription failed: 'package:supabase_flutter/src/supabase.dart': Failed assertion: line 45 pos 7: '_instance._isInitialized': You must initialize the supabase instance before calling Supabase.instance
Supabase auth listener not attached (Supabase not initialized?): 'package:supabase_flutter/src/supabase.dart': Failed assertion: line 45 pos 7: '_instance._isInitialized': You must initialize the supabase instance before calling Supabase.instance
loadVerifiedStreamersFromBackend failed: Bad state: Backend unavailable
_refreshAcademicCategories failed: Bad state: Backend unavailable
Realtime public streamer subscription failed: 'package:supabase_flutter/src/supabase.dart': Failed assertion: line 45 pos 7: '_instance._isInitialized': You must initialize the supabase instance before calling Supabase.instance
Realtime academic_categories subscription failed: 'package:supabase_flutter/src/supabase.dart': Failed assertion: line 45 pos 7: '_instance._isInitialized': You must initialize the supabase instance before calling Supabase.instance
Supabase auth listener not attached (Supabase not initialized?): 'package:supabase_flutter/src/supabase.dart': Failed assertion: line 45 pos 7: '_instance._isInitialized': You must initialize the supabase instance before calling Supabase.instance
loadVerifiedStreamersFromBackend failed: Bad state: Backend unavailable
_refreshAcademicCategories failed: Bad state: Backend unavailable
Realtime public streamer subscription failed: 'package:supabase_flutter/src/supabase.dart': Failed assertion: line 45 pos 7: '_instance._isInitialized': You must initialize the supabase instance before calling Supabase.instance
Realtime academic_categories subscription failed: 'package:supabase_flutter/src/supabase.dart': Failed assertion: line 45 pos 7: '_instance._isInitialized': You must initialize the supabase instance before calling Supabase.instance
Supabase auth listener not attached (Supabase not initialized?): 'package:supabase_flutter/src/supabase.dart': Failed assertion: line 45 pos 7: '_instance._isInitialized': You must initialize the supabase instance before calling Supabase.instance
loadVerifiedStreamersFromBackend failed: Bad state: Backend unavailable
_refreshAcademicCategories failed: Bad state: Backend unavailable
Realtime public streamer subscription failed: 'package:supabase_flutter/src/supabase.dart': Failed assertion: line 45 pos 7: '_instance._isInitialized': You must initialize the supabase instance before calling Supabase.instance
Realtime academic_categories subscription failed: 'package:supabase_flutter/src/supabase.dart': Failed assertion: line 45 pos 7: '_instance._isInitialized': You must initialize the supabase instance before calling Supabase.instance
Supabase auth listener not attached (Supabase not initialized?): 'package:supabase_flutter/src/supabase.dart': Failed assertion: line 45 pos 7: '_instance._isInitialized': You must initialize the supabase instance before calling Supabase.instance
loadVerifiedStreamersFromBackend failed: Bad state: Backend unavailable
_refreshAcademicCategories failed: Bad state: Backend unavailable
Realtime public streamer subscription failed: 'package:supabase_flutter/src/supabase.dart': Failed assertion: line 45 pos 7: '_instance._isInitialized': You must initialize the supabase instance before calling Supabase.instance
Realtime academic_categories subscription failed: 'package:supabase_flutter/src/supabase.dart': Failed assertion: line 45 pos 7: '_instance._isInitialized': You must initialize the supabase instance before calling Supabase.instance
Supabase auth listener not attached (Supabase not initialized?): 'package:supabase_flutter/src/supabase.dart': Failed assertion: line 45 pos 7: '_instance._isInitialized': You must initialize the supabase instance before calling Supabase.instance
loadVerifiedStreamersFromBackend failed: Bad state: Backend unavailable
_refreshAcademicCategories failed: Bad state: Backend unavailable
Realtime public streamer subscription failed: 'package:supabase_flutter/src/supabase.dart': Failed assertion: line 45 pos 7: '_instance._isInitialized': You must initialize the supabase instance before calling Supabase.instance
Realtime academic_categories subscription failed: 'package:supabase_flutter/src/supabase.dart': Failed assertion: line 45 pos 7: '_instance._isInitialized': You must initialize the supabase instance before calling Supabase.instance
Supabase auth listener not attached (Supabase not initialized?): 'package:supabase_flutter/src/supabase.dart': Failed assertion: line 45 pos 7: '_instance._isInitialized': You must initialize the supabase instance before calling Supabase.instance
loadVerifiedStreamersFromBackend failed: Bad state: Backend unavailable
_refreshAcademicCategories failed: Bad state: Backend unavailable
Realtime public streamer subscription failed: 'package:supabase_flutter/src/supabase.dart': Failed assertion: line 45 pos 7: '_instance._isInitialized': You must initialize the supabase instance before calling Supabase.instance
Realtime academic_categories subscription failed: 'package:supabase_flutter/src/supabase.dart': Failed assertion: line 45 pos 7: '_instance._isInitialized': You must initialize the supabase instance before calling Supabase.instance
Supabase auth listener not attached (Supabase not initialized?): 'package:supabase_flutter/src/supabase.dart': Failed assertion: line 45 pos 7: '_instance._isInitialized': You must initialize the supabase instance before calling Supabase.instance
loadVerifiedStreamersFromBackend failed: Bad state: Backend unavailable
_refreshAcademicCategories failed: Bad state: Backend unavailable
Realtime public streamer subscription failed: 'package:supabase_flutter/src/supabase.dart': Failed assertion: line 45 pos 7: '_instance._isInitialized': You must initialize the supabase instance before calling Supabase.instance
Realtime academic_categories subscription failed: 'package:supabase_flutter/src/supabase.dart': Failed assertion: line 45 pos 7: '_instance._isInitialized': You must initialize the supabase instance before calling Supabase.instance
Supabase auth listener not attached (Supabase not initialized?): 'package:supabase_flutter/src/supabase.dart': Failed assertion: line 45 pos 7: '_instance._isInitialized': You must initialize the supabase instance before calling Supabase.instance
loadVerifiedStreamersFromBackend failed: Bad state: Backend unavailable
_refreshAcademicCategories failed: Bad state: Backend unavailable
Realtime public streamer subscription failed: 'package:supabase_flutter/src/supabase.dart': Failed assertion: line 45 pos 7: '_instance._isInitialized': You must initialize the supabase instance before calling Supabase.instance
Realtime academic_categories subscription failed: 'package:supabase_flutter/src/supabase.dart': Failed assertion: line 45 pos 7: '_instance._isInitialized': You must initialize the supabase instance before calling Supabase.instance
Supabase auth listener not attached (Supabase not initialized?): 'package:supabase_flutter/src/supabase.dart': Failed assertion: line 45 pos 7: '_instance._isInitialized': You must initialize the supabase instance before calling Supabase.instance
loadVerifiedStreamersFromBackend failed: Bad state: Backend unavailable
_refreshAcademicCategories failed: Bad state: Backend unavailable
Realtime public streamer subscription failed: 'package:supabase_flutter/src/supabase.dart': Failed assertion: line 45 pos 7: '_instance._isInitialized': You must initialize the supabase instance before calling Supabase.instance
Realtime academic_categories subscription failed: 'package:supabase_flutter/src/supabase.dart': Failed assertion: line 45 pos 7: '_instance._isInitialized': You must initialize the supabase instance before calling Supabase.instance
Supabase auth listener not attached (Supabase not initialized?): 'package:supabase_flutter/src/supabase.dart': Failed assertion: line 45 pos 7: '_instance._isInitialized': You must initialize the supabase instance before calling Supabase.instance
loadVerifiedStreamersFromBackend failed: Bad state: Backend unavailable
_refreshAcademicCategories failed: Bad state: Backend unavailable
Realtime public streamer subscription failed: 'package:supabase_flutter/src/supabase.dart': Failed assertion: line 45 pos 7: '_instance._isInitialized': You must initialize the supabase instance before calling Supabase.instance
Realtime academic_categories subscription failed: 'package:supabase_flutter/src/supabase.dart': Failed assertion: line 45 pos 7: '_instance._isInitialized': You must initialize the supabase instance before calling Supabase.instance
Supabase auth listener not attached (Supabase not initialized?): 'package:supabase_flutter/src/supabase.dart': Failed assertion: line 45 pos 7: '_instance._isInitialized': You must initialize the supabase instance before calling Supabase.instance
loadVerifiedStreamersFromBackend failed: Bad state: Backend unavailable
_refreshAcademicCategories failed: Bad state: Backend unavailable
00:56 +38: C:/Users/User/.codex/worktrees/hadayah-wave4v2-integration/Streamer_app/project/test/layout_sweep_test.dart: wizard organization 3 en at all sizes and text scales
Realtime public streamer subscription failed: 'package:supabase_flutter/src/supabase.dart': Failed assertion: line 45 pos 7: '_instance._isInitialized': You must initialize the supabase instance before calling Supabase.instance
Realtime academic_categories subscription failed: 'package:supabase_flutter/src/supabase.dart': Failed assertion: line 45 pos 7: '_instance._isInitialized': You must initialize the supabase instance before calling Supabase.instance
Supabase auth listener not attached (Supabase not initialized?): 'package:supabase_flutter/src/supabase.dart': Failed assertion: line 45 pos 7: '_instance._isInitialized': You must initialize the supabase instance before calling Supabase.instance
loadVerifiedStreamersFromBackend failed: Bad state: Backend unavailable
_refreshAcademicCategories failed: Bad state: Backend unavailable
Realtime public streamer subscription failed: 'package:supabase_flutter/src/supabase.dart': Failed assertion: line 45 pos 7: '_instance._isInitialized': You must initialize the supabase instance before calling Supabase.instance
Realtime academic_categories subscription failed: 'package:supabase_flutter/src/supabase.dart': Failed assertion: line 45 pos 7: '_instance._isInitialized': You must initialize the supabase instance before calling Supabase.instance
Supabase auth listener not attached (Supabase not initialized?): 'package:supabase_flutter/src/supabase.dart': Failed assertion: line 45 pos 7: '_instance._isInitialized': You must initialize the supabase instance before calling Supabase.instance
loadVerifiedStreamersFromBackend failed: Bad state: Backend unavailable
_refreshAcademicCategories failed: Bad state: Backend unavailable
Realtime public streamer subscription failed: 'package:supabase_flutter/src/supabase.dart': Failed assertion: line 45 pos 7: '_instance._isInitialized': You must initialize the supabase instance before calling Supabase.instance
Realtime academic_categories subscription failed: 'package:supabase_flutter/src/supabase.dart': Failed assertion: line 45 pos 7: '_instance._isInitialized': You must initialize the supabase instance before calling Supabase.instance
Supabase auth listener not attached (Supabase not initialized?): 'package:supabase_flutter/src/supabase.dart': Failed assertion: line 45 pos 7: '_instance._isInitialized': You must initialize the supabase instance before calling Supabase.instance
loadVerifiedStreamersFromBackend failed: Bad state: Backend unavailable
_refreshAcademicCategories failed: Bad state: Backend unavailable
Realtime public streamer subscription failed: 'package:supabase_flutter/src/supabase.dart': Failed assertion: line 45 pos 7: '_instance._isInitialized': You must initialize the supabase instance before calling Supabase.instance
Realtime academic_categories subscription failed: 'package:supabase_flutter/src/supabase.dart': Failed assertion: line 45 pos 7: '_instance._isInitialized': You must initialize the supabase instance before calling Supabase.instance
Supabase auth listener not attached (Supabase not initialized?): 'package:supabase_flutter/src/supabase.dart': Failed assertion: line 45 pos 7: '_instance._isInitialized': You must initialize the supabase instance before calling Supabase.instance
loadVerifiedStreamersFromBackend failed: Bad state: Backend unavailable
_refreshAcademicCategories failed: Bad state: Backend unavailable
Realtime public streamer subscription failed: 'package:supabase_flutter/src/supabase.dart': Failed assertion: line 45 pos 7: '_instance._isInitialized': You must initialize the supabase instance before calling Supabase.instance
Realtime academic_categories subscription failed: 'package:supabase_flutter/src/supabase.dart': Failed assertion: line 45 pos 7: '_instance._isInitialized': You must initialize the supabase instance before calling Supabase.instance
Supabase auth listener not attached (Supabase not initialized?): 'package:supabase_flutter/src/supabase.dart': Failed assertion: line 45 pos 7: '_instance._isInitialized': You must initialize the supabase instance before calling Supabase.instance
loadVerifiedStreamersFromBackend failed: Bad state: Backend unavailable
_refreshAcademicCategories failed: Bad state: Backend unavailable
Realtime public streamer subscription failed: 'package:supabase_flutter/src/supabase.dart': Failed assertion: line 45 pos 7: '_instance._isInitialized': You must initialize the supabase instance before calling Supabase.instance
Realtime academic_categories subscription failed: 'package:supabase_flutter/src/supabase.dart': Failed assertion: line 45 pos 7: '_instance._isInitialized': You must initialize the supabase instance before calling Supabase.instance
Supabase auth listener not attached (Supabase not initialized?): 'package:supabase_flutter/src/supabase.dart': Failed assertion: line 45 pos 7: '_instance._isInitialized': You must initialize the supabase instance before calling Supabase.instance
loadVerifiedStreamersFromBackend failed: Bad state: Backend unavailable
_refreshAcademicCategories failed: Bad state: Backend unavailable
Realtime public streamer subscription failed: 'package:supabase_flutter/src/supabase.dart': Failed assertion: line 45 pos 7: '_instance._isInitialized': You must initialize the supabase instance before calling Supabase.instance
Realtime academic_categories subscription failed: 'package:supabase_flutter/src/supabase.dart': Failed assertion: line 45 pos 7: '_instance._isInitialized': You must initialize the supabase instance before calling Supabase.instance
Supabase auth listener not attached (Supabase not initialized?): 'package:supabase_flutter/src/supabase.dart': Failed assertion: line 45 pos 7: '_instance._isInitialized': You must initialize the supabase instance before calling Supabase.instance
loadVerifiedStreamersFromBackend failed: Bad state: Backend unavailable
_refreshAcademicCategories failed: Bad state: Backend unavailable
Realtime public streamer subscription failed: 'package:supabase_flutter/src/supabase.dart': Failed assertion: line 45 pos 7: '_instance._isInitialized': You must initialize the supabase instance before calling Supabase.instance
Realtime academic_categories subscription failed: 'package:supabase_flutter/src/supabase.dart': Failed assertion: line 45 pos 7: '_instance._isInitialized': You must initialize the supabase instance before calling Supabase.instance
Supabase auth listener not attached (Supabase not initialized?): 'package:supabase_flutter/src/supabase.dart': Failed assertion: line 45 pos 7: '_instance._isInitialized': You must initialize the supabase instance before calling Supabase.instance
loadVerifiedStreamersFromBackend failed: Bad state: Backend unavailable
_refreshAcademicCategories failed: Bad state: Backend unavailable
Realtime public streamer subscription failed: 'package:supabase_flutter/src/supabase.dart': Failed assertion: line 45 pos 7: '_instance._isInitialized': You must initialize the supabase instance before calling Supabase.instance
Realtime academic_categories subscription failed: 'package:supabase_flutter/src/supabase.dart': Failed assertion: line 45 pos 7: '_instance._isInitialized': You must initialize the supabase instance before calling Supabase.instance
Supabase auth listener not attached (Supabase not initialized?): 'package:supabase_flutter/src/supabase.dart': Failed assertion: line 45 pos 7: '_instance._isInitialized': You must initialize the supabase instance before calling Supabase.instance
loadVerifiedStreamersFromBackend failed: Bad state: Backend unavailable
_refreshAcademicCategories failed: Bad state: Backend unavailable
Realtime public streamer subscription failed: 'package:supabase_flutter/src/supabase.dart': Failed assertion: line 45 pos 7: '_instance._isInitialized': You must initialize the supabase instance before calling Supabase.instance
Realtime academic_categories subscription failed: 'package:supabase_flutter/src/supabase.dart': Failed assertion: line 45 pos 7: '_instance._isInitialized': You must initialize the supabase instance before calling Supabase.instance
Supabase auth listener not attached (Supabase not initialized?): 'package:supabase_flutter/src/supabase.dart': Failed assertion: line 45 pos 7: '_instance._isInitialized': You must initialize the supabase instance before calling Supabase.instance
loadVerifiedStreamersFromBackend failed: Bad state: Backend unavailable
_refreshAcademicCategories failed: Bad state: Backend unavailable
Realtime public streamer subscription failed: 'package:supabase_flutter/src/supabase.dart': Failed assertion: line 45 pos 7: '_instance._isInitialized': You must initialize the supabase instance before calling Supabase.instance
Realtime academic_categories subscription failed: 'package:supabase_flutter/src/supabase.dart': Failed assertion: line 45 pos 7: '_instance._isInitialized': You must initialize the supabase instance before calling Supabase.instance
Supabase auth listener not attached (Supabase not initialized?): 'package:supabase_flutter/src/supabase.dart': Failed assertion: line 45 pos 7: '_instance._isInitialized': You must initialize the supabase instance before calling Supabase.instance
loadVerifiedStreamersFromBackend failed: Bad state: Backend unavailable
_refreshAcademicCategories failed: Bad state: Backend unavailable
Realtime public streamer subscription failed: 'package:supabase_flutter/src/supabase.dart': Failed assertion: line 45 pos 7: '_instance._isInitialized': You must initialize the supabase instance before calling Supabase.instance
Realtime academic_categories subscription failed: 'package:supabase_flutter/src/supabase.dart': Failed assertion: line 45 pos 7: '_instance._isInitialized': You must initialize the supabase instance before calling Supabase.instance
Supabase auth listener not attached (Supabase not initialized?): 'package:supabase_flutter/src/supabase.dart': Failed assertion: line 45 pos 7: '_instance._isInitialized': You must initialize the supabase instance before calling Supabase.instance
loadVerifiedStreamersFromBackend failed: Bad state: Backend unavailable
_refreshAcademicCategories failed: Bad state: Backend unavailable
Realtime public streamer subscription failed: 'package:supabase_flutter/src/supabase.dart': Failed assertion: line 45 pos 7: '_instance._isInitialized': You must initialize the supabase instance before calling Supabase.instance
Realtime academic_categories subscription failed: 'package:supabase_flutter/src/supabase.dart': Failed assertion: line 45 pos 7: '_instance._isInitialized': You must initialize the supabase instance before calling Supabase.instance
Supabase auth listener not attached (Supabase not initialized?): 'package:supabase_flutter/src/supabase.dart': Failed assertion: line 45 pos 7: '_instance._isInitialized': You must initialize the supabase instance before calling Supabase.instance
loadVerifiedStreamersFromBackend failed: Bad state: Backend unavailable
_refreshAcademicCategories failed: Bad state: Backend unavailable
Realtime public streamer subscription failed: 'package:supabase_flutter/src/supabase.dart': Failed assertion: line 45 pos 7: '_instance._isInitialized': You must initialize the supabase instance before calling Supabase.instance
Realtime academic_categories subscription failed: 'package:supabase_flutter/src/supabase.dart': Failed assertion: line 45 pos 7: '_instance._isInitialized': You must initialize the supabase instance before calling Supabase.instance
Supabase auth listener not attached (Supabase not initialized?): 'package:supabase_flutter/src/supabase.dart': Failed assertion: line 45 pos 7: '_instance._isInitialized': You must initialize the supabase instance before calling Supabase.instance
loadVerifiedStreamersFromBackend failed: Bad state: Backend unavailable
_refreshAcademicCategories failed: Bad state: Backend unavailable
Realtime public streamer subscription failed: 'package:supabase_flutter/src/supabase.dart': Failed assertion: line 45 pos 7: '_instance._isInitialized': You must initialize the supabase instance before calling Supabase.instance
Realtime academic_categories subscription failed: 'package:supabase_flutter/src/supabase.dart': Failed assertion: line 45 pos 7: '_instance._isInitialized': You must initialize the supabase instance before calling Supabase.instance
Supabase auth listener not attached (Supabase not initialized?): 'package:supabase_flutter/src/supabase.dart': Failed assertion: line 45 pos 7: '_instance._isInitialized': You must initialize the supabase instance before calling Supabase.instance
loadVerifiedStreamersFromBackend failed: Bad state: Backend unavailable
_refreshAcademicCategories failed: Bad state: Backend unavailable
Realtime public streamer subscription failed: 'package:supabase_flutter/src/supabase.dart': Failed assertion: line 45 pos 7: '_instance._isInitialized': You must initialize the supabase instance before calling Supabase.instance
Realtime academic_categories subscription failed: 'package:supabase_flutter/src/supabase.dart': Failed assertion: line 45 pos 7: '_instance._isInitialized': You must initialize the supabase instance before calling Supabase.instance
Supabase auth listener not attached (Supabase not initialized?): 'package:supabase_flutter/src/supabase.dart': Failed assertion: line 45 pos 7: '_instance._isInitialized': You must initialize the supabase instance before calling Supabase.instance
loadVerifiedStreamersFromBackend failed: Bad state: Backend unavailable
_refreshAcademicCategories failed: Bad state: Backend unavailable
Realtime public streamer subscription failed: 'package:supabase_flutter/src/supabase.dart': Failed assertion: line 45 pos 7: '_instance._isInitialized': You must initialize the supabase instance before calling Supabase.instance
Realtime academic_categories subscription failed: 'package:supabase_flutter/src/supabase.dart': Failed assertion: line 45 pos 7: '_instance._isInitialized': You must initialize the supabase instance before calling Supabase.instance
Supabase auth listener not attached (Supabase not initialized?): 'package:supabase_flutter/src/supabase.dart': Failed assertion: line 45 pos 7: '_instance._isInitialized': You must initialize the supabase instance before calling Supabase.instance
loadVerifiedStreamersFromBackend failed: Bad state: Backend unavailable
_refreshAcademicCategories failed: Bad state: Backend unavailable
Realtime public streamer subscription failed: 'package:supabase_flutter/src/supabase.dart': Failed assertion: line 45 pos 7: '_instance._isInitialized': You must initialize the supabase instance before calling Supabase.instance
Realtime academic_categories subscription failed: 'package:supabase_flutter/src/supabase.dart': Failed assertion: line 45 pos 7: '_instance._isInitialized': You must initialize the supabase instance before calling Supabase.instance
Supabase auth listener not attached (Supabase not initialized?): 'package:supabase_flutter/src/supabase.dart': Failed assertion: line 45 pos 7: '_instance._isInitialized': You must initialize the supabase instance before calling Supabase.instance
loadVerifiedStreamersFromBackend failed: Bad state: Backend unavailable
_refreshAcademicCategories failed: Bad state: Backend unavailable
Realtime public streamer subscription failed: 'package:supabase_flutter/src/supabase.dart': Failed assertion: line 45 pos 7: '_instance._isInitialized': You must initialize the supabase instance before calling Supabase.instance
Realtime academic_categories subscription failed: 'package:supabase_flutter/src/supabase.dart': Failed assertion: line 45 pos 7: '_instance._isInitialized': You must initialize the supabase instance before calling Supabase.instance
Supabase auth listener not attached (Supabase not initialized?): 'package:supabase_flutter/src/supabase.dart': Failed assertion: line 45 pos 7: '_instance._isInitialized': You must initialize the supabase instance before calling Supabase.instance
loadVerifiedStreamersFromBackend failed: Bad state: Backend unavailable
_refreshAcademicCategories failed: Bad state: Backend unavailable
Realtime public streamer subscription failed: 'package:supabase_flutter/src/supabase.dart': Failed assertion: line 45 pos 7: '_instance._isInitialized': You must initialize the supabase instance before calling Supabase.instance
Realtime academic_categories subscription failed: 'package:supabase_flutter/src/supabase.dart': Failed assertion: line 45 pos 7: '_instance._isInitialized': You must initialize the supabase instance before calling Supabase.instance
Supabase auth listener not attached (Supabase not initialized?): 'package:supabase_flutter/src/supabase.dart': Failed assertion: line 45 pos 7: '_instance._isInitialized': You must initialize the supabase instance before calling Supabase.instance
loadVerifiedStreamersFromBackend failed: Bad state: Backend unavailable
_refreshAcademicCategories failed: Bad state: Backend unavailable
Realtime public streamer subscription failed: 'package:supabase_flutter/src/supabase.dart': Failed assertion: line 45 pos 7: '_instance._isInitialized': You must initialize the supabase instance before calling Supabase.instance
Realtime academic_categories subscription failed: 'package:supabase_flutter/src/supabase.dart': Failed assertion: line 45 pos 7: '_instance._isInitialized': You must initialize the supabase instance before calling Supabase.instance
Supabase auth listener not attached (Supabase not initialized?): 'package:supabase_flutter/src/supabase.dart': Failed assertion: line 45 pos 7: '_instance._isInitialized': You must initialize the supabase instance before calling Supabase.instance
loadVerifiedStreamersFromBackend failed: Bad state: Backend unavailable
_refreshAcademicCategories failed: Bad state: Backend unavailable
00:58 +39: C:/Users/User/.codex/worktrees/hadayah-wave4v2-integration/Streamer_app/project/test/layout_sweep_test.dart: wizard organization 3 ar at all sizes and text scales
Realtime public streamer subscription failed: 'package:supabase_flutter/src/supabase.dart': Failed assertion: line 45 pos 7: '_instance._isInitialized': You must initialize the supabase instance before calling Supabase.instance
Realtime academic_categories subscription failed: 'package:supabase_flutter/src/supabase.dart': Failed assertion: line 45 pos 7: '_instance._isInitialized': You must initialize the supabase instance before calling Supabase.instance
Supabase auth listener not attached (Supabase not initialized?): 'package:supabase_flutter/src/supabase.dart': Failed assertion: line 45 pos 7: '_instance._isInitialized': You must initialize the supabase instance before calling Supabase.instance
loadVerifiedStreamersFromBackend failed: Bad state: Backend unavailable
_refreshAcademicCategories failed: Bad state: Backend unavailable
Realtime public streamer subscription failed: 'package:supabase_flutter/src/supabase.dart': Failed assertion: line 45 pos 7: '_instance._isInitialized': You must initialize the supabase instance before calling Supabase.instance
Realtime academic_categories subscription failed: 'package:supabase_flutter/src/supabase.dart': Failed assertion: line 45 pos 7: '_instance._isInitialized': You must initialize the supabase instance before calling Supabase.instance
Supabase auth listener not attached (Supabase not initialized?): 'package:supabase_flutter/src/supabase.dart': Failed assertion: line 45 pos 7: '_instance._isInitialized': You must initialize the supabase instance before calling Supabase.instance
loadVerifiedStreamersFromBackend failed: Bad state: Backend unavailable
_refreshAcademicCategories failed: Bad state: Backend unavailable
Realtime public streamer subscription failed: 'package:supabase_flutter/src/supabase.dart': Failed assertion: line 45 pos 7: '_instance._isInitialized': You must initialize the supabase instance before calling Supabase.instance
Realtime academic_categories subscription failed: 'package:supabase_flutter/src/supabase.dart': Failed assertion: line 45 pos 7: '_instance._isInitialized': You must initialize the supabase instance before calling Supabase.instance
Supabase auth listener not attached (Supabase not initialized?): 'package:supabase_flutter/src/supabase.dart': Failed assertion: line 45 pos 7: '_instance._isInitialized': You must initialize the supabase instance before calling Supabase.instance
loadVerifiedStreamersFromBackend failed: Bad state: Backend unavailable
_refreshAcademicCategories failed: Bad state: Backend unavailable
Realtime public streamer subscription failed: 'package:supabase_flutter/src/supabase.dart': Failed assertion: line 45 pos 7: '_instance._isInitialized': You must initialize the supabase instance before calling Supabase.instance
Realtime academic_categories subscription failed: 'package:supabase_flutter/src/supabase.dart': Failed assertion: line 45 pos 7: '_instance._isInitialized': You must initialize the supabase instance before calling Supabase.instance
Supabase auth listener not attached (Supabase not initialized?): 'package:supabase_flutter/src/supabase.dart': Failed assertion: line 45 pos 7: '_instance._isInitialized': You must initialize the supabase instance before calling Supabase.instance
loadVerifiedStreamersFromBackend failed: Bad state: Backend unavailable
_refreshAcademicCategories failed: Bad state: Backend unavailable
Realtime public streamer subscription failed: 'package:supabase_flutter/src/supabase.dart': Failed assertion: line 45 pos 7: '_instance._isInitialized': You must initialize the supabase instance before calling Supabase.instance
Realtime academic_categories subscription failed: 'package:supabase_flutter/src/supabase.dart': Failed assertion: line 45 pos 7: '_instance._isInitialized': You must initialize the supabase instance before calling Supabase.instance
Supabase auth listener not attached (Supabase not initialized?): 'package:supabase_flutter/src/supabase.dart': Failed assertion: line 45 pos 7: '_instance._isInitialized': You must initialize the supabase instance before calling Supabase.instance
loadVerifiedStreamersFromBackend failed: Bad state: Backend unavailable
_refreshAcademicCategories failed: Bad state: Backend unavailable
Realtime public streamer subscription failed: 'package:supabase_flutter/src/supabase.dart': Failed assertion: line 45 pos 7: '_instance._isInitialized': You must initialize the supabase instance before calling Supabase.instance
Realtime academic_categories subscription failed: 'package:supabase_flutter/src/supabase.dart': Failed assertion: line 45 pos 7: '_instance._isInitialized': You must initialize the supabase instance before calling Supabase.instance
Supabase auth listener not attached (Supabase not initialized?): 'package:supabase_flutter/src/supabase.dart': Failed assertion: line 45 pos 7: '_instance._isInitialized': You must initialize the supabase instance before calling Supabase.instance
loadVerifiedStreamersFromBackend failed: Bad state: Backend unavailable
_refreshAcademicCategories failed: Bad state: Backend unavailable
Realtime public streamer subscription failed: 'package:supabase_flutter/src/supabase.dart': Failed assertion: line 45 pos 7: '_instance._isInitialized': You must initialize the supabase instance before calling Supabase.instance
Realtime academic_categories subscription failed: 'package:supabase_flutter/src/supabase.dart': Failed assertion: line 45 pos 7: '_instance._isInitialized': You must initialize the supabase instance before calling Supabase.instance
Supabase auth listener not attached (Supabase not initialized?): 'package:supabase_flutter/src/supabase.dart': Failed assertion: line 45 pos 7: '_instance._isInitialized': You must initialize the supabase instance before calling Supabase.instance
loadVerifiedStreamersFromBackend failed: Bad state: Backend unavailable
_refreshAcademicCategories failed: Bad state: Backend unavailable
Realtime public streamer subscription failed: 'package:supabase_flutter/src/supabase.dart': Failed assertion: line 45 pos 7: '_instance._isInitialized': You must initialize the supabase instance before calling Supabase.instance
Realtime academic_categories subscription failed: 'package:supabase_flutter/src/supabase.dart': Failed assertion: line 45 pos 7: '_instance._isInitialized': You must initialize the supabase instance before calling Supabase.instance
Supabase auth listener not attached (Supabase not initialized?): 'package:supabase_flutter/src/supabase.dart': Failed assertion: line 45 pos 7: '_instance._isInitialized': You must initialize the supabase instance before calling Supabase.instance
loadVerifiedStreamersFromBackend failed: Bad state: Backend unavailable
_refreshAcademicCategories failed: Bad state: Backend unavailable
Realtime public streamer subscription failed: 'package:supabase_flutter/src/supabase.dart': Failed assertion: line 45 pos 7: '_instance._isInitialized': You must initialize the supabase instance before calling Supabase.instance
Realtime academic_categories subscription failed: 'package:supabase_flutter/src/supabase.dart': Failed assertion: line 45 pos 7: '_instance._isInitialized': You must initialize the supabase instance before calling Supabase.instance
Supabase auth listener not attached (Supabase not initialized?): 'package:supabase_flutter/src/supabase.dart': Failed assertion: line 45 pos 7: '_instance._isInitialized': You must initialize the supabase instance before calling Supabase.instance
loadVerifiedStreamersFromBackend failed: Bad state: Backend unavailable
_refreshAcademicCategories failed: Bad state: Backend unavailable
Realtime public streamer subscription failed: 'package:supabase_flutter/src/supabase.dart': Failed assertion: line 45 pos 7: '_instance._isInitialized': You must initialize the supabase instance before calling Supabase.instance
Realtime academic_categories subscription failed: 'package:supabase_flutter/src/supabase.dart': Failed assertion: line 45 pos 7: '_instance._isInitialized': You must initialize the supabase instance before calling Supabase.instance
Supabase auth listener not attached (Supabase not initialized?): 'package:supabase_flutter/src/supabase.dart': Failed assertion: line 45 pos 7: '_instance._isInitialized': You must initialize the supabase instance before calling Supabase.instance
loadVerifiedStreamersFromBackend failed: Bad state: Backend unavailable
_refreshAcademicCategories failed: Bad state: Backend unavailable
Realtime public streamer subscription failed: 'package:supabase_flutter/src/supabase.dart': Failed assertion: line 45 pos 7: '_instance._isInitialized': You must initialize the supabase instance before calling Supabase.instance
Realtime academic_categories subscription failed: 'package:supabase_flutter/src/supabase.dart': Failed assertion: line 45 pos 7: '_instance._isInitialized': You must initialize the supabase instance before calling Supabase.instance
Supabase auth listener not attached (Supabase not initialized?): 'package:supabase_flutter/src/supabase.dart': Failed assertion: line 45 pos 7: '_instance._isInitialized': You must initialize the supabase instance before calling Supabase.instance
loadVerifiedStreamersFromBackend failed: Bad state: Backend unavailable
_refreshAcademicCategories failed: Bad state: Backend unavailable
Realtime public streamer subscription failed: 'package:supabase_flutter/src/supabase.dart': Failed assertion: line 45 pos 7: '_instance._isInitialized': You must initialize the supabase instance before calling Supabase.instance
Realtime academic_categories subscription failed: 'package:supabase_flutter/src/supabase.dart': Failed assertion: line 45 pos 7: '_instance._isInitialized': You must initialize the supabase instance before calling Supabase.instance
Supabase auth listener not attached (Supabase not initialized?): 'package:supabase_flutter/src/supabase.dart': Failed assertion: line 45 pos 7: '_instance._isInitialized': You must initialize the supabase instance before calling Supabase.instance
loadVerifiedStreamersFromBackend failed: Bad state: Backend unavailable
_refreshAcademicCategories failed: Bad state: Backend unavailable
Realtime public streamer subscription failed: 'package:supabase_flutter/src/supabase.dart': Failed assertion: line 45 pos 7: '_instance._isInitialized': You must initialize the supabase instance before calling Supabase.instance
Realtime academic_categories subscription failed: 'package:supabase_flutter/src/supabase.dart': Failed assertion: line 45 pos 7: '_instance._isInitialized': You must initialize the supabase instance before calling Supabase.instance
Supabase auth listener not attached (Supabase not initialized?): 'package:supabase_flutter/src/supabase.dart': Failed assertion: line 45 pos 7: '_instance._isInitialized': You must initialize the supabase instance before calling Supabase.instance
loadVerifiedStreamersFromBackend failed: Bad state: Backend unavailable
_refreshAcademicCategories failed: Bad state: Backend unavailable
Realtime public streamer subscription failed: 'package:supabase_flutter/src/supabase.dart': Failed assertion: line 45 pos 7: '_instance._isInitialized': You must initialize the supabase instance before calling Supabase.instance
Realtime academic_categories subscription failed: 'package:supabase_flutter/src/supabase.dart': Failed assertion: line 45 pos 7: '_instance._isInitialized': You must initialize the supabase instance before calling Supabase.instance
Supabase auth listener not attached (Supabase not initialized?): 'package:supabase_flutter/src/supabase.dart': Failed assertion: line 45 pos 7: '_instance._isInitialized': You must initialize the supabase instance before calling Supabase.instance
loadVerifiedStreamersFromBackend failed: Bad state: Backend unavailable
_refreshAcademicCategories failed: Bad state: Backend unavailable
Realtime public streamer subscription failed: 'package:supabase_flutter/src/supabase.dart': Failed assertion: line 45 pos 7: '_instance._isInitialized': You must initialize the supabase instance before calling Supabase.instance
Realtime academic_categories subscription failed: 'package:supabase_flutter/src/supabase.dart': Failed assertion: line 45 pos 7: '_instance._isInitialized': You must initialize the supabase instance before calling Supabase.instance
Supabase auth listener not attached (Supabase not initialized?): 'package:supabase_flutter/src/supabase.dart': Failed assertion: line 45 pos 7: '_instance._isInitialized': You must initialize the supabase instance before calling Supabase.instance
loadVerifiedStreamersFromBackend failed: Bad state: Backend unavailable
_refreshAcademicCategories failed: Bad state: Backend unavailable
Realtime public streamer subscription failed: 'package:supabase_flutter/src/supabase.dart': Failed assertion: line 45 pos 7: '_instance._isInitialized': You must initialize the supabase instance before calling Supabase.instance
Realtime academic_categories subscription failed: 'package:supabase_flutter/src/supabase.dart': Failed assertion: line 45 pos 7: '_instance._isInitialized': You must initialize the supabase instance before calling Supabase.instance
Supabase auth listener not attached (Supabase not initialized?): 'package:supabase_flutter/src/supabase.dart': Failed assertion: line 45 pos 7: '_instance._isInitialized': You must initialize the supabase instance before calling Supabase.instance
loadVerifiedStreamersFromBackend failed: Bad state: Backend unavailable
_refreshAcademicCategories failed: Bad state: Backend unavailable
Realtime public streamer subscription failed: 'package:supabase_flutter/src/supabase.dart': Failed assertion: line 45 pos 7: '_instance._isInitialized': You must initialize the supabase instance before calling Supabase.instance
Realtime academic_categories subscription failed: 'package:supabase_flutter/src/supabase.dart': Failed assertion: line 45 pos 7: '_instance._isInitialized': You must initialize the supabase instance before calling Supabase.instance
Supabase auth listener not attached (Supabase not initialized?): 'package:supabase_flutter/src/supabase.dart': Failed assertion: line 45 pos 7: '_instance._isInitialized': You must initialize the supabase instance before calling Supabase.instance
loadVerifiedStreamersFromBackend failed: Bad state: Backend unavailable
_refreshAcademicCategories failed: Bad state: Backend unavailable
Realtime public streamer subscription failed: 'package:supabase_flutter/src/supabase.dart': Failed assertion: line 45 pos 7: '_instance._isInitialized': You must initialize the supabase instance before calling Supabase.instance
Realtime academic_categories subscription failed: 'package:supabase_flutter/src/supabase.dart': Failed assertion: line 45 pos 7: '_instance._isInitialized': You must initialize the supabase instance before calling Supabase.instance
Supabase auth listener not attached (Supabase not initialized?): 'package:supabase_flutter/src/supabase.dart': Failed assertion: line 45 pos 7: '_instance._isInitialized': You must initialize the supabase instance before calling Supabase.instance
loadVerifiedStreamersFromBackend failed: Bad state: Backend unavailable
_refreshAcademicCategories failed: Bad state: Backend unavailable
Realtime public streamer subscription failed: 'package:supabase_flutter/src/supabase.dart': Failed assertion: line 45 pos 7: '_instance._isInitialized': You must initialize the supabase instance before calling Supabase.instance
Realtime academic_categories subscription failed: 'package:supabase_flutter/src/supabase.dart': Failed assertion: line 45 pos 7: '_instance._isInitialized': You must initialize the supabase instance before calling Supabase.instance
Supabase auth listener not attached (Supabase not initialized?): 'package:supabase_flutter/src/supabase.dart': Failed assertion: line 45 pos 7: '_instance._isInitialized': You must initialize the supabase instance before calling Supabase.instance
loadVerifiedStreamersFromBackend failed: Bad state: Backend unavailable
_refreshAcademicCategories failed: Bad state: Backend unavailable
Realtime public streamer subscription failed: 'package:supabase_flutter/src/supabase.dart': Failed assertion: line 45 pos 7: '_instance._isInitialized': You must initialize the supabase instance before calling Supabase.instance
Realtime academic_categories subscription failed: 'package:supabase_flutter/src/supabase.dart': Failed assertion: line 45 pos 7: '_instance._isInitialized': You must initialize the supabase instance before calling Supabase.instance
Supabase auth listener not attached (Supabase not initialized?): 'package:supabase_flutter/src/supabase.dart': Failed assertion: line 45 pos 7: '_instance._isInitialized': You must initialize the supabase instance before calling Supabase.instance
loadVerifiedStreamersFromBackend failed: Bad state: Backend unavailable
_refreshAcademicCategories failed: Bad state: Backend unavailable
Realtime public streamer subscription failed: 'package:supabase_flutter/src/supabase.dart': Failed assertion: line 45 pos 7: '_instance._isInitialized': You must initialize the supabase instance before calling Supabase.instance
Realtime academic_categories subscription failed: 'package:supabase_flutter/src/supabase.dart': Failed assertion: line 45 pos 7: '_instance._isInitialized': You must initialize the supabase instance before calling Supabase.instance
Supabase auth listener not attached (Supabase not initialized?): 'package:supabase_flutter/src/supabase.dart': Failed assertion: line 45 pos 7: '_instance._isInitialized': You must initialize the supabase instance before calling Supabase.instance
loadVerifiedStreamersFromBackend failed: Bad state: Backend unavailable
_refreshAcademicCategories failed: Bad state: Backend unavailable
01:01 +40: C:/Users/User/.codex/worktrees/hadayah-wave4v2-integration/Streamer_app/project/test/layout_sweep_test.dart: wizard organization 4 en at all sizes and text scales
Realtime public streamer subscription failed: 'package:supabase_flutter/src/supabase.dart': Failed assertion: line 45 pos 7: '_instance._isInitialized': You must initialize the supabase instance before calling Supabase.instance
Realtime academic_categories subscription failed: 'package:supabase_flutter/src/supabase.dart': Failed assertion: line 45 pos 7: '_instance._isInitialized': You must initialize the supabase instance before calling Supabase.instance
Supabase auth listener not attached (Supabase not initialized?): 'package:supabase_flutter/src/supabase.dart': Failed assertion: line 45 pos 7: '_instance._isInitialized': You must initialize the supabase instance before calling Supabase.instance
loadVerifiedStreamersFromBackend failed: Bad state: Backend unavailable
_refreshAcademicCategories failed: Bad state: Backend unavailable
Realtime public streamer subscription failed: 'package:supabase_flutter/src/supabase.dart': Failed assertion: line 45 pos 7: '_instance._isInitialized': You must initialize the supabase instance before calling Supabase.instance
Realtime academic_categories subscription failed: 'package:supabase_flutter/src/supabase.dart': Failed assertion: line 45 pos 7: '_instance._isInitialized': You must initialize the supabase instance before calling Supabase.instance
Supabase auth listener not attached (Supabase not initialized?): 'package:supabase_flutter/src/supabase.dart': Failed assertion: line 45 pos 7: '_instance._isInitialized': You must initialize the supabase instance before calling Supabase.instance
loadVerifiedStreamersFromBackend failed: Bad state: Backend unavailable
_refreshAcademicCategories failed: Bad state: Backend unavailable
Realtime public streamer subscription failed: 'package:supabase_flutter/src/supabase.dart': Failed assertion: line 45 pos 7: '_instance._isInitialized': You must initialize the supabase instance before calling Supabase.instance
Realtime academic_categories subscription failed: 'package:supabase_flutter/src/supabase.dart': Failed assertion: line 45 pos 7: '_instance._isInitialized': You must initialize the supabase instance before calling Supabase.instance
Supabase auth listener not attached (Supabase not initialized?): 'package:supabase_flutter/src/supabase.dart': Failed assertion: line 45 pos 7: '_instance._isInitialized': You must initialize the supabase instance before calling Supabase.instance
loadVerifiedStreamersFromBackend failed: Bad state: Backend unavailable
_refreshAcademicCategories failed: Bad state: Backend unavailable
Realtime public streamer subscription failed: 'package:supabase_flutter/src/supabase.dart': Failed assertion: line 45 pos 7: '_instance._isInitialized': You must initialize the supabase instance before calling Supabase.instance
Realtime academic_categories subscription failed: 'package:supabase_flutter/src/supabase.dart': Failed assertion: line 45 pos 7: '_instance._isInitialized': You must initialize the supabase instance before calling Supabase.instance
Supabase auth listener not attached (Supabase not initialized?): 'package:supabase_flutter/src/supabase.dart': Failed assertion: line 45 pos 7: '_instance._isInitialized': You must initialize the supabase instance before calling Supabase.instance
loadVerifiedStreamersFromBackend failed: Bad state: Backend unavailable
_refreshAcademicCategories failed: Bad state: Backend unavailable
Realtime public streamer subscription failed: 'package:supabase_flutter/src/supabase.dart': Failed assertion: line 45 pos 7: '_instance._isInitialized': You must initialize the supabase instance before calling Supabase.instance
Realtime academic_categories subscription failed: 'package:supabase_flutter/src/supabase.dart': Failed assertion: line 45 pos 7: '_instance._isInitialized': You must initialize the supabase instance before calling Supabase.instance
Supabase auth listener not attached (Supabase not initialized?): 'package:supabase_flutter/src/supabase.dart': Failed assertion: line 45 pos 7: '_instance._isInitialized': You must initialize the supabase instance before calling Supabase.instance
loadVerifiedStreamersFromBackend failed: Bad state: Backend unavailable
_refreshAcademicCategories failed: Bad state: Backend unavailable
Realtime public streamer subscription failed: 'package:supabase_flutter/src/supabase.dart': Failed assertion: line 45 pos 7: '_instance._isInitialized': You must initialize the supabase instance before calling Supabase.instance
Realtime academic_categories subscription failed: 'package:supabase_flutter/src/supabase.dart': Failed assertion: line 45 pos 7: '_instance._isInitialized': You must initialize the supabase instance before calling Supabase.instance
Supabase auth listener not attached (Supabase not initialized?): 'package:supabase_flutter/src/supabase.dart': Failed assertion: line 45 pos 7: '_instance._isInitialized': You must initialize the supabase instance before calling Supabase.instance
loadVerifiedStreamersFromBackend failed: Bad state: Backend unavailable
_refreshAcademicCategories failed: Bad state: Backend unavailable
Realtime public streamer subscription failed: 'package:supabase_flutter/src/supabase.dart': Failed assertion: line 45 pos 7: '_instance._isInitialized': You must initialize the supabase instance before calling Supabase.instance
Realtime academic_categories subscription failed: 'package:supabase_flutter/src/supabase.dart': Failed assertion: line 45 pos 7: '_instance._isInitialized': You must initialize the supabase instance before calling Supabase.instance
Supabase auth listener not attached (Supabase not initialized?): 'package:supabase_flutter/src/supabase.dart': Failed assertion: line 45 pos 7: '_instance._isInitialized': You must initialize the supabase instance before calling Supabase.instance
loadVerifiedStreamersFromBackend failed: Bad state: Backend unavailable
_refreshAcademicCategories failed: Bad state: Backend unavailable
Realtime public streamer subscription failed: 'package:supabase_flutter/src/supabase.dart': Failed assertion: line 45 pos 7: '_instance._isInitialized': You must initialize the supabase instance before calling Supabase.instance
Realtime academic_categories subscription failed: 'package:supabase_flutter/src/supabase.dart': Failed assertion: line 45 pos 7: '_instance._isInitialized': You must initialize the supabase instance before calling Supabase.instance
Supabase auth listener not attached (Supabase not initialized?): 'package:supabase_flutter/src/supabase.dart': Failed assertion: line 45 pos 7: '_instance._isInitialized': You must initialize the supabase instance before calling Supabase.instance
loadVerifiedStreamersFromBackend failed: Bad state: Backend unavailable
_refreshAcademicCategories failed: Bad state: Backend unavailable
Realtime public streamer subscription failed: 'package:supabase_flutter/src/supabase.dart': Failed assertion: line 45 pos 7: '_instance._isInitialized': You must initialize the supabase instance before calling Supabase.instance
Realtime academic_categories subscription failed: 'package:supabase_flutter/src/supabase.dart': Failed assertion: line 45 pos 7: '_instance._isInitialized': You must initialize the supabase instance before calling Supabase.instance
Supabase auth listener not attached (Supabase not initialized?): 'package:supabase_flutter/src/supabase.dart': Failed assertion: line 45 pos 7: '_instance._isInitialized': You must initialize the supabase instance before calling Supabase.instance
loadVerifiedStreamersFromBackend failed: Bad state: Backend unavailable
_refreshAcademicCategories failed: Bad state: Backend unavailable
Realtime public streamer subscription failed: 'package:supabase_flutter/src/supabase.dart': Failed assertion: line 45 pos 7: '_instance._isInitialized': You must initialize the supabase instance before calling Supabase.instance
Realtime academic_categories subscription failed: 'package:supabase_flutter/src/supabase.dart': Failed assertion: line 45 pos 7: '_instance._isInitialized': You must initialize the supabase instance before calling Supabase.instance
Supabase auth listener not attached (Supabase not initialized?): 'package:supabase_flutter/src/supabase.dart': Failed assertion: line 45 pos 7: '_instance._isInitialized': You must initialize the supabase instance before calling Supabase.instance
loadVerifiedStreamersFromBackend failed: Bad state: Backend unavailable
_refreshAcademicCategories failed: Bad state: Backend unavailable
Realtime public streamer subscription failed: 'package:supabase_flutter/src/supabase.dart': Failed assertion: line 45 pos 7: '_instance._isInitialized': You must initialize the supabase instance before calling Supabase.instance
Realtime academic_categories subscription failed: 'package:supabase_flutter/src/supabase.dart': Failed assertion: line 45 pos 7: '_instance._isInitialized': You must initialize the supabase instance before calling Supabase.instance
Supabase auth listener not attached (Supabase not initialized?): 'package:supabase_flutter/src/supabase.dart': Failed assertion: line 45 pos 7: '_instance._isInitialized': You must initialize the supabase instance before calling Supabase.instance
loadVerifiedStreamersFromBackend failed: Bad state: Backend unavailable
_refreshAcademicCategories failed: Bad state: Backend unavailable
Realtime public streamer subscription failed: 'package:supabase_flutter/src/supabase.dart': Failed assertion: line 45 pos 7: '_instance._isInitialized': You must initialize the supabase instance before calling Supabase.instance
Realtime academic_categories subscription failed: 'package:supabase_flutter/src/supabase.dart': Failed assertion: line 45 pos 7: '_instance._isInitialized': You must initialize the supabase instance before calling Supabase.instance
Supabase auth listener not attached (Supabase not initialized?): 'package:supabase_flutter/src/supabase.dart': Failed assertion: line 45 pos 7: '_instance._isInitialized': You must initialize the supabase instance before calling Supabase.instance
loadVerifiedStreamersFromBackend failed: Bad state: Backend unavailable
_refreshAcademicCategories failed: Bad state: Backend unavailable
Realtime public streamer subscription failed: 'package:supabase_flutter/src/supabase.dart': Failed assertion: line 45 pos 7: '_instance._isInitialized': You must initialize the supabase instance before calling Supabase.instance
Realtime academic_categories subscription failed: 'package:supabase_flutter/src/supabase.dart': Failed assertion: line 45 pos 7: '_instance._isInitialized': You must initialize the supabase instance before calling Supabase.instance
Supabase auth listener not attached (Supabase not initialized?): 'package:supabase_flutter/src/supabase.dart': Failed assertion: line 45 pos 7: '_instance._isInitialized': You must initialize the supabase instance before calling Supabase.instance
loadVerifiedStreamersFromBackend failed: Bad state: Backend unavailable
_refreshAcademicCategories failed: Bad state: Backend unavailable
Realtime public streamer subscription failed: 'package:supabase_flutter/src/supabase.dart': Failed assertion: line 45 pos 7: '_instance._isInitialized': You must initialize the supabase instance before calling Supabase.instance
Realtime academic_categories subscription failed: 'package:supabase_flutter/src/supabase.dart': Failed assertion: line 45 pos 7: '_instance._isInitialized': You must initialize the supabase instance before calling Supabase.instance
Supabase auth listener not attached (Supabase not initialized?): 'package:supabase_flutter/src/supabase.dart': Failed assertion: line 45 pos 7: '_instance._isInitialized': You must initialize the supabase instance before calling Supabase.instance
loadVerifiedStreamersFromBackend failed: Bad state: Backend unavailable
_refreshAcademicCategories failed: Bad state: Backend unavailable
Realtime public streamer subscription failed: 'package:supabase_flutter/src/supabase.dart': Failed assertion: line 45 pos 7: '_instance._isInitialized': You must initialize the supabase instance before calling Supabase.instance
Realtime academic_categories subscription failed: 'package:supabase_flutter/src/supabase.dart': Failed assertion: line 45 pos 7: '_instance._isInitialized': You must initialize the supabase instance before calling Supabase.instance
Supabase auth listener not attached (Supabase not initialized?): 'package:supabase_flutter/src/supabase.dart': Failed assertion: line 45 pos 7: '_instance._isInitialized': You must initialize the supabase instance before calling Supabase.instance
loadVerifiedStreamersFromBackend failed: Bad state: Backend unavailable
_refreshAcademicCategories failed: Bad state: Backend unavailable
Realtime public streamer subscription failed: 'package:supabase_flutter/src/supabase.dart': Failed assertion: line 45 pos 7: '_instance._isInitialized': You must initialize the supabase instance before calling Supabase.instance
Realtime academic_categories subscription failed: 'package:supabase_flutter/src/supabase.dart': Failed assertion: line 45 pos 7: '_instance._isInitialized': You must initialize the supabase instance before calling Supabase.instance
Supabase auth listener not attached (Supabase not initialized?): 'package:supabase_flutter/src/supabase.dart': Failed assertion: line 45 pos 7: '_instance._isInitialized': You must initialize the supabase instance before calling Supabase.instance
loadVerifiedStreamersFromBackend failed: Bad state: Backend unavailable
_refreshAcademicCategories failed: Bad state: Backend unavailable
Realtime public streamer subscription failed: 'package:supabase_flutter/src/supabase.dart': Failed assertion: line 45 pos 7: '_instance._isInitialized': You must initialize the supabase instance before calling Supabase.instance
Realtime academic_categories subscription failed: 'package:supabase_flutter/src/supabase.dart': Failed assertion: line 45 pos 7: '_instance._isInitialized': You must initialize the supabase instance before calling Supabase.instance
Supabase auth listener not attached (Supabase not initialized?): 'package:supabase_flutter/src/supabase.dart': Failed assertion: line 45 pos 7: '_instance._isInitialized': You must initialize the supabase instance before calling Supabase.instance
loadVerifiedStreamersFromBackend failed: Bad state: Backend unavailable
_refreshAcademicCategories failed: Bad state: Backend unavailable
Realtime public streamer subscription failed: 'package:supabase_flutter/src/supabase.dart': Failed assertion: line 45 pos 7: '_instance._isInitialized': You must initialize the supabase instance before calling Supabase.instance
Realtime academic_categories subscription failed: 'package:supabase_flutter/src/supabase.dart': Failed assertion: line 45 pos 7: '_instance._isInitialized': You must initialize the supabase instance before calling Supabase.instance
Supabase auth listener not attached (Supabase not initialized?): 'package:supabase_flutter/src/supabase.dart': Failed assertion: line 45 pos 7: '_instance._isInitialized': You must initialize the supabase instance before calling Supabase.instance
loadVerifiedStreamersFromBackend failed: Bad state: Backend unavailable
_refreshAcademicCategories failed: Bad state: Backend unavailable
Realtime public streamer subscription failed: 'package:supabase_flutter/src/supabase.dart': Failed assertion: line 45 pos 7: '_instance._isInitialized': You must initialize the supabase instance before calling Supabase.instance
Realtime academic_categories subscription failed: 'package:supabase_flutter/src/supabase.dart': Failed assertion: line 45 pos 7: '_instance._isInitialized': You must initialize the supabase instance before calling Supabase.instance
Supabase auth listener not attached (Supabase not initialized?): 'package:supabase_flutter/src/supabase.dart': Failed assertion: line 45 pos 7: '_instance._isInitialized': You must initialize the supabase instance before calling Supabase.instance
loadVerifiedStreamersFromBackend failed: Bad state: Backend unavailable
_refreshAcademicCategories failed: Bad state: Backend unavailable
Realtime public streamer subscription failed: 'package:supabase_flutter/src/supabase.dart': Failed assertion: line 45 pos 7: '_instance._isInitialized': You must initialize the supabase instance before calling Supabase.instance
Realtime academic_categories subscription failed: 'package:supabase_flutter/src/supabase.dart': Failed assertion: line 45 pos 7: '_instance._isInitialized': You must initialize the supabase instance before calling Supabase.instance
Supabase auth listener not attached (Supabase not initialized?): 'package:supabase_flutter/src/supabase.dart': Failed assertion: line 45 pos 7: '_instance._isInitialized': You must initialize the supabase instance before calling Supabase.instance
loadVerifiedStreamersFromBackend failed: Bad state: Backend unavailable
_refreshAcademicCategories failed: Bad state: Backend unavailable
Realtime public streamer subscription failed: 'package:supabase_flutter/src/supabase.dart': Failed assertion: line 45 pos 7: '_instance._isInitialized': You must initialize the supabase instance before calling Supabase.instance
Realtime academic_categories subscription failed: 'package:supabase_flutter/src/supabase.dart': Failed assertion: line 45 pos 7: '_instance._isInitialized': You must initialize the supabase instance before calling Supabase.instance
Supabase auth listener not attached (Supabase not initialized?): 'package:supabase_flutter/src/supabase.dart': Failed assertion: line 45 pos 7: '_instance._isInitialized': You must initialize the supabase instance before calling Supabase.instance
loadVerifiedStreamersFromBackend failed: Bad state: Backend unavailable
_refreshAcademicCategories failed: Bad state: Backend unavailable
01:04 +41: C:/Users/User/.codex/worktrees/hadayah-wave4v2-integration/Streamer_app/project/test/layout_sweep_test.dart: wizard organization 4 ar at all sizes and text scales
Realtime public streamer subscription failed: 'package:supabase_flutter/src/supabase.dart': Failed assertion: line 45 pos 7: '_instance._isInitialized': You must initialize the supabase instance before calling Supabase.instance
Realtime academic_categories subscription failed: 'package:supabase_flutter/src/supabase.dart': Failed assertion: line 45 pos 7: '_instance._isInitialized': You must initialize the supabase instance before calling Supabase.instance
Supabase auth listener not attached (Supabase not initialized?): 'package:supabase_flutter/src/supabase.dart': Failed assertion: line 45 pos 7: '_instance._isInitialized': You must initialize the supabase instance before calling Supabase.instance
loadVerifiedStreamersFromBackend failed: Bad state: Backend unavailable
_refreshAcademicCategories failed: Bad state: Backend unavailable
Realtime public streamer subscription failed: 'package:supabase_flutter/src/supabase.dart': Failed assertion: line 45 pos 7: '_instance._isInitialized': You must initialize the supabase instance before calling Supabase.instance
Realtime academic_categories subscription failed: 'package:supabase_flutter/src/supabase.dart': Failed assertion: line 45 pos 7: '_instance._isInitialized': You must initialize the supabase instance before calling Supabase.instance
Supabase auth listener not attached (Supabase not initialized?): 'package:supabase_flutter/src/supabase.dart': Failed assertion: line 45 pos 7: '_instance._isInitialized': You must initialize the supabase instance before calling Supabase.instance
loadVerifiedStreamersFromBackend failed: Bad state: Backend unavailable
_refreshAcademicCategories failed: Bad state: Backend unavailable
Realtime public streamer subscription failed: 'package:supabase_flutter/src/supabase.dart': Failed assertion: line 45 pos 7: '_instance._isInitialized': You must initialize the supabase instance before calling Supabase.instance
Realtime academic_categories subscription failed: 'package:supabase_flutter/src/supabase.dart': Failed assertion: line 45 pos 7: '_instance._isInitialized': You must initialize the supabase instance before calling Supabase.instance
Supabase auth listener not attached (Supabase not initialized?): 'package:supabase_flutter/src/supabase.dart': Failed assertion: line 45 pos 7: '_instance._isInitialized': You must initialize the supabase instance before calling Supabase.instance
loadVerifiedStreamersFromBackend failed: Bad state: Backend unavailable
_refreshAcademicCategories failed: Bad state: Backend unavailable
Realtime public streamer subscription failed: 'package:supabase_flutter/src/supabase.dart': Failed assertion: line 45 pos 7: '_instance._isInitialized': You must initialize the supabase instance before calling Supabase.instance
Realtime academic_categories subscription failed: 'package:supabase_flutter/src/supabase.dart': Failed assertion: line 45 pos 7: '_instance._isInitialized': You must initialize the supabase instance before calling Supabase.instance
Supabase auth listener not attached (Supabase not initialized?): 'package:supabase_flutter/src/supabase.dart': Failed assertion: line 45 pos 7: '_instance._isInitialized': You must initialize the supabase instance before calling Supabase.instance
loadVerifiedStreamersFromBackend failed: Bad state: Backend unavailable
_refreshAcademicCategories failed: Bad state: Backend unavailable
Realtime public streamer subscription failed: 'package:supabase_flutter/src/supabase.dart': Failed assertion: line 45 pos 7: '_instance._isInitialized': You must initialize the supabase instance before calling Supabase.instance
Realtime academic_categories subscription failed: 'package:supabase_flutter/src/supabase.dart': Failed assertion: line 45 pos 7: '_instance._isInitialized': You must initialize the supabase instance before calling Supabase.instance
Supabase auth listener not attached (Supabase not initialized?): 'package:supabase_flutter/src/supabase.dart': Failed assertion: line 45 pos 7: '_instance._isInitialized': You must initialize the supabase instance before calling Supabase.instance
loadVerifiedStreamersFromBackend failed: Bad state: Backend unavailable
_refreshAcademicCategories failed: Bad state: Backend unavailable
Realtime public streamer subscription failed: 'package:supabase_flutter/src/supabase.dart': Failed assertion: line 45 pos 7: '_instance._isInitialized': You must initialize the supabase instance before calling Supabase.instance
Realtime academic_categories subscription failed: 'package:supabase_flutter/src/supabase.dart': Failed assertion: line 45 pos 7: '_instance._isInitialized': You must initialize the supabase instance before calling Supabase.instance
Supabase auth listener not attached (Supabase not initialized?): 'package:supabase_flutter/src/supabase.dart': Failed assertion: line 45 pos 7: '_instance._isInitialized': You must initialize the supabase instance before calling Supabase.instance
loadVerifiedStreamersFromBackend failed: Bad state: Backend unavailable
_refreshAcademicCategories failed: Bad state: Backend unavailable
Realtime public streamer subscription failed: 'package:supabase_flutter/src/supabase.dart': Failed assertion: line 45 pos 7: '_instance._isInitialized': You must initialize the supabase instance before calling Supabase.instance
Realtime academic_categories subscription failed: 'package:supabase_flutter/src/supabase.dart': Failed assertion: line 45 pos 7: '_instance._isInitialized': You must initialize the supabase instance before calling Supabase.instance
Supabase auth listener not attached (Supabase not initialized?): 'package:supabase_flutter/src/supabase.dart': Failed assertion: line 45 pos 7: '_instance._isInitialized': You must initialize the supabase instance before calling Supabase.instance
loadVerifiedStreamersFromBackend failed: Bad state: Backend unavailable
_refreshAcademicCategories failed: Bad state: Backend unavailable
Realtime public streamer subscription failed: 'package:supabase_flutter/src/supabase.dart': Failed assertion: line 45 pos 7: '_instance._isInitialized': You must initialize the supabase instance before calling Supabase.instance
Realtime academic_categories subscription failed: 'package:supabase_flutter/src/supabase.dart': Failed assertion: line 45 pos 7: '_instance._isInitialized': You must initialize the supabase instance before calling Supabase.instance
Supabase auth listener not attached (Supabase not initialized?): 'package:supabase_flutter/src/supabase.dart': Failed assertion: line 45 pos 7: '_instance._isInitialized': You must initialize the supabase instance before calling Supabase.instance
loadVerifiedStreamersFromBackend failed: Bad state: Backend unavailable
_refreshAcademicCategories failed: Bad state: Backend unavailable
Realtime public streamer subscription failed: 'package:supabase_flutter/src/supabase.dart': Failed assertion: line 45 pos 7: '_instance._isInitialized': You must initialize the supabase instance before calling Supabase.instance
Realtime academic_categories subscription failed: 'package:supabase_flutter/src/supabase.dart': Failed assertion: line 45 pos 7: '_instance._isInitialized': You must initialize the supabase instance before calling Supabase.instance
Supabase auth listener not attached (Supabase not initialized?): 'package:supabase_flutter/src/supabase.dart': Failed assertion: line 45 pos 7: '_instance._isInitialized': You must initialize the supabase instance before calling Supabase.instance
loadVerifiedStreamersFromBackend failed: Bad state: Backend unavailable
_refreshAcademicCategories failed: Bad state: Backend unavailable
Realtime public streamer subscription failed: 'package:supabase_flutter/src/supabase.dart': Failed assertion: line 45 pos 7: '_instance._isInitialized': You must initialize the supabase instance before calling Supabase.instance
Realtime academic_categories subscription failed: 'package:supabase_flutter/src/supabase.dart': Failed assertion: line 45 pos 7: '_instance._isInitialized': You must initialize the supabase instance before calling Supabase.instance
Supabase auth listener not attached (Supabase not initialized?): 'package:supabase_flutter/src/supabase.dart': Failed assertion: line 45 pos 7: '_instance._isInitialized': You must initialize the supabase instance before calling Supabase.instance
loadVerifiedStreamersFromBackend failed: Bad state: Backend unavailable
_refreshAcademicCategories failed: Bad state: Backend unavailable
Realtime public streamer subscription failed: 'package:supabase_flutter/src/supabase.dart': Failed assertion: line 45 pos 7: '_instance._isInitialized': You must initialize the supabase instance before calling Supabase.instance
Realtime academic_categories subscription failed: 'package:supabase_flutter/src/supabase.dart': Failed assertion: line 45 pos 7: '_instance._isInitialized': You must initialize the supabase instance before calling Supabase.instance
Supabase auth listener not attached (Supabase not initialized?): 'package:supabase_flutter/src/supabase.dart': Failed assertion: line 45 pos 7: '_instance._isInitialized': You must initialize the supabase instance before calling Supabase.instance
loadVerifiedStreamersFromBackend failed: Bad state: Backend unavailable
_refreshAcademicCategories failed: Bad state: Backend unavailable
Realtime public streamer subscription failed: 'package:supabase_flutter/src/supabase.dart': Failed assertion: line 45 pos 7: '_instance._isInitialized': You must initialize the supabase instance before calling Supabase.instance
Realtime academic_categories subscription failed: 'package:supabase_flutter/src/supabase.dart': Failed assertion: line 45 pos 7: '_instance._isInitialized': You must initialize the supabase instance before calling Supabase.instance
Supabase auth listener not attached (Supabase not initialized?): 'package:supabase_flutter/src/supabase.dart': Failed assertion: line 45 pos 7: '_instance._isInitialized': You must initialize the supabase instance before calling Supabase.instance
loadVerifiedStreamersFromBackend failed: Bad state: Backend unavailable
_refreshAcademicCategories failed: Bad state: Backend unavailable
Realtime public streamer subscription failed: 'package:supabase_flutter/src/supabase.dart': Failed assertion: line 45 pos 7: '_instance._isInitialized': You must initialize the supabase instance before calling Supabase.instance
Realtime academic_categories subscription failed: 'package:supabase_flutter/src/supabase.dart': Failed assertion: line 45 pos 7: '_instance._isInitialized': You must initialize the supabase instance before calling Supabase.instance
Supabase auth listener not attached (Supabase not initialized?): 'package:supabase_flutter/src/supabase.dart': Failed assertion: line 45 pos 7: '_instance._isInitialized': You must initialize the supabase instance before calling Supabase.instance
loadVerifiedStreamersFromBackend failed: Bad state: Backend unavailable
_refreshAcademicCategories failed: Bad state: Backend unavailable
Realtime public streamer subscription failed: 'package:supabase_flutter/src/supabase.dart': Failed assertion: line 45 pos 7: '_instance._isInitialized': You must initialize the supabase instance before calling Supabase.instance
Realtime academic_categories subscription failed: 'package:supabase_flutter/src/supabase.dart': Failed assertion: line 45 pos 7: '_instance._isInitialized': You must initialize the supabase instance before calling Supabase.instance
Supabase auth listener not attached (Supabase not initialized?): 'package:supabase_flutter/src/supabase.dart': Failed assertion: line 45 pos 7: '_instance._isInitialized': You must initialize the supabase instance before calling Supabase.instance
loadVerifiedStreamersFromBackend failed: Bad state: Backend unavailable
_refreshAcademicCategories failed: Bad state: Backend unavailable
Realtime public streamer subscription failed: 'package:supabase_flutter/src/supabase.dart': Failed assertion: line 45 pos 7: '_instance._isInitialized': You must initialize the supabase instance before calling Supabase.instance
Realtime academic_categories subscription failed: 'package:supabase_flutter/src/supabase.dart': Failed assertion: line 45 pos 7: '_instance._isInitialized': You must initialize the supabase instance before calling Supabase.instance
Supabase auth listener not attached (Supabase not initialized?): 'package:supabase_flutter/src/supabase.dart': Failed assertion: line 45 pos 7: '_instance._isInitialized': You must initialize the supabase instance before calling Supabase.instance
loadVerifiedStreamersFromBackend failed: Bad state: Backend unavailable
_refreshAcademicCategories failed: Bad state: Backend unavailable
Realtime public streamer subscription failed: 'package:supabase_flutter/src/supabase.dart': Failed assertion: line 45 pos 7: '_instance._isInitialized': You must initialize the supabase instance before calling Supabase.instance
Realtime academic_categories subscription failed: 'package:supabase_flutter/src/supabase.dart': Failed assertion: line 45 pos 7: '_instance._isInitialized': You must initialize the supabase instance before calling Supabase.instance
Supabase auth listener not attached (Supabase not initialized?): 'package:supabase_flutter/src/supabase.dart': Failed assertion: line 45 pos 7: '_instance._isInitialized': You must initialize the supabase instance before calling Supabase.instance
loadVerifiedStreamersFromBackend failed: Bad state: Backend unavailable
_refreshAcademicCategories failed: Bad state: Backend unavailable
Realtime public streamer subscription failed: 'package:supabase_flutter/src/supabase.dart': Failed assertion: line 45 pos 7: '_instance._isInitialized': You must initialize the supabase instance before calling Supabase.instance
Realtime academic_categories subscription failed: 'package:supabase_flutter/src/supabase.dart': Failed assertion: line 45 pos 7: '_instance._isInitialized': You must initialize the supabase instance before calling Supabase.instance
Supabase auth listener not attached (Supabase not initialized?): 'package:supabase_flutter/src/supabase.dart': Failed assertion: line 45 pos 7: '_instance._isInitialized': You must initialize the supabase instance before calling Supabase.instance
loadVerifiedStreamersFromBackend failed: Bad state: Backend unavailable
_refreshAcademicCategories failed: Bad state: Backend unavailable
Realtime public streamer subscription failed: 'package:supabase_flutter/src/supabase.dart': Failed assertion: line 45 pos 7: '_instance._isInitialized': You must initialize the supabase instance before calling Supabase.instance
Realtime academic_categories subscription failed: 'package:supabase_flutter/src/supabase.dart': Failed assertion: line 45 pos 7: '_instance._isInitialized': You must initialize the supabase instance before calling Supabase.instance
Supabase auth listener not attached (Supabase not initialized?): 'package:supabase_flutter/src/supabase.dart': Failed assertion: line 45 pos 7: '_instance._isInitialized': You must initialize the supabase instance before calling Supabase.instance
loadVerifiedStreamersFromBackend failed: Bad state: Backend unavailable
_refreshAcademicCategories failed: Bad state: Backend unavailable
Realtime public streamer subscription failed: 'package:supabase_flutter/src/supabase.dart': Failed assertion: line 45 pos 7: '_instance._isInitialized': You must initialize the supabase instance before calling Supabase.instance
Realtime academic_categories subscription failed: 'package:supabase_flutter/src/supabase.dart': Failed assertion: line 45 pos 7: '_instance._isInitialized': You must initialize the supabase instance before calling Supabase.instance
Supabase auth listener not attached (Supabase not initialized?): 'package:supabase_flutter/src/supabase.dart': Failed assertion: line 45 pos 7: '_instance._isInitialized': You must initialize the supabase instance before calling Supabase.instance
loadVerifiedStreamersFromBackend failed: Bad state: Backend unavailable
_refreshAcademicCategories failed: Bad state: Backend unavailable
Realtime public streamer subscription failed: 'package:supabase_flutter/src/supabase.dart': Failed assertion: line 45 pos 7: '_instance._isInitialized': You must initialize the supabase instance before calling Supabase.instance
Realtime academic_categories subscription failed: 'package:supabase_flutter/src/supabase.dart': Failed assertion: line 45 pos 7: '_instance._isInitialized': You must initialize the supabase instance before calling Supabase.instance
Supabase auth listener not attached (Supabase not initialized?): 'package:supabase_flutter/src/supabase.dart': Failed assertion: line 45 pos 7: '_instance._isInitialized': You must initialize the supabase instance before calling Supabase.instance
loadVerifiedStreamersFromBackend failed: Bad state: Backend unavailable
_refreshAcademicCategories failed: Bad state: Backend unavailable
Realtime public streamer subscription failed: 'package:supabase_flutter/src/supabase.dart': Failed assertion: line 45 pos 7: '_instance._isInitialized': You must initialize the supabase instance before calling Supabase.instance
Realtime academic_categories subscription failed: 'package:supabase_flutter/src/supabase.dart': Failed assertion: line 45 pos 7: '_instance._isInitialized': You must initialize the supabase instance before calling Supabase.instance
Supabase auth listener not attached (Supabase not initialized?): 'package:supabase_flutter/src/supabase.dart': Failed assertion: line 45 pos 7: '_instance._isInitialized': You must initialize the supabase instance before calling Supabase.instance
loadVerifiedStreamersFromBackend failed: Bad state: Backend unavailable
_refreshAcademicCategories failed: Bad state: Backend unavailable
01:07 +42: C:/Users/User/.codex/worktrees/hadayah-wave4v2-integration/Streamer_app/project/test/layout_sweep_test.dart: wizard organization 5 en at all sizes and text scales
Realtime public streamer subscription failed: 'package:supabase_flutter/src/supabase.dart': Failed assertion: line 45 pos 7: '_instance._isInitialized': You must initialize the supabase instance before calling Supabase.instance
Realtime academic_categories subscription failed: 'package:supabase_flutter/src/supabase.dart': Failed assertion: line 45 pos 7: '_instance._isInitialized': You must initialize the supabase instance before calling Supabase.instance
Supabase auth listener not attached (Supabase not initialized?): 'package:supabase_flutter/src/supabase.dart': Failed assertion: line 45 pos 7: '_instance._isInitialized': You must initialize the supabase instance before calling Supabase.instance
loadVerifiedStreamersFromBackend failed: Bad state: Backend unavailable
_refreshAcademicCategories failed: Bad state: Backend unavailable
Realtime public streamer subscription failed: 'package:supabase_flutter/src/supabase.dart': Failed assertion: line 45 pos 7: '_instance._isInitialized': You must initialize the supabase instance before calling Supabase.instance
Realtime academic_categories subscription failed: 'package:supabase_flutter/src/supabase.dart': Failed assertion: line 45 pos 7: '_instance._isInitialized': You must initialize the supabase instance before calling Supabase.instance
Supabase auth listener not attached (Supabase not initialized?): 'package:supabase_flutter/src/supabase.dart': Failed assertion: line 45 pos 7: '_instance._isInitialized': You must initialize the supabase instance before calling Supabase.instance
loadVerifiedStreamersFromBackend failed: Bad state: Backend unavailable
_refreshAcademicCategories failed: Bad state: Backend unavailable
Realtime public streamer subscription failed: 'package:supabase_flutter/src/supabase.dart': Failed assertion: line 45 pos 7: '_instance._isInitialized': You must initialize the supabase instance before calling Supabase.instance
Realtime academic_categories subscription failed: 'package:supabase_flutter/src/supabase.dart': Failed assertion: line 45 pos 7: '_instance._isInitialized': You must initialize the supabase instance before calling Supabase.instance
Supabase auth listener not attached (Supabase not initialized?): 'package:supabase_flutter/src/supabase.dart': Failed assertion: line 45 pos 7: '_instance._isInitialized': You must initialize the supabase instance before calling Supabase.instance
loadVerifiedStreamersFromBackend failed: Bad state: Backend unavailable
_refreshAcademicCategories failed: Bad state: Backend unavailable
Realtime public streamer subscription failed: 'package:supabase_flutter/src/supabase.dart': Failed assertion: line 45 pos 7: '_instance._isInitialized': You must initialize the supabase instance before calling Supabase.instance
Realtime academic_categories subscription failed: 'package:supabase_flutter/src/supabase.dart': Failed assertion: line 45 pos 7: '_instance._isInitialized': You must initialize the supabase instance before calling Supabase.instance
Supabase auth listener not attached (Supabase not initialized?): 'package:supabase_flutter/src/supabase.dart': Failed assertion: line 45 pos 7: '_instance._isInitialized': You must initialize the supabase instance before calling Supabase.instance
loadVerifiedStreamersFromBackend failed: Bad state: Backend unavailable
_refreshAcademicCategories failed: Bad state: Backend unavailable
Realtime public streamer subscription failed: 'package:supabase_flutter/src/supabase.dart': Failed assertion: line 45 pos 7: '_instance._isInitialized': You must initialize the supabase instance before calling Supabase.instance
Realtime academic_categories subscription failed: 'package:supabase_flutter/src/supabase.dart': Failed assertion: line 45 pos 7: '_instance._isInitialized': You must initialize the supabase instance before calling Supabase.instance
Supabase auth listener not attached (Supabase not initialized?): 'package:supabase_flutter/src/supabase.dart': Failed assertion: line 45 pos 7: '_instance._isInitialized': You must initialize the supabase instance before calling Supabase.instance
loadVerifiedStreamersFromBackend failed: Bad state: Backend unavailable
_refreshAcademicCategories failed: Bad state: Backend unavailable
Realtime public streamer subscription failed: 'package:supabase_flutter/src/supabase.dart': Failed assertion: line 45 pos 7: '_instance._isInitialized': You must initialize the supabase instance before calling Supabase.instance
Realtime academic_categories subscription failed: 'package:supabase_flutter/src/supabase.dart': Failed assertion: line 45 pos 7: '_instance._isInitialized': You must initialize the supabase instance before calling Supabase.instance
Supabase auth listener not attached (Supabase not initialized?): 'package:supabase_flutter/src/supabase.dart': Failed assertion: line 45 pos 7: '_instance._isInitialized': You must initialize the supabase instance before calling Supabase.instance
loadVerifiedStreamersFromBackend failed: Bad state: Backend unavailable
_refreshAcademicCategories failed: Bad state: Backend unavailable
Realtime public streamer subscription failed: 'package:supabase_flutter/src/supabase.dart': Failed assertion: line 45 pos 7: '_instance._isInitialized': You must initialize the supabase instance before calling Supabase.instance
Realtime academic_categories subscription failed: 'package:supabase_flutter/src/supabase.dart': Failed assertion: line 45 pos 7: '_instance._isInitialized': You must initialize the supabase instance before calling Supabase.instance
Supabase auth listener not attached (Supabase not initialized?): 'package:supabase_flutter/src/supabase.dart': Failed assertion: line 45 pos 7: '_instance._isInitialized': You must initialize the supabase instance before calling Supabase.instance
loadVerifiedStreamersFromBackend failed: Bad state: Backend unavailable
_refreshAcademicCategories failed: Bad state: Backend unavailable
Realtime public streamer subscription failed: 'package:supabase_flutter/src/supabase.dart': Failed assertion: line 45 pos 7: '_instance._isInitialized': You must initialize the supabase instance before calling Supabase.instance
Realtime academic_categories subscription failed: 'package:supabase_flutter/src/supabase.dart': Failed assertion: line 45 pos 7: '_instance._isInitialized': You must initialize the supabase instance before calling Supabase.instance
Supabase auth listener not attached (Supabase not initialized?): 'package:supabase_flutter/src/supabase.dart': Failed assertion: line 45 pos 7: '_instance._isInitialized': You must initialize the supabase instance before calling Supabase.instance
loadVerifiedStreamersFromBackend failed: Bad state: Backend unavailable
_refreshAcademicCategories failed: Bad state: Backend unavailable
Realtime public streamer subscription failed: 'package:supabase_flutter/src/supabase.dart': Failed assertion: line 45 pos 7: '_instance._isInitialized': You must initialize the supabase instance before calling Supabase.instance
Realtime academic_categories subscription failed: 'package:supabase_flutter/src/supabase.dart': Failed assertion: line 45 pos 7: '_instance._isInitialized': You must initialize the supabase instance before calling Supabase.instance
Supabase auth listener not attached (Supabase not initialized?): 'package:supabase_flutter/src/supabase.dart': Failed assertion: line 45 pos 7: '_instance._isInitialized': You must initialize the supabase instance before calling Supabase.instance
loadVerifiedStreamersFromBackend failed: Bad state: Backend unavailable
_refreshAcademicCategories failed: Bad state: Backend unavailable
Realtime public streamer subscription failed: 'package:supabase_flutter/src/supabase.dart': Failed assertion: line 45 pos 7: '_instance._isInitialized': You must initialize the supabase instance before calling Supabase.instance
Realtime academic_categories subscription failed: 'package:supabase_flutter/src/supabase.dart': Failed assertion: line 45 pos 7: '_instance._isInitialized': You must initialize the supabase instance before calling Supabase.instance
Supabase auth listener not attached (Supabase not initialized?): 'package:supabase_flutter/src/supabase.dart': Failed assertion: line 45 pos 7: '_instance._isInitialized': You must initialize the supabase instance before calling Supabase.instance
loadVerifiedStreamersFromBackend failed: Bad state: Backend unavailable
_refreshAcademicCategories failed: Bad state: Backend unavailable
Realtime public streamer subscription failed: 'package:supabase_flutter/src/supabase.dart': Failed assertion: line 45 pos 7: '_instance._isInitialized': You must initialize the supabase instance before calling Supabase.instance
Realtime academic_categories subscription failed: 'package:supabase_flutter/src/supabase.dart': Failed assertion: line 45 pos 7: '_instance._isInitialized': You must initialize the supabase instance before calling Supabase.instance
Supabase auth listener not attached (Supabase not initialized?): 'package:supabase_flutter/src/supabase.dart': Failed assertion: line 45 pos 7: '_instance._isInitialized': You must initialize the supabase instance before calling Supabase.instance
loadVerifiedStreamersFromBackend failed: Bad state: Backend unavailable
_refreshAcademicCategories failed: Bad state: Backend unavailable
Realtime public streamer subscription failed: 'package:supabase_flutter/src/supabase.dart': Failed assertion: line 45 pos 7: '_instance._isInitialized': You must initialize the supabase instance before calling Supabase.instance
Realtime academic_categories subscription failed: 'package:supabase_flutter/src/supabase.dart': Failed assertion: line 45 pos 7: '_instance._isInitialized': You must initialize the supabase instance before calling Supabase.instance
Supabase auth listener not attached (Supabase not initialized?): 'package:supabase_flutter/src/supabase.dart': Failed assertion: line 45 pos 7: '_instance._isInitialized': You must initialize the supabase instance before calling Supabase.instance
loadVerifiedStreamersFromBackend failed: Bad state: Backend unavailable
_refreshAcademicCategories failed: Bad state: Backend unavailable
Realtime public streamer subscription failed: 'package:supabase_flutter/src/supabase.dart': Failed assertion: line 45 pos 7: '_instance._isInitialized': You must initialize the supabase instance before calling Supabase.instance
Realtime academic_categories subscription failed: 'package:supabase_flutter/src/supabase.dart': Failed assertion: line 45 pos 7: '_instance._isInitialized': You must initialize the supabase instance before calling Supabase.instance
Supabase auth listener not attached (Supabase not initialized?): 'package:supabase_flutter/src/supabase.dart': Failed assertion: line 45 pos 7: '_instance._isInitialized': You must initialize the supabase instance before calling Supabase.instance
loadVerifiedStreamersFromBackend failed: Bad state: Backend unavailable
_refreshAcademicCategories failed: Bad state: Backend unavailable
Realtime public streamer subscription failed: 'package:supabase_flutter/src/supabase.dart': Failed assertion: line 45 pos 7: '_instance._isInitialized': You must initialize the supabase instance before calling Supabase.instance
Realtime academic_categories subscription failed: 'package:supabase_flutter/src/supabase.dart': Failed assertion: line 45 pos 7: '_instance._isInitialized': You must initialize the supabase instance before calling Supabase.instance
Supabase auth listener not attached (Supabase not initialized?): 'package:supabase_flutter/src/supabase.dart': Failed assertion: line 45 pos 7: '_instance._isInitialized': You must initialize the supabase instance before calling Supabase.instance
loadVerifiedStreamersFromBackend failed: Bad state: Backend unavailable
_refreshAcademicCategories failed: Bad state: Backend unavailable
Realtime public streamer subscription failed: 'package:supabase_flutter/src/supabase.dart': Failed assertion: line 45 pos 7: '_instance._isInitialized': You must initialize the supabase instance before calling Supabase.instance
Realtime academic_categories subscription failed: 'package:supabase_flutter/src/supabase.dart': Failed assertion: line 45 pos 7: '_instance._isInitialized': You must initialize the supabase instance before calling Supabase.instance
Supabase auth listener not attached (Supabase not initialized?): 'package:supabase_flutter/src/supabase.dart': Failed assertion: line 45 pos 7: '_instance._isInitialized': You must initialize the supabase instance before calling Supabase.instance
loadVerifiedStreamersFromBackend failed: Bad state: Backend unavailable
_refreshAcademicCategories failed: Bad state: Backend unavailable
Realtime public streamer subscription failed: 'package:supabase_flutter/src/supabase.dart': Failed assertion: line 45 pos 7: '_instance._isInitialized': You must initialize the supabase instance before calling Supabase.instance
Realtime academic_categories subscription failed: 'package:supabase_flutter/src/supabase.dart': Failed assertion: line 45 pos 7: '_instance._isInitialized': You must initialize the supabase instance before calling Supabase.instance
Supabase auth listener not attached (Supabase not initialized?): 'package:supabase_flutter/src/supabase.dart': Failed assertion: line 45 pos 7: '_instance._isInitialized': You must initialize the supabase instance before calling Supabase.instance
loadVerifiedStreamersFromBackend failed: Bad state: Backend unavailable
_refreshAcademicCategories failed: Bad state: Backend unavailable
Realtime public streamer subscription failed: 'package:supabase_flutter/src/supabase.dart': Failed assertion: line 45 pos 7: '_instance._isInitialized': You must initialize the supabase instance before calling Supabase.instance
Realtime academic_categories subscription failed: 'package:supabase_flutter/src/supabase.dart': Failed assertion: line 45 pos 7: '_instance._isInitialized': You must initialize the supabase instance before calling Supabase.instance
Supabase auth listener not attached (Supabase not initialized?): 'package:supabase_flutter/src/supabase.dart': Failed assertion: line 45 pos 7: '_instance._isInitialized': You must initialize the supabase instance before calling Supabase.instance
loadVerifiedStreamersFromBackend failed: Bad state: Backend unavailable
_refreshAcademicCategories failed: Bad state: Backend unavailable
Realtime public streamer subscription failed: 'package:supabase_flutter/src/supabase.dart': Failed assertion: line 45 pos 7: '_instance._isInitialized': You must initialize the supabase instance before calling Supabase.instance
Realtime academic_categories subscription failed: 'package:supabase_flutter/src/supabase.dart': Failed assertion: line 45 pos 7: '_instance._isInitialized': You must initialize the supabase instance before calling Supabase.instance
Supabase auth listener not attached (Supabase not initialized?): 'package:supabase_flutter/src/supabase.dart': Failed assertion: line 45 pos 7: '_instance._isInitialized': You must initialize the supabase instance before calling Supabase.instance
loadVerifiedStreamersFromBackend failed: Bad state: Backend unavailable
_refreshAcademicCategories failed: Bad state: Backend unavailable
Realtime public streamer subscription failed: 'package:supabase_flutter/src/supabase.dart': Failed assertion: line 45 pos 7: '_instance._isInitialized': You must initialize the supabase instance before calling Supabase.instance
Realtime academic_categories subscription failed: 'package:supabase_flutter/src/supabase.dart': Failed assertion: line 45 pos 7: '_instance._isInitialized': You must initialize the supabase instance before calling Supabase.instance
Supabase auth listener not attached (Supabase not initialized?): 'package:supabase_flutter/src/supabase.dart': Failed assertion: line 45 pos 7: '_instance._isInitialized': You must initialize the supabase instance before calling Supabase.instance
loadVerifiedStreamersFromBackend failed: Bad state: Backend unavailable
_refreshAcademicCategories failed: Bad state: Backend unavailable
Realtime public streamer subscription failed: 'package:supabase_flutter/src/supabase.dart': Failed assertion: line 45 pos 7: '_instance._isInitialized': You must initialize the supabase instance before calling Supabase.instance
Realtime academic_categories subscription failed: 'package:supabase_flutter/src/supabase.dart': Failed assertion: line 45 pos 7: '_instance._isInitialized': You must initialize the supabase instance before calling Supabase.instance
Supabase auth listener not attached (Supabase not initialized?): 'package:supabase_flutter/src/supabase.dart': Failed assertion: line 45 pos 7: '_instance._isInitialized': You must initialize the supabase instance before calling Supabase.instance
loadVerifiedStreamersFromBackend failed: Bad state: Backend unavailable
_refreshAcademicCategories failed: Bad state: Backend unavailable
Realtime public streamer subscription failed: 'package:supabase_flutter/src/supabase.dart': Failed assertion: line 45 pos 7: '_instance._isInitialized': You must initialize the supabase instance before calling Supabase.instance
Realtime academic_categories subscription failed: 'package:supabase_flutter/src/supabase.dart': Failed assertion: line 45 pos 7: '_instance._isInitialized': You must initialize the supabase instance before calling Supabase.instance
Supabase auth listener not attached (Supabase not initialized?): 'package:supabase_flutter/src/supabase.dart': Failed assertion: line 45 pos 7: '_instance._isInitialized': You must initialize the supabase instance before calling Supabase.instance
loadVerifiedStreamersFromBackend failed: Bad state: Backend unavailable
_refreshAcademicCategories failed: Bad state: Backend unavailable
01:10 +43: C:/Users/User/.codex/worktrees/hadayah-wave4v2-integration/Streamer_app/project/test/layout_sweep_test.dart: wizard organization 5 ar at all sizes and text scales
Realtime public streamer subscription failed: 'package:supabase_flutter/src/supabase.dart': Failed assertion: line 45 pos 7: '_instance._isInitialized': You must initialize the supabase instance before calling Supabase.instance
Realtime academic_categories subscription failed: 'package:supabase_flutter/src/supabase.dart': Failed assertion: line 45 pos 7: '_instance._isInitialized': You must initialize the supabase instance before calling Supabase.instance
Supabase auth listener not attached (Supabase not initialized?): 'package:supabase_flutter/src/supabase.dart': Failed assertion: line 45 pos 7: '_instance._isInitialized': You must initialize the supabase instance before calling Supabase.instance
loadVerifiedStreamersFromBackend failed: Bad state: Backend unavailable
_refreshAcademicCategories failed: Bad state: Backend unavailable
Realtime public streamer subscription failed: 'package:supabase_flutter/src/supabase.dart': Failed assertion: line 45 pos 7: '_instance._isInitialized': You must initialize the supabase instance before calling Supabase.instance
Realtime academic_categories subscription failed: 'package:supabase_flutter/src/supabase.dart': Failed assertion: line 45 pos 7: '_instance._isInitialized': You must initialize the supabase instance before calling Supabase.instance
Supabase auth listener not attached (Supabase not initialized?): 'package:supabase_flutter/src/supabase.dart': Failed assertion: line 45 pos 7: '_instance._isInitialized': You must initialize the supabase instance before calling Supabase.instance
loadVerifiedStreamersFromBackend failed: Bad state: Backend unavailable
_refreshAcademicCategories failed: Bad state: Backend unavailable
Realtime public streamer subscription failed: 'package:supabase_flutter/src/supabase.dart': Failed assertion: line 45 pos 7: '_instance._isInitialized': You must initialize the supabase instance before calling Supabase.instance
Realtime academic_categories subscription failed: 'package:supabase_flutter/src/supabase.dart': Failed assertion: line 45 pos 7: '_instance._isInitialized': You must initialize the supabase instance before calling Supabase.instance
Supabase auth listener not attached (Supabase not initialized?): 'package:supabase_flutter/src/supabase.dart': Failed assertion: line 45 pos 7: '_instance._isInitialized': You must initialize the supabase instance before calling Supabase.instance
loadVerifiedStreamersFromBackend failed: Bad state: Backend unavailable
_refreshAcademicCategories failed: Bad state: Backend unavailable
Realtime public streamer subscription failed: 'package:supabase_flutter/src/supabase.dart': Failed assertion: line 45 pos 7: '_instance._isInitialized': You must initialize the supabase instance before calling Supabase.instance
Realtime academic_categories subscription failed: 'package:supabase_flutter/src/supabase.dart': Failed assertion: line 45 pos 7: '_instance._isInitialized': You must initialize the supabase instance before calling Supabase.instance
Supabase auth listener not attached (Supabase not initialized?): 'package:supabase_flutter/src/supabase.dart': Failed assertion: line 45 pos 7: '_instance._isInitialized': You must initialize the supabase instance before calling Supabase.instance
loadVerifiedStreamersFromBackend failed: Bad state: Backend unavailable
_refreshAcademicCategories failed: Bad state: Backend unavailable
Realtime public streamer subscription failed: 'package:supabase_flutter/src/supabase.dart': Failed assertion: line 45 pos 7: '_instance._isInitialized': You must initialize the supabase instance before calling Supabase.instance
Realtime academic_categories subscription failed: 'package:supabase_flutter/src/supabase.dart': Failed assertion: line 45 pos 7: '_instance._isInitialized': You must initialize the supabase instance before calling Supabase.instance
Supabase auth listener not attached (Supabase not initialized?): 'package:supabase_flutter/src/supabase.dart': Failed assertion: line 45 pos 7: '_instance._isInitialized': You must initialize the supabase instance before calling Supabase.instance
loadVerifiedStreamersFromBackend failed: Bad state: Backend unavailable
_refreshAcademicCategories failed: Bad state: Backend unavailable
Realtime public streamer subscription failed: 'package:supabase_flutter/src/supabase.dart': Failed assertion: line 45 pos 7: '_instance._isInitialized': You must initialize the supabase instance before calling Supabase.instance
Realtime academic_categories subscription failed: 'package:supabase_flutter/src/supabase.dart': Failed assertion: line 45 pos 7: '_instance._isInitialized': You must initialize the supabase instance before calling Supabase.instance
Supabase auth listener not attached (Supabase not initialized?): 'package:supabase_flutter/src/supabase.dart': Failed assertion: line 45 pos 7: '_instance._isInitialized': You must initialize the supabase instance before calling Supabase.instance
loadVerifiedStreamersFromBackend failed: Bad state: Backend unavailable
_refreshAcademicCategories failed: Bad state: Backend unavailable
Realtime public streamer subscription failed: 'package:supabase_flutter/src/supabase.dart': Failed assertion: line 45 pos 7: '_instance._isInitialized': You must initialize the supabase instance before calling Supabase.instance
Realtime academic_categories subscription failed: 'package:supabase_flutter/src/supabase.dart': Failed assertion: line 45 pos 7: '_instance._isInitialized': You must initialize the supabase instance before calling Supabase.instance
Supabase auth listener not attached (Supabase not initialized?): 'package:supabase_flutter/src/supabase.dart': Failed assertion: line 45 pos 7: '_instance._isInitialized': You must initialize the supabase instance before calling Supabase.instance
loadVerifiedStreamersFromBackend failed: Bad state: Backend unavailable
_refreshAcademicCategories failed: Bad state: Backend unavailable
Realtime public streamer subscription failed: 'package:supabase_flutter/src/supabase.dart': Failed assertion: line 45 pos 7: '_instance._isInitialized': You must initialize the supabase instance before calling Supabase.instance
Realtime academic_categories subscription failed: 'package:supabase_flutter/src/supabase.dart': Failed assertion: line 45 pos 7: '_instance._isInitialized': You must initialize the supabase instance before calling Supabase.instance
Supabase auth listener not attached (Supabase not initialized?): 'package:supabase_flutter/src/supabase.dart': Failed assertion: line 45 pos 7: '_instance._isInitialized': You must initialize the supabase instance before calling Supabase.instance
loadVerifiedStreamersFromBackend failed: Bad state: Backend unavailable
_refreshAcademicCategories failed: Bad state: Backend unavailable
Realtime public streamer subscription failed: 'package:supabase_flutter/src/supabase.dart': Failed assertion: line 45 pos 7: '_instance._isInitialized': You must initialize the supabase instance before calling Supabase.instance
Realtime academic_categories subscription failed: 'package:supabase_flutter/src/supabase.dart': Failed assertion: line 45 pos 7: '_instance._isInitialized': You must initialize the supabase instance before calling Supabase.instance
Supabase auth listener not attached (Supabase not initialized?): 'package:supabase_flutter/src/supabase.dart': Failed assertion: line 45 pos 7: '_instance._isInitialized': You must initialize the supabase instance before calling Supabase.instance
loadVerifiedStreamersFromBackend failed: Bad state: Backend unavailable
_refreshAcademicCategories failed: Bad state: Backend unavailable
Realtime public streamer subscription failed: 'package:supabase_flutter/src/supabase.dart': Failed assertion: line 45 pos 7: '_instance._isInitialized': You must initialize the supabase instance before calling Supabase.instance
Realtime academic_categories subscription failed: 'package:supabase_flutter/src/supabase.dart': Failed assertion: line 45 pos 7: '_instance._isInitialized': You must initialize the supabase instance before calling Supabase.instance
Supabase auth listener not attached (Supabase not initialized?): 'package:supabase_flutter/src/supabase.dart': Failed assertion: line 45 pos 7: '_instance._isInitialized': You must initialize the supabase instance before calling Supabase.instance
loadVerifiedStreamersFromBackend failed: Bad state: Backend unavailable
_refreshAcademicCategories failed: Bad state: Backend unavailable
Realtime public streamer subscription failed: 'package:supabase_flutter/src/supabase.dart': Failed assertion: line 45 pos 7: '_instance._isInitialized': You must initialize the supabase instance before calling Supabase.instance
Realtime academic_categories subscription failed: 'package:supabase_flutter/src/supabase.dart': Failed assertion: line 45 pos 7: '_instance._isInitialized': You must initialize the supabase instance before calling Supabase.instance
Supabase auth listener not attached (Supabase not initialized?): 'package:supabase_flutter/src/supabase.dart': Failed assertion: line 45 pos 7: '_instance._isInitialized': You must initialize the supabase instance before calling Supabase.instance
loadVerifiedStreamersFromBackend failed: Bad state: Backend unavailable
_refreshAcademicCategories failed: Bad state: Backend unavailable
Realtime public streamer subscription failed: 'package:supabase_flutter/src/supabase.dart': Failed assertion: line 45 pos 7: '_instance._isInitialized': You must initialize the supabase instance before calling Supabase.instance
Realtime academic_categories subscription failed: 'package:supabase_flutter/src/supabase.dart': Failed assertion: line 45 pos 7: '_instance._isInitialized': You must initialize the supabase instance before calling Supabase.instance
Supabase auth listener not attached (Supabase not initialized?): 'package:supabase_flutter/src/supabase.dart': Failed assertion: line 45 pos 7: '_instance._isInitialized': You must initialize the supabase instance before calling Supabase.instance
loadVerifiedStreamersFromBackend failed: Bad state: Backend unavailable
_refreshAcademicCategories failed: Bad state: Backend unavailable
Realtime public streamer subscription failed: 'package:supabase_flutter/src/supabase.dart': Failed assertion: line 45 pos 7: '_instance._isInitialized': You must initialize the supabase instance before calling Supabase.instance
Realtime academic_categories subscription failed: 'package:supabase_flutter/src/supabase.dart': Failed assertion: line 45 pos 7: '_instance._isInitialized': You must initialize the supabase instance before calling Supabase.instance
Supabase auth listener not attached (Supabase not initialized?): 'package:supabase_flutter/src/supabase.dart': Failed assertion: line 45 pos 7: '_instance._isInitialized': You must initialize the supabase instance before calling Supabase.instance
loadVerifiedStreamersFromBackend failed: Bad state: Backend unavailable
_refreshAcademicCategories failed: Bad state: Backend unavailable
Realtime public streamer subscription failed: 'package:supabase_flutter/src/supabase.dart': Failed assertion: line 45 pos 7: '_instance._isInitialized': You must initialize the supabase instance before calling Supabase.instance
Realtime academic_categories subscription failed: 'package:supabase_flutter/src/supabase.dart': Failed assertion: line 45 pos 7: '_instance._isInitialized': You must initialize the supabase instance before calling Supabase.instance
Supabase auth listener not attached (Supabase not initialized?): 'package:supabase_flutter/src/supabase.dart': Failed assertion: line 45 pos 7: '_instance._isInitialized': You must initialize the supabase instance before calling Supabase.instance
loadVerifiedStreamersFromBackend failed: Bad state: Backend unavailable
_refreshAcademicCategories failed: Bad state: Backend unavailable
Realtime public streamer subscription failed: 'package:supabase_flutter/src/supabase.dart': Failed assertion: line 45 pos 7: '_instance._isInitialized': You must initialize the supabase instance before calling Supabase.instance
Realtime academic_categories subscription failed: 'package:supabase_flutter/src/supabase.dart': Failed assertion: line 45 pos 7: '_instance._isInitialized': You must initialize the supabase instance before calling Supabase.instance
Supabase auth listener not attached (Supabase not initialized?): 'package:supabase_flutter/src/supabase.dart': Failed assertion: line 45 pos 7: '_instance._isInitialized': You must initialize the supabase instance before calling Supabase.instance
loadVerifiedStreamersFromBackend failed: Bad state: Backend unavailable
_refreshAcademicCategories failed: Bad state: Backend unavailable
Realtime public streamer subscription failed: 'package:supabase_flutter/src/supabase.dart': Failed assertion: line 45 pos 7: '_instance._isInitialized': You must initialize the supabase instance before calling Supabase.instance
Realtime academic_categories subscription failed: 'package:supabase_flutter/src/supabase.dart': Failed assertion: line 45 pos 7: '_instance._isInitialized': You must initialize the supabase instance before calling Supabase.instance
Supabase auth listener not attached (Supabase not initialized?): 'package:supabase_flutter/src/supabase.dart': Failed assertion: line 45 pos 7: '_instance._isInitialized': You must initialize the supabase instance before calling Supabase.instance
loadVerifiedStreamersFromBackend failed: Bad state: Backend unavailable
_refreshAcademicCategories failed: Bad state: Backend unavailable
Realtime public streamer subscription failed: 'package:supabase_flutter/src/supabase.dart': Failed assertion: line 45 pos 7: '_instance._isInitialized': You must initialize the supabase instance before calling Supabase.instance
Realtime academic_categories subscription failed: 'package:supabase_flutter/src/supabase.dart': Failed assertion: line 45 pos 7: '_instance._isInitialized': You must initialize the supabase instance before calling Supabase.instance
Supabase auth listener not attached (Supabase not initialized?): 'package:supabase_flutter/src/supabase.dart': Failed assertion: line 45 pos 7: '_instance._isInitialized': You must initialize the supabase instance before calling Supabase.instance
loadVerifiedStreamersFromBackend failed: Bad state: Backend unavailable
_refreshAcademicCategories failed: Bad state: Backend unavailable
Realtime public streamer subscription failed: 'package:supabase_flutter/src/supabase.dart': Failed assertion: line 45 pos 7: '_instance._isInitialized': You must initialize the supabase instance before calling Supabase.instance
Realtime academic_categories subscription failed: 'package:supabase_flutter/src/supabase.dart': Failed assertion: line 45 pos 7: '_instance._isInitialized': You must initialize the supabase instance before calling Supabase.instance
Supabase auth listener not attached (Supabase not initialized?): 'package:supabase_flutter/src/supabase.dart': Failed assertion: line 45 pos 7: '_instance._isInitialized': You must initialize the supabase instance before calling Supabase.instance
loadVerifiedStreamersFromBackend failed: Bad state: Backend unavailable
_refreshAcademicCategories failed: Bad state: Backend unavailable
Realtime public streamer subscription failed: 'package:supabase_flutter/src/supabase.dart': Failed assertion: line 45 pos 7: '_instance._isInitialized': You must initialize the supabase instance before calling Supabase.instance
Realtime academic_categories subscription failed: 'package:supabase_flutter/src/supabase.dart': Failed assertion: line 45 pos 7: '_instance._isInitialized': You must initialize the supabase instance before calling Supabase.instance
Supabase auth listener not attached (Supabase not initialized?): 'package:supabase_flutter/src/supabase.dart': Failed assertion: line 45 pos 7: '_instance._isInitialized': You must initialize the supabase instance before calling Supabase.instance
loadVerifiedStreamersFromBackend failed: Bad state: Backend unavailable
_refreshAcademicCategories failed: Bad state: Backend unavailable
Realtime public streamer subscription failed: 'package:supabase_flutter/src/supabase.dart': Failed assertion: line 45 pos 7: '_instance._isInitialized': You must initialize the supabase instance before calling Supabase.instance
Realtime academic_categories subscription failed: 'package:supabase_flutter/src/supabase.dart': Failed assertion: line 45 pos 7: '_instance._isInitialized': You must initialize the supabase instance before calling Supabase.instance
Supabase auth listener not attached (Supabase not initialized?): 'package:supabase_flutter/src/supabase.dart': Failed assertion: line 45 pos 7: '_instance._isInitialized': You must initialize the supabase instance before calling Supabase.instance
loadVerifiedStreamersFromBackend failed: Bad state: Backend unavailable
_refreshAcademicCategories failed: Bad state: Backend unavailable
Realtime public streamer subscription failed: 'package:supabase_flutter/src/supabase.dart': Failed assertion: line 45 pos 7: '_instance._isInitialized': You must initialize the supabase instance before calling Supabase.instance
Realtime academic_categories subscription failed: 'package:supabase_flutter/src/supabase.dart': Failed assertion: line 45 pos 7: '_instance._isInitialized': You must initialize the supabase instance before calling Supabase.instance
Supabase auth listener not attached (Supabase not initialized?): 'package:supabase_flutter/src/supabase.dart': Failed assertion: line 45 pos 7: '_instance._isInitialized': You must initialize the supabase instance before calling Supabase.instance
loadVerifiedStreamersFromBackend failed: Bad state: Backend unavailable
_refreshAcademicCategories failed: Bad state: Backend unavailable
01:12 +44: C:/Users/User/.codex/worktrees/hadayah-wave4v2-integration/Streamer_app/project/test/layout_sweep_test.dart: (tearDownAll)
01:12 +44: loading C:/Users/User/.codex/worktrees/hadayah-wave4v2-integration/Streamer_app/project/test/live_multi_speaker_test.dart
01:13 +44: C:/Users/User/.codex/worktrees/hadayah-wave4v2-integration/Streamer_app/project/test/live_multi_speaker_test.dart: (setUpAll)
[90m[🌎 Easy Localization] [DEBUG] Localization initialized[0m
01:13 +44: C:/Users/User/.codex/worktrees/hadayah-wave4v2-integration/Streamer_app/project/test/live_multi_speaker_test.dart: Organization Feature Phase 3: Live Multi-Speaker Dynamics Tests TC-LIVE-SPK-02: Overlay supports horizontal scrolling when > 5 speakers
Realtime public streamer subscription failed: 'package:supabase_flutter/src/supabase.dart': Failed assertion: line 45 pos 7: '_instance._isInitialized': You must initialize the supabase instance before calling Supabase.instance
Realtime academic_categories subscription failed: 'package:supabase_flutter/src/supabase.dart': Failed assertion: line 45 pos 7: '_instance._isInitialized': You must initialize the supabase instance before calling Supabase.instance
Supabase auth listener not attached (Supabase not initialized?): 'package:supabase_flutter/src/supabase.dart': Failed assertion: line 45 pos 7: '_instance._isInitialized': You must initialize the supabase instance before calling Supabase.instance
[90m[🌎 Easy Localization] [DEBUG] Start[0m
loadVerifiedStreamersFromBackend failed: Bad state: Backend unavailable
_refreshAcademicCategories failed: Bad state: Backend unavailable
[90m[🌎 Easy Localization] [DEBUG] Init state[0m
[32m[🌎 Easy Localization] [INFO] Start locale loaded en[0m
[90m[🌎 Easy Localization] [DEBUG] Build[0m
[90m[🌎 Easy Localization] [DEBUG] Init Localization Delegate[0m
[90m[🌎 Easy Localization] [DEBUG] Init provider[0m
[90m[🌎 Easy Localization] [DEBUG] Load Localization Delegate[0m
[90m[🌎 Easy Localization] [DEBUG] Build[0m
[90m[🌎 Easy Localization] [DEBUG] Init Localization Delegate[0m
[90m[🌎 Easy Localization] [DEBUG] Init provider[0m
01:14 +45: C:/Users/User/.codex/worktrees/hadayah-wave4v2-integration/Streamer_app/project/test/live_multi_speaker_test.dart: (tearDownAll)
01:14 +45: loading C:/Users/User/.codex/worktrees/hadayah-wave4v2-integration/Streamer_app/project/test/live_stream_test.dart
01:15 +45: C:/Users/User/.codex/worktrees/hadayah-wave4v2-integration/Streamer_app/project/test/live_stream_test.dart: Live Stream Engine Unit Tests TC-PLAYER-01: AbstractVideoPlayer Source Enums & Stream State Logic
01:15 +46: C:/Users/User/.codex/worktrees/hadayah-wave4v2-integration/Streamer_app/project/test/live_stream_test.dart: Live Stream Engine Unit Tests TC-FALLBACK-01: Zero-Crash Fallback Stream State Transitions & Recovery
01:15 +47: loading C:/Users/User/.codex/worktrees/hadayah-wave4v2-integration/Streamer_app/project/test/local_mode_unavailable_test.dart
01:16 +47: loading C:/Users/User/.codex/worktrees/hadayah-wave4v2-integration/Streamer_app/project/test/map_p5_presentation_test.dart
01:17 +47: C:/Users/User/.codex/worktrees/hadayah-wave4v2-integration/Streamer_app/project/test/map_p5_presentation_test.dart: (setUpAll)
[90m[🌎 Easy Localization] [DEBUG] Localization initialized[0m
01:17 +47: C:/Users/User/.codex/worktrees/hadayah-wave4v2-integration/Streamer_app/project/test/map_p5_presentation_test.dart: sparse points retain coordinates and identity after a removal
01:17 +48: C:/Users/User/.codex/worktrees/hadayah-wave4v2-integration/Streamer_app/project/test/map_p5_presentation_test.dart: cluster tap zooms up to the shared maximum, then lists members
01:17 +49: C:/Users/User/.codex/worktrees/hadayah-wave4v2-integration/Streamer_app/project/test/map_p5_presentation_test.dart: (tearDownAll)
01:17 +49: loading C:/Users/User/.codex/worktrees/hadayah-wave4v2-integration/Streamer_app/project/test/map_pack_test.dart
01:17 +49: C:/Users/User/.codex/worktrees/hadayah-wave4v2-integration/Streamer_app/project/test/map_pack_test.dart: LocalRangeClient rejects missing, reversed, out-of-file and oversized ranges
01:17 +50: C:/Users/User/.codex/worktrees/hadayah-wave4v2-integration/Streamer_app/project/test/map_pack_test.dart: LocalRangeClient never serves any other URL or method, and stops after close
01:17 +51: loading C:/Users/User/.codex/worktrees/hadayah-wave4v2-integration/Streamer_app/project/test/map_tricity_widgets_test.dart
01:18 +51: C:/Users/User/.codex/worktrees/hadayah-wave4v2-integration/Streamer_app/project/test/map_tricity_widgets_test.dart: (setUpAll)
[90m[🌎 Easy Localization] [DEBUG] Localization initialized[0m
01:18 +51: C:/Users/User/.codex/worktrees/hadayah-wave4v2-integration/Streamer_app/project/test/map_tricity_widgets_test.dart: selected card en width=360.0 text=1.0 BroadcastType.liveAudio
Realtime public streamer subscription failed: 'package:supabase_flutter/src/supabase.dart': Failed assertion: line 45 pos 7: '_instance._isInitialized': You must initialize the supabase instance before calling Supabase.instance
Realtime academic_categories subscription failed: 'package:supabase_flutter/src/supabase.dart': Failed assertion: line 45 pos 7: '_instance._isInitialized': You must initialize the supabase instance before calling Supabase.instance
Supabase auth listener not attached (Supabase not initialized?): 'package:supabase_flutter/src/supabase.dart': Failed assertion: line 45 pos 7: '_instance._isInitialized': You must initialize the supabase instance before calling Supabase.instance
[90m[🌎 Easy Localization] [DEBUG] Start[0m
loadVerifiedStreamersFromBackend failed: Bad state: Backend unavailable
_refreshAcademicCategories failed: Bad state: Backend unavailable
[90m[🌎 Easy Localization] [DEBUG] Init state[0m
[32m[🌎 Easy Localization] [INFO] Start locale loaded en[0m
[90m[🌎 Easy Localization] [DEBUG] Build[0m
[90m[🌎 Easy Localization] [DEBUG] Init Localization Delegate[0m
[90m[🌎 Easy Localization] [DEBUG] Init provider[0m
[90m[🌎 Easy Localization] [DEBUG] Load Localization Delegate[0m
[90m[🌎 Easy Localization] [DEBUG] Build[0m
[90m[🌎 Easy Localization] [DEBUG] Init Localization Delegate[0m
[90m[🌎 Easy Localization] [DEBUG] Init provider[0m
unhandled element <defs/>; Picture key: Svg loader
01:20 +52: C:/Users/User/.codex/worktrees/hadayah-wave4v2-integration/Streamer_app/project/test/map_tricity_widgets_test.dart: selected card en width=360.0 text=1.6 BroadcastType.offline
Realtime public streamer subscription failed: 'package:supabase_flutter/src/supabase.dart': Failed assertion: line 45 pos 7: '_instance._isInitialized': You must initialize the supabase instance before calling Supabase.instance
Realtime academic_categories subscription failed: 'package:supabase_flutter/src/supabase.dart': Failed assertion: line 45 pos 7: '_instance._isInitialized': You must initialize the supabase instance before calling Supabase.instance
Supabase auth listener not attached (Supabase not initialized?): 'package:supabase_flutter/src/supabase.dart': Failed assertion: line 45 pos 7: '_instance._isInitialized': You must initialize the supabase instance before calling Supabase.instance
[90m[🌎 Easy Localization] [DEBUG] Start[0m
loadVerifiedStreamersFromBackend failed: Bad state: Backend unavailable
_refreshAcademicCategories failed: Bad state: Backend unavailable
[90m[🌎 Easy Localization] [DEBUG] Init state[0m
[32m[🌎 Easy Localization] [INFO] Start locale loaded en[0m
[90m[🌎 Easy Localization] [DEBUG] Build[0m
[90m[🌎 Easy Localization] [DEBUG] Init Localization Delegate[0m
[90m[🌎 Easy Localization] [DEBUG] Init provider[0m
[90m[🌎 Easy Localization] [DEBUG] Load Localization Delegate[0m
[90m[🌎 Easy Localization] [DEBUG] Build[0m
[90m[🌎 Easy Localization] [DEBUG] Init Localization Delegate[0m
[90m[🌎 Easy Localization] [DEBUG] Init provider[0m
01:20 +53: C:/Users/User/.codex/worktrees/hadayah-wave4v2-integration/Streamer_app/project/test/map_tricity_widgets_test.dart: selected card en width=360.0 text=1.6 BroadcastType.liveVideo
Realtime public streamer subscription failed: 'package:supabase_flutter/src/supabase.dart': Failed assertion: line 45 pos 7: '_instance._isInitialized': You must initialize the supabase instance before calling Supabase.instance
Realtime academic_categories subscription failed: 'package:supabase_flutter/src/supabase.dart': Failed assertion: line 45 pos 7: '_instance._isInitialized': You must initialize the supabase instance before calling Supabase.instance
Supabase auth listener not attached (Supabase not initialized?): 'package:supabase_flutter/src/supabase.dart': Failed assertion: line 45 pos 7: '_instance._isInitialized': You must initialize the supabase instance before calling Supabase.instance
[90m[🌎 Easy Localization] [DEBUG] Start[0m
loadVerifiedStreamersFromBackend failed: Bad state: Backend unavailable
_refreshAcademicCategories failed: Bad state: Backend unavailable
[90m[🌎 Easy Localization] [DEBUG] Init state[0m
[32m[🌎 Easy Localization] [INFO] Start locale loaded en[0m
[90m[🌎 Easy Localization] [DEBUG] Build[0m
[90m[🌎 Easy Localization] [DEBUG] Init Localization Delegate[0m
[90m[🌎 Easy Localization] [DEBUG] Init provider[0m
[90m[🌎 Easy Localization] [DEBUG] Load Localization Delegate[0m
[90m[🌎 Easy Localization] [DEBUG] Build[0m
[90m[🌎 Easy Localization] [DEBUG] Init Localization Delegate[0m
[90m[🌎 Easy Localization] [DEBUG] Init provider[0m
01:20 +54: C:/Users/User/.codex/worktrees/hadayah-wave4v2-integration/Streamer_app/project/test/map_tricity_widgets_test.dart: selected card en width=360.0 text=1.6 BroadcastType.liveAudio
Realtime public streamer subscription failed: 'package:supabase_flutter/src/supabase.dart': Failed assertion: line 45 pos 7: '_instance._isInitialized': You must initialize the supabase instance before calling Supabase.instance
Realtime academic_categories subscription failed: 'package:supabase_flutter/src/supabase.dart': Failed assertion: line 45 pos 7: '_instance._isInitialized': You must initialize the supabase instance before calling Supabase.instance
Supabase auth listener not attached (Supabase not initialized?): 'package:supabase_flutter/src/supabase.dart': Failed assertion: line 45 pos 7: '_instance._isInitialized': You must initialize the supabase instance before calling Supabase.instance
[90m[🌎 Easy Localization] [DEBUG] Start[0m
loadVerifiedStreamersFromBackend failed: Bad state: Backend unavailable
_refreshAcademicCategories failed: Bad state: Backend unavailable
[90m[🌎 Easy Localization] [DEBUG] Init state[0m
[32m[🌎 Easy Localization] [INFO] Start locale loaded en[0m
[90m[🌎 Easy Localization] [DEBUG] Build[0m
[90m[🌎 Easy Localization] [DEBUG] Init Localization Delegate[0m
[90m[🌎 Easy Localization] [DEBUG] Init provider[0m
[90m[🌎 Easy Localization] [DEBUG] Load Localization Delegate[0m
[90m[🌎 Easy Localization] [DEBUG] Build[0m
[90m[🌎 Easy Localization] [DEBUG] Init Localization Delegate[0m
[90m[🌎 Easy Localization] [DEBUG] Init provider[0m
01:21 +55: C:/Users/User/.codex/worktrees/hadayah-wave4v2-integration/Streamer_app/project/test/map_tricity_widgets_test.dart: selected card en width=360.0 text=2.0 BroadcastType.offline
Realtime public streamer subscription failed: 'package:supabase_flutter/src/supabase.dart': Failed assertion: line 45 pos 7: '_instance._isInitialized': You must initialize the supabase instance before calling Supabase.instance
Realtime academic_categories subscription failed: 'package:supabase_flutter/src/supabase.dart': Failed assertion: line 45 pos 7: '_instance._isInitialized': You must initialize the supabase instance before calling Supabase.instance
Supabase auth listener not attached (Supabase not initialized?): 'package:supabase_flutter/src/supabase.dart': Failed assertion: line 45 pos 7: '_instance._isInitialized': You must initialize the supabase instance before calling Supabase.instance
[90m[🌎 Easy Localization] [DEBUG] Start[0m
loadVerifiedStreamersFromBackend failed: Bad state: Backend unavailable
_refreshAcademicCategories failed: Bad state: Backend unavailable
[90m[🌎 Easy Localization] [DEBUG] Init state[0m
[32m[🌎 Easy Localization] [INFO] Start locale loaded en[0m
[90m[🌎 Easy Localization] [DEBUG] Build[0m
[90m[🌎 Easy Localization] [DEBUG] Init Localization Delegate[0m
[90m[🌎 Easy Localization] [DEBUG] Init provider[0m
[90m[🌎 Easy Localization] [DEBUG] Load Localization Delegate[0m
[90m[🌎 Easy Localization] [DEBUG] Build[0m
[90m[🌎 Easy Localization] [DEBUG] Init Localization Delegate[0m
[90m[🌎 Easy Localization] [DEBUG] Init provider[0m
01:21 +56: C:/Users/User/.codex/worktrees/hadayah-wave4v2-integration/Streamer_app/project/test/map_tricity_widgets_test.dart: selected card en width=360.0 text=2.0 BroadcastType.liveVideo
Realtime public streamer subscription failed: 'package:supabase_flutter/src/supabase.dart': Failed assertion: line 45 pos 7: '_instance._isInitialized': You must initialize the supabase instance before calling Supabase.instance
Realtime academic_categories subscription failed: 'package:supabase_flutter/src/supabase.dart': Failed assertion: line 45 pos 7: '_instance._isInitialized': You must initialize the supabase instance before calling Supabase.instance
Supabase auth listener not attached (Supabase not initialized?): 'package:supabase_flutter/src/supabase.dart': Failed assertion: line 45 pos 7: '_instance._isInitialized': You must initialize the supabase instance before calling Supabase.instance
[90m[🌎 Easy Localization] [DEBUG] Start[0m
loadVerifiedStreamersFromBackend failed: Bad state: Backend unavailable
_refreshAcademicCategories failed: Bad state: Backend unavailable
[90m[🌎 Easy Localization] [DEBUG] Init state[0m
[32m[🌎 Easy Localization] [INFO] Start locale loaded en[0m
[90m[🌎 Easy Localization] [DEBUG] Build[0m
[90m[🌎 Easy Localization] [DEBUG] Init Localization Delegate[0m
[90m[🌎 Easy Localization] [DEBUG] Init provider[0m
[90m[🌎 Easy Localization] [DEBUG] Load Localization Delegate[0m
[90m[🌎 Easy Localization] [DEBUG] Build[0m
[90m[🌎 Easy Localization] [DEBUG] Init Localization Delegate[0m
[90m[🌎 Easy Localization] [DEBUG] Init provider[0m
01:21 +57: C:/Users/User/.codex/worktrees/hadayah-wave4v2-integration/Streamer_app/project/test/map_tricity_widgets_test.dart: selected card en width=360.0 text=2.0 BroadcastType.liveAudio
Realtime public streamer subscription failed: 'package:supabase_flutter/src/supabase.dart': Failed assertion: line 45 pos 7: '_instance._isInitialized': You must initialize the supabase instance before calling Supabase.instance
Realtime academic_categories subscription failed: 'package:supabase_flutter/src/supabase.dart': Failed assertion: line 45 pos 7: '_instance._isInitialized': You must initialize the supabase instance before calling Supabase.instance
Supabase auth listener not attached (Supabase not initialized?): 'package:supabase_flutter/src/supabase.dart': Failed assertion: line 45 pos 7: '_instance._isInitialized': You must initialize the supabase instance before calling Supabase.instance
[90m[🌎 Easy Localization] [DEBUG] Start[0m
loadVerifiedStreamersFromBackend failed: Bad state: Backend unavailable
_refreshAcademicCategories failed: Bad state: Backend unavailable
[90m[🌎 Easy Localization] [DEBUG] Init state[0m
[32m[🌎 Easy Localization] [INFO] Start locale loaded en[0m
[90m[🌎 Easy Localization] [DEBUG] Build[0m
[90m[🌎 Easy Localization] [DEBUG] Init Localization Delegate[0m
[90m[🌎 Easy Localization] [DEBUG] Init provider[0m
[90m[🌎 Easy Localization] [DEBUG] Load Localization Delegate[0m
[90m[🌎 Easy Localization] [DEBUG] Build[0m
[90m[🌎 Easy Localization] [DEBUG] Init Localization Delegate[0m
[90m[🌎 Easy Localization] [DEBUG] Init provider[0m
01:21 +58: C:/Users/User/.codex/worktrees/hadayah-wave4v2-integration/Streamer_app/project/test/map_tricity_widgets_test.dart: selected card en width=384.0 text=1.0 BroadcastType.offline
Realtime public streamer subscription failed: 'package:supabase_flutter/src/supabase.dart': Failed assertion: line 45 pos 7: '_instance._isInitialized': You must initialize the supabase instance before calling Supabase.instance
Realtime academic_categories subscription failed: 'package:supabase_flutter/src/supabase.dart': Failed assertion: line 45 pos 7: '_instance._isInitialized': You must initialize the supabase instance before calling Supabase.instance
Supabase auth listener not attached (Supabase not initialized?): 'package:supabase_flutter/src/supabase.dart': Failed assertion: line 45 pos 7: '_instance._isInitialized': You must initialize the supabase instance before calling Supabase.instance
[90m[🌎 Easy Localization] [DEBUG] Start[0m
loadVerifiedStreamersFromBackend failed: Bad state: Backend unavailable
_refreshAcademicCategories failed: Bad state: Backend unavailable
[90m[🌎 Easy Localization] [DEBUG] Init state[0m
[32m[🌎 Easy Localization] [INFO] Start locale loaded en[0m
[90m[🌎 Easy Localization] [DEBUG] Build[0m
[90m[🌎 Easy Localization] [DEBUG] Init Localization Delegate[0m
[90m[🌎 Easy Localization] [DEBUG] Init provider[0m
[90m[🌎 Easy Localization] [DEBUG] Load Localization Delegate[0m
[90m[🌎 Easy Localization] [DEBUG] Build[0m
[90m[🌎 Easy Localization] [DEBUG] Init Localization Delegate[0m
[90m[🌎 Easy Localization] [DEBUG] Init provider[0m
01:21 +59: C:/Users/User/.codex/worktrees/hadayah-wave4v2-integration/Streamer_app/project/test/map_tricity_widgets_test.dart: selected card en width=384.0 text=1.0 BroadcastType.liveVideo
Realtime public streamer subscription failed: 'package:supabase_flutter/src/supabase.dart': Failed assertion: line 45 pos 7: '_instance._isInitialized': You must initialize the supabase instance before calling Supabase.instance
Realtime academic_categories subscription failed: 'package:supabase_flutter/src/supabase.dart': Failed assertion: line 45 pos 7: '_instance._isInitialized': You must initialize the supabase instance before calling Supabase.instance
Supabase auth listener not attached (Supabase not initialized?): 'package:supabase_flutter/src/supabase.dart': Failed assertion: line 45 pos 7: '_instance._isInitialized': You must initialize the supabase instance before calling Supabase.instance
[90m[🌎 Easy Localization] [DEBUG] Start[0m
loadVerifiedStreamersFromBackend failed: Bad state: Backend unavailable
_refreshAcademicCategories failed: Bad state: Backend unavailable
[90m[🌎 Easy Localization] [DEBUG] Init state[0m
[32m[🌎 Easy Localization] [INFO] Start locale loaded en[0m
[90m[🌎 Easy Localization] [DEBUG] Build[0m
[90m[🌎 Easy Localization] [DEBUG] Init Localization Delegate[0m
[90m[🌎 Easy Localization] [DEBUG] Init provider[0m
[90m[🌎 Easy Localization] [DEBUG] Load Localization Delegate[0m
[90m[🌎 Easy Localization] [DEBUG] Build[0m
[90m[🌎 Easy Localization] [DEBUG] Init Localization Delegate[0m
[90m[🌎 Easy Localization] [DEBUG] Init provider[0m
01:22 +60: C:/Users/User/.codex/worktrees/hadayah-wave4v2-integration/Streamer_app/project/test/map_tricity_widgets_test.dart: selected card en width=384.0 text=1.0 BroadcastType.liveAudio
Realtime public streamer subscription failed: 'package:supabase_flutter/src/supabase.dart': Failed assertion: line 45 pos 7: '_instance._isInitialized': You must initialize the supabase instance before calling Supabase.instance
Realtime academic_categories subscription failed: 'package:supabase_flutter/src/supabase.dart': Failed assertion: line 45 pos 7: '_instance._isInitialized': You must initialize the supabase instance before calling Supabase.instance
Supabase auth listener not attached (Supabase not initialized?): 'package:supabase_flutter/src/supabase.dart': Failed assertion: line 45 pos 7: '_instance._isInitialized': You must initialize the supabase instance before calling Supabase.instance
[90m[🌎 Easy Localization] [DEBUG] Start[0m
loadVerifiedStreamersFromBackend failed: Bad state: Backend unavailable
_refreshAcademicCategories failed: Bad state: Backend unavailable
[90m[🌎 Easy Localization] [DEBUG] Init state[0m
[32m[🌎 Easy Localization] [INFO] Start locale loaded en[0m
[90m[🌎 Easy Localization] [DEBUG] Build[0m
[90m[🌎 Easy Localization] [DEBUG] Init Localization Delegate[0m
[90m[🌎 Easy Localization] [DEBUG] Init provider[0m
[90m[🌎 Easy Localization] [DEBUG] Load Localization Delegate[0m
[90m[🌎 Easy Localization] [DEBUG] Build[0m
[90m[🌎 Easy Localization] [DEBUG] Init Localization Delegate[0m
[90m[🌎 Easy Localization] [DEBUG] Init provider[0m
01:22 +61: C:/Users/User/.codex/worktrees/hadayah-wave4v2-integration/Streamer_app/project/test/map_tricity_widgets_test.dart: selected card en width=384.0 text=1.6 BroadcastType.offline
Realtime public streamer subscription failed: 'package:supabase_flutter/src/supabase.dart': Failed assertion: line 45 pos 7: '_instance._isInitialized': You must initialize the supabase instance before calling Supabase.instance
Realtime academic_categories subscription failed: 'package:supabase_flutter/src/supabase.dart': Failed assertion: line 45 pos 7: '_instance._isInitialized': You must initialize the supabase instance before calling Supabase.instance
Supabase auth listener not attached (Supabase not initialized?): 'package:supabase_flutter/src/supabase.dart': Failed assertion: line 45 pos 7: '_instance._isInitialized': You must initialize the supabase instance before calling Supabase.instance
[90m[🌎 Easy Localization] [DEBUG] Start[0m
loadVerifiedStreamersFromBackend failed: Bad state: Backend unavailable
_refreshAcademicCategories failed: Bad state: Backend unavailable
[90m[🌎 Easy Localization] [DEBUG] Init state[0m
[32m[🌎 Easy Localization] [INFO] Start locale loaded en[0m
[90m[🌎 Easy Localization] [DEBUG] Build[0m
[90m[🌎 Easy Localization] [DEBUG] Init Localization Delegate[0m
[90m[🌎 Easy Localization] [DEBUG] Init provider[0m
[90m[🌎 Easy Localization] [DEBUG] Load Localization Delegate[0m
[90m[🌎 Easy Localization] [DEBUG] Build[0m
[90m[🌎 Easy Localization] [DEBUG] Init Localization Delegate[0m
[90m[🌎 Easy Localization] [DEBUG] Init provider[0m
01:22 +62: C:/Users/User/.codex/worktrees/hadayah-wave4v2-integration/Streamer_app/project/test/map_tricity_widgets_test.dart: (tearDownAll)
01:22 +62: loading C:/Users/User/.codex/worktrees/hadayah-wave4v2-integration/Streamer_app/project/test/map_viewport_policy_test.dart
01:23 +62: C:/Users/User/.codex/worktrees/hadayah-wave4v2-integration/Streamer_app/project/test/map_viewport_policy_test.dart: wide and tall layouts shrink only the offending side
01:23 +63: C:/Users/User/.codex/worktrees/hadayah-wave4v2-integration/Streamer_app/project/test/map_viewport_policy_test.dart: legal targets keep the whole viewport inside the navigation extent for far-away centres and every zoom, including beyond both limits
01:23 +64: loading C:/Users/User/.codex/worktrees/hadayah-wave4v2-integration/Streamer_app/project/test/multi_device_streamer_sync_and_youtube_parser_test.dart
01:24 +64: loading C:/Users/User/.codex/worktrees/hadayah-wave4v2-integration/Streamer_app/project/test/notification_system_test.dart
01:24 +64: C:/Users/User/.codex/worktrees/hadayah-wave4v2-integration/Streamer_app/project/test/notification_system_test.dart: TC-NOTIF-01: 10-Minute Rolling Rate Limiter & Throttling Tests Respects user custom rate limit changes via settings slider
Realtime public streamer subscription failed: 'package:supabase_flutter/src/supabase.dart': Failed assertion: line 45 pos 7: '_instance._isInitialized': You must initialize the supabase instance before calling Supabase.instance
Realtime academic_categories subscription failed: 'package:supabase_flutter/src/supabase.dart': Failed assertion: line 45 pos 7: '_instance._isInitialized': You must initialize the supabase instance before calling Supabase.instance
Supabase auth listener not attached (Supabase not initialized?): 'package:supabase_flutter/src/supabase.dart': Failed assertion: line 45 pos 7: '_instance._isInitialized': You must initialize the supabase instance before calling Supabase.instance
01:24 +65: loading C:/Users/User/.codex/worktrees/hadayah-wave4v2-integration/Streamer_app/project/test/offline_experience_test.dart
01:26 +65: C:/Users/User/.codex/worktrees/hadayah-wave4v2-integration/Streamer_app/project/test/offline_experience_test.dart: (setUpAll)
[90m[🌎 Easy Localization] [DEBUG] Localization initialized[0m
01:26 +65: C:/Users/User/.codex/worktrees/hadayah-wave4v2-integration/Streamer_app/project/test/offline_experience_test.dart: ar offline banner gives a local retry in the right layout
Realtime public streamer subscription failed: 'package:supabase_flutter/src/supabase.dart': Failed assertion: line 45 pos 7: '_instance._isInitialized': You must initialize the supabase instance before calling Supabase.instance
Realtime academic_categories subscription failed: 'package:supabase_flutter/src/supabase.dart': Failed assertion: line 45 pos 7: '_instance._isInitialized': You must initialize the supabase instance before calling Supabase.instance
Supabase auth listener not attached (Supabase not initialized?): 'package:supabase_flutter/src/supabase.dart': Failed assertion: line 45 pos 7: '_instance._isInitialized': You must initialize the supabase instance before calling Supabase.instance
[90m[🌎 Easy Localization] [DEBUG] Start[0m
loadVerifiedStreamersFromBackend failed: Bad state: Backend unavailable
[90m[🌎 Easy Localization] [DEBUG] Init state[0m
[32m[🌎 Easy Localization] [INFO] Start locale loaded ar[0m
[90m[🌎 Easy Localization] [DEBUG] Build[0m
[90m[🌎 Easy Localization] [DEBUG] Init Localization Delegate[0m
[90m[🌎 Easy Localization] [DEBUG] Init provider[0m
[90m[🌎 Easy Localization] [DEBUG] Load Localization Delegate[0m
[90m[🌎 Easy Localization] [DEBUG] Build[0m
[90m[🌎 Easy Localization] [DEBUG] Init Localization Delegate[0m
[90m[🌎 Easy Localization] [DEBUG] Init provider[0m
01:26 +66: C:/Users/User/.codex/worktrees/hadayah-wave4v2-integration/Streamer_app/project/test/offline_experience_test.dart: (tearDownAll)
01:26 +66: loading C:/Users/User/.codex/worktrees/hadayah-wave4v2-integration/Streamer_app/project/test/organization_admin_and_go_live_test.dart
01:27 +66: C:/Users/User/.codex/worktrees/hadayah-wave4v2-integration/Streamer_app/project/test/organization_admin_and_go_live_test.dart: (setUpAll)
[90m[🌎 Easy Localization] [DEBUG] Localization initialized[0m
01:27 +66: C:/Users/User/.codex/worktrees/hadayah-wave4v2-integration/Streamer_app/project/test/organization_admin_and_go_live_test.dart: Phase 4: Go Live Studio & Organization Management Tests TC-ORG-GOLIVE-02: Org Live without a primary backend session is denied
Realtime public streamer subscription failed: 'package:supabase_flutter/src/supabase.dart': Failed assertion: line 45 pos 7: '_instance._isInitialized': You must initialize the supabase instance before calling Supabase.instance
Realtime academic_categories subscription failed: 'package:supabase_flutter/src/supabase.dart': Failed assertion: line 45 pos 7: '_instance._isInitialized': You must initialize the supabase instance before calling Supabase.instance
Supabase auth listener not attached (Supabase not initialized?): 'package:supabase_flutter/src/supabase.dart': Failed assertion: line 45 pos 7: '_instance._isInitialized': You must initialize the supabase instance before calling Supabase.instance
loadVerifiedStreamersFromBackend failed: Bad state: Backend unavailable
_refreshAcademicCategories failed: Bad state: Backend unavailable
01:27 +67: C:/Users/User/.codex/worktrees/hadayah-wave4v2-integration/Streamer_app/project/test/organization_admin_and_go_live_test.dart: (tearDownAll)
01:28 +67: loading C:/Users/User/.codex/worktrees/hadayah-wave4v2-integration/Streamer_app/project/test/organization_location_reload_test.dart
01:28 +67: loading C:/Users/User/.codex/worktrees/hadayah-wave4v2-integration/Streamer_app/project/test/organization_models_and_rbac_test.dart
01:29 +67: loading C:/Users/User/.codex/worktrees/hadayah-wave4v2-integration/Streamer_app/project/test/organization_profile_screen_test.dart
01:30 +67: loading C:/Users/User/.codex/worktrees/hadayah-wave4v2-integration/Streamer_app/project/test/owner_acceptance_regression_test.dart
01:31 +67: C:/Users/User/.codex/worktrees/hadayah-wave4v2-integration/Streamer_app/project/test/owner_acceptance_regression_test.dart: late hydration from account A cannot overwrite B or a signed-out session
Realtime public streamer subscription failed: 'package:supabase_flutter/src/supabase.dart': Failed assertion: line 45 pos 7: '_instance._isInitialized': You must initialize the supabase instance before calling Supabase.instance
Realtime academic_categories subscription failed: 'package:supabase_flutter/src/supabase.dart': Failed assertion: line 45 pos 7: '_instance._isInitialized': You must initialize the supabase instance before calling Supabase.instance
Realtime user status channel subscription failed: 'package:supabase_flutter/src/supabase.dart': Failed assertion: line 45 pos 7: '_instance._isInitialized': You must initialize the supabase instance before calling Supabase.instance
Profile provisioning failed: 'package:supabase_flutter/src/supabase.dart': Failed assertion: line 45 pos 7: '_instance._isInitialized': You must initialize the supabase instance before calling Supabase.instance
loadVerifiedStreamersFromBackend failed: Bad state: Backend unavailable
Admin role check failed: 'package:supabase_flutter/src/supabase.dart': Failed assertion: line 45 pos 7: '_instance._isInitialized': You must initialize the supabase instance before calling Supabase.instance
_refreshCurrentUserBanStatus failed: 'package:supabase_flutter/src/supabase.dart': Failed assertion: line 45 pos 7: '_instance._isInitialized': You must initialize the supabase instance before calling Supabase.instance
_refreshAcademicCategories failed: Bad state: Backend unavailable
Realtime user status channel subscription failed: 'package:supabase_flutter/src/supabase.dart': Failed assertion: line 45 pos 7: '_instance._isInitialized': You must initialize the supabase instance before calling Supabase.instance
Profile provisioning failed: 'package:supabase_flutter/src/supabase.dart': Failed assertion: line 45 pos 7: '_instance._isInitialized': You must initialize the supabase instance before calling Supabase.instance
Admin role check failed: 'package:supabase_flutter/src/supabase.dart': Failed assertion: line 45 pos 7: '_instance._isInitialized': You must initialize the supabase instance before calling Supabase.instance
_refreshCurrentUserBanStatus failed: 'package:supabase_flutter/src/supabase.dart': Failed assertion: line 45 pos 7: '_instance._isInitialized': You must initialize the supabase instance before calling Supabase.instance
loadVerifiedStreamersFromBackend failed: Bad state: Backend unavailable
01:31 +68: loading C:/Users/User/.codex/worktrees/hadayah-wave4v2-integration/Streamer_app/project/test/owner_mobile_layout_test.dart
01:31 +68: C:/Users/User/.codex/worktrees/hadayah-wave4v2-integration/Streamer_app/project/test/owner_mobile_layout_test.dart: (setUpAll)
[90m[🌎 Easy Localization] [DEBUG] Localization initialized[0m
01:32 +68: C:/Users/User/.codex/worktrees/hadayah-wave4v2-integration/Streamer_app/project/test/owner_mobile_layout_test.dart: populated admin phone layouts 390.0 en
Realtime public streamer subscription failed: 'package:supabase_flutter/src/supabase.dart': Failed assertion: line 45 pos 7: '_instance._isInitialized': You must initialize the supabase instance before calling Supabase.instance
Realtime academic_categories subscription failed: 'package:supabase_flutter/src/supabase.dart': Failed assertion: line 45 pos 7: '_instance._isInitialized': You must initialize the supabase instance before calling Supabase.instance
Supabase auth listener not attached (Supabase not initialized?): 'package:supabase_flutter/src/supabase.dart': Failed assertion: line 45 pos 7: '_instance._isInitialized': You must initialize the supabase instance before calling Supabase.instance
loadVerifiedStreamersFromBackend failed: Bad state: Backend unavailable
_refreshAcademicCategories failed: Bad state: Backend unavailable
[90m[🌎 Easy Localization] [DEBUG] Start[0m
[90m[🌎 Easy Localization] [DEBUG] Init state[0m
[32m[🌎 Easy Localization] [INFO] Start locale loaded en[0m
[90m[🌎 Easy Localization] [DEBUG] Build[0m
[90m[🌎 Easy Localization] [DEBUG] Init Localization Delegate[0m
[90m[🌎 Easy Localization] [DEBUG] Init provider[0m
[90m[🌎 Easy Localization] [DEBUG] Load Localization Delegate[0m
[90m[🌎 Easy Localization] [DEBUG] Build[0m
[90m[🌎 Easy Localization] [DEBUG] Init Localization Delegate[0m
[90m[🌎 Easy Localization] [DEBUG] Init provider[0m
unhandled element <defs/>; Picture key: Svg loader
Realtime chat_reports subscription failed: 'package:supabase_flutter/src/supabase.dart': Failed assertion: line 45 pos 7: '_instance._isInitialized': You must initialize the supabase instance before calling Supabase.instance
_refreshAcademicCategories failed: Bad state: Backend unavailable
loadVerifiedStreamersFromBackend failed: Bad state: Backend unavailable
_refreshAcademicCategories failed: Bad state: Backend unavailable
01:35 +69: C:/Users/User/.codex/worktrees/hadayah-wave4v2-integration/Streamer_app/project/test/owner_mobile_layout_test.dart: (tearDownAll)
01:35 +69: loading C:/Users/User/.codex/worktrees/hadayah-wave4v2-integration/Streamer_app/project/test/p6s_wave3_group1_test.dart
01:37 +69: C:/Users/User/.codex/worktrees/hadayah-wave4v2-integration/Streamer_app/project/test/p6s_wave3_group1_test.dart: (setUpAll)
[90m[🌎 Easy Localization] [DEBUG] Localization initialized[0m
01:37 +69: C:/Users/User/.codex/worktrees/hadayah-wave4v2-integration/Streamer_app/project/test/p6s_wave3_group1_test.dart: viewer room identity fresh catalog data that ends the broadcast closes the room, its player, chat and LIVE badge
Realtime public streamer subscription failed: 'package:supabase_flutter/src/supabase.dart': Failed assertion: line 45 pos 7: '_instance._isInitialized': You must initialize the supabase instance before calling Supabase.instance
Realtime academic_categories subscription failed: 'package:supabase_flutter/src/supabase.dart': Failed assertion: line 45 pos 7: '_instance._isInitialized': You must initialize the supabase instance before calling Supabase.instance
Supabase auth listener not attached (Supabase not initialized?): 'package:supabase_flutter/src/supabase.dart': Failed assertion: line 45 pos 7: '_instance._isInitialized': You must initialize the supabase instance before calling Supabase.instance
[90m[🌎 Easy Localization] [DEBUG] Start[0m
[90m[🌎 Easy Localization] [DEBUG] Init state[0m
[32m[🌎 Easy Localization] [INFO] Start locale loaded en[0m
[90m[🌎 Easy Localization] [DEBUG] Build[0m
[90m[🌎 Easy Localization] [DEBUG] Init Localization Delegate[0m
[90m[🌎 Easy Localization] [DEBUG] Init provider[0m
[90m[🌎 Easy Localization] [DEBUG] Load Localization Delegate[0m
[90m[🌎 Easy Localization] [DEBUG] Build[0m
[90m[🌎 Easy Localization] [DEBUG] Init Localization Delegate[0m
[90m[🌎 Easy Localization] [DEBUG] Init provider[0m
unhandled element <defs/>; Picture key: Svg loader
_refreshAcademicCategories failed: Bad state: Backend unavailable
01:39 +70: C:/Users/User/.codex/worktrees/hadayah-wave4v2-integration/Streamer_app/project/test/p6s_wave3_group1_test.dart: viewer room identity without any Realtime event the room re-reads the catalog and closes within about 20 seconds of the broadcast ending
Realtime public streamer subscription failed: 'package:supabase_flutter/src/supabase.dart': Failed assertion: line 45 pos 7: '_instance._isInitialized': You must initialize the supabase instance before calling Supabase.instance
Realtime academic_categories subscription failed: 'package:supabase_flutter/src/supabase.dart': Failed assertion: line 45 pos 7: '_instance._isInitialized': You must initialize the supabase instance before calling Supabase.instance
Supabase auth listener not attached (Supabase not initialized?): 'package:supabase_flutter/src/supabase.dart': Failed assertion: line 45 pos 7: '_instance._isInitialized': You must initialize the supabase instance before calling Supabase.instance
[90m[🌎 Easy Localization] [DEBUG] Start[0m
[90m[🌎 Easy Localization] [DEBUG] Init state[0m
[32m[🌎 Easy Localization] [INFO] Start locale loaded en[0m
[90m[🌎 Easy Localization] [DEBUG] Build[0m
[90m[🌎 Easy Localization] [DEBUG] Init Localization Delegate[0m
[90m[🌎 Easy Localization] [DEBUG] Init provider[0m
[90m[🌎 Easy Localization] [DEBUG] Load Localization Delegate[0m
[90m[🌎 Easy Localization] [DEBUG] Build[0m
[90m[🌎 Easy Localization] [DEBUG] Init Localization Delegate[0m
[90m[🌎 Easy Localization] [DEBUG] Init provider[0m
_refreshAcademicCategories failed: Bad state: Backend unavailable
01:39 +71: C:/Users/User/.codex/worktrees/hadayah-wave4v2-integration/Streamer_app/project/test/p6s_wave3_group1_test.dart: viewer room identity a different broadcast on the same channel also ends the room
Realtime public streamer subscription failed: 'package:supabase_flutter/src/supabase.dart': Failed assertion: line 45 pos 7: '_instance._isInitialized': You must initialize the supabase instance before calling Supabase.instance
Realtime academic_categories subscription failed: 'package:supabase_flutter/src/supabase.dart': Failed assertion: line 45 pos 7: '_instance._isInitialized': You must initialize the supabase instance before calling Supabase.instance
Supabase auth listener not attached (Supabase not initialized?): 'package:supabase_flutter/src/supabase.dart': Failed assertion: line 45 pos 7: '_instance._isInitialized': You must initialize the supabase instance before calling Supabase.instance
[90m[🌎 Easy Localization] [DEBUG] Start[0m
[90m[🌎 Easy Localization] [DEBUG] Init state[0m
[32m[🌎 Easy Localization] [INFO] Start locale loaded en[0m
[90m[🌎 Easy Localization] [DEBUG] Build[0m
[90m[🌎 Easy Localization] [DEBUG] Init Localization Delegate[0m
[90m[🌎 Easy Localization] [DEBUG] Init provider[0m
[90m[🌎 Easy Localization] [DEBUG] Load Localization Delegate[0m
[90m[🌎 Easy Localization] [DEBUG] Build[0m
[90m[🌎 Easy Localization] [DEBUG] Init Localization Delegate[0m
[90m[🌎 Easy Localization] [DEBUG] Init provider[0m
_refreshAcademicCategories failed: Bad state: Backend unavailable
01:39 +72: C:/Users/User/.codex/worktrees/hadayah-wave4v2-integration/Streamer_app/project/test/p6s_wave3_group1_test.dart: (tearDownAll)
01:39 +72: loading C:/Users/User/.codex/worktrees/hadayah-wave4v2-integration/Streamer_app/project/test/p6s_wave3_group5_test.dart
01:41 +72: C:/Users/User/.codex/worktrees/hadayah-wave4v2-integration/Streamer_app/project/test/p6s_wave3_group5_test.dart: (setUpAll)
[90m[🌎 Easy Localization] [DEBUG] Localization initialized[0m
01:41 +72: C:/Users/User/.codex/worktrees/hadayah-wave4v2-integration/Streamer_app/project/test/p6s_wave3_group5_test.dart: room player a player without commands shows no dead transport buttons
Realtime public streamer subscription failed: 'package:supabase_flutter/src/supabase.dart': Failed assertion: line 45 pos 7: '_instance._isInitialized': You must initialize the supabase instance before calling Supabase.instance
Realtime academic_categories subscription failed: 'package:supabase_flutter/src/supabase.dart': Failed assertion: line 45 pos 7: '_instance._isInitialized': You must initialize the supabase instance before calling Supabase.instance
Supabase auth listener not attached (Supabase not initialized?): 'package:supabase_flutter/src/supabase.dart': Failed assertion: line 45 pos 7: '_instance._isInitialized': You must initialize the supabase instance before calling Supabase.instance
[90m[🌎 Easy Localization] [DEBUG] Start[0m
[90m[🌎 Easy Localization] [DEBUG] Init state[0m
[32m[🌎 Easy Localization] [INFO] Start locale loaded en[0m
[90m[🌎 Easy Localization] [DEBUG] Build[0m
[90m[🌎 Easy Localization] [DEBUG] Init Localization Delegate[0m
[90m[🌎 Easy Localization] [DEBUG] Init provider[0m
[90m[🌎 Easy Localization] [DEBUG] Load Localization Delegate[0m
[90m[🌎 Easy Localization] [DEBUG] Build[0m
[90m[🌎 Easy Localization] [DEBUG] Init Localization Delegate[0m
[90m[🌎 Easy Localization] [DEBUG] Init provider[0m
unhandled element <defs/>; Picture key: Svg loader
_refreshAcademicCategories failed: Bad state: Backend unavailable
01:42 +73: C:/Users/User/.codex/worktrees/hadayah-wave4v2-integration/Streamer_app/project/test/p6s_wave3_group5_test.dart: room player a muted viewer stays muted after Retry
Realtime public streamer subscription failed: 'package:supabase_flutter/src/supabase.dart': Failed assertion: line 45 pos 7: '_instance._isInitialized': You must initialize the supabase instance before calling Supabase.instance
Realtime academic_categories subscription failed: 'package:supabase_flutter/src/supabase.dart': Failed assertion: line 45 pos 7: '_instance._isInitialized': You must initialize the supabase instance before calling Supabase.instance
Supabase auth listener not attached (Supabase not initialized?): 'package:supabase_flutter/src/supabase.dart': Failed assertion: line 45 pos 7: '_instance._isInitialized': You must initialize the supabase instance before calling Supabase.instance
[90m[🌎 Easy Localization] [DEBUG] Start[0m
[90m[🌎 Easy Localization] [DEBUG] Init state[0m
[32m[🌎 Easy Localization] [INFO] Start locale loaded en[0m
[90m[🌎 Easy Localization] [DEBUG] Build[0m
[90m[🌎 Easy Localization] [DEBUG] Init Localization Delegate[0m
[90m[🌎 Easy Localization] [DEBUG] Init provider[0m
[90m[🌎 Easy Localization] [DEBUG] Load Localization Delegate[0m
[90m[🌎 Easy Localization] [DEBUG] Build[0m
[90m[🌎 Easy Localization] [DEBUG] Init Localization Delegate[0m
[90m[🌎 Easy Localization] [DEBUG] Init provider[0m
_refreshAcademicCategories failed: Bad state: Backend unavailable
01:43 +74: C:/Users/User/.codex/worktrees/hadayah-wave4v2-integration/Streamer_app/project/test/p6s_wave3_group5_test.dart: room player media buttons are 48 dp with localized tooltips (ar, 360 px)
Realtime public streamer subscription failed: 'package:supabase_flutter/src/supabase.dart': Failed assertion: line 45 pos 7: '_instance._isInitialized': You must initialize the supabase instance before calling Supabase.instance
Realtime academic_categories subscription failed: 'package:supabase_flutter/src/supabase.dart': Failed assertion: line 45 pos 7: '_instance._isInitialized': You must initialize the supabase instance before calling Supabase.instance
Supabase auth listener not attached (Supabase not initialized?): 'package:supabase_flutter/src/supabase.dart': Failed assertion: line 45 pos 7: '_instance._isInitialized': You must initialize the supabase instance before calling Supabase.instance
[90m[🌎 Easy Localization] [DEBUG] Start[0m
[90m[🌎 Easy Localization] [DEBUG] Init state[0m
[32m[🌎 Easy Localization] [INFO] Start locale loaded ar[0m
[90m[🌎 Easy Localization] [DEBUG] Build[0m
[90m[🌎 Easy Localization] [DEBUG] Init Localization Delegate[0m
[90m[🌎 Easy Localization] [DEBUG] Init provider[0m
[90m[🌎 Easy Localization] [DEBUG] Load Localization Delegate[0m
[90m[🌎 Easy Localization] [DEBUG] Build[0m
[90m[🌎 Easy Localization] [DEBUG] Init Localization Delegate[0m
[90m[🌎 Easy Localization] [DEBUG] Init provider[0m
_refreshAcademicCategories failed: Bad state: Backend unavailable
01:43 +75: C:/Users/User/.codex/worktrees/hadayah-wave4v2-integration/Streamer_app/project/test/p6s_wave3_group5_test.dart: (tearDownAll)
01:43 +75: loading C:/Users/User/.codex/worktrees/hadayah-wave4v2-integration/Streamer_app/project/test/p6_retest_navigation_and_avatar_test.dart
01:44 +75: C:/Users/User/.codex/worktrees/hadayah-wave4v2-integration/Streamer_app/project/test/p6_retest_navigation_and_avatar_test.dart: (setUpAll)
[90m[🌎 Easy Localization] [DEBUG] Localization initialized[0m
01:44 +75: C:/Users/User/.codex/worktrees/hadayah-wave4v2-integration/Streamer_app/project/test/p6_retest_navigation_and_avatar_test.dart: S02 avatar fallback no picture and no name shows a person icon
[90m[🌎 Easy Localization] [DEBUG] Start[0m
[90m[🌎 Easy Localization] [DEBUG] Init state[0m
[32m[🌎 Easy Localization] [INFO] Start locale loaded en[0m
[90m[🌎 Easy Localization] [DEBUG] Build[0m
[90m[🌎 Easy Localization] [DEBUG] Init Localization Delegate[0m
[90m[🌎 Easy Localization] [DEBUG] Init provider[0m
[90m[🌎 Easy Localization] [DEBUG] Load Localization Delegate[0m
[90m[🌎 Easy Localization] [DEBUG] Build[0m
[90m[🌎 Easy Localization] [DEBUG] Init Localization Delegate[0m
[90m[🌎 Easy Localization] [DEBUG] Init provider[0m
01:45 +76: C:/Users/User/.codex/worktrees/hadayah-wave4v2-integration/Streamer_app/project/test/p6_retest_navigation_and_avatar_test.dart: (tearDownAll)
01:45 +76: loading C:/Users/User/.codex/worktrees/hadayah-wave4v2-integration/Streamer_app/project/test/phone_broadcast_end_test.dart
01:46 +76: C:/Users/User/.codex/worktrees/hadayah-wave4v2-integration/Streamer_app/project/test/phone_broadcast_end_test.dart: (setUpAll)
[90m[🌎 Easy Localization] [DEBUG] Localization initialized[0m
01:46 +76: C:/Users/User/.codex/worktrees/hadayah-wave4v2-integration/Streamer_app/project/test/phone_broadcast_end_test.dart: recovery authorization checks exact live authority: replacement
Realtime public streamer subscription failed: 'package:supabase_flutter/src/supabase.dart': Failed assertion: line 45 pos 7: '_instance._isInitialized': You must initialize the supabase instance before calling Supabase.instance
Realtime academic_categories subscription failed: 'package:supabase_flutter/src/supabase.dart': Failed assertion: line 45 pos 7: '_instance._isInitialized': You must initialize the supabase instance before calling Supabase.instance
Realtime user status channel subscription failed: 'package:supabase_flutter/src/supabase.dart': Failed assertion: line 45 pos 7: '_instance._isInitialized': You must initialize the supabase instance before calling Supabase.instance
Profile provisioning failed: 'package:supabase_flutter/src/supabase.dart': Failed assertion: line 45 pos 7: '_instance._isInitialized': You must initialize the supabase instance before calling Supabase.instance
loadVerifiedStreamersFromBackend failed: Bad state: Backend unavailable
Admin role check failed: 'package:supabase_flutter/src/supabase.dart': Failed assertion: line 45 pos 7: '_instance._isInitialized': You must initialize the supabase instance before calling Supabase.instance
_refreshCurrentUserBanStatus failed: 'package:supabase_flutter/src/supabase.dart': Failed assertion: line 45 pos 7: '_instance._isInitialized': You must initialize the supabase instance before calling Supabase.instance
_refreshAcademicCategories failed: Bad state: Backend unavailable
loadVerifiedStreamersFromBackend failed: Bad state: Backend unavailable
loadVerifiedStreamersFromBackend failed: Bad state: Backend unavailable
01:46 +77: C:/Users/User/.codex/worktrees/hadayah-wave4v2-integration/Streamer_app/project/test/phone_broadcast_end_test.dart: recovery authorization checks exact live authority: device
Realtime public streamer subscription failed: 'package:supabase_flutter/src/supabase.dart': Failed assertion: line 45 pos 7: '_instance._isInitialized': You must initialize the supabase instance before calling Supabase.instance
Realtime academic_categories subscription failed: 'package:supabase_flutter/src/supabase.dart': Failed assertion: line 45 pos 7: '_instance._isInitialized': You must initialize the supabase instance before calling Supabase.instance
Realtime user status channel subscription failed: 'package:supabase_flutter/src/supabase.dart': Failed assertion: line 45 pos 7: '_instance._isInitialized': You must initialize the supabase instance before calling Supabase.instance
Profile provisioning failed: 'package:supabase_flutter/src/supabase.dart': Failed assertion: line 45 pos 7: '_instance._isInitialized': You must initialize the supabase instance before calling Supabase.instance
loadVerifiedStreamersFromBackend failed: Bad state: Backend unavailable
Admin role check failed: 'package:supabase_flutter/src/supabase.dart': Failed assertion: line 45 pos 7: '_instance._isInitialized': You must initialize the supabase instance before calling Supabase.instance
_refreshCurrentUserBanStatus failed: 'package:supabase_flutter/src/supabase.dart': Failed assertion: line 45 pos 7: '_instance._isInitialized': You must initialize the supabase instance before calling Supabase.instance
_refreshAcademicCategories failed: Bad state: Backend unavailable
loadVerifiedStreamersFromBackend failed: Bad state: Backend unavailable
loadVerifiedStreamersFromBackend failed: Bad state: Backend unavailable
01:46 +78: C:/Users/User/.codex/worktrees/hadayah-wave4v2-integration/Streamer_app/project/test/phone_broadcast_end_test.dart: recovery authorization checks exact live authority: revoke
Realtime public streamer subscription failed: 'package:supabase_flutter/src/supabase.dart': Failed assertion: line 45 pos 7: '_instance._isInitialized': You must initialize the supabase instance before calling Supabase.instance
Realtime academic_categories subscription failed: 'package:supabase_flutter/src/supabase.dart': Failed assertion: line 45 pos 7: '_instance._isInitialized': You must initialize the supabase instance before calling Supabase.instance
Realtime user status channel subscription failed: 'package:supabase_flutter/src/supabase.dart': Failed assertion: line 45 pos 7: '_instance._isInitialized': You must initialize the supabase instance before calling Supabase.instance
Profile provisioning failed: 'package:supabase_flutter/src/supabase.dart': Failed assertion: line 45 pos 7: '_instance._isInitialized': You must initialize the supabase instance before calling Supabase.instance
loadVerifiedStreamersFromBackend failed: Bad state: Backend unavailable
Admin role check failed: 'package:supabase_flutter/src/supabase.dart': Failed assertion: line 45 pos 7: '_instance._isInitialized': You must initialize the supabase instance before calling Supabase.instance
_refreshCurrentUserBanStatus failed: 'package:supabase_flutter/src/supabase.dart': Failed assertion: line 45 pos 7: '_instance._isInitialized': You must initialize the supabase instance before calling Supabase.instance
_refreshAcademicCategories failed: Bad state: Backend unavailable
loadVerifiedStreamersFromBackend failed: Bad state: Backend unavailable
loadVerifiedStreamersFromBackend failed: Bad state: Backend unavailable
01:46 +79: C:/Users/User/.codex/worktrees/hadayah-wave4v2-integration/Streamer_app/project/test/phone_broadcast_end_test.dart: recovery authorization checks exact live authority: unreachable
Realtime public streamer subscription failed: 'package:supabase_flutter/src/supabase.dart': Failed assertion: line 45 pos 7: '_instance._isInitialized': You must initialize the supabase instance before calling Supabase.instance
Realtime academic_categories subscription failed: 'package:supabase_flutter/src/supabase.dart': Failed assertion: line 45 pos 7: '_instance._isInitialized': You must initialize the supabase instance before calling Supabase.instance
Realtime user status channel subscription failed: 'package:supabase_flutter/src/supabase.dart': Failed assertion: line 45 pos 7: '_instance._isInitialized': You must initialize the supabase instance before calling Supabase.instance
Profile provisioning failed: 'package:supabase_flutter/src/supabase.dart': Failed assertion: line 45 pos 7: '_instance._isInitialized': You must initialize the supabase instance before calling Supabase.instance
loadVerifiedStreamersFromBackend failed: Bad state: Backend unavailable
Admin role check failed: 'package:supabase_flutter/src/supabase.dart': Failed assertion: line 45 pos 7: '_instance._isInitialized': You must initialize the supabase instance before calling Supabase.instance
_refreshCurrentUserBanStatus failed: 'package:supabase_flutter/src/supabase.dart': Failed assertion: line 45 pos 7: '_instance._isInitialized': You must initialize the supabase instance before calling Supabase.instance
_refreshAcademicCategories failed: Bad state: Backend unavailable
loadVerifiedStreamersFromBackend failed: Bad state: Backend unavailable
01:46 +80: C:/Users/User/.codex/worktrees/hadayah-wave4v2-integration/Streamer_app/project/test/phone_broadcast_end_test.dart: (tearDownAll)
01:46 +80: loading C:/Users/User/.codex/worktrees/hadayah-wave4v2-integration/Streamer_app/project/test/phone_broadcast_engine_test.dart
01:46 +80: C:/Users/User/.codex/worktrees/hadayah-wave4v2-integration/Streamer_app/project/test/phone_broadcast_engine_test.dart: initializeCamera surfaces a PlatformException as error state
01:47 +81: C:/Users/User/.codex/worktrees/hadayah-wave4v2-integration/Streamer_app/project/test/phone_broadcast_engine_test.dart: initializeCamera retries through NOT_READY until the native view attaches
01:47 +82: C:/Users/User/.codex/worktrees/hadayah-wave4v2-integration/Streamer_app/project/test/phone_broadcast_engine_test.dart: initializeCamera surfaces NOT_READY as error once retries are exhausted
01:49 +83: loading C:/Users/User/.codex/worktrees/hadayah-wave4v2-integration/Streamer_app/project/test/phone_to_youtube_live_service_test.dart
01:50 +83: C:/Users/User/.codex/worktrees/hadayah-wave4v2-integration/Streamer_app/project/test/phone_to_youtube_live_service_test.dart: AppProvider: Broadcaster Studio meta (v0.9) TC-STUDIO-META-01: setCustomBroadcastMeta updates title/description/category without touching venue
Realtime public streamer subscription failed: 'package:supabase_flutter/src/supabase.dart': Failed assertion: line 45 pos 7: '_instance._isInitialized': You must initialize the supabase instance before calling Supabase.instance
Realtime academic_categories subscription failed: 'package:supabase_flutter/src/supabase.dart': Failed assertion: line 45 pos 7: '_instance._isInitialized': You must initialize the supabase instance before calling Supabase.instance
Supabase auth listener not attached (Supabase not initialized?): 'package:supabase_flutter/src/supabase.dart': Failed assertion: line 45 pos 7: '_instance._isInitialized': You must initialize the supabase instance before calling Supabase.instance
01:50 +84: loading C:/Users/User/.codex/worktrees/hadayah-wave4v2-integration/Streamer_app/project/test/playlist_and_audio_polish_test.dart
01:50 +84: loading C:/Users/User/.codex/worktrees/hadayah-wave4v2-integration/Streamer_app/project/test/private_streaming_test.dart
01:51 +84: C:/Users/User/.codex/worktrees/hadayah-wave4v2-integration/Streamer_app/project/test/private_streaming_test.dart: (setUpAll)
[90m[🌎 Easy Localization] [DEBUG] Localization initialized[0m
01:51 +84: C:/Users/User/.codex/worktrees/hadayah-wave4v2-integration/Streamer_app/project/test/private_streaming_test.dart: AppProvider: Private & Restricted Streaming (client-simulated) add/removeStreamWhitelistHandle mutate the roster without dupes
Realtime public streamer subscription failed: 'package:supabase_flutter/src/supabase.dart': Failed assertion: line 45 pos 7: '_instance._isInitialized': You must initialize the supabase instance before calling Supabase.instance
Realtime academic_categories subscription failed: 'package:supabase_flutter/src/supabase.dart': Failed assertion: line 45 pos 7: '_instance._isInitialized': You must initialize the supabase instance before calling Supabase.instance
Supabase auth listener not attached (Supabase not initialized?): 'package:supabase_flutter/src/supabase.dart': Failed assertion: line 45 pos 7: '_instance._isInitialized': You must initialize the supabase instance before calling Supabase.instance
01:51 +85: C:/Users/User/.codex/worktrees/hadayah-wave4v2-integration/Streamer_app/project/test/private_streaming_test.dart: AppProvider: Private & Restricted Streaming (client-simulated) simulateIncomingKnock is disabled with private mode
01:51 +85: C:/Users/User/.codex/worktrees/hadayah-wave4v2-integration/Streamer_app/project/test/private_streaming_test.dart: AppProvider: Private & Restricted Streaming (client-simulated) add/removeStreamWhitelistHandle mutate the roster without dupes
loadVerifiedStreamersFromBackend failed: Bad state: Backend unavailable
_refreshAcademicCategories failed: Bad state: Backend unavailable
01:51 +85: C:/Users/User/.codex/worktrees/hadayah-wave4v2-integration/Streamer_app/project/test/private_streaming_test.dart: AppProvider: Private & Restricted Streaming (client-simulated) simulateIncomingKnock is disabled with private mode
Realtime public streamer subscription failed: 'package:supabase_flutter/src/supabase.dart': Failed assertion: line 45 pos 7: '_instance._isInitialized': You must initialize the supabase instance before calling Supabase.instance
Realtime academic_categories subscription failed: 'package:supabase_flutter/src/supabase.dart': Failed assertion: line 45 pos 7: '_instance._isInitialized': You must initialize the supabase instance before calling Supabase.instance
Supabase auth listener not attached (Supabase not initialized?): 'package:supabase_flutter/src/supabase.dart': Failed assertion: line 45 pos 7: '_instance._isInitialized': You must initialize the supabase instance before calling Supabase.instance
01:51 +86: C:/Users/User/.codex/worktrees/hadayah-wave4v2-integration/Streamer_app/project/test/private_streaming_test.dart: (tearDownAll)
01:51 +86: C:/Users/User/.codex/worktrees/hadayah-wave4v2-integration/Streamer_app/project/test/private_streaming_test.dart: AppProvider: Private & Restricted Streaming (client-simulated) simulateIncomingKnock is disabled with private mode
loadVerifiedStreamersFromBackend failed: Bad state: Backend unavailable
_refreshAcademicCategories failed: Bad state: Backend unavailable
01:51 +86: loading C:/Users/User/.codex/worktrees/hadayah-wave4v2-integration/Streamer_app/project/test/public_catalog_cache_test.dart
01:52 +86: loading C:/Users/User/.codex/worktrees/hadayah-wave4v2-integration/Streamer_app/project/test/rendered_contrast_test.dart
01:53 +86: C:/Users/User/.codex/worktrees/hadayah-wave4v2-integration/Streamer_app/project/test/rendered_contrast_test.dart: (setUpAll)
[90m[🌎 Easy Localization] [DEBUG] Localization initialized[0m
01:53 +86: C:/Users/User/.codex/worktrees/hadayah-wave4v2-integration/Streamer_app/project/test/rendered_contrast_test.dart: settings ar keeps every label readable where it sits
Realtime public streamer subscription failed: 'package:supabase_flutter/src/supabase.dart': Failed assertion: line 45 pos 7: '_instance._isInitialized': You must initialize the supabase instance before calling Supabase.instance
Realtime academic_categories subscription failed: 'package:supabase_flutter/src/supabase.dart': Failed assertion: line 45 pos 7: '_instance._isInitialized': You must initialize the supabase instance before calling Supabase.instance
Supabase auth listener not attached (Supabase not initialized?): 'package:supabase_flutter/src/supabase.dart': Failed assertion: line 45 pos 7: '_instance._isInitialized': You must initialize the supabase instance before calling Supabase.instance
loadVerifiedStreamersFromBackend failed: Bad state: Backend unavailable
_refreshAcademicCategories failed: Bad state: Backend unavailable
unhandled element <defs/>; Picture key: Svg loader
01:54 +87: C:/Users/User/.codex/worktrees/hadayah-wave4v2-integration/Streamer_app/project/test/rendered_contrast_test.dart: live room en keeps every label readable where it sits
Realtime public streamer subscription failed: 'package:supabase_flutter/src/supabase.dart': Failed assertion: line 45 pos 7: '_instance._isInitialized': You must initialize the supabase instance before calling Supabase.instance
Realtime academic_categories subscription failed: 'package:supabase_flutter/src/supabase.dart': Failed assertion: line 45 pos 7: '_instance._isInitialized': You must initialize the supabase instance before calling Supabase.instance
Supabase auth listener not attached (Supabase not initialized?): 'package:supabase_flutter/src/supabase.dart': Failed assertion: line 45 pos 7: '_instance._isInitialized': You must initialize the supabase instance before calling Supabase.instance
loadVerifiedStreamersFromBackend failed: Bad state: Backend unavailable
_refreshAcademicCategories failed: Bad state: Backend unavailable
01:54 +88: C:/Users/User/.codex/worktrees/hadayah-wave4v2-integration/Streamer_app/project/test/rendered_contrast_test.dart: live room ar keeps every label readable where it sits
Realtime public streamer subscription failed: 'package:supabase_flutter/src/supabase.dart': Failed assertion: line 45 pos 7: '_instance._isInitialized': You must initialize the supabase instance before calling Supabase.instance
Realtime academic_categories subscription failed: 'package:supabase_flutter/src/supabase.dart': Failed assertion: line 45 pos 7: '_instance._isInitialized': You must initialize the supabase instance before calling Supabase.instance
Supabase auth listener not attached (Supabase not initialized?): 'package:supabase_flutter/src/supabase.dart': Failed assertion: line 45 pos 7: '_instance._isInitialized': You must initialize the supabase instance before calling Supabase.instance
loadVerifiedStreamersFromBackend failed: Bad state: Backend unavailable
_refreshAcademicCategories failed: Bad state: Backend unavailable
01:54 +89: C:/Users/User/.codex/worktrees/hadayah-wave4v2-integration/Streamer_app/project/test/rendered_contrast_test.dart: phone broadcast en keeps every label readable where it sits
Realtime public streamer subscription failed: 'package:supabase_flutter/src/supabase.dart': Failed assertion: line 45 pos 7: '_instance._isInitialized': You must initialize the supabase instance before calling Supabase.instance
Realtime academic_categories subscription failed: 'package:supabase_flutter/src/supabase.dart': Failed assertion: line 45 pos 7: '_instance._isInitialized': You must initialize the supabase instance before calling Supabase.instance
Supabase auth listener not attached (Supabase not initialized?): 'package:supabase_flutter/src/supabase.dart': Failed assertion: line 45 pos 7: '_instance._isInitialized': You must initialize the supabase instance before calling Supabase.instance
loadVerifiedStreamersFromBackend failed: Bad state: Backend unavailable
_refreshAcademicCategories failed: Bad state: Backend unavailable
01:54 +90: C:/Users/User/.codex/worktrees/hadayah-wave4v2-integration/Streamer_app/project/test/rendered_contrast_test.dart: phone broadcast ar keeps every label readable where it sits
Realtime public streamer subscription failed: 'package:supabase_flutter/src/supabase.dart': Failed assertion: line 45 pos 7: '_instance._isInitialized': You must initialize the supabase instance before calling Supabase.instance
Realtime academic_categories subscription failed: 'package:supabase_flutter/src/supabase.dart': Failed assertion: line 45 pos 7: '_instance._isInitialized': You must initialize the supabase instance before calling Supabase.instance
Supabase auth listener not attached (Supabase not initialized?): 'package:supabase_flutter/src/supabase.dart': Failed assertion: line 45 pos 7: '_instance._isInitialized': You must initialize the supabase instance before calling Supabase.instance
loadVerifiedStreamersFromBackend failed: Bad state: Backend unavailable
_refreshAcademicCategories failed: Bad state: Backend unavailable
01:55 +91: C:/Users/User/.codex/worktrees/hadayah-wave4v2-integration/Streamer_app/project/test/rendered_contrast_test.dart: (tearDownAll)
01:55 +91: loading C:/Users/User/.codex/worktrees/hadayah-wave4v2-integration/Streamer_app/project/test/rtmp_ip_dialog_test.dart
01:56 +91: C:/Users/User/.codex/worktrees/hadayah-wave4v2-integration/Streamer_app/project/test/rtmp_ip_dialog_test.dart: (setUpAll)
[90m[🌎 Easy Localization] [DEBUG] Localization initialized[0m
01:56 +91: C:/Users/User/.codex/worktrees/hadayah-wave4v2-integration/Streamer_app/project/test/rtmp_ip_dialog_test.dart: LiveBroadcasterStudioSheet: 80% Broadcaster Studio bottom sheet (V2) TC-STUDIO-02: opens on Encoder mode with all three pill tabs
Realtime public streamer subscription failed: 'package:supabase_flutter/src/supabase.dart': Failed assertion: line 45 pos 7: '_instance._isInitialized': You must initialize the supabase instance before calling Supabase.instance
Realtime academic_categories subscription failed: 'package:supabase_flutter/src/supabase.dart': Failed assertion: line 45 pos 7: '_instance._isInitialized': You must initialize the supabase instance before calling Supabase.instance
Supabase auth listener not attached (Supabase not initialized?): 'package:supabase_flutter/src/supabase.dart': Failed assertion: line 45 pos 7: '_instance._isInitialized': You must initialize the supabase instance before calling Supabase.instance
[90m[🌎 Easy Localization] [DEBUG] Start[0m
[90m[🌎 Easy Localization] [DEBUG] Init state[0m
[32m[🌎 Easy Localization] [INFO] Start locale loaded en[0m
[90m[🌎 Easy Localization] [DEBUG] Build[0m
[90m[🌎 Easy Localization] [DEBUG] Init Localization Delegate[0m
[90m[🌎 Easy Localization] [DEBUG] Init provider[0m
[90m[🌎 Easy Localization] [DEBUG] Load Localization Delegate[0m
[90m[🌎 Easy Localization] [DEBUG] Build[0m
[90m[🌎 Easy Localization] [DEBUG] Init Localization Delegate[0m
[90m[🌎 Easy Localization] [DEBUG] Init provider[0m
loadVerifiedStreamersFromBackend failed: Bad state: Backend unavailable
01:57 +92: C:/Users/User/.codex/worktrees/hadayah-wave4v2-integration/Streamer_app/project/test/rtmp_ip_dialog_test.dart: LiveBroadcasterStudioSheet: 80% Broadcaster Studio bottom sheet (V2) TC-STUDIO-03: switching pill tabs morphs the middle card into mode-specific fields
01:57 +92: C:/Users/User/.codex/worktrees/hadayah-wave4v2-integration/Streamer_app/project/test/rtmp_ip_dialog_test.dart: LiveBroadcasterStudioSheet: 80% Broadcaster Studio bottom sheet (V2) TC-STUDIO-02: opens on Encoder mode with all three pill tabs
_refreshAcademicCategories failed: Bad state: Backend unavailable
01:57 +92: C:/Users/User/.codex/worktrees/hadayah-wave4v2-integration/Streamer_app/project/test/rtmp_ip_dialog_test.dart: LiveBroadcasterStudioSheet: 80% Broadcaster Studio bottom sheet (V2) TC-STUDIO-03: switching pill tabs morphs the middle card into mode-specific fields
Realtime public streamer subscription failed: 'package:supabase_flutter/src/supabase.dart': Failed assertion: line 45 pos 7: '_instance._isInitialized': You must initialize the supabase instance before calling Supabase.instance
Realtime academic_categories subscription failed: 'package:supabase_flutter/src/supabase.dart': Failed assertion: line 45 pos 7: '_instance._isInitialized': You must initialize the supabase instance before calling Supabase.instance
Supabase auth listener not attached (Supabase not initialized?): 'package:supabase_flutter/src/supabase.dart': Failed assertion: line 45 pos 7: '_instance._isInitialized': You must initialize the supabase instance before calling Supabase.instance
[90m[🌎 Easy Localization] [DEBUG] Start[0m
[90m[🌎 Easy Localization] [DEBUG] Init state[0m
[32m[🌎 Easy Localization] [INFO] Start locale loaded en[0m
[90m[🌎 Easy Localization] [DEBUG] Build[0m
[90m[🌎 Easy Localization] [DEBUG] Init Localization Delegate[0m
[90m[🌎 Easy Localization] [DEBUG] Init provider[0m
[90m[🌎 Easy Localization] [DEBUG] Load Localization Delegate[0m
[90m[🌎 Easy Localization] [DEBUG] Build[0m
[90m[🌎 Easy Localization] [DEBUG] Init Localization Delegate[0m
[90m[🌎 Easy Localization] [DEBUG] Init provider[0m
loadVerifiedStreamersFromBackend failed: Bad state: Backend unavailable
01:57 +93: C:/Users/User/.codex/worktrees/hadayah-wave4v2-integration/Streamer_app/project/test/rtmp_ip_dialog_test.dart: LiveBroadcasterStudioSheet: 80% Broadcaster Studio bottom sheet (V2) TC-STUDIO-04: Open Camera without broadcaster approval is refused in the sheet and stores neither the key nor a watch target
01:57 +93: C:/Users/User/.codex/worktrees/hadayah-wave4v2-integration/Streamer_app/project/test/rtmp_ip_dialog_test.dart: LiveBroadcasterStudioSheet: 80% Broadcaster Studio bottom sheet (V2) TC-STUDIO-03: switching pill tabs morphs the middle card into mode-specific fields
_refreshAcademicCategories failed: Bad state: Backend unavailable
01:58 +93: C:/Users/User/.codex/worktrees/hadayah-wave4v2-integration/Streamer_app/project/test/rtmp_ip_dialog_test.dart: LiveBroadcasterStudioSheet: 80% Broadcaster Studio bottom sheet (V2) TC-STUDIO-04: Open Camera without broadcaster approval is refused in the sheet and stores neither the key nor a watch target
Realtime public streamer subscription failed: 'package:supabase_flutter/src/supabase.dart': Failed assertion: line 45 pos 7: '_instance._isInitialized': You must initialize the supabase instance before calling Supabase.instance
Realtime academic_categories subscription failed: 'package:supabase_flutter/src/supabase.dart': Failed assertion: line 45 pos 7: '_instance._isInitialized': You must initialize the supabase instance before calling Supabase.instance
Supabase auth listener not attached (Supabase not initialized?): 'package:supabase_flutter/src/supabase.dart': Failed assertion: line 45 pos 7: '_instance._isInitialized': You must initialize the supabase instance before calling Supabase.instance
[90m[🌎 Easy Localization] [DEBUG] Start[0m
[90m[🌎 Easy Localization] [DEBUG] Init state[0m
[32m[🌎 Easy Localization] [INFO] Start locale loaded en[0m
[90m[🌎 Easy Localization] [DEBUG] Build[0m
[90m[🌎 Easy Localization] [DEBUG] Init Localization Delegate[0m
[90m[🌎 Easy Localization] [DEBUG] Init provider[0m
[90m[🌎 Easy Localization] [DEBUG] Load Localization Delegate[0m
[90m[🌎 Easy Localization] [DEBUG] Build[0m
[90m[🌎 Easy Localization] [DEBUG] Init Localization Delegate[0m
[90m[🌎 Easy Localization] [DEBUG] Init provider[0m
loadVerifiedStreamersFromBackend failed: Bad state: Backend unavailable
01:58 +94: C:/Users/User/.codex/worktrees/hadayah-wave4v2-integration/Streamer_app/project/test/rtmp_ip_dialog_test.dart: (tearDownAll)
01:58 +94: C:/Users/User/.codex/worktrees/hadayah-wave4v2-integration/Streamer_app/project/test/rtmp_ip_dialog_test.dart: LiveBroadcasterStudioSheet: 80% Broadcaster Studio bottom sheet (V2) TC-STUDIO-04: Open Camera without broadcaster approval is refused in the sheet and stores neither the key nor a watch target
_refreshAcademicCategories failed: Bad state: Backend unavailable
01:58 +94: loading C:/Users/User/.codex/worktrees/hadayah-wave4v2-integration/Streamer_app/project/test/settings_screen_test.dart
01:59 +94: C:/Users/User/.codex/worktrees/hadayah-wave4v2-integration/Streamer_app/project/test/settings_screen_test.dart: (setUpAll)
[90m[🌎 Easy Localization] [DEBUG] Localization initialized[0m
01:59 +94: C:/Users/User/.codex/worktrees/hadayah-wave4v2-integration/Streamer_app/project/test/settings_screen_test.dart: SettingsScreen: role-aware modular redesign TC-SET-02: an approved streamer sees the rich profile card with a banner, verified badge, and derived @handle
Realtime public streamer subscription failed: 'package:supabase_flutter/src/supabase.dart': Failed assertion: line 45 pos 7: '_instance._isInitialized': You must initialize the supabase instance before calling Supabase.instance
Realtime academic_categories subscription failed: 'package:supabase_flutter/src/supabase.dart': Failed assertion: line 45 pos 7: '_instance._isInitialized': You must initialize the supabase instance before calling Supabase.instance
Supabase auth listener not attached (Supabase not initialized?): 'package:supabase_flutter/src/supabase.dart': Failed assertion: line 45 pos 7: '_instance._isInitialized': You must initialize the supabase instance before calling Supabase.instance
[90m[🌎 Easy Localization] [DEBUG] Start[0m
loadVerifiedStreamersFromBackend failed: Bad state: Backend unavailable
_refreshAcademicCategories failed: Bad state: Backend unavailable
[90m[🌎 Easy Localization] [DEBUG] Init state[0m
[32m[🌎 Easy Localization] [INFO] Start locale loaded en[0m
[90m[🌎 Easy Localization] [DEBUG] Build[0m
[90m[🌎 Easy Localization] [DEBUG] Init Localization Delegate[0m
[90m[🌎 Easy Localization] [DEBUG] Init provider[0m
[90m[🌎 Easy Localization] [DEBUG] Load Localization Delegate[0m
[90m[🌎 Easy Localization] [DEBUG] Build[0m
[90m[🌎 Easy Localization] [DEBUG] Init Localization Delegate[0m
[90m[🌎 Easy Localization] [DEBUG] Init provider[0m
unhandled element <defs/>; Picture key: Svg loader
02:00 +95: C:/Users/User/.codex/worktrees/hadayah-wave4v2-integration/Streamer_app/project/test/settings_screen_test.dart: SettingsScreen: role-aware modular redesign TC-SET-03: Edit Account Profile opens ViewerProfileEditorDialog for a viewer and BroadcasterApplicationSheet for an approved streamer
Realtime public streamer subscription failed: 'package:supabase_flutter/src/supabase.dart': Failed assertion: line 45 pos 7: '_instance._isInitialized': You must initialize the supabase instance before calling Supabase.instance
Realtime academic_categories subscription failed: 'package:supabase_flutter/src/supabase.dart': Failed assertion: line 45 pos 7: '_instance._isInitialized': You must initialize the supabase instance before calling Supabase.instance
Supabase auth listener not attached (Supabase not initialized?): 'package:supabase_flutter/src/supabase.dart': Failed assertion: line 45 pos 7: '_instance._isInitialized': You must initialize the supabase instance before calling Supabase.instance
[90m[🌎 Easy Localization] [DEBUG] Start[0m
loadVerifiedStreamersFromBackend failed: Bad state: Backend unavailable
_refreshAcademicCategories failed: Bad state: Backend unavailable
[90m[🌎 Easy Localization] [DEBUG] Init state[0m
[32m[🌎 Easy Localization] [INFO] Start locale loaded en[0m
[90m[🌎 Easy Localization] [DEBUG] Build[0m
[90m[🌎 Easy Localization] [DEBUG] Init Localization Delegate[0m
[90m[🌎 Easy Localization] [DEBUG] Init provider[0m
[90m[🌎 Easy Localization] [DEBUG] Load Localization Delegate[0m
[90m[🌎 Easy Localization] [DEBUG] Build[0m
[90m[🌎 Easy Localization] [DEBUG] Init Localization Delegate[0m
[90m[🌎 Easy Localization] [DEBUG] Init provider[0m
Realtime public streamer subscription failed: 'package:supabase_flutter/src/supabase.dart': Failed assertion: line 45 pos 7: '_instance._isInitialized': You must initialize the supabase instance before calling Supabase.instance
Realtime academic_categories subscription failed: 'package:supabase_flutter/src/supabase.dart': Failed assertion: line 45 pos 7: '_instance._isInitialized': You must initialize the supabase instance before calling Supabase.instance
Supabase auth listener not attached (Supabase not initialized?): 'package:supabase_flutter/src/supabase.dart': Failed assertion: line 45 pos 7: '_instance._isInitialized': You must initialize the supabase instance before calling Supabase.instance
[90m[🌎 Easy Localization] [DEBUG] Start[0m
loadVerifiedStreamersFromBackend failed: Bad state: Backend unavailable
_refreshAcademicCategories failed: Bad state: Backend unavailable
[90m[🌎 Easy Localization] [DEBUG] Build[0m
[90m[🌎 Easy Localization] [DEBUG] Init Localization Delegate[0m
[90m[🌎 Easy Localization] [DEBUG] Init provider[0m
02:01 +96: C:/Users/User/.codex/worktrees/hadayah-wave4v2-integration/Streamer_app/project/test/settings_screen_test.dart: (tearDownAll)
02:01 +96: loading C:/Users/User/.codex/worktrees/hadayah-wave4v2-integration/Streamer_app/project/test/spatial_map_test.dart
02:02 +96: C:/Users/User/.codex/worktrees/hadayah-wave4v2-integration/Streamer_app/project/test/spatial_map_test.dart: Spatial Map GIS Data Models Test The overview frames all three city cores
02:02 +97: C:/Users/User/.codex/worktrees/hadayah-wave4v2-integration/Streamer_app/project/test/spatial_map_test.dart: Spatial Map GIS Data Models Test Verify Category Filter Matching for Streamer Markers
02:02 +98: C:/Users/User/.codex/worktrees/hadayah-wave4v2-integration/Streamer_app/project/test/spatial_map_test.dart: Spatial Map GIS Data Models Test Verify Spatial Hero Tag Format Convention
02:02 +99: C:/Users/User/.codex/worktrees/hadayah-wave4v2-integration/Streamer_app/project/test/spatial_map_test.dart: Spatial Map GIS Data Models Test Verify Haversine Distance Calculation Helper
02:02 +100: loading C:/Users/User/.codex/worktrees/hadayah-wave4v2-integration/Streamer_app/project/test/streamer_application_wizard_test.dart
02:03 +100: C:/Users/User/.codex/worktrees/hadayah-wave4v2-integration/Streamer_app/project/test/streamer_application_wizard_test.dart: Streamer Application Wizard & Staged Activation Tests TC-WIZARD-01: AutoTranslationService transliterates & translates bilingual profile correctly
Realtime public streamer subscription failed: 'package:supabase_flutter/src/supabase.dart': Failed assertion: line 45 pos 7: '_instance._isInitialized': You must initialize the supabase instance before calling Supabase.instance
Realtime academic_categories subscription failed: 'package:supabase_flutter/src/supabase.dart': Failed assertion: line 45 pos 7: '_instance._isInitialized': You must initialize the supabase instance before calling Supabase.instance
Supabase auth listener not attached (Supabase not initialized?): 'package:supabase_flutter/src/supabase.dart': Failed assertion: line 45 pos 7: '_instance._isInitialized': You must initialize the supabase instance before calling Supabase.instance
02:03 +101: loading C:/Users/User/.codex/worktrees/hadayah-wave4v2-integration/Streamer_app/project/test/streamer_asset_path_test.dart
02:03 +101: C:/Users/User/.codex/worktrees/hadayah-wave4v2-integration/Streamer_app/project/test/streamer_asset_path_test.dart: upload input cannot escape the authenticated namespace
02:04 +102: loading C:/Users/User/.codex/worktrees/hadayah-wave4v2-integration/Streamer_app/project/test/streamer_role_mode_map_feed_sync_test.dart
02:04 +102: C:/Users/User/.codex/worktrees/hadayah-wave4v2-integration/Streamer_app/project/test/streamer_role_mode_map_feed_sync_test.dart: Streamer Role Mode Map & Discovery Feed Sync Tests TC-STREAMER-SYNC-01: Approved Streamer appears on Discovery and Map when Streamer Mode is ON
Realtime public streamer subscription failed: 'package:supabase_flutter/src/supabase.dart': Failed assertion: line 45 pos 7: '_instance._isInitialized': You must initialize the supabase instance before calling Supabase.instance
Realtime academic_categories subscription failed: 'package:supabase_flutter/src/supabase.dart': Failed assertion: line 45 pos 7: '_instance._isInitialized': You must initialize the supabase instance before calling Supabase.instance
Supabase auth listener not attached (Supabase not initialized?): 'package:supabase_flutter/src/supabase.dart': Failed assertion: line 45 pos 7: '_instance._isInitialized': You must initialize the supabase instance before calling Supabase.instance
02:04 +103: loading C:/Users/User/.codex/worktrees/hadayah-wave4v2-integration/Streamer_app/project/test/theme_contrast_test.dart
02:05 +103: C:/Users/User/.codex/worktrees/hadayah-wave4v2-integration/Streamer_app/project/test/theme_contrast_test.dart: scheme A surfaces, accents and gradient stops meet AA
02:05 +104: loading C:/Users/User/.codex/worktrees/hadayah-wave4v2-integration/Streamer_app/project/test/v04_core_architect_settings_test.dart
02:06 +104: C:/Users/User/.codex/worktrees/hadayah-wave4v2-integration/Streamer_app/project/test/v04_core_architect_settings_test.dart: Version 0.4 Core Architect Settings & State Unit Tests TC-V04-SET-02: Pitch Director Mode Toggle & Active State Trigger
Realtime public streamer subscription failed: 'package:supabase_flutter/src/supabase.dart': Failed assertion: line 45 pos 7: '_instance._isInitialized': You must initialize the supabase instance before calling Supabase.instance
Realtime academic_categories subscription failed: 'package:supabase_flutter/src/supabase.dart': Failed assertion: line 45 pos 7: '_instance._isInitialized': You must initialize the supabase instance before calling Supabase.instance
Supabase auth listener not attached (Supabase not initialized?): 'package:supabase_flutter/src/supabase.dart': Failed assertion: line 45 pos 7: '_instance._isInitialized': You must initialize the supabase instance before calling Supabase.instance
02:06 +105: loading C:/Users/User/.codex/worktrees/hadayah-wave4v2-integration/Streamer_app/project/test/v04_ui_ux_specialist_test.dart
02:07 +105: loading C:/Users/User/.codex/worktrees/hadayah-wave4v2-integration/Streamer_app/project/test/viewer_presence_test.dart
02:07 +105: loading C:/Users/User/.codex/worktrees/hadayah-wave4v2-integration/Streamer_app/project/test/vod_archive_test.dart
02:08 +105: C:/Users/User/.codex/worktrees/hadayah-wave4v2-integration/Streamer_app/project/test/vod_archive_test.dart: VOD Archive & RTMP Configuration Unit Tests TC-VOD-03: Duration Formatting Helper
02:08 +106: loading C:/Users/User/.codex/worktrees/hadayah-wave4v2-integration/Streamer_app/project/test/wave4v2_recovery_and_channel_test.dart
02:09 +106: C:/Users/User/.codex/worktrees/hadayah-wave4v2-integration/Streamer_app/project/test/wave4v2_recovery_and_channel_test.dart: offline does not poll authority and exhausts at 60s
02:09 +107: loading C:/Users/User/.codex/worktrees/hadayah-wave4v2-integration/Streamer_app/project/test/youtube_api_test.dart
02:10 +107: loading C:/Users/User/.codex/worktrees/hadayah-wave4v2-integration/Streamer_app/project/test/youtube_embed_page_test.dart
02:11 +107: loading C:/Users/User/.codex/worktrees/hadayah-wave4v2-integration/Streamer_app/project/test/youtube_navigation_policy_test.dart
02:11 +107: C:/Users/User/.codex/worktrees/hadayah-wave4v2-integration/Streamer_app/project/test/youtube_navigation_policy_test.dart: YouTube embeds and the initial blank document remain navigable
02:11 +108: loading C:/Users/User/.codex/worktrees/hadayah-wave4v2-integration/Streamer_app/project/test/youtube_watch_status_test.dart
02:12 +108: C:/Users/User/.codex/worktrees/hadayah-wave4v2-integration/Streamer_app/project/test/youtube_watch_status_test.dart: fetchWatchStatus upcoming keeps its scheduled start
02:12 +109: All tests passed!
