00:00 +0: loading C:/Users/User/.codex/worktrees/hadayah-wave4v2-integration/Streamer_app/project/test/admin_broadcaster_moderation_test.dart
00:00 +0: loading C:/Users/User/.codex/worktrees/hadayah-wave4v2-integration/Streamer_app/project/test/admin_database_service_test.dart
00:00 +0: C:/Users/User/.codex/worktrees/hadayah-wave4v2-integration/Streamer_app/project/test/admin_database_service_test.dart: Admin Hub & Database Layer Unit Tests (Phase 1) TC-DB-03: ViewerAnalyticsModel Serialization & Metrics Default
00:00 +1: loading C:/Users/User/.codex/worktrees/hadayah-wave4v2-integration/Streamer_app/project/test/admin_hub_screen_test.dart
00:00 +1: C:/Users/User/.codex/worktrees/hadayah-wave4v2-integration/Streamer_app/project/test/admin_hub_screen_test.dart: Admin Hub Dashboard & Multi-Account RBAC Tests (Phase 3) TC-ADMIN-10: Chat Moderation Queue Loads Safely Without a Real Supabase Backend (v0.8 Checkpoint 4)
Realtime public streamer subscription failed: 'package:supabase_flutter/src/supabase.dart': Failed assertion: line 45 pos 7: '_instance._isInitialized': You must initialize the supabase instance before calling Supabase.instance
Realtime academic_categories subscription failed: 'package:supabase_flutter/src/supabase.dart': Failed assertion: line 45 pos 7: '_instance._isInitialized': You must initialize the supabase instance before calling Supabase.instance
Supabase auth listener not attached (Supabase not initialized?): 'package:supabase_flutter/src/supabase.dart': Failed assertion: line 45 pos 7: '_instance._isInitialized': You must initialize the supabase instance before calling Supabase.instance
loadVerifiedStreamersFromBackend failed: Bad state: Backend unavailable
_refreshAcademicCategories failed: Bad state: Backend unavailable
_loadMapMarkerCacheFromDisk failed: MissingPluginException(No implementation found for method getAll on channel plugins.flutter.io/shared_preferences)
Realtime chat_reports subscription failed: 'package:supabase_flutter/src/supabase.dart': Failed assertion: line 45 pos 7: '_instance._isInitialized': You must initialize the supabase instance before calling Supabase.instance
00:01 +2: C:/Users/User/.codex/worktrees/hadayah-wave4v2-integration/Streamer_app/project/test/admin_hub_screen_test.dart: Admin Hub Dashboard & Multi-Account RBAC Tests (Phase 3) TC-ADMIN-02: Verification Queue Approval & Live Streamer Instantiation
Realtime public streamer subscription failed: 'package:supabase_flutter/src/supabase.dart': Failed assertion: line 45 pos 7: '_instance._isInitialized': You must initialize the supabase instance before calling Supabase.instance
Realtime academic_categories subscription failed: 'package:supabase_flutter/src/supabase.dart': Failed assertion: line 45 pos 7: '_instance._isInitialized': You must initialize the supabase instance before calling Supabase.instance
Supabase auth listener not attached (Supabase not initialized?): 'package:supabase_flutter/src/supabase.dart': Failed assertion: line 45 pos 7: '_instance._isInitialized': You must initialize the supabase instance before calling Supabase.instance
loadVerifiedStreamersFromBackend failed: Bad state: Backend unavailable
_refreshAcademicCategories failed: Bad state: Backend unavailable
_loadMapMarkerCacheFromDisk failed: MissingPluginException(No implementation found for method getAll on channel plugins.flutter.io/shared_preferences)
00:01 +3: loading C:/Users/User/.codex/worktrees/hadayah-wave4v2-integration/Streamer_app/project/test/admin_navigation_test.dart
00:02 +3: C:/Users/User/.codex/worktrees/hadayah-wave4v2-integration/Streamer_app/project/test/admin_navigation_test.dart: (setUpAll)
[90m[🌎 Easy Localization] [DEBUG] Localization initialized[0m
00:02 +3: C:/Users/User/.codex/worktrees/hadayah-wave4v2-integration/Streamer_app/project/test/admin_navigation_test.dart: Admin navigation 1280.0 en persists locale and selection
Realtime public streamer subscription failed: 'package:supabase_flutter/src/supabase.dart': Failed assertion: line 45 pos 7: '_instance._isInitialized': You must initialize the supabase instance before calling Supabase.instance
Realtime academic_categories subscription failed: 'package:supabase_flutter/src/supabase.dart': Failed assertion: line 45 pos 7: '_instance._isInitialized': You must initialize the supabase instance before calling Supabase.instance
Supabase auth listener not attached (Supabase not initialized?): 'package:supabase_flutter/src/supabase.dart': Failed assertion: line 45 pos 7: '_instance._isInitialized': You must initialize the supabase instance before calling Supabase.instance
[90m[🌎 Easy Localization] [DEBUG] Start[0m
loadVerifiedStreamersFromBackend failed: Bad state: Backend unavailable
_refreshAcademicCategories failed: Bad state: Backend unavailable
[90m[🌎 Easy Localization] [DEBUG] Init state[0m
[32m[🌎 Easy Localization] [INFO] Start locale loaded en[0m
[90m[🌎 Easy Localization] [DEBUG] Build[0m
[90m[🌎 Easy Localization] [DEBUG] Init Localization Delegate[0m
[90m[🌎 Easy Localization] [DEBUG] Init provider[0m
[90m[🌎 Easy Localization] [DEBUG] Load Localization Delegate[0m
[90m[🌎 Easy Localization] [DEBUG] Build[0m
[90m[🌎 Easy Localization] [DEBUG] Init Localization Delegate[0m
[90m[🌎 Easy Localization] [DEBUG] Init provider[0m
unhandled element <defs/>; Picture key: Svg loader
Realtime chat_reports subscription failed: 'package:supabase_flutter/src/supabase.dart': Failed assertion: line 45 pos 7: '_instance._isInitialized': You must initialize the supabase instance before calling Supabase.instance
_refreshAcademicCategories failed: Bad state: Backend unavailable
loadVerifiedStreamersFromBackend failed: Bad state: Backend unavailable
[32m[🌎 Easy Localization] [INFO] Locale ar changed[0m
[32m[🌎 Easy Localization] [INFO] Locale ar saved[0m
[90m[🌎 Easy Localization] [DEBUG] Build[0m
[90m[🌎 Easy Localization] [DEBUG] Init Localization Delegate[0m
[90m[🌎 Easy Localization] [DEBUG] Init provider[0m
[90m[🌎 Easy Localization] [DEBUG] Load Localization Delegate[0m
00:04 +4: C:/Users/User/.codex/worktrees/hadayah-wave4v2-integration/Streamer_app/project/test/admin_navigation_test.dart: (tearDownAll)
00:04 +4: loading C:/Users/User/.codex/worktrees/hadayah-wave4v2-integration/Streamer_app/project/test/admin_safety_console_test.dart
00:05 +4: C:/Users/User/.codex/worktrees/hadayah-wave4v2-integration/Streamer_app/project/test/admin_safety_console_test.dart: (setUpAll)
[90m[🌎 Easy Localization] [DEBUG] Localization initialized[0m
00:05 +4: C:/Users/User/.codex/worktrees/hadayah-wave4v2-integration/Streamer_app/project/test/admin_safety_console_test.dart: welcome screen paused sign-ups disable Sign up but keep Log in
Realtime public streamer subscription failed: 'package:supabase_flutter/src/supabase.dart': Failed assertion: line 45 pos 7: '_instance._isInitialized': You must initialize the supabase instance before calling Supabase.instance
Realtime academic_categories subscription failed: 'package:supabase_flutter/src/supabase.dart': Failed assertion: line 45 pos 7: '_instance._isInitialized': You must initialize the supabase instance before calling Supabase.instance
Supabase auth listener not attached (Supabase not initialized?): 'package:supabase_flutter/src/supabase.dart': Failed assertion: line 45 pos 7: '_instance._isInitialized': You must initialize the supabase instance before calling Supabase.instance
[90m[🌎 Easy Localization] [DEBUG] Start[0m
loadVerifiedStreamersFromBackend failed: Bad state: Backend unavailable
_refreshAcademicCategories failed: Bad state: Backend unavailable
[90m[🌎 Easy Localization] [DEBUG] Init state[0m
[32m[🌎 Easy Localization] [INFO] Start locale loaded en[0m
[90m[🌎 Easy Localization] [DEBUG] Build[0m
[90m[🌎 Easy Localization] [DEBUG] Init Localization Delegate[0m
[90m[🌎 Easy Localization] [DEBUG] Init provider[0m
[90m[🌎 Easy Localization] [DEBUG] Load Localization Delegate[0m
[90m[🌎 Easy Localization] [DEBUG] Build[0m
[90m[🌎 Easy Localization] [DEBUG] Init Localization Delegate[0m
[90m[🌎 Easy Localization] [DEBUG] Init provider[0m
unhandled element <defs/>; Picture key: Svg loader
00:06 +5: C:/Users/User/.codex/worktrees/hadayah-wave4v2-integration/Streamer_app/project/test/admin_safety_console_test.dart: welcome screen open sign-ups show no notice
Realtime public streamer subscription failed: 'package:supabase_flutter/src/supabase.dart': Failed assertion: line 45 pos 7: '_instance._isInitialized': You must initialize the supabase instance before calling Supabase.instance
Realtime academic_categories subscription failed: 'package:supabase_flutter/src/supabase.dart': Failed assertion: line 45 pos 7: '_instance._isInitialized': You must initialize the supabase instance before calling Supabase.instance
Supabase auth listener not attached (Supabase not initialized?): 'package:supabase_flutter/src/supabase.dart': Failed assertion: line 45 pos 7: '_instance._isInitialized': You must initialize the supabase instance before calling Supabase.instance
[90m[🌎 Easy Localization] [DEBUG] Start[0m
loadVerifiedStreamersFromBackend failed: Bad state: Backend unavailable
_refreshAcademicCategories failed: Bad state: Backend unavailable
[90m[🌎 Easy Localization] [DEBUG] Init state[0m
[32m[🌎 Easy Localization] [INFO] Start locale loaded en[0m
[90m[🌎 Easy Localization] [DEBUG] Build[0m
[90m[🌎 Easy Localization] [DEBUG] Init Localization Delegate[0m
[90m[🌎 Easy Localization] [DEBUG] Init provider[0m
[90m[🌎 Easy Localization] [DEBUG] Load Localization Delegate[0m
[90m[🌎 Easy Localization] [DEBUG] Build[0m
[90m[🌎 Easy Localization] [DEBUG] Init Localization Delegate[0m
[90m[🌎 Easy Localization] [DEBUG] Init provider[0m
00:06 +6: C:/Users/User/.codex/worktrees/hadayah-wave4v2-integration/Streamer_app/project/test/admin_safety_console_test.dart: Safety console denies non-admins before any read
Realtime public streamer subscription failed: 'package:supabase_flutter/src/supabase.dart': Failed assertion: line 45 pos 7: '_instance._isInitialized': You must initialize the supabase instance before calling Supabase.instance
Realtime academic_categories subscription failed: 'package:supabase_flutter/src/supabase.dart': Failed assertion: line 45 pos 7: '_instance._isInitialized': You must initialize the supabase instance before calling Supabase.instance
Supabase auth listener not attached (Supabase not initialized?): 'package:supabase_flutter/src/supabase.dart': Failed assertion: line 45 pos 7: '_instance._isInitialized': You must initialize the supabase instance before calling Supabase.instance
[90m[🌎 Easy Localization] [DEBUG] Start[0m
loadVerifiedStreamersFromBackend failed: Bad state: Backend unavailable
_refreshAcademicCategories failed: Bad state: Backend unavailable
[90m[🌎 Easy Localization] [DEBUG] Init state[0m
[32m[🌎 Easy Localization] [INFO] Start locale loaded en[0m
[90m[🌎 Easy Localization] [DEBUG] Build[0m
[90m[🌎 Easy Localization] [DEBUG] Init Localization Delegate[0m
[90m[🌎 Easy Localization] [DEBUG] Init provider[0m
[90m[🌎 Easy Localization] [DEBUG] Load Localization Delegate[0m
[90m[🌎 Easy Localization] [DEBUG] Build[0m
[90m[🌎 Easy Localization] [DEBUG] Init Localization Delegate[0m
[90m[🌎 Easy Localization] [DEBUG] Init provider[0m
00:06 +7: C:/Users/User/.codex/worktrees/hadayah-wave4v2-integration/Streamer_app/project/test/admin_safety_console_test.dart: Safety console platform switches are Master Admin only
Realtime public streamer subscription failed: 'package:supabase_flutter/src/supabase.dart': Failed assertion: line 45 pos 7: '_instance._isInitialized': You must initialize the supabase instance before calling Supabase.instance
Realtime academic_categories subscription failed: 'package:supabase_flutter/src/supabase.dart': Failed assertion: line 45 pos 7: '_instance._isInitialized': You must initialize the supabase instance before calling Supabase.instance
Supabase auth listener not attached (Supabase not initialized?): 'package:supabase_flutter/src/supabase.dart': Failed assertion: line 45 pos 7: '_instance._isInitialized': You must initialize the supabase instance before calling Supabase.instance
[90m[🌎 Easy Localization] [DEBUG] Start[0m
loadVerifiedStreamersFromBackend failed: Bad state: Backend unavailable
_refreshAcademicCategories failed: Bad state: Backend unavailable
[90m[🌎 Easy Localization] [DEBUG] Init state[0m
[32m[🌎 Easy Localization] [INFO] Start locale loaded en[0m
[90m[🌎 Easy Localization] [DEBUG] Build[0m
[90m[🌎 Easy Localization] [DEBUG] Init Localization Delegate[0m
[90m[🌎 Easy Localization] [DEBUG] Init provider[0m
[90m[🌎 Easy Localization] [DEBUG] Load Localization Delegate[0m
[90m[🌎 Easy Localization] [DEBUG] Build[0m
[90m[🌎 Easy Localization] [DEBUG] Init Localization Delegate[0m
[90m[🌎 Easy Localization] [DEBUG] Init provider[0m
00:07 +8: C:/Users/User/.codex/worktrees/hadayah-wave4v2-integration/Streamer_app/project/test/admin_safety_console_test.dart: (tearDownAll)
00:07 +8: loading C:/Users/User/.codex/worktrees/hadayah-wave4v2-integration/Streamer_app/project/test/admin_user_directory_test.dart
00:08 +8: C:/Users/User/.codex/worktrees/hadayah-wave4v2-integration/Streamer_app/project/test/admin_user_directory_test.dart: (setUpAll)
[90m[🌎 Easy Localization] [DEBUG] Localization initialized[0m
00:08 +8: C:/Users/User/.codex/worktrees/hadayah-wave4v2-integration/Streamer_app/project/test/admin_user_directory_test.dart: failure offers retry without raw exception or false empty state
Realtime public streamer subscription failed: 'package:supabase_flutter/src/supabase.dart': Failed assertion: line 45 pos 7: '_instance._isInitialized': You must initialize the supabase instance before calling Supabase.instance
Realtime academic_categories subscription failed: 'package:supabase_flutter/src/supabase.dart': Failed assertion: line 45 pos 7: '_instance._isInitialized': You must initialize the supabase instance before calling Supabase.instance
Supabase auth listener not attached (Supabase not initialized?): 'package:supabase_flutter/src/supabase.dart': Failed assertion: line 45 pos 7: '_instance._isInitialized': You must initialize the supabase instance before calling Supabase.instance
[90m[🌎 Easy Localization] [DEBUG] Start[0m
loadVerifiedStreamersFromBackend failed: Bad state: Backend unavailable
_refreshAcademicCategories failed: Bad state: Backend unavailable
[90m[🌎 Easy Localization] [DEBUG] Init state[0m
[32m[🌎 Easy Localization] [INFO] Start locale loaded en[0m
[90m[🌎 Easy Localization] [DEBUG] Build[0m
[90m[🌎 Easy Localization] [DEBUG] Init Localization Delegate[0m
[90m[🌎 Easy Localization] [DEBUG] Init provider[0m
[90m[🌎 Easy Localization] [DEBUG] Load Localization Delegate[0m
[90m[🌎 Easy Localization] [DEBUG] Build[0m
[90m[🌎 Easy Localization] [DEBUG] Init Localization Delegate[0m
[90m[🌎 Easy Localization] [DEBUG] Init provider[0m
00:09 +9: C:/Users/User/.codex/worktrees/hadayah-wave4v2-integration/Streamer_app/project/test/admin_user_directory_test.dart: (tearDownAll)
00:09 +9: loading C:/Users/User/.codex/worktrees/hadayah-wave4v2-integration/Streamer_app/project/test/auth_onboarding_and_org_affiliation_test.dart
00:10 +9: C:/Users/User/.codex/worktrees/hadayah-wave4v2-integration/Streamer_app/project/test/auth_onboarding_and_org_affiliation_test.dart: (setUpAll)
[90m[🌎 Easy Localization] [DEBUG] Localization initialized[0m
00:10 +9: C:/Users/User/.codex/worktrees/hadayah-wave4v2-integration/Streamer_app/project/test/auth_onboarding_and_org_affiliation_test.dart: Auth, Onboarding & Streamer Application Wizard Tests TC-AUTH-04: StreamerApplyScreen wizard renders Step 1 Identity
Realtime public streamer subscription failed: 'package:supabase_flutter/src/supabase.dart': Failed assertion: line 45 pos 7: '_instance._isInitialized': You must initialize the supabase instance before calling Supabase.instance
Realtime academic_categories subscription failed: 'package:supabase_flutter/src/supabase.dart': Failed assertion: line 45 pos 7: '_instance._isInitialized': You must initialize the supabase instance before calling Supabase.instance
Supabase auth listener not attached (Supabase not initialized?): 'package:supabase_flutter/src/supabase.dart': Failed assertion: line 45 pos 7: '_instance._isInitialized': You must initialize the supabase instance before calling Supabase.instance
loadVerifiedStreamersFromBackend failed: Bad state: Backend unavailable
_refreshAcademicCategories failed: Bad state: Backend unavailable
[90m[🌎 Easy Localization] [DEBUG] Start[0m
[90m[🌎 Easy Localization] [DEBUG] Init state[0m
[32m[🌎 Easy Localization] [INFO] Start locale loaded en[0m
[90m[🌎 Easy Localization] [DEBUG] Build[0m
[90m[🌎 Easy Localization] [DEBUG] Init Localization Delegate[0m
[90m[🌎 Easy Localization] [DEBUG] Init provider[0m
[90m[🌎 Easy Localization] [DEBUG] Load Localization Delegate[0m
[90m[🌎 Easy Localization] [DEBUG] Build[0m
[90m[🌎 Easy Localization] [DEBUG] Init Localization Delegate[0m
[90m[🌎 Easy Localization] [DEBUG] Init provider[0m
00:11 +10: C:/Users/User/.codex/worktrees/hadayah-wave4v2-integration/Streamer_app/project/test/auth_onboarding_and_org_affiliation_test.dart: Auth, Onboarding & Streamer Application Wizard Tests TC-AUTH-05: ApplicationPendingScreen renders confirmation badge and action
Realtime public streamer subscription failed: 'package:supabase_flutter/src/supabase.dart': Failed assertion: line 45 pos 7: '_instance._isInitialized': You must initialize the supabase instance before calling Supabase.instance
Realtime academic_categories subscription failed: 'package:supabase_flutter/src/supabase.dart': Failed assertion: line 45 pos 7: '_instance._isInitialized': You must initialize the supabase instance before calling Supabase.instance
Supabase auth listener not attached (Supabase not initialized?): 'package:supabase_flutter/src/supabase.dart': Failed assertion: line 45 pos 7: '_instance._isInitialized': You must initialize the supabase instance before calling Supabase.instance
loadVerifiedStreamersFromBackend failed: Bad state: Backend unavailable
_refreshAcademicCategories failed: Bad state: Backend unavailable
[90m[🌎 Easy Localization] [DEBUG] Start[0m
[90m[🌎 Easy Localization] [DEBUG] Init state[0m
[32m[🌎 Easy Localization] [INFO] Start locale loaded en[0m
[90m[🌎 Easy Localization] [DEBUG] Build[0m
[90m[🌎 Easy Localization] [DEBUG] Init Localization Delegate[0m
[90m[🌎 Easy Localization] [DEBUG] Init provider[0m
[90m[🌎 Easy Localization] [DEBUG] Load Localization Delegate[0m
[90m[🌎 Easy Localization] [DEBUG] Build[0m
[90m[🌎 Easy Localization] [DEBUG] Init Localization Delegate[0m
[90m[🌎 Easy Localization] [DEBUG] Init provider[0m
00:11 +11: C:/Users/User/.codex/worktrees/hadayah-wave4v2-integration/Streamer_app/project/test/auth_onboarding_and_org_affiliation_test.dart: (tearDownAll)
00:11 +11: loading C:/Users/User/.codex/worktrees/hadayah-wave4v2-integration/Streamer_app/project/test/auto_translation_service_test.dart
00:12 +11: C:/Users/User/.codex/worktrees/hadayah-wave4v2-integration/Streamer_app/project/test/auto_translation_service_test.dart: TC-TR-01: Pure-Dart ArabicTransliterationEngine Phonetic Mapping Tests Correctly detects Arabic vs English text
00:12 +12: C:/Users/User/.codex/worktrees/hadayah-wave4v2-integration/Streamer_app/project/test/auto_translation_service_test.dart: TC-TR-02: AcademicLexiconService Domain Translation Tests Bidirectionally translates faculty & academic ranks
00:12 +13: loading C:/Users/User/.codex/worktrees/hadayah-wave4v2-integration/Streamer_app/project/test/broadcaster_application_sheet_test.dart
00:13 +13: C:/Users/User/.codex/worktrees/hadayah-wave4v2-integration/Streamer_app/project/test/broadcaster_application_sheet_test.dart: (setUpAll)
[90m[🌎 Easy Localization] [DEBUG] Localization initialized[0m
00:13 +13: C:/Users/User/.codex/worktrees/hadayah-wave4v2-integration/Streamer_app/project/test/broadcaster_application_sheet_test.dart: Broadcaster Application Sheet & State Management Tests (Phase 2) TC-APP-02: AppProvider Application Submission & Mutation
Realtime public streamer subscription failed: 'package:supabase_flutter/src/supabase.dart': Failed assertion: line 45 pos 7: '_instance._isInitialized': You must initialize the supabase instance before calling Supabase.instance
Realtime academic_categories subscription failed: 'package:supabase_flutter/src/supabase.dart': Failed assertion: line 45 pos 7: '_instance._isInitialized': You must initialize the supabase instance before calling Supabase.instance
Supabase auth listener not attached (Supabase not initialized?): 'package:supabase_flutter/src/supabase.dart': Failed assertion: line 45 pos 7: '_instance._isInitialized': You must initialize the supabase instance before calling Supabase.instance
loadVerifiedStreamersFromBackend failed: Bad state: Backend unavailable
_refreshAcademicCategories failed: Bad state: Backend unavailable
00:13 +14: C:/Users/User/.codex/worktrees/hadayah-wave4v2-integration/Streamer_app/project/test/broadcaster_application_sheet_test.dart: (tearDownAll)
00:13 +14: loading C:/Users/User/.codex/worktrees/hadayah-wave4v2-integration/Streamer_app/project/test/broadcaster_application_uuid_verification_test.dart
00:13 +14: C:/Users/User/.codex/worktrees/hadayah-wave4v2-integration/Streamer_app/project/test/broadcaster_application_uuid_verification_test.dart: Broadcaster Application UUID Validation Proof TC-UUID-03: BroadcasterApplicationModel with newId() satisfies schema format
00:14 +15: loading C:/Users/User/.codex/worktrees/hadayah-wave4v2-integration/Streamer_app/project/test/broadcaster_studio_entry_test.dart
00:14 +15: C:/Users/User/.codex/worktrees/hadayah-wave4v2-integration/Streamer_app/project/test/broadcaster_studio_entry_test.dart: (setUpAll)
[90m[🌎 Easy Localization] [DEBUG] Localization initialized[0m
00:14 +15: C:/Users/User/.codex/worktrees/hadayah-wave4v2-integration/Streamer_app/project/test/broadcaster_studio_entry_test.dart: Watch link and sender (P6S Group 2) YouTube outage fails closed before listing
Realtime public streamer subscription failed: 'package:supabase_flutter/src/supabase.dart': Failed assertion: line 45 pos 7: '_instance._isInitialized': You must initialize the supabase instance before calling Supabase.instance
Realtime academic_categories subscription failed: 'package:supabase_flutter/src/supabase.dart': Failed assertion: line 45 pos 7: '_instance._isInitialized': You must initialize the supabase instance before calling Supabase.instance
Realtime user status channel subscription failed: 'package:supabase_flutter/src/supabase.dart': Failed assertion: line 45 pos 7: '_instance._isInitialized': You must initialize the supabase instance before calling Supabase.instance
Profile provisioning failed: 'package:supabase_flutter/src/supabase.dart': Failed assertion: line 45 pos 7: '_instance._isInitialized': You must initialize the supabase instance before calling Supabase.instance
loadVerifiedStreamersFromBackend failed: Bad state: Backend unavailable
Admin role check failed: 'package:supabase_flutter/src/supabase.dart': Failed assertion: line 45 pos 7: '_instance._isInitialized': You must initialize the supabase instance before calling Supabase.instance
_refreshCurrentUserBanStatus failed: 'package:supabase_flutter/src/supabase.dart': Failed assertion: line 45 pos 7: '_instance._isInitialized': You must initialize the supabase instance before calling Supabase.instance
_refreshAcademicCategories failed: Bad state: Backend unavailable
loadVerifiedStreamersFromBackend failed: Bad state: Backend unavailable
[90m[🌎 Easy Localization] [DEBUG] Start[0m
[90m[🌎 Easy Localization] [DEBUG] Init state[0m
[32m[🌎 Easy Localization] [INFO] Start locale loaded en[0m
[90m[🌎 Easy Localization] [DEBUG] Build[0m
[90m[🌎 Easy Localization] [DEBUG] Init Localization Delegate[0m
[90m[🌎 Easy Localization] [DEBUG] Init provider[0m
[90m[🌎 Easy Localization] [DEBUG] Load Localization Delegate[0m
[90m[🌎 Easy Localization] [DEBUG] Build[0m
[90m[🌎 Easy Localization] [DEBUG] Init Localization Delegate[0m
[90m[🌎 Easy Localization] [DEBUG] Init provider[0m
00:16 +16: C:/Users/User/.codex/worktrees/hadayah-wave4v2-integration/Streamer_app/project/test/broadcaster_studio_entry_test.dart: Watch link and sender (P6S Group 2) a verified link lists without the unchecked note and records OBS on a computer as the sender
Realtime public streamer subscription failed: 'package:supabase_flutter/src/supabase.dart': Failed assertion: line 45 pos 7: '_instance._isInitialized': You must initialize the supabase instance before calling Supabase.instance
Realtime academic_categories subscription failed: 'package:supabase_flutter/src/supabase.dart': Failed assertion: line 45 pos 7: '_instance._isInitialized': You must initialize the supabase instance before calling Supabase.instance
Realtime user status channel subscription failed: 'package:supabase_flutter/src/supabase.dart': Failed assertion: line 45 pos 7: '_instance._isInitialized': You must initialize the supabase instance before calling Supabase.instance
Profile provisioning failed: 'package:supabase_flutter/src/supabase.dart': Failed assertion: line 45 pos 7: '_instance._isInitialized': You must initialize the supabase instance before calling Supabase.instance
loadVerifiedStreamersFromBackend failed: Bad state: Backend unavailable
Admin role check failed: 'package:supabase_flutter/src/supabase.dart': Failed assertion: line 45 pos 7: '_instance._isInitialized': You must initialize the supabase instance before calling Supabase.instance
_refreshCurrentUserBanStatus failed: 'package:supabase_flutter/src/supabase.dart': Failed assertion: line 45 pos 7: '_instance._isInitialized': You must initialize the supabase instance before calling Supabase.instance
_refreshAcademicCategories failed: Bad state: Backend unavailable
loadVerifiedStreamersFromBackend failed: Bad state: Backend unavailable
[90m[🌎 Easy Localization] [DEBUG] Start[0m
[90m[🌎 Easy Localization] [DEBUG] Init state[0m
[32m[🌎 Easy Localization] [INFO] Start locale loaded en[0m
[90m[🌎 Easy Localization] [DEBUG] Build[0m
[90m[🌎 Easy Localization] [DEBUG] Init Localization Delegate[0m
[90m[🌎 Easy Localization] [DEBUG] Init provider[0m
[90m[🌎 Easy Localization] [DEBUG] Load Localization Delegate[0m
[90m[🌎 Easy Localization] [DEBUG] Build[0m
[90m[🌎 Easy Localization] [DEBUG] Init Localization Delegate[0m
[90m[🌎 Easy Localization] [DEBUG] Init provider[0m
00:16 +17: C:/Users/User/.codex/worktrees/hadayah-wave4v2-integration/Streamer_app/project/test/broadcaster_studio_entry_test.dart: Watch link and sender (P6S Group 2) external phone is unavailable and cannot change sender mode
Realtime public streamer subscription failed: 'package:supabase_flutter/src/supabase.dart': Failed assertion: line 45 pos 7: '_instance._isInitialized': You must initialize the supabase instance before calling Supabase.instance
Realtime academic_categories subscription failed: 'package:supabase_flutter/src/supabase.dart': Failed assertion: line 45 pos 7: '_instance._isInitialized': You must initialize the supabase instance before calling Supabase.instance
Realtime user status channel subscription failed: 'package:supabase_flutter/src/supabase.dart': Failed assertion: line 45 pos 7: '_instance._isInitialized': You must initialize the supabase instance before calling Supabase.instance
Profile provisioning failed: 'package:supabase_flutter/src/supabase.dart': Failed assertion: line 45 pos 7: '_instance._isInitialized': You must initialize the supabase instance before calling Supabase.instance
loadVerifiedStreamersFromBackend failed: Bad state: Backend unavailable
Admin role check failed: 'package:supabase_flutter/src/supabase.dart': Failed assertion: line 45 pos 7: '_instance._isInitialized': You must initialize the supabase instance before calling Supabase.instance
_refreshCurrentUserBanStatus failed: 'package:supabase_flutter/src/supabase.dart': Failed assertion: line 45 pos 7: '_instance._isInitialized': You must initialize the supabase instance before calling Supabase.instance
_refreshAcademicCategories failed: Bad state: Backend unavailable
loadVerifiedStreamersFromBackend failed: Bad state: Backend unavailable
[90m[🌎 Easy Localization] [DEBUG] Start[0m
[90m[🌎 Easy Localization] [DEBUG] Init state[0m
[32m[🌎 Easy Localization] [INFO] Start locale loaded en[0m
[90m[🌎 Easy Localization] [DEBUG] Build[0m
[90m[🌎 Easy Localization] [DEBUG] Init Localization Delegate[0m
[90m[🌎 Easy Localization] [DEBUG] Init provider[0m
[90m[🌎 Easy Localization] [DEBUG] Load Localization Delegate[0m
[90m[🌎 Easy Localization] [DEBUG] Build[0m
[90m[🌎 Easy Localization] [DEBUG] Init Localization Delegate[0m
[90m[🌎 Easy Localization] [DEBUG] Init provider[0m
00:16 +18: C:/Users/User/.codex/worktrees/hadayah-wave4v2-integration/Streamer_app/project/test/broadcaster_studio_entry_test.dart: Watch link and sender (P6S Group 2) the Encoder tab never shows or offers to copy a stream key or ingest URL
Realtime public streamer subscription failed: 'package:supabase_flutter/src/supabase.dart': Failed assertion: line 45 pos 7: '_instance._isInitialized': You must initialize the supabase instance before calling Supabase.instance
Realtime academic_categories subscription failed: 'package:supabase_flutter/src/supabase.dart': Failed assertion: line 45 pos 7: '_instance._isInitialized': You must initialize the supabase instance before calling Supabase.instance
Realtime user status channel subscription failed: 'package:supabase_flutter/src/supabase.dart': Failed assertion: line 45 pos 7: '_instance._isInitialized': You must initialize the supabase instance before calling Supabase.instance
Profile provisioning failed: 'package:supabase_flutter/src/supabase.dart': Failed assertion: line 45 pos 7: '_instance._isInitialized': You must initialize the supabase instance before calling Supabase.instance
loadVerifiedStreamersFromBackend failed: Bad state: Backend unavailable
Admin role check failed: 'package:supabase_flutter/src/supabase.dart': Failed assertion: line 45 pos 7: '_instance._isInitialized': You must initialize the supabase instance before calling Supabase.instance
_refreshCurrentUserBanStatus failed: 'package:supabase_flutter/src/supabase.dart': Failed assertion: line 45 pos 7: '_instance._isInitialized': You must initialize the supabase instance before calling Supabase.instance
_refreshAcademicCategories failed: Bad state: Backend unavailable
loadVerifiedStreamersFromBackend failed: Bad state: Backend unavailable
[90m[🌎 Easy Localization] [DEBUG] Start[0m
[90m[🌎 Easy Localization] [DEBUG] Init state[0m
[32m[🌎 Easy Localization] [INFO] Start locale loaded en[0m
[90m[🌎 Easy Localization] [DEBUG] Build[0m
[90m[🌎 Easy Localization] [DEBUG] Init Localization Delegate[0m
[90m[🌎 Easy Localization] [DEBUG] Init provider[0m
[90m[🌎 Easy Localization] [DEBUG] Load Localization Delegate[0m
[90m[🌎 Easy Localization] [DEBUG] Build[0m
[90m[🌎 Easy Localization] [DEBUG] Init Localization Delegate[0m
[90m[🌎 Easy Localization] [DEBUG] Init provider[0m
00:17 +19: C:/Users/User/.codex/worktrees/hadayah-wave4v2-integration/Streamer_app/project/test/broadcaster_studio_entry_test.dart: Watch link and sender (P6S Group 2) a stream key pasted as the watch link is caught unsent
Realtime public streamer subscription failed: 'package:supabase_flutter/src/supabase.dart': Failed assertion: line 45 pos 7: '_instance._isInitialized': You must initialize the supabase instance before calling Supabase.instance
Realtime academic_categories subscription failed: 'package:supabase_flutter/src/supabase.dart': Failed assertion: line 45 pos 7: '_instance._isInitialized': You must initialize the supabase instance before calling Supabase.instance
Realtime user status channel subscription failed: 'package:supabase_flutter/src/supabase.dart': Failed assertion: line 45 pos 7: '_instance._isInitialized': You must initialize the supabase instance before calling Supabase.instance
Profile provisioning failed: 'package:supabase_flutter/src/supabase.dart': Failed assertion: line 45 pos 7: '_instance._isInitialized': You must initialize the supabase instance before calling Supabase.instance
loadVerifiedStreamersFromBackend failed: Bad state: Backend unavailable
Admin role check failed: 'package:supabase_flutter/src/supabase.dart': Failed assertion: line 45 pos 7: '_instance._isInitialized': You must initialize the supabase instance before calling Supabase.instance
_refreshCurrentUserBanStatus failed: 'package:supabase_flutter/src/supabase.dart': Failed assertion: line 45 pos 7: '_instance._isInitialized': You must initialize the supabase instance before calling Supabase.instance
_refreshAcademicCategories failed: Bad state: Backend unavailable
loadVerifiedStreamersFromBackend failed: Bad state: Backend unavailable
[90m[🌎 Easy Localization] [DEBUG] Start[0m
[90m[🌎 Easy Localization] [DEBUG] Init state[0m
[32m[🌎 Easy Localization] [INFO] Start locale loaded en[0m
[90m[🌎 Easy Localization] [DEBUG] Build[0m
[90m[🌎 Easy Localization] [DEBUG] Init Localization Delegate[0m
[90m[🌎 Easy Localization] [DEBUG] Init provider[0m
[90m[🌎 Easy Localization] [DEBUG] Load Localization Delegate[0m
[90m[🌎 Easy Localization] [DEBUG] Build[0m
[90m[🌎 Easy Localization] [DEBUG] Init Localization Delegate[0m
[90m[🌎 Easy Localization] [DEBUG] Init provider[0m
00:17 +20: C:/Users/User/.codex/worktrees/hadayah-wave4v2-integration/Streamer_app/project/test/broadcaster_studio_entry_test.dart: Watch link and sender (P6S Group 2) Phone: a watch link pasted as the stream key is caught
Realtime public streamer subscription failed: 'package:supabase_flutter/src/supabase.dart': Failed assertion: line 45 pos 7: '_instance._isInitialized': You must initialize the supabase instance before calling Supabase.instance
Realtime academic_categories subscription failed: 'package:supabase_flutter/src/supabase.dart': Failed assertion: line 45 pos 7: '_instance._isInitialized': You must initialize the supabase instance before calling Supabase.instance
Realtime user status channel subscription failed: 'package:supabase_flutter/src/supabase.dart': Failed assertion: line 45 pos 7: '_instance._isInitialized': You must initialize the supabase instance before calling Supabase.instance
Profile provisioning failed: 'package:supabase_flutter/src/supabase.dart': Failed assertion: line 45 pos 7: '_instance._isInitialized': You must initialize the supabase instance before calling Supabase.instance
loadVerifiedStreamersFromBackend failed: Bad state: Backend unavailable
Admin role check failed: 'package:supabase_flutter/src/supabase.dart': Failed assertion: line 45 pos 7: '_instance._isInitialized': You must initialize the supabase instance before calling Supabase.instance
_refreshCurrentUserBanStatus failed: 'package:supabase_flutter/src/supabase.dart': Failed assertion: line 45 pos 7: '_instance._isInitialized': You must initialize the supabase instance before calling Supabase.instance
_refreshAcademicCategories failed: Bad state: Backend unavailable
loadVerifiedStreamersFromBackend failed: Bad state: Backend unavailable
[90m[🌎 Easy Localization] [DEBUG] Start[0m
[90m[🌎 Easy Localization] [DEBUG] Init state[0m
[32m[🌎 Easy Localization] [INFO] Start locale loaded en[0m
[90m[🌎 Easy Localization] [DEBUG] Build[0m
[90m[🌎 Easy Localization] [DEBUG] Init Localization Delegate[0m
[90m[🌎 Easy Localization] [DEBUG] Init provider[0m
[90m[🌎 Easy Localization] [DEBUG] Load Localization Delegate[0m
[90m[🌎 Easy Localization] [DEBUG] Build[0m
[90m[🌎 Easy Localization] [DEBUG] Init Localization Delegate[0m
[90m[🌎 Easy Localization] [DEBUG] Init provider[0m
00:17 +21: C:/Users/User/.codex/worktrees/hadayah-wave4v2-integration/Streamer_app/project/test/broadcaster_studio_entry_test.dart: (tearDownAll)
00:17 +21: loading C:/Users/User/.codex/worktrees/hadayah-wave4v2-integration/Streamer_app/project/test/broadcast_backend_compatibility_test.dart
00:18 +21: C:/Users/User/.codex/worktrees/hadayah-wave4v2-integration/Streamer_app/project/test/broadcast_backend_compatibility_test.dart: missing session migration never falls back to an unfenced live write
00:19 +22: loading C:/Users/User/.codex/worktrees/hadayah-wave4v2-integration/Streamer_app/project/test/chat_block_sync_test.dart
00:19 +22: C:/Users/User/.codex/worktrees/hadayah-wave4v2-integration/Streamer_app/project/test/chat_block_sync_test.dart: ChatBlockList a failed refresh never clears a confirmed list
ChatBlockList: refresh failed: Exception: offline
00:19 +23: C:/Users/User/.codex/worktrees/hadayah-wave4v2-integration/Streamer_app/project/test/chat_block_sync_test.dart: ChatBlockList switching accounts drops the previous account's blocks
00:19 +24: C:/Users/User/.codex/worktrees/hadayah-wave4v2-integration/Streamer_app/project/test/chat_block_sync_test.dart: ChatBlockList device-only blocks are uploaded, then the old key is removed
00:19 +25: loading C:/Users/User/.codex/worktrees/hadayah-wave4v2-integration/Streamer_app/project/test/chat_composer_state_test.dart
00:20 +25: C:/Users/User/.codex/worktrees/hadayah-wave4v2-integration/Streamer_app/project/test/chat_composer_state_test.dart: composer state a guest on a broken connection is told to sign in, not to wait
00:20 +26: C:/Users/User/.codex/worktrees/hadayah-wave4v2-integration/Streamer_app/project/test/chat_composer_state_test.dart: slow mode countdown no countdown before the viewer has sent anything
00:20 +27: C:/Users/User/.codex/worktrees/hadayah-wave4v2-integration/Streamer_app/project/test/chat_composer_state_test.dart: slow mode countdown counts down from the viewer own last message
00:20 +28: C:/Users/User/.codex/worktrees/hadayah-wave4v2-integration/Streamer_app/project/test/chat_composer_state_test.dart: slow mode countdown elapsed slow mode stops holding the composer
00:20 +29: loading C:/Users/User/.codex/worktrees/hadayah-wave4v2-integration/Streamer_app/project/test/cluster_1_and_feedback_fixes_test.dart
00:21 +29: C:/Users/User/.codex/worktrees/hadayah-wave4v2-integration/Streamer_app/project/test/cluster_1_and_feedback_fixes_test.dart: Quick Fix QF-04: Database Error Resilience & Offline Fallbacks AdminDatabaseService methods degrade gracefully without Supabase
00:21 +30: loading C:/Users/User/.codex/worktrees/hadayah-wave4v2-integration/Streamer_app/project/test/cluster_3_4_categories_moderation_test.dart
00:22 +30: C:/Users/User/.codex/worktrees/hadayah-wave4v2-integration/Streamer_app/project/test/cluster_3_4_categories_moderation_test.dart: Cluster 3 Task 12: Tag Moderation TagStatusInfo.fromDbValue degrades an unknown status to pending instead of throwing
00:22 +31: C:/Users/User/.codex/worktrees/hadayah-wave4v2-integration/Streamer_app/project/test/cluster_3_4_categories_moderation_test.dart: Cluster 3 Task 12: Tag Moderation AppProvider.approvedTags/allTagsForModeration start empty offline -- the tags filter sheet degrades to just the "all" chip rather than crashing when there is no backend to read from
Realtime public streamer subscription failed: 'package:supabase_flutter/src/supabase.dart': Failed assertion: line 45 pos 7: '_instance._isInitialized': You must initialize the supabase instance before calling Supabase.instance
Realtime academic_categories subscription failed: 'package:supabase_flutter/src/supabase.dart': Failed assertion: line 45 pos 7: '_instance._isInitialized': You must initialize the supabase instance before calling Supabase.instance
Supabase auth listener not attached (Supabase not initialized?): 'package:supabase_flutter/src/supabase.dart': Failed assertion: line 45 pos 7: '_instance._isInitialized': You must initialize the supabase instance before calling Supabase.instance
00:22 +32: C:/Users/User/.codex/worktrees/hadayah-wave4v2-integration/Streamer_app/project/test/cluster_3_4_categories_moderation_test.dart: Cluster 4 Task 13/15: Chat Message Actions & Moderator Badges ChatSenderBadge.moderator carries the shield+MOD bilingual label
00:22 +32: C:/Users/User/.codex/worktrees/hadayah-wave4v2-integration/Streamer_app/project/test/cluster_3_4_categories_moderation_test.dart: Cluster 3 Task 12: Tag Moderation AppProvider.approvedTags/allTagsForModeration start empty offline -- the tags filter sheet degrades to just the "all" chip rather than crashing when there is no backend to read from
_loadMapMarkerCacheFromDisk failed: MissingPluginException(No implementation found for method getAll on channel plugins.flutter.io/shared_preferences)
loadVerifiedStreamersFromBackend failed: Bad state: Backend unavailable
_refreshAcademicCategories failed: Bad state: Backend unavailable
00:22 +33: loading C:/Users/User/.codex/worktrees/hadayah-wave4v2-integration/Streamer_app/project/test/connectivity_service_test.dart
00:23 +33: C:/Users/User/.codex/worktrees/hadayah-wave4v2-integration/Streamer_app/project/test/connectivity_service_test.dart: rapid transport changes emit only the last debounced state
00:23 +34: loading C:/Users/User/.codex/worktrees/hadayah-wave4v2-integration/Streamer_app/project/test/device_session_presenter_test.dart
00:24 +34: C:/Users/User/.codex/worktrees/hadayah-wave4v2-integration/Streamer_app/project/test/device_session_presenter_test.dart: (setUpAll)
[90m[🌎 Easy Localization] [DEBUG] Localization initialized[0m
00:24 +34: C:/Users/User/.codex/worktrees/hadayah-wave4v2-integration/Streamer_app/project/test/device_session_presenter_test.dart: R02: a restored session on cold start also shows the conflict
Realtime public streamer subscription failed: 'package:supabase_flutter/src/supabase.dart': Failed assertion: line 45 pos 7: '_instance._isInitialized': You must initialize the supabase instance before calling Supabase.instance
Realtime academic_categories subscription failed: 'package:supabase_flutter/src/supabase.dart': Failed assertion: line 45 pos 7: '_instance._isInitialized': You must initialize the supabase instance before calling Supabase.instance
Realtime user status channel subscription failed: 'package:supabase_flutter/src/supabase.dart': Failed assertion: line 45 pos 7: '_instance._isInitialized': You must initialize the supabase instance before calling Supabase.instance
Profile provisioning failed: 'package:supabase_flutter/src/supabase.dart': Failed assertion: line 45 pos 7: '_instance._isInitialized': You must initialize the supabase instance before calling Supabase.instance
[90m[🌎 Easy Localization] [DEBUG] Start[0m
loadVerifiedStreamersFromBackend failed: Bad state: Backend unavailable
Admin role check failed: 'package:supabase_flutter/src/supabase.dart': Failed assertion: line 45 pos 7: '_instance._isInitialized': You must initialize the supabase instance before calling Supabase.instance
_refreshCurrentUserBanStatus failed: 'package:supabase_flutter/src/supabase.dart': Failed assertion: line 45 pos 7: '_instance._isInitialized': You must initialize the supabase instance before calling Supabase.instance
_refreshAcademicCategories failed: Bad state: Backend unavailable
loadVerifiedStreamersFromBackend failed: Bad state: Backend unavailable
[90m[🌎 Easy Localization] [DEBUG] Init state[0m
[32m[🌎 Easy Localization] [INFO] Start locale loaded en[0m
[90m[🌎 Easy Localization] [DEBUG] Build[0m
[90m[🌎 Easy Localization] [DEBUG] Init Localization Delegate[0m
[90m[🌎 Easy Localization] [DEBUG] Init provider[0m
[90m[🌎 Easy Localization] [DEBUG] Load Localization Delegate[0m
[90m[🌎 Easy Localization] [DEBUG] Build[0m
[90m[🌎 Easy Localization] [DEBUG] Init Localization Delegate[0m
[90m[🌎 Easy Localization] [DEBUG] Init provider[0m
unhandled element <defs/>; Picture key: Svg loader
00:26 +35: C:/Users/User/.codex/worktrees/hadayah-wave4v2-integration/Streamer_app/project/test/device_session_presenter_test.dart: (tearDownAll)
00:26 +35: loading C:/Users/User/.codex/worktrees/hadayah-wave4v2-integration/Streamer_app/project/test/interactive_toast_test.dart
00:26 +35: C:/Users/User/.codex/worktrees/hadayah-wave4v2-integration/Streamer_app/project/test/interactive_toast_test.dart: TC-TOAST-01: InteractiveToastOverlay renders, handles tap, and dismisses on swipe
00:27 +36: loading C:/Users/User/.codex/worktrees/hadayah-wave4v2-integration/Streamer_app/project/test/issue_log_fixes_test.dart
00:28 +36: C:/Users/User/.codex/worktrees/hadayah-wave4v2-integration/Streamer_app/project/test/issue_log_fixes_test.dart: (setUpAll)
[90m[🌎 Easy Localization] [DEBUG] Localization initialized[0m
00:28 +36: C:/Users/User/.codex/worktrees/hadayah-wave4v2-integration/Streamer_app/project/test/issue_log_fixes_test.dart: Issue Log Fix QF-10: Cell Tower Permission Boundaries isOwnStreamerProfile correctly identifies own channel vs other channels
Realtime public streamer subscription failed: 'package:supabase_flutter/src/supabase.dart': Failed assertion: line 45 pos 7: '_instance._isInitialized': You must initialize the supabase instance before calling Supabase.instance
Realtime academic_categories subscription failed: 'package:supabase_flutter/src/supabase.dart': Failed assertion: line 45 pos 7: '_instance._isInitialized': You must initialize the supabase instance before calling Supabase.instance
Supabase auth listener not attached (Supabase not initialized?): 'package:supabase_flutter/src/supabase.dart': Failed assertion: line 45 pos 7: '_instance._isInitialized': You must initialize the supabase instance before calling Supabase.instance
00:28 +37: C:/Users/User/.codex/worktrees/hadayah-wave4v2-integration/Streamer_app/project/test/issue_log_fixes_test.dart: (tearDownAll)
00:28 +37: C:/Users/User/.codex/worktrees/hadayah-wave4v2-integration/Streamer_app/project/test/issue_log_fixes_test.dart: Issue Log Fix QF-10: Cell Tower Permission Boundaries isOwnStreamerProfile correctly identifies own channel vs other channels
loadVerifiedStreamersFromBackend failed: Bad state: Backend unavailable
_refreshAcademicCategories failed: Bad state: Backend unavailable
00:28 +37: loading C:/Users/User/.codex/worktrees/hadayah-wave4v2-integration/Streamer_app/project/test/landscape_chat_input_test.dart
00:29 +37: C:/Users/User/.codex/worktrees/hadayah-wave4v2-integration/Streamer_app/project/test/landscape_chat_input_test.dart: (setUpAll)
[90m[🌎 Easy Localization] [DEBUG] Localization initialized[0m
00:29 +37: C:/Users/User/.codex/worktrees/hadayah-wave4v2-integration/Streamer_app/project/test/landscape_chat_input_test.dart: message edit cannot open landscape keyboard (moderator=false)
[90m[🌎 Easy Localization] [DEBUG] Start[0m
[90m[🌎 Easy Localization] [DEBUG] Init state[0m
[32m[🌎 Easy Localization] [INFO] Start locale loaded en[0m
[90m[🌎 Easy Localization] [DEBUG] Build[0m
[90m[🌎 Easy Localization] [DEBUG] Init Localization Delegate[0m
[90m[🌎 Easy Localization] [DEBUG] Init provider[0m
[90m[🌎 Easy Localization] [DEBUG] Load Localization Delegate[0m
[90m[🌎 Easy Localization] [DEBUG] Build[0m
[90m[🌎 Easy Localization] [DEBUG] Init Localization Delegate[0m
[90m[🌎 Easy Localization] [DEBUG] Init provider[0m
00:30 +38: C:/Users/User/.codex/worktrees/hadayah-wave4v2-integration/Streamer_app/project/test/landscape_chat_input_test.dart: (tearDownAll)
00:30 +38: loading C:/Users/User/.codex/worktrees/hadayah-wave4v2-integration/Streamer_app/project/test/layout_sweep_test.dart
00:31 +38: C:/Users/User/.codex/worktrees/hadayah-wave4v2-integration/Streamer_app/project/test/layout_sweep_test.dart: (setUpAll)
[90m[🌎 Easy Localization] [DEBUG] Localization initialized[0m
00:32 +38: C:/Users/User/.codex/worktrees/hadayah-wave4v2-integration/Streamer_app/project/test/layout_sweep_test.dart: sheet venue navigation ar at all sizes and text scales
Realtime public streamer subscription failed: 'package:supabase_flutter/src/supabase.dart': Failed assertion: line 45 pos 7: '_instance._isInitialized': You must initialize the supabase instance before calling Supabase.instance
Realtime academic_categories subscription failed: 'package:supabase_flutter/src/supabase.dart': Failed assertion: line 45 pos 7: '_instance._isInitialized': You must initialize the supabase instance before calling Supabase.instance
Supabase auth listener not attached (Supabase not initialized?): 'package:supabase_flutter/src/supabase.dart': Failed assertion: line 45 pos 7: '_instance._isInitialized': You must initialize the supabase instance before calling Supabase.instance
loadVerifiedStreamersFromBackend failed: Bad state: Backend unavailable
_refreshAcademicCategories failed: Bad state: Backend unavailable
Realtime public streamer subscription failed: 'package:supabase_flutter/src/supabase.dart': Failed assertion: line 45 pos 7: '_instance._isInitialized': You must initialize the supabase instance before calling Supabase.instance
Realtime academic_categories subscription failed: 'package:supabase_flutter/src/supabase.dart': Failed assertion: line 45 pos 7: '_instance._isInitialized': You must initialize the supabase instance before calling Supabase.instance
Supabase auth listener not attached (Supabase not initialized?): 'package:supabase_flutter/src/supabase.dart': Failed assertion: line 45 pos 7: '_instance._isInitialized': You must initialize the supabase instance before calling Supabase.instance
loadVerifiedStreamersFromBackend failed: Bad state: Backend unavailable
_refreshAcademicCategories failed: Bad state: Backend unavailable
Realtime public streamer subscription failed: 'package:supabase_flutter/src/supabase.dart': Failed assertion: line 45 pos 7: '_instance._isInitialized': You must initialize the supabase instance before calling Supabase.instance
Realtime academic_categories subscription failed: 'package:supabase_flutter/src/supabase.dart': Failed assertion: line 45 pos 7: '_instance._isInitialized': You must initialize the supabase instance before calling Supabase.instance
Supabase auth listener not attached (Supabase not initialized?): 'package:supabase_flutter/src/supabase.dart': Failed assertion: line 45 pos 7: '_instance._isInitialized': You must initialize the supabase instance before calling Supabase.instance
loadVerifiedStreamersFromBackend failed: Bad state: Backend unavailable
_refreshAcademicCategories failed: Bad state: Backend unavailable
Realtime public streamer subscription failed: 'package:supabase_flutter/src/supabase.dart': Failed assertion: line 45 pos 7: '_instance._isInitialized': You must initialize the supabase instance before calling Supabase.instance
Realtime academic_categories subscription failed: 'package:supabase_flutter/src/supabase.dart': Failed assertion: line 45 pos 7: '_instance._isInitialized': You must initialize the supabase instance before calling Supabase.instance
Supabase auth listener not attached (Supabase not initialized?): 'package:supabase_flutter/src/supabase.dart': Failed assertion: line 45 pos 7: '_instance._isInitialized': You must initialize the supabase instance before calling Supabase.instance
loadVerifiedStreamersFromBackend failed: Bad state: Backend unavailable
_refreshAcademicCategories failed: Bad state: Backend unavailable
Realtime public streamer subscription failed: 'package:supabase_flutter/src/supabase.dart': Failed assertion: line 45 pos 7: '_instance._isInitialized': You must initialize the supabase instance before calling Supabase.instance
Realtime academic_categories subscription failed: 'package:supabase_flutter/src/supabase.dart': Failed assertion: line 45 pos 7: '_instance._isInitialized': You must initialize the supabase instance before calling Supabase.instance
Supabase auth listener not attached (Supabase not initialized?): 'package:supabase_flutter/src/supabase.dart': Failed assertion: line 45 pos 7: '_instance._isInitialized': You must initialize the supabase instance before calling Supabase.instance
loadVerifiedStreamersFromBackend failed: Bad state: Backend unavailable
_refreshAcademicCategories failed: Bad state: Backend unavailable
Realtime public streamer subscription failed: 'package:supabase_flutter/src/supabase.dart': Failed assertion: line 45 pos 7: '_instance._isInitialized': You must initialize the supabase instance before calling Supabase.instance
Realtime academic_categories subscription failed: 'package:supabase_flutter/src/supabase.dart': Failed assertion: line 45 pos 7: '_instance._isInitialized': You must initialize the supabase instance before calling Supabase.instance
Supabase auth listener not attached (Supabase not initialized?): 'package:supabase_flutter/src/supabase.dart': Failed assertion: line 45 pos 7: '_instance._isInitialized': You must initialize the supabase instance before calling Supabase.instance
loadVerifiedStreamersFromBackend failed: Bad state: Backend unavailable
_refreshAcademicCategories failed: Bad state: Backend unavailable
Realtime public streamer subscription failed: 'package:supabase_flutter/src/supabase.dart': Failed assertion: line 45 pos 7: '_instance._isInitialized': You must initialize the supabase instance before calling Supabase.instance
Realtime academic_categories subscription failed: 'package:supabase_flutter/src/supabase.dart': Failed assertion: line 45 pos 7: '_instance._isInitialized': You must initialize the supabase instance before calling Supabase.instance
Supabase auth listener not attached (Supabase not initialized?): 'package:supabase_flutter/src/supabase.dart': Failed assertion: line 45 pos 7: '_instance._isInitialized': You must initialize the supabase instance before calling Supabase.instance
loadVerifiedStreamersFromBackend failed: Bad state: Backend unavailable
_refreshAcademicCategories failed: Bad state: Backend unavailable
Realtime public streamer subscription failed: 'package:supabase_flutter/src/supabase.dart': Failed assertion: line 45 pos 7: '_instance._isInitialized': You must initialize the supabase instance before calling Supabase.instance
Realtime academic_categories subscription failed: 'package:supabase_flutter/src/supabase.dart': Failed assertion: line 45 pos 7: '_instance._isInitialized': You must initialize the supabase instance before calling Supabase.instance
Supabase auth listener not attached (Supabase not initialized?): 'package:supabase_flutter/src/supabase.dart': Failed assertion: line 45 pos 7: '_instance._isInitialized': You must initialize the supabase instance before calling Supabase.instance
loadVerifiedStreamersFromBackend failed: Bad state: Backend unavailable
_refreshAcademicCategories failed: Bad state: Backend unavailable
Realtime public streamer subscription failed: 'package:supabase_flutter/src/supabase.dart': Failed assertion: line 45 pos 7: '_instance._isInitialized': You must initialize the supabase instance before calling Supabase.instance
Realtime academic_categories subscription failed: 'package:supabase_flutter/src/supabase.dart': Failed assertion: line 45 pos 7: '_instance._isInitialized': You must initialize the supabase instance before calling Supabase.instance
Supabase auth listener not attached (Supabase not initialized?): 'package:supabase_flutter/src/supabase.dart': Failed assertion: line 45 pos 7: '_instance._isInitialized': You must initialize the supabase instance before calling Supabase.instance
loadVerifiedStreamersFromBackend failed: Bad state: Backend unavailable
_refreshAcademicCategories failed: Bad state: Backend unavailable
Realtime public streamer subscription failed: 'package:supabase_flutter/src/supabase.dart': Failed assertion: line 45 pos 7: '_instance._isInitialized': You must initialize the supabase instance before calling Supabase.instance
Realtime academic_categories subscription failed: 'package:supabase_flutter/src/supabase.dart': Failed assertion: line 45 pos 7: '_instance._isInitialized': You must initialize the supabase instance before calling Supabase.instance
Supabase auth listener not attached (Supabase not initialized?): 'package:supabase_flutter/src/supabase.dart': Failed assertion: line 45 pos 7: '_instance._isInitialized': You must initialize the supabase instance before calling Supabase.instance
loadVerifiedStreamersFromBackend failed: Bad state: Backend unavailable
_refreshAcademicCategories failed: Bad state: Backend unavailable
Realtime public streamer subscription failed: 'package:supabase_flutter/src/supabase.dart': Failed assertion: line 45 pos 7: '_instance._isInitialized': You must initialize the supabase instance before calling Supabase.instance
Realtime academic_categories subscription failed: 'package:supabase_flutter/src/supabase.dart': Failed assertion: line 45 pos 7: '_instance._isInitialized': You must initialize the supabase instance before calling Supabase.instance
Supabase auth listener not attached (Supabase not initialized?): 'package:supabase_flutter/src/supabase.dart': Failed assertion: line 45 pos 7: '_instance._isInitialized': You must initialize the supabase instance before calling Supabase.instance
loadVerifiedStreamersFromBackend failed: Bad state: Backend unavailable
_refreshAcademicCategories failed: Bad state: Backend unavailable
Realtime public streamer subscription failed: 'package:supabase_flutter/src/supabase.dart': Failed assertion: line 45 pos 7: '_instance._isInitialized': You must initialize the supabase instance before calling Supabase.instance
Realtime academic_categories subscription failed: 'package:supabase_flutter/src/supabase.dart': Failed assertion: line 45 pos 7: '_instance._isInitialized': You must initialize the supabase instance before calling Supabase.instance
Supabase auth listener not attached (Supabase not initialized?): 'package:supabase_flutter/src/supabase.dart': Failed assertion: line 45 pos 7: '_instance._isInitialized': You must initialize the supabase instance before calling Supabase.instance
loadVerifiedStreamersFromBackend failed: Bad state: Backend unavailable
_refreshAcademicCategories failed: Bad state: Backend unavailable
Realtime public streamer subscription failed: 'package:supabase_flutter/src/supabase.dart': Failed assertion: line 45 pos 7: '_instance._isInitialized': You must initialize the supabase instance before calling Supabase.instance
Realtime academic_categories subscription failed: 'package:supabase_flutter/src/supabase.dart': Failed assertion: line 45 pos 7: '_instance._isInitialized': You must initialize the supabase instance before calling Supabase.instance
Supabase auth listener not attached (Supabase not initialized?): 'package:supabase_flutter/src/supabase.dart': Failed assertion: line 45 pos 7: '_instance._isInitialized': You must initialize the supabase instance before calling Supabase.instance
loadVerifiedStreamersFromBackend failed: Bad state: Backend unavailable
_refreshAcademicCategories failed: Bad state: Backend unavailable
Realtime public streamer subscription failed: 'package:supabase_flutter/src/supabase.dart': Failed assertion: line 45 pos 7: '_instance._isInitialized': You must initialize the supabase instance before calling Supabase.instance
Realtime academic_categories subscription failed: 'package:supabase_flutter/src/supabase.dart': Failed assertion: line 45 pos 7: '_instance._isInitialized': You must initialize the supabase instance before calling Supabase.instance
Supabase auth listener not attached (Supabase not initialized?): 'package:supabase_flutter/src/supabase.dart': Failed assertion: line 45 pos 7: '_instance._isInitialized': You must initialize the supabase instance before calling Supabase.instance
loadVerifiedStreamersFromBackend failed: Bad state: Backend unavailable
_refreshAcademicCategories failed: Bad state: Backend unavailable
Realtime public streamer subscription failed: 'package:supabase_flutter/src/supabase.dart': Failed assertion: line 45 pos 7: '_instance._isInitialized': You must initialize the supabase instance before calling Supabase.instance
Realtime academic_categories subscription failed: 'package:supabase_flutter/src/supabase.dart': Failed assertion: line 45 pos 7: '_instance._isInitialized': You must initialize the supabase instance before calling Supabase.instance
Supabase auth listener not attached (Supabase not initialized?): 'package:supabase_flutter/src/supabase.dart': Failed assertion: line 45 pos 7: '_instance._isInitialized': You must initialize the supabase instance before calling Supabase.instance
loadVerifiedStreamersFromBackend failed: Bad state: Backend unavailable
_refreshAcademicCategories failed: Bad state: Backend unavailable
Realtime public streamer subscription failed: 'package:supabase_flutter/src/supabase.dart': Failed assertion: line 45 pos 7: '_instance._isInitialized': You must initialize the supabase instance before calling Supabase.instance
Realtime academic_categories subscription failed: 'package:supabase_flutter/src/supabase.dart': Failed assertion: line 45 pos 7: '_instance._isInitialized': You must initialize the supabase instance before calling Supabase.instance
Supabase auth listener not attached (Supabase not initialized?): 'package:supabase_flutter/src/supabase.dart': Failed assertion: line 45 pos 7: '_instance._isInitialized': You must initialize the supabase instance before calling Supabase.instance
loadVerifiedStreamersFromBackend failed: Bad state: Backend unavailable
_refreshAcademicCategories failed: Bad state: Backend unavailable
Realtime public streamer subscription failed: 'package:supabase_flutter/src/supabase.dart': Failed assertion: line 45 pos 7: '_instance._isInitialized': You must initialize the supabase instance before calling Supabase.instance
Realtime academic_categories subscription failed: 'package:supabase_flutter/src/supabase.dart': Failed assertion: line 45 pos 7: '_instance._isInitialized': You must initialize the supabase instance before calling Supabase.instance
Supabase auth listener not attached (Supabase not initialized?): 'package:supabase_flutter/src/supabase.dart': Failed assertion: line 45 pos 7: '_instance._isInitialized': You must initialize the supabase instance before calling Supabase.instance
loadVerifiedStreamersFromBackend failed: Bad state: Backend unavailable
_refreshAcademicCategories failed: Bad state: Backend unavailable
Realtime public streamer subscription failed: 'package:supabase_flutter/src/supabase.dart': Failed assertion: line 45 pos 7: '_instance._isInitialized': You must initialize the supabase instance before calling Supabase.instance
Realtime academic_categories subscription failed: 'package:supabase_flutter/src/supabase.dart': Failed assertion: line 45 pos 7: '_instance._isInitialized': You must initialize the supabase instance before calling Supabase.instance
Supabase auth listener not attached (Supabase not initialized?): 'package:supabase_flutter/src/supabase.dart': Failed assertion: line 45 pos 7: '_instance._isInitialized': You must initialize the supabase instance before calling Supabase.instance
loadVerifiedStreamersFromBackend failed: Bad state: Backend unavailable
_refreshAcademicCategories failed: Bad state: Backend unavailable
Realtime public streamer subscription failed: 'package:supabase_flutter/src/supabase.dart': Failed assertion: line 45 pos 7: '_instance._isInitialized': You must initialize the supabase instance before calling Supabase.instance
Realtime academic_categories subscription failed: 'package:supabase_flutter/src/supabase.dart': Failed assertion: line 45 pos 7: '_instance._isInitialized': You must initialize the supabase instance before calling Supabase.instance
Supabase auth listener not attached (Supabase not initialized?): 'package:supabase_flutter/src/supabase.dart': Failed assertion: line 45 pos 7: '_instance._isInitialized': You must initialize the supabase instance before calling Supabase.instance
loadVerifiedStreamersFromBackend failed: Bad state: Backend unavailable
_refreshAcademicCategories failed: Bad state: Backend unavailable
Realtime public streamer subscription failed: 'package:supabase_flutter/src/supabase.dart': Failed assertion: line 45 pos 7: '_instance._isInitialized': You must initialize the supabase instance before calling Supabase.instance
Realtime academic_categories subscription failed: 'package:supabase_flutter/src/supabase.dart': Failed assertion: line 45 pos 7: '_instance._isInitialized': You must initialize the supabase instance before calling Supabase.instance
Supabase auth listener not attached (Supabase not initialized?): 'package:supabase_flutter/src/supabase.dart': Failed assertion: line 45 pos 7: '_instance._isInitialized': You must initialize the supabase instance before calling Supabase.instance
loadVerifiedStreamersFromBackend failed: Bad state: Backend unavailable
_refreshAcademicCategories failed: Bad state: Backend unavailable
Realtime public streamer subscription failed: 'package:supabase_flutter/src/supabase.dart': Failed assertion: line 45 pos 7: '_instance._isInitialized': You must initialize the supabase instance before calling Supabase.instance
Realtime academic_categories subscription failed: 'package:supabase_flutter/src/supabase.dart': Failed assertion: line 45 pos 7: '_instance._isInitialized': You must initialize the supabase instance before calling Supabase.instance
Supabase auth listener not attached (Supabase not initialized?): 'package:supabase_flutter/src/supabase.dart': Failed assertion: line 45 pos 7: '_instance._isInitialized': You must initialize the supabase instance before calling Supabase.instance
loadVerifiedStreamersFromBackend failed: Bad state: Backend unavailable
_refreshAcademicCategories failed: Bad state: Backend unavailable
00:34 +39: C:/Users/User/.codex/worktrees/hadayah-wave4v2-integration/Streamer_app/project/test/layout_sweep_test.dart: sheet org branches en at all sizes and text scales
Realtime public streamer subscription failed: 'package:supabase_flutter/src/supabase.dart': Failed assertion: line 45 pos 7: '_instance._isInitialized': You must initialize the supabase instance before calling Supabase.instance
Realtime academic_categories subscription failed: 'package:supabase_flutter/src/supabase.dart': Failed assertion: line 45 pos 7: '_instance._isInitialized': You must initialize the supabase instance before calling Supabase.instance
Supabase auth listener not attached (Supabase not initialized?): 'package:supabase_flutter/src/supabase.dart': Failed assertion: line 45 pos 7: '_instance._isInitialized': You must initialize the supabase instance before calling Supabase.instance
loadVerifiedStreamersFromBackend failed: Bad state: Backend unavailable
_refreshAcademicCategories failed: Bad state: Backend unavailable
Realtime public streamer subscription failed: 'package:supabase_flutter/src/supabase.dart': Failed assertion: line 45 pos 7: '_instance._isInitialized': You must initialize the supabase instance before calling Supabase.instance
Realtime academic_categories subscription failed: 'package:supabase_flutter/src/supabase.dart': Failed assertion: line 45 pos 7: '_instance._isInitialized': You must initialize the supabase instance before calling Supabase.instance
Supabase auth listener not attached (Supabase not initialized?): 'package:supabase_flutter/src/supabase.dart': Failed assertion: line 45 pos 7: '_instance._isInitialized': You must initialize the supabase instance before calling Supabase.instance
loadVerifiedStreamersFromBackend failed: Bad state: Backend unavailable
_refreshAcademicCategories failed: Bad state: Backend unavailable
Realtime public streamer subscription failed: 'package:supabase_flutter/src/supabase.dart': Failed assertion: line 45 pos 7: '_instance._isInitialized': You must initialize the supabase instance before calling Supabase.instance
Realtime academic_categories subscription failed: 'package:supabase_flutter/src/supabase.dart': Failed assertion: line 45 pos 7: '_instance._isInitialized': You must initialize the supabase instance before calling Supabase.instance
Supabase auth listener not attached (Supabase not initialized?): 'package:supabase_flutter/src/supabase.dart': Failed assertion: line 45 pos 7: '_instance._isInitialized': You must initialize the supabase instance before calling Supabase.instance
loadVerifiedStreamersFromBackend failed: Bad state: Backend unavailable
_refreshAcademicCategories failed: Bad state: Backend unavailable
Realtime public streamer subscription failed: 'package:supabase_flutter/src/supabase.dart': Failed assertion: line 45 pos 7: '_instance._isInitialized': You must initialize the supabase instance before calling Supabase.instance
Realtime academic_categories subscription failed: 'package:supabase_flutter/src/supabase.dart': Failed assertion: line 45 pos 7: '_instance._isInitialized': You must initialize the supabase instance before calling Supabase.instance
Supabase auth listener not attached (Supabase not initialized?): 'package:supabase_flutter/src/supabase.dart': Failed assertion: line 45 pos 7: '_instance._isInitialized': You must initialize the supabase instance before calling Supabase.instance
loadVerifiedStreamersFromBackend failed: Bad state: Backend unavailable
_refreshAcademicCategories failed: Bad state: Backend unavailable
Realtime public streamer subscription failed: 'package:supabase_flutter/src/supabase.dart': Failed assertion: line 45 pos 7: '_instance._isInitialized': You must initialize the supabase instance before calling Supabase.instance
Realtime academic_categories subscription failed: 'package:supabase_flutter/src/supabase.dart': Failed assertion: line 45 pos 7: '_instance._isInitialized': You must initialize the supabase instance before calling Supabase.instance
Supabase auth listener not attached (Supabase not initialized?): 'package:supabase_flutter/src/supabase.dart': Failed assertion: line 45 pos 7: '_instance._isInitialized': You must initialize the supabase instance before calling Supabase.instance
loadVerifiedStreamersFromBackend failed: Bad state: Backend unavailable
_refreshAcademicCategories failed: Bad state: Backend unavailable
Realtime public streamer subscription failed: 'package:supabase_flutter/src/supabase.dart': Failed assertion: line 45 pos 7: '_instance._isInitialized': You must initialize the supabase instance before calling Supabase.instance
Realtime academic_categories subscription failed: 'package:supabase_flutter/src/supabase.dart': Failed assertion: line 45 pos 7: '_instance._isInitialized': You must initialize the supabase instance before calling Supabase.instance
Supabase auth listener not attached (Supabase not initialized?): 'package:supabase_flutter/src/supabase.dart': Failed assertion: line 45 pos 7: '_instance._isInitialized': You must initialize the supabase instance before calling Supabase.instance
loadVerifiedStreamersFromBackend failed: Bad state: Backend unavailable
_refreshAcademicCategories failed: Bad state: Backend unavailable
Realtime public streamer subscription failed: 'package:supabase_flutter/src/supabase.dart': Failed assertion: line 45 pos 7: '_instance._isInitialized': You must initialize the supabase instance before calling Supabase.instance
Realtime academic_categories subscription failed: 'package:supabase_flutter/src/supabase.dart': Failed assertion: line 45 pos 7: '_instance._isInitialized': You must initialize the supabase instance before calling Supabase.instance
Supabase auth listener not attached (Supabase not initialized?): 'package:supabase_flutter/src/supabase.dart': Failed assertion: line 45 pos 7: '_instance._isInitialized': You must initialize the supabase instance before calling Supabase.instance
loadVerifiedStreamersFromBackend failed: Bad state: Backend unavailable
_refreshAcademicCategories failed: Bad state: Backend unavailable
Realtime public streamer subscription failed: 'package:supabase_flutter/src/supabase.dart': Failed assertion: line 45 pos 7: '_instance._isInitialized': You must initialize the supabase instance before calling Supabase.instance
Realtime academic_categories subscription failed: 'package:supabase_flutter/src/supabase.dart': Failed assertion: line 45 pos 7: '_instance._isInitialized': You must initialize the supabase instance before calling Supabase.instance
Supabase auth listener not attached (Supabase not initialized?): 'package:supabase_flutter/src/supabase.dart': Failed assertion: line 45 pos 7: '_instance._isInitialized': You must initialize the supabase instance before calling Supabase.instance
loadVerifiedStreamersFromBackend failed: Bad state: Backend unavailable
_refreshAcademicCategories failed: Bad state: Backend unavailable
Realtime public streamer subscription failed: 'package:supabase_flutter/src/supabase.dart': Failed assertion: line 45 pos 7: '_instance._isInitialized': You must initialize the supabase instance before calling Supabase.instance
Realtime academic_categories subscription failed: 'package:supabase_flutter/src/supabase.dart': Failed assertion: line 45 pos 7: '_instance._isInitialized': You must initialize the supabase instance before calling Supabase.instance
Supabase auth listener not attached (Supabase not initialized?): 'package:supabase_flutter/src/supabase.dart': Failed assertion: line 45 pos 7: '_instance._isInitialized': You must initialize the supabase instance before calling Supabase.instance
loadVerifiedStreamersFromBackend failed: Bad state: Backend unavailable
_refreshAcademicCategories failed: Bad state: Backend unavailable
Realtime public streamer subscription failed: 'package:supabase_flutter/src/supabase.dart': Failed assertion: line 45 pos 7: '_instance._isInitialized': You must initialize the supabase instance before calling Supabase.instance
Realtime academic_categories subscription failed: 'package:supabase_flutter/src/supabase.dart': Failed assertion: line 45 pos 7: '_instance._isInitialized': You must initialize the supabase instance before calling Supabase.instance
Supabase auth listener not attached (Supabase not initialized?): 'package:supabase_flutter/src/supabase.dart': Failed assertion: line 45 pos 7: '_instance._isInitialized': You must initialize the supabase instance before calling Supabase.instance
loadVerifiedStreamersFromBackend failed: Bad state: Backend unavailable
_refreshAcademicCategories failed: Bad state: Backend unavailable
Realtime public streamer subscription failed: 'package:supabase_flutter/src/supabase.dart': Failed assertion: line 45 pos 7: '_instance._isInitialized': You must initialize the supabase instance before calling Supabase.instance
Realtime academic_categories subscription failed: 'package:supabase_flutter/src/supabase.dart': Failed assertion: line 45 pos 7: '_instance._isInitialized': You must initialize the supabase instance before calling Supabase.instance
Supabase auth listener not attached (Supabase not initialized?): 'package:supabase_flutter/src/supabase.dart': Failed assertion: line 45 pos 7: '_instance._isInitialized': You must initialize the supabase instance before calling Supabase.instance
loadVerifiedStreamersFromBackend failed: Bad state: Backend unavailable
_refreshAcademicCategories failed: Bad state: Backend unavailable
Realtime public streamer subscription failed: 'package:supabase_flutter/src/supabase.dart': Failed assertion: line 45 pos 7: '_instance._isInitialized': You must initialize the supabase instance before calling Supabase.instance
Realtime academic_categories subscription failed: 'package:supabase_flutter/src/supabase.dart': Failed assertion: line 45 pos 7: '_instance._isInitialized': You must initialize the supabase instance before calling Supabase.instance
Supabase auth listener not attached (Supabase not initialized?): 'package:supabase_flutter/src/supabase.dart': Failed assertion: line 45 pos 7: '_instance._isInitialized': You must initialize the supabase instance before calling Supabase.instance
loadVerifiedStreamersFromBackend failed: Bad state: Backend unavailable
_refreshAcademicCategories failed: Bad state: Backend unavailable
Realtime public streamer subscription failed: 'package:supabase_flutter/src/supabase.dart': Failed assertion: line 45 pos 7: '_instance._isInitialized': You must initialize the supabase instance before calling Supabase.instance
Realtime academic_categories subscription failed: 'package:supabase_flutter/src/supabase.dart': Failed assertion: line 45 pos 7: '_instance._isInitialized': You must initialize the supabase instance before calling Supabase.instance
Supabase auth listener not attached (Supabase not initialized?): 'package:supabase_flutter/src/supabase.dart': Failed assertion: line 45 pos 7: '_instance._isInitialized': You must initialize the supabase instance before calling Supabase.instance
loadVerifiedStreamersFromBackend failed: Bad state: Backend unavailable
_refreshAcademicCategories failed: Bad state: Backend unavailable
Realtime public streamer subscription failed: 'package:supabase_flutter/src/supabase.dart': Failed assertion: line 45 pos 7: '_instance._isInitialized': You must initialize the supabase instance before calling Supabase.instance
Realtime academic_categories subscription failed: 'package:supabase_flutter/src/supabase.dart': Failed assertion: line 45 pos 7: '_instance._isInitialized': You must initialize the supabase instance before calling Supabase.instance
Supabase auth listener not attached (Supabase not initialized?): 'package:supabase_flutter/src/supabase.dart': Failed assertion: line 45 pos 7: '_instance._isInitialized': You must initialize the supabase instance before calling Supabase.instance
loadVerifiedStreamersFromBackend failed: Bad state: Backend unavailable
_refreshAcademicCategories failed: Bad state: Backend unavailable
Realtime public streamer subscription failed: 'package:supabase_flutter/src/supabase.dart': Failed assertion: line 45 pos 7: '_instance._isInitialized': You must initialize the supabase instance before calling Supabase.instance
Realtime academic_categories subscription failed: 'package:supabase_flutter/src/supabase.dart': Failed assertion: line 45 pos 7: '_instance._isInitialized': You must initialize the supabase instance before calling Supabase.instance
Supabase auth listener not attached (Supabase not initialized?): 'package:supabase_flutter/src/supabase.dart': Failed assertion: line 45 pos 7: '_instance._isInitialized': You must initialize the supabase instance before calling Supabase.instance
loadVerifiedStreamersFromBackend failed: Bad state: Backend unavailable
_refreshAcademicCategories failed: Bad state: Backend unavailable
Realtime public streamer subscription failed: 'package:supabase_flutter/src/supabase.dart': Failed assertion: line 45 pos 7: '_instance._isInitialized': You must initialize the supabase instance before calling Supabase.instance
Realtime academic_categories subscription failed: 'package:supabase_flutter/src/supabase.dart': Failed assertion: line 45 pos 7: '_instance._isInitialized': You must initialize the supabase instance before calling Supabase.instance
Supabase auth listener not attached (Supabase not initialized?): 'package:supabase_flutter/src/supabase.dart': Failed assertion: line 45 pos 7: '_instance._isInitialized': You must initialize the supabase instance before calling Supabase.instance
loadVerifiedStreamersFromBackend failed: Bad state: Backend unavailable
_refreshAcademicCategories failed: Bad state: Backend unavailable
Realtime public streamer subscription failed: 'package:supabase_flutter/src/supabase.dart': Failed assertion: line 45 pos 7: '_instance._isInitialized': You must initialize the supabase instance before calling Supabase.instance
Realtime academic_categories subscription failed: 'package:supabase_flutter/src/supabase.dart': Failed assertion: line 45 pos 7: '_instance._isInitialized': You must initialize the supabase instance before calling Supabase.instance
Supabase auth listener not attached (Supabase not initialized?): 'package:supabase_flutter/src/supabase.dart': Failed assertion: line 45 pos 7: '_instance._isInitialized': You must initialize the supabase instance before calling Supabase.instance
loadVerifiedStreamersFromBackend failed: Bad state: Backend unavailable
_refreshAcademicCategories failed: Bad state: Backend unavailable
Realtime public streamer subscription failed: 'package:supabase_flutter/src/supabase.dart': Failed assertion: line 45 pos 7: '_instance._isInitialized': You must initialize the supabase instance before calling Supabase.instance
Realtime academic_categories subscription failed: 'package:supabase_flutter/src/supabase.dart': Failed assertion: line 45 pos 7: '_instance._isInitialized': You must initialize the supabase instance before calling Supabase.instance
Supabase auth listener not attached (Supabase not initialized?): 'package:supabase_flutter/src/supabase.dart': Failed assertion: line 45 pos 7: '_instance._isInitialized': You must initialize the supabase instance before calling Supabase.instance
loadVerifiedStreamersFromBackend failed: Bad state: Backend unavailable
_refreshAcademicCategories failed: Bad state: Backend unavailable
Realtime public streamer subscription failed: 'package:supabase_flutter/src/supabase.dart': Failed assertion: line 45 pos 7: '_instance._isInitialized': You must initialize the supabase instance before calling Supabase.instance
Realtime academic_categories subscription failed: 'package:supabase_flutter/src/supabase.dart': Failed assertion: line 45 pos 7: '_instance._isInitialized': You must initialize the supabase instance before calling Supabase.instance
Supabase auth listener not attached (Supabase not initialized?): 'package:supabase_flutter/src/supabase.dart': Failed assertion: line 45 pos 7: '_instance._isInitialized': You must initialize the supabase instance before calling Supabase.instance
loadVerifiedStreamersFromBackend failed: Bad state: Backend unavailable
_refreshAcademicCategories failed: Bad state: Backend unavailable
Realtime public streamer subscription failed: 'package:supabase_flutter/src/supabase.dart': Failed assertion: line 45 pos 7: '_instance._isInitialized': You must initialize the supabase instance before calling Supabase.instance
Realtime academic_categories subscription failed: 'package:supabase_flutter/src/supabase.dart': Failed assertion: line 45 pos 7: '_instance._isInitialized': You must initialize the supabase instance before calling Supabase.instance
Supabase auth listener not attached (Supabase not initialized?): 'package:supabase_flutter/src/supabase.dart': Failed assertion: line 45 pos 7: '_instance._isInitialized': You must initialize the supabase instance before calling Supabase.instance
loadVerifiedStreamersFromBackend failed: Bad state: Backend unavailable
_refreshAcademicCategories failed: Bad state: Backend unavailable
Realtime public streamer subscription failed: 'package:supabase_flutter/src/supabase.dart': Failed assertion: line 45 pos 7: '_instance._isInitialized': You must initialize the supabase instance before calling Supabase.instance
Realtime academic_categories subscription failed: 'package:supabase_flutter/src/supabase.dart': Failed assertion: line 45 pos 7: '_instance._isInitialized': You must initialize the supabase instance before calling Supabase.instance
Supabase auth listener not attached (Supabase not initialized?): 'package:supabase_flutter/src/supabase.dart': Failed assertion: line 45 pos 7: '_instance._isInitialized': You must initialize the supabase instance before calling Supabase.instance
loadVerifiedStreamersFromBackend failed: Bad state: Backend unavailable
_refreshAcademicCategories failed: Bad state: Backend unavailable
00:36 +40: C:/Users/User/.codex/worktrees/hadayah-wave4v2-integration/Streamer_app/project/test/layout_sweep_test.dart: sheet org branches ar at all sizes and text scales
Realtime public streamer subscription failed: 'package:supabase_flutter/src/supabase.dart': Failed assertion: line 45 pos 7: '_instance._isInitialized': You must initialize the supabase instance before calling Supabase.instance
Realtime academic_categories subscription failed: 'package:supabase_flutter/src/supabase.dart': Failed assertion: line 45 pos 7: '_instance._isInitialized': You must initialize the supabase instance before calling Supabase.instance
Supabase auth listener not attached (Supabase not initialized?): 'package:supabase_flutter/src/supabase.dart': Failed assertion: line 45 pos 7: '_instance._isInitialized': You must initialize the supabase instance before calling Supabase.instance
loadVerifiedStreamersFromBackend failed: Bad state: Backend unavailable
_refreshAcademicCategories failed: Bad state: Backend unavailable
Realtime public streamer subscription failed: 'package:supabase_flutter/src/supabase.dart': Failed assertion: line 45 pos 7: '_instance._isInitialized': You must initialize the supabase instance before calling Supabase.instance
Realtime academic_categories subscription failed: 'package:supabase_flutter/src/supabase.dart': Failed assertion: line 45 pos 7: '_instance._isInitialized': You must initialize the supabase instance before calling Supabase.instance
Supabase auth listener not attached (Supabase not initialized?): 'package:supabase_flutter/src/supabase.dart': Failed assertion: line 45 pos 7: '_instance._isInitialized': You must initialize the supabase instance before calling Supabase.instance
loadVerifiedStreamersFromBackend failed: Bad state: Backend unavailable
_refreshAcademicCategories failed: Bad state: Backend unavailable
Realtime public streamer subscription failed: 'package:supabase_flutter/src/supabase.dart': Failed assertion: line 45 pos 7: '_instance._isInitialized': You must initialize the supabase instance before calling Supabase.instance
Realtime academic_categories subscription failed: 'package:supabase_flutter/src/supabase.dart': Failed assertion: line 45 pos 7: '_instance._isInitialized': You must initialize the supabase instance before calling Supabase.instance
Supabase auth listener not attached (Supabase not initialized?): 'package:supabase_flutter/src/supabase.dart': Failed assertion: line 45 pos 7: '_instance._isInitialized': You must initialize the supabase instance before calling Supabase.instance
loadVerifiedStreamersFromBackend failed: Bad state: Backend unavailable
_refreshAcademicCategories failed: Bad state: Backend unavailable
Realtime public streamer subscription failed: 'package:supabase_flutter/src/supabase.dart': Failed assertion: line 45 pos 7: '_instance._isInitialized': You must initialize the supabase instance before calling Supabase.instance
Realtime academic_categories subscription failed: 'package:supabase_flutter/src/supabase.dart': Failed assertion: line 45 pos 7: '_instance._isInitialized': You must initialize the supabase instance before calling Supabase.instance
Supabase auth listener not attached (Supabase not initialized?): 'package:supabase_flutter/src/supabase.dart': Failed assertion: line 45 pos 7: '_instance._isInitialized': You must initialize the supabase instance before calling Supabase.instance
loadVerifiedStreamersFromBackend failed: Bad state: Backend unavailable
_refreshAcademicCategories failed: Bad state: Backend unavailable
Realtime public streamer subscription failed: 'package:supabase_flutter/src/supabase.dart': Failed assertion: line 45 pos 7: '_instance._isInitialized': You must initialize the supabase instance before calling Supabase.instance
Realtime academic_categories subscription failed: 'package:supabase_flutter/src/supabase.dart': Failed assertion: line 45 pos 7: '_instance._isInitialized': You must initialize the supabase instance before calling Supabase.instance
Supabase auth listener not attached (Supabase not initialized?): 'package:supabase_flutter/src/supabase.dart': Failed assertion: line 45 pos 7: '_instance._isInitialized': You must initialize the supabase instance before calling Supabase.instance
loadVerifiedStreamersFromBackend failed: Bad state: Backend unavailable
_refreshAcademicCategories failed: Bad state: Backend unavailable
Realtime public streamer subscription failed: 'package:supabase_flutter/src/supabase.dart': Failed assertion: line 45 pos 7: '_instance._isInitialized': You must initialize the supabase instance before calling Supabase.instance
Realtime academic_categories subscription failed: 'package:supabase_flutter/src/supabase.dart': Failed assertion: line 45 pos 7: '_instance._isInitialized': You must initialize the supabase instance before calling Supabase.instance
Supabase auth listener not attached (Supabase not initialized?): 'package:supabase_flutter/src/supabase.dart': Failed assertion: line 45 pos 7: '_instance._isInitialized': You must initialize the supabase instance before calling Supabase.instance
loadVerifiedStreamersFromBackend failed: Bad state: Backend unavailable
_refreshAcademicCategories failed: Bad state: Backend unavailable
Realtime public streamer subscription failed: 'package:supabase_flutter/src/supabase.dart': Failed assertion: line 45 pos 7: '_instance._isInitialized': You must initialize the supabase instance before calling Supabase.instance
Realtime academic_categories subscription failed: 'package:supabase_flutter/src/supabase.dart': Failed assertion: line 45 pos 7: '_instance._isInitialized': You must initialize the supabase instance before calling Supabase.instance
Supabase auth listener not attached (Supabase not initialized?): 'package:supabase_flutter/src/supabase.dart': Failed assertion: line 45 pos 7: '_instance._isInitialized': You must initialize the supabase instance before calling Supabase.instance
loadVerifiedStreamersFromBackend failed: Bad state: Backend unavailable
_refreshAcademicCategories failed: Bad state: Backend unavailable
Realtime public streamer subscription failed: 'package:supabase_flutter/src/supabase.dart': Failed assertion: line 45 pos 7: '_instance._isInitialized': You must initialize the supabase instance before calling Supabase.instance
Realtime academic_categories subscription failed: 'package:supabase_flutter/src/supabase.dart': Failed assertion: line 45 pos 7: '_instance._isInitialized': You must initialize the supabase instance before calling Supabase.instance
Supabase auth listener not attached (Supabase not initialized?): 'package:supabase_flutter/src/supabase.dart': Failed assertion: line 45 pos 7: '_instance._isInitialized': You must initialize the supabase instance before calling Supabase.instance
loadVerifiedStreamersFromBackend failed: Bad state: Backend unavailable
_refreshAcademicCategories failed: Bad state: Backend unavailable
Realtime public streamer subscription failed: 'package:supabase_flutter/src/supabase.dart': Failed assertion: line 45 pos 7: '_instance._isInitialized': You must initialize the supabase instance before calling Supabase.instance
Realtime academic_categories subscription failed: 'package:supabase_flutter/src/supabase.dart': Failed assertion: line 45 pos 7: '_instance._isInitialized': You must initialize the supabase instance before calling Supabase.instance
Supabase auth listener not attached (Supabase not initialized?): 'package:supabase_flutter/src/supabase.dart': Failed assertion: line 45 pos 7: '_instance._isInitialized': You must initialize the supabase instance before calling Supabase.instance
loadVerifiedStreamersFromBackend failed: Bad state: Backend unavailable
_refreshAcademicCategories failed: Bad state: Backend unavailable
Realtime public streamer subscription failed: 'package:supabase_flutter/src/supabase.dart': Failed assertion: line 45 pos 7: '_instance._isInitialized': You must initialize the supabase instance before calling Supabase.instance
Realtime academic_categories subscription failed: 'package:supabase_flutter/src/supabase.dart': Failed assertion: line 45 pos 7: '_instance._isInitialized': You must initialize the supabase instance before calling Supabase.instance
Supabase auth listener not attached (Supabase not initialized?): 'package:supabase_flutter/src/supabase.dart': Failed assertion: line 45 pos 7: '_instance._isInitialized': You must initialize the supabase instance before calling Supabase.instance
loadVerifiedStreamersFromBackend failed: Bad state: Backend unavailable
_refreshAcademicCategories failed: Bad state: Backend unavailable
Realtime public streamer subscription failed: 'package:supabase_flutter/src/supabase.dart': Failed assertion: line 45 pos 7: '_instance._isInitialized': You must initialize the supabase instance before calling Supabase.instance
Realtime academic_categories subscription failed: 'package:supabase_flutter/src/supabase.dart': Failed assertion: line 45 pos 7: '_instance._isInitialized': You must initialize the supabase instance before calling Supabase.instance
Supabase auth listener not attached (Supabase not initialized?): 'package:supabase_flutter/src/supabase.dart': Failed assertion: line 45 pos 7: '_instance._isInitialized': You must initialize the supabase instance before calling Supabase.instance
loadVerifiedStreamersFromBackend failed: Bad state: Backend unavailable
_refreshAcademicCategories failed: Bad state: Backend unavailable
Realtime public streamer subscription failed: 'package:supabase_flutter/src/supabase.dart': Failed assertion: line 45 pos 7: '_instance._isInitialized': You must initialize the supabase instance before calling Supabase.instance
Realtime academic_categories subscription failed: 'package:supabase_flutter/src/supabase.dart': Failed assertion: line 45 pos 7: '_instance._isInitialized': You must initialize the supabase instance before calling Supabase.instance
Supabase auth listener not attached (Supabase not initialized?): 'package:supabase_flutter/src/supabase.dart': Failed assertion: line 45 pos 7: '_instance._isInitialized': You must initialize the supabase instance before calling Supabase.instance
loadVerifiedStreamersFromBackend failed: Bad state: Backend unavailable
_refreshAcademicCategories failed: Bad state: Backend unavailable
Realtime public streamer subscription failed: 'package:supabase_flutter/src/supabase.dart': Failed assertion: line 45 pos 7: '_instance._isInitialized': You must initialize the supabase instance before calling Supabase.instance
Realtime academic_categories subscription failed: 'package:supabase_flutter/src/supabase.dart': Failed assertion: line 45 pos 7: '_instance._isInitialized': You must initialize the supabase instance before calling Supabase.instance
Supabase auth listener not attached (Supabase not initialized?): 'package:supabase_flutter/src/supabase.dart': Failed assertion: line 45 pos 7: '_instance._isInitialized': You must initialize the supabase instance before calling Supabase.instance
loadVerifiedStreamersFromBackend failed: Bad state: Backend unavailable
_refreshAcademicCategories failed: Bad state: Backend unavailable
Realtime public streamer subscription failed: 'package:supabase_flutter/src/supabase.dart': Failed assertion: line 45 pos 7: '_instance._isInitialized': You must initialize the supabase instance before calling Supabase.instance
Realtime academic_categories subscription failed: 'package:supabase_flutter/src/supabase.dart': Failed assertion: line 45 pos 7: '_instance._isInitialized': You must initialize the supabase instance before calling Supabase.instance
Supabase auth listener not attached (Supabase not initialized?): 'package:supabase_flutter/src/supabase.dart': Failed assertion: line 45 pos 7: '_instance._isInitialized': You must initialize the supabase instance before calling Supabase.instance
loadVerifiedStreamersFromBackend failed: Bad state: Backend unavailable
_refreshAcademicCategories failed: Bad state: Backend unavailable
Realtime public streamer subscription failed: 'package:supabase_flutter/src/supabase.dart': Failed assertion: line 45 pos 7: '_instance._isInitialized': You must initialize the supabase instance before calling Supabase.instance
Realtime academic_categories subscription failed: 'package:supabase_flutter/src/supabase.dart': Failed assertion: line 45 pos 7: '_instance._isInitialized': You must initialize the supabase instance before calling Supabase.instance
Supabase auth listener not attached (Supabase not initialized?): 'package:supabase_flutter/src/supabase.dart': Failed assertion: line 45 pos 7: '_instance._isInitialized': You must initialize the supabase instance before calling Supabase.instance
loadVerifiedStreamersFromBackend failed: Bad state: Backend unavailable
_refreshAcademicCategories failed: Bad state: Backend unavailable
Realtime public streamer subscription failed: 'package:supabase_flutter/src/supabase.dart': Failed assertion: line 45 pos 7: '_instance._isInitialized': You must initialize the supabase instance before calling Supabase.instance
Realtime academic_categories subscription failed: 'package:supabase_flutter/src/supabase.dart': Failed assertion: line 45 pos 7: '_instance._isInitialized': You must initialize the supabase instance before calling Supabase.instance
Supabase auth listener not attached (Supabase not initialized?): 'package:supabase_flutter/src/supabase.dart': Failed assertion: line 45 pos 7: '_instance._isInitialized': You must initialize the supabase instance before calling Supabase.instance
loadVerifiedStreamersFromBackend failed: Bad state: Backend unavailable
_refreshAcademicCategories failed: Bad state: Backend unavailable
Realtime public streamer subscription failed: 'package:supabase_flutter/src/supabase.dart': Failed assertion: line 45 pos 7: '_instance._isInitialized': You must initialize the supabase instance before calling Supabase.instance
Realtime academic_categories subscription failed: 'package:supabase_flutter/src/supabase.dart': Failed assertion: line 45 pos 7: '_instance._isInitialized': You must initialize the supabase instance before calling Supabase.instance
Supabase auth listener not attached (Supabase not initialized?): 'package:supabase_flutter/src/supabase.dart': Failed assertion: line 45 pos 7: '_instance._isInitialized': You must initialize the supabase instance before calling Supabase.instance
loadVerifiedStreamersFromBackend failed: Bad state: Backend unavailable
_refreshAcademicCategories failed: Bad state: Backend unavailable
Realtime public streamer subscription failed: 'package:supabase_flutter/src/supabase.dart': Failed assertion: line 45 pos 7: '_instance._isInitialized': You must initialize the supabase instance before calling Supabase.instance
Realtime academic_categories subscription failed: 'package:supabase_flutter/src/supabase.dart': Failed assertion: line 45 pos 7: '_instance._isInitialized': You must initialize the supabase instance before calling Supabase.instance
Supabase auth listener not attached (Supabase not initialized?): 'package:supabase_flutter/src/supabase.dart': Failed assertion: line 45 pos 7: '_instance._isInitialized': You must initialize the supabase instance before calling Supabase.instance
loadVerifiedStreamersFromBackend failed: Bad state: Backend unavailable
_refreshAcademicCategories failed: Bad state: Backend unavailable
Realtime public streamer subscription failed: 'package:supabase_flutter/src/supabase.dart': Failed assertion: line 45 pos 7: '_instance._isInitialized': You must initialize the supabase instance before calling Supabase.instance
Realtime academic_categories subscription failed: 'package:supabase_flutter/src/supabase.dart': Failed assertion: line 45 pos 7: '_instance._isInitialized': You must initialize the supabase instance before calling Supabase.instance
Supabase auth listener not attached (Supabase not initialized?): 'package:supabase_flutter/src/supabase.dart': Failed assertion: line 45 pos 7: '_instance._isInitialized': You must initialize the supabase instance before calling Supabase.instance
loadVerifiedStreamersFromBackend failed: Bad state: Backend unavailable
_refreshAcademicCategories failed: Bad state: Backend unavailable
Realtime public streamer subscription failed: 'package:supabase_flutter/src/supabase.dart': Failed assertion: line 45 pos 7: '_instance._isInitialized': You must initialize the supabase instance before calling Supabase.instance
Realtime academic_categories subscription failed: 'package:supabase_flutter/src/supabase.dart': Failed assertion: line 45 pos 7: '_instance._isInitialized': You must initialize the supabase instance before calling Supabase.instance
Supabase auth listener not attached (Supabase not initialized?): 'package:supabase_flutter/src/supabase.dart': Failed assertion: line 45 pos 7: '_instance._isInitialized': You must initialize the supabase instance before calling Supabase.instance
loadVerifiedStreamersFromBackend failed: Bad state: Backend unavailable
_refreshAcademicCategories failed: Bad state: Backend unavailable
Realtime public streamer subscription failed: 'package:supabase_flutter/src/supabase.dart': Failed assertion: line 45 pos 7: '_instance._isInitialized': You must initialize the supabase instance before calling Supabase.instance
Realtime academic_categories subscription failed: 'package:supabase_flutter/src/supabase.dart': Failed assertion: line 45 pos 7: '_instance._isInitialized': You must initialize the supabase instance before calling Supabase.instance
Supabase auth listener not attached (Supabase not initialized?): 'package:supabase_flutter/src/supabase.dart': Failed assertion: line 45 pos 7: '_instance._isInitialized': You must initialize the supabase instance before calling Supabase.instance
loadVerifiedStreamersFromBackend failed: Bad state: Backend unavailable
_refreshAcademicCategories failed: Bad state: Backend unavailable
00:37 +41: C:/Users/User/.codex/worktrees/hadayah-wave4v2-integration/Streamer_app/project/test/layout_sweep_test.dart: sheet org speaker en at all sizes and text scales
Realtime public streamer subscription failed: 'package:supabase_flutter/src/supabase.dart': Failed assertion: line 45 pos 7: '_instance._isInitialized': You must initialize the supabase instance before calling Supabase.instance
Realtime academic_categories subscription failed: 'package:supabase_flutter/src/supabase.dart': Failed assertion: line 45 pos 7: '_instance._isInitialized': You must initialize the supabase instance before calling Supabase.instance
Supabase auth listener not attached (Supabase not initialized?): 'package:supabase_flutter/src/supabase.dart': Failed assertion: line 45 pos 7: '_instance._isInitialized': You must initialize the supabase instance before calling Supabase.instance
loadVerifiedStreamersFromBackend failed: Bad state: Backend unavailable
_refreshAcademicCategories failed: Bad state: Backend unavailable
Realtime public streamer subscription failed: 'package:supabase_flutter/src/supabase.dart': Failed assertion: line 45 pos 7: '_instance._isInitialized': You must initialize the supabase instance before calling Supabase.instance
Realtime academic_categories subscription failed: 'package:supabase_flutter/src/supabase.dart': Failed assertion: line 45 pos 7: '_instance._isInitialized': You must initialize the supabase instance before calling Supabase.instance
Supabase auth listener not attached (Supabase not initialized?): 'package:supabase_flutter/src/supabase.dart': Failed assertion: line 45 pos 7: '_instance._isInitialized': You must initialize the supabase instance before calling Supabase.instance
loadVerifiedStreamersFromBackend failed: Bad state: Backend unavailable
_refreshAcademicCategories failed: Bad state: Backend unavailable
Realtime public streamer subscription failed: 'package:supabase_flutter/src/supabase.dart': Failed assertion: line 45 pos 7: '_instance._isInitialized': You must initialize the supabase instance before calling Supabase.instance
Realtime academic_categories subscription failed: 'package:supabase_flutter/src/supabase.dart': Failed assertion: line 45 pos 7: '_instance._isInitialized': You must initialize the supabase instance before calling Supabase.instance
Supabase auth listener not attached (Supabase not initialized?): 'package:supabase_flutter/src/supabase.dart': Failed assertion: line 45 pos 7: '_instance._isInitialized': You must initialize the supabase instance before calling Supabase.instance
loadVerifiedStreamersFromBackend failed: Bad state: Backend unavailable
_refreshAcademicCategories failed: Bad state: Backend unavailable
Realtime public streamer subscription failed: 'package:supabase_flutter/src/supabase.dart': Failed assertion: line 45 pos 7: '_instance._isInitialized': You must initialize the supabase instance before calling Supabase.instance
Realtime academic_categories subscription failed: 'package:supabase_flutter/src/supabase.dart': Failed assertion: line 45 pos 7: '_instance._isInitialized': You must initialize the supabase instance before calling Supabase.instance
Supabase auth listener not attached (Supabase not initialized?): 'package:supabase_flutter/src/supabase.dart': Failed assertion: line 45 pos 7: '_instance._isInitialized': You must initialize the supabase instance before calling Supabase.instance
loadVerifiedStreamersFromBackend failed: Bad state: Backend unavailable
_refreshAcademicCategories failed: Bad state: Backend unavailable
Realtime public streamer subscription failed: 'package:supabase_flutter/src/supabase.dart': Failed assertion: line 45 pos 7: '_instance._isInitialized': You must initialize the supabase instance before calling Supabase.instance
Realtime academic_categories subscription failed: 'package:supabase_flutter/src/supabase.dart': Failed assertion: line 45 pos 7: '_instance._isInitialized': You must initialize the supabase instance before calling Supabase.instance
Supabase auth listener not attached (Supabase not initialized?): 'package:supabase_flutter/src/supabase.dart': Failed assertion: line 45 pos 7: '_instance._isInitialized': You must initialize the supabase instance before calling Supabase.instance
loadVerifiedStreamersFromBackend failed: Bad state: Backend unavailable
_refreshAcademicCategories failed: Bad state: Backend unavailable
Realtime public streamer subscription failed: 'package:supabase_flutter/src/supabase.dart': Failed assertion: line 45 pos 7: '_instance._isInitialized': You must initialize the supabase instance before calling Supabase.instance
Realtime academic_categories subscription failed: 'package:supabase_flutter/src/supabase.dart': Failed assertion: line 45 pos 7: '_instance._isInitialized': You must initialize the supabase instance before calling Supabase.instance
Supabase auth listener not attached (Supabase not initialized?): 'package:supabase_flutter/src/supabase.dart': Failed assertion: line 45 pos 7: '_instance._isInitialized': You must initialize the supabase instance before calling Supabase.instance
loadVerifiedStreamersFromBackend failed: Bad state: Backend unavailable
_refreshAcademicCategories failed: Bad state: Backend unavailable
Realtime public streamer subscription failed: 'package:supabase_flutter/src/supabase.dart': Failed assertion: line 45 pos 7: '_instance._isInitialized': You must initialize the supabase instance before calling Supabase.instance
Realtime academic_categories subscription failed: 'package:supabase_flutter/src/supabase.dart': Failed assertion: line 45 pos 7: '_instance._isInitialized': You must initialize the supabase instance before calling Supabase.instance
Supabase auth listener not attached (Supabase not initialized?): 'package:supabase_flutter/src/supabase.dart': Failed assertion: line 45 pos 7: '_instance._isInitialized': You must initialize the supabase instance before calling Supabase.instance
loadVerifiedStreamersFromBackend failed: Bad state: Backend unavailable
_refreshAcademicCategories failed: Bad state: Backend unavailable
Realtime public streamer subscription failed: 'package:supabase_flutter/src/supabase.dart': Failed assertion: line 45 pos 7: '_instance._isInitialized': You must initialize the supabase instance before calling Supabase.instance
Realtime academic_categories subscription failed: 'package:supabase_flutter/src/supabase.dart': Failed assertion: line 45 pos 7: '_instance._isInitialized': You must initialize the supabase instance before calling Supabase.instance
Supabase auth listener not attached (Supabase not initialized?): 'package:supabase_flutter/src/supabase.dart': Failed assertion: line 45 pos 7: '_instance._isInitialized': You must initialize the supabase instance before calling Supabase.instance
loadVerifiedStreamersFromBackend failed: Bad state: Backend unavailable
_refreshAcademicCategories failed: Bad state: Backend unavailable
Realtime public streamer subscription failed: 'package:supabase_flutter/src/supabase.dart': Failed assertion: line 45 pos 7: '_instance._isInitialized': You must initialize the supabase instance before calling Supabase.instance
Realtime academic_categories subscription failed: 'package:supabase_flutter/src/supabase.dart': Failed assertion: line 45 pos 7: '_instance._isInitialized': You must initialize the supabase instance before calling Supabase.instance
Supabase auth listener not attached (Supabase not initialized?): 'package:supabase_flutter/src/supabase.dart': Failed assertion: line 45 pos 7: '_instance._isInitialized': You must initialize the supabase instance before calling Supabase.instance
loadVerifiedStreamersFromBackend failed: Bad state: Backend unavailable
_refreshAcademicCategories failed: Bad state: Backend unavailable
Realtime public streamer subscription failed: 'package:supabase_flutter/src/supabase.dart': Failed assertion: line 45 pos 7: '_instance._isInitialized': You must initialize the supabase instance before calling Supabase.instance
Realtime academic_categories subscription failed: 'package:supabase_flutter/src/supabase.dart': Failed assertion: line 45 pos 7: '_instance._isInitialized': You must initialize the supabase instance before calling Supabase.instance
Supabase auth listener not attached (Supabase not initialized?): 'package:supabase_flutter/src/supabase.dart': Failed assertion: line 45 pos 7: '_instance._isInitialized': You must initialize the supabase instance before calling Supabase.instance
loadVerifiedStreamersFromBackend failed: Bad state: Backend unavailable
_refreshAcademicCategories failed: Bad state: Backend unavailable
Realtime public streamer subscription failed: 'package:supabase_flutter/src/supabase.dart': Failed assertion: line 45 pos 7: '_instance._isInitialized': You must initialize the supabase instance before calling Supabase.instance
Realtime academic_categories subscription failed: 'package:supabase_flutter/src/supabase.dart': Failed assertion: line 45 pos 7: '_instance._isInitialized': You must initialize the supabase instance before calling Supabase.instance
Supabase auth listener not attached (Supabase not initialized?): 'package:supabase_flutter/src/supabase.dart': Failed assertion: line 45 pos 7: '_instance._isInitialized': You must initialize the supabase instance before calling Supabase.instance
loadVerifiedStreamersFromBackend failed: Bad state: Backend unavailable
_refreshAcademicCategories failed: Bad state: Backend unavailable
Realtime public streamer subscription failed: 'package:supabase_flutter/src/supabase.dart': Failed assertion: line 45 pos 7: '_instance._isInitialized': You must initialize the supabase instance before calling Supabase.instance
Realtime academic_categories subscription failed: 'package:supabase_flutter/src/supabase.dart': Failed assertion: line 45 pos 7: '_instance._isInitialized': You must initialize the supabase instance before calling Supabase.instance
Supabase auth listener not attached (Supabase not initialized?): 'package:supabase_flutter/src/supabase.dart': Failed assertion: line 45 pos 7: '_instance._isInitialized': You must initialize the supabase instance before calling Supabase.instance
loadVerifiedStreamersFromBackend failed: Bad state: Backend unavailable
_refreshAcademicCategories failed: Bad state: Backend unavailable
Realtime public streamer subscription failed: 'package:supabase_flutter/src/supabase.dart': Failed assertion: line 45 pos 7: '_instance._isInitialized': You must initialize the supabase instance before calling Supabase.instance
Realtime academic_categories subscription failed: 'package:supabase_flutter/src/supabase.dart': Failed assertion: line 45 pos 7: '_instance._isInitialized': You must initialize the supabase instance before calling Supabase.instance
Supabase auth listener not attached (Supabase not initialized?): 'package:supabase_flutter/src/supabase.dart': Failed assertion: line 45 pos 7: '_instance._isInitialized': You must initialize the supabase instance before calling Supabase.instance
loadVerifiedStreamersFromBackend failed: Bad state: Backend unavailable
_refreshAcademicCategories failed: Bad state: Backend unavailable
Realtime public streamer subscription failed: 'package:supabase_flutter/src/supabase.dart': Failed assertion: line 45 pos 7: '_instance._isInitialized': You must initialize the supabase instance before calling Supabase.instance
Realtime academic_categories subscription failed: 'package:supabase_flutter/src/supabase.dart': Failed assertion: line 45 pos 7: '_instance._isInitialized': You must initialize the supabase instance before calling Supabase.instance
Supabase auth listener not attached (Supabase not initialized?): 'package:supabase_flutter/src/supabase.dart': Failed assertion: line 45 pos 7: '_instance._isInitialized': You must initialize the supabase instance before calling Supabase.instance
loadVerifiedStreamersFromBackend failed: Bad state: Backend unavailable
_refreshAcademicCategories failed: Bad state: Backend unavailable
Realtime public streamer subscription failed: 'package:supabase_flutter/src/supabase.dart': Failed assertion: line 45 pos 7: '_instance._isInitialized': You must initialize the supabase instance before calling Supabase.instance
Realtime academic_categories subscription failed: 'package:supabase_flutter/src/supabase.dart': Failed assertion: line 45 pos 7: '_instance._isInitialized': You must initialize the supabase instance before calling Supabase.instance
Supabase auth listener not attached (Supabase not initialized?): 'package:supabase_flutter/src/supabase.dart': Failed assertion: line 45 pos 7: '_instance._isInitialized': You must initialize the supabase instance before calling Supabase.instance
loadVerifiedStreamersFromBackend failed: Bad state: Backend unavailable
_refreshAcademicCategories failed: Bad state: Backend unavailable
Realtime public streamer subscription failed: 'package:supabase_flutter/src/supabase.dart': Failed assertion: line 45 pos 7: '_instance._isInitialized': You must initialize the supabase instance before calling Supabase.instance
Realtime academic_categories subscription failed: 'package:supabase_flutter/src/supabase.dart': Failed assertion: line 45 pos 7: '_instance._isInitialized': You must initialize the supabase instance before calling Supabase.instance
Supabase auth listener not attached (Supabase not initialized?): 'package:supabase_flutter/src/supabase.dart': Failed assertion: line 45 pos 7: '_instance._isInitialized': You must initialize the supabase instance before calling Supabase.instance
loadVerifiedStreamersFromBackend failed: Bad state: Backend unavailable
_refreshAcademicCategories failed: Bad state: Backend unavailable
Realtime public streamer subscription failed: 'package:supabase_flutter/src/supabase.dart': Failed assertion: line 45 pos 7: '_instance._isInitialized': You must initialize the supabase instance before calling Supabase.instance
Realtime academic_categories subscription failed: 'package:supabase_flutter/src/supabase.dart': Failed assertion: line 45 pos 7: '_instance._isInitialized': You must initialize the supabase instance before calling Supabase.instance
Supabase auth listener not attached (Supabase not initialized?): 'package:supabase_flutter/src/supabase.dart': Failed assertion: line 45 pos 7: '_instance._isInitialized': You must initialize the supabase instance before calling Supabase.instance
loadVerifiedStreamersFromBackend failed: Bad state: Backend unavailable
_refreshAcademicCategories failed: Bad state: Backend unavailable
Realtime public streamer subscription failed: 'package:supabase_flutter/src/supabase.dart': Failed assertion: line 45 pos 7: '_instance._isInitialized': You must initialize the supabase instance before calling Supabase.instance
Realtime academic_categories subscription failed: 'package:supabase_flutter/src/supabase.dart': Failed assertion: line 45 pos 7: '_instance._isInitialized': You must initialize the supabase instance before calling Supabase.instance
Supabase auth listener not attached (Supabase not initialized?): 'package:supabase_flutter/src/supabase.dart': Failed assertion: line 45 pos 7: '_instance._isInitialized': You must initialize the supabase instance before calling Supabase.instance
loadVerifiedStreamersFromBackend failed: Bad state: Backend unavailable
_refreshAcademicCategories failed: Bad state: Backend unavailable
Realtime public streamer subscription failed: 'package:supabase_flutter/src/supabase.dart': Failed assertion: line 45 pos 7: '_instance._isInitialized': You must initialize the supabase instance before calling Supabase.instance
Realtime academic_categories subscription failed: 'package:supabase_flutter/src/supabase.dart': Failed assertion: line 45 pos 7: '_instance._isInitialized': You must initialize the supabase instance before calling Supabase.instance
Supabase auth listener not attached (Supabase not initialized?): 'package:supabase_flutter/src/supabase.dart': Failed assertion: line 45 pos 7: '_instance._isInitialized': You must initialize the supabase instance before calling Supabase.instance
loadVerifiedStreamersFromBackend failed: Bad state: Backend unavailable
_refreshAcademicCategories failed: Bad state: Backend unavailable
Realtime public streamer subscription failed: 'package:supabase_flutter/src/supabase.dart': Failed assertion: line 45 pos 7: '_instance._isInitialized': You must initialize the supabase instance before calling Supabase.instance
Realtime academic_categories subscription failed: 'package:supabase_flutter/src/supabase.dart': Failed assertion: line 45 pos 7: '_instance._isInitialized': You must initialize the supabase instance before calling Supabase.instance
Supabase auth listener not attached (Supabase not initialized?): 'package:supabase_flutter/src/supabase.dart': Failed assertion: line 45 pos 7: '_instance._isInitialized': You must initialize the supabase instance before calling Supabase.instance
loadVerifiedStreamersFromBackend failed: Bad state: Backend unavailable
_refreshAcademicCategories failed: Bad state: Backend unavailable
Realtime public streamer subscription failed: 'package:supabase_flutter/src/supabase.dart': Failed assertion: line 45 pos 7: '_instance._isInitialized': You must initialize the supabase instance before calling Supabase.instance
Realtime academic_categories subscription failed: 'package:supabase_flutter/src/supabase.dart': Failed assertion: line 45 pos 7: '_instance._isInitialized': You must initialize the supabase instance before calling Supabase.instance
Supabase auth listener not attached (Supabase not initialized?): 'package:supabase_flutter/src/supabase.dart': Failed assertion: line 45 pos 7: '_instance._isInitialized': You must initialize the supabase instance before calling Supabase.instance
loadVerifiedStreamersFromBackend failed: Bad state: Backend unavailable
_refreshAcademicCategories failed: Bad state: Backend unavailable
00:38 +42: C:/Users/User/.codex/worktrees/hadayah-wave4v2-integration/Streamer_app/project/test/layout_sweep_test.dart: sheet org speaker ar at all sizes and text scales
Realtime public streamer subscription failed: 'package:supabase_flutter/src/supabase.dart': Failed assertion: line 45 pos 7: '_instance._isInitialized': You must initialize the supabase instance before calling Supabase.instance
Realtime academic_categories subscription failed: 'package:supabase_flutter/src/supabase.dart': Failed assertion: line 45 pos 7: '_instance._isInitialized': You must initialize the supabase instance before calling Supabase.instance
Supabase auth listener not attached (Supabase not initialized?): 'package:supabase_flutter/src/supabase.dart': Failed assertion: line 45 pos 7: '_instance._isInitialized': You must initialize the supabase instance before calling Supabase.instance
loadVerifiedStreamersFromBackend failed: Bad state: Backend unavailable
_refreshAcademicCategories failed: Bad state: Backend unavailable
Realtime public streamer subscription failed: 'package:supabase_flutter/src/supabase.dart': Failed assertion: line 45 pos 7: '_instance._isInitialized': You must initialize the supabase instance before calling Supabase.instance
Realtime academic_categories subscription failed: 'package:supabase_flutter/src/supabase.dart': Failed assertion: line 45 pos 7: '_instance._isInitialized': You must initialize the supabase instance before calling Supabase.instance
Supabase auth listener not attached (Supabase not initialized?): 'package:supabase_flutter/src/supabase.dart': Failed assertion: line 45 pos 7: '_instance._isInitialized': You must initialize the supabase instance before calling Supabase.instance
loadVerifiedStreamersFromBackend failed: Bad state: Backend unavailable
_refreshAcademicCategories failed: Bad state: Backend unavailable
Realtime public streamer subscription failed: 'package:supabase_flutter/src/supabase.dart': Failed assertion: line 45 pos 7: '_instance._isInitialized': You must initialize the supabase instance before calling Supabase.instance
Realtime academic_categories subscription failed: 'package:supabase_flutter/src/supabase.dart': Failed assertion: line 45 pos 7: '_instance._isInitialized': You must initialize the supabase instance before calling Supabase.instance
Supabase auth listener not attached (Supabase not initialized?): 'package:supabase_flutter/src/supabase.dart': Failed assertion: line 45 pos 7: '_instance._isInitialized': You must initialize the supabase instance before calling Supabase.instance
loadVerifiedStreamersFromBackend failed: Bad state: Backend unavailable
_refreshAcademicCategories failed: Bad state: Backend unavailable
Realtime public streamer subscription failed: 'package:supabase_flutter/src/supabase.dart': Failed assertion: line 45 pos 7: '_instance._isInitialized': You must initialize the supabase instance before calling Supabase.instance
Realtime academic_categories subscription failed: 'package:supabase_flutter/src/supabase.dart': Failed assertion: line 45 pos 7: '_instance._isInitialized': You must initialize the supabase instance before calling Supabase.instance
Supabase auth listener not attached (Supabase not initialized?): 'package:supabase_flutter/src/supabase.dart': Failed assertion: line 45 pos 7: '_instance._isInitialized': You must initialize the supabase instance before calling Supabase.instance
loadVerifiedStreamersFromBackend failed: Bad state: Backend unavailable
_refreshAcademicCategories failed: Bad state: Backend unavailable
Realtime public streamer subscription failed: 'package:supabase_flutter/src/supabase.dart': Failed assertion: line 45 pos 7: '_instance._isInitialized': You must initialize the supabase instance before calling Supabase.instance
Realtime academic_categories subscription failed: 'package:supabase_flutter/src/supabase.dart': Failed assertion: line 45 pos 7: '_instance._isInitialized': You must initialize the supabase instance before calling Supabase.instance
Supabase auth listener not attached (Supabase not initialized?): 'package:supabase_flutter/src/supabase.dart': Failed assertion: line 45 pos 7: '_instance._isInitialized': You must initialize the supabase instance before calling Supabase.instance
loadVerifiedStreamersFromBackend failed: Bad state: Backend unavailable
_refreshAcademicCategories failed: Bad state: Backend unavailable
Realtime public streamer subscription failed: 'package:supabase_flutter/src/supabase.dart': Failed assertion: line 45 pos 7: '_instance._isInitialized': You must initialize the supabase instance before calling Supabase.instance
Realtime academic_categories subscription failed: 'package:supabase_flutter/src/supabase.dart': Failed assertion: line 45 pos 7: '_instance._isInitialized': You must initialize the supabase instance before calling Supabase.instance
Supabase auth listener not attached (Supabase not initialized?): 'package:supabase_flutter/src/supabase.dart': Failed assertion: line 45 pos 7: '_instance._isInitialized': You must initialize the supabase instance before calling Supabase.instance
loadVerifiedStreamersFromBackend failed: Bad state: Backend unavailable
_refreshAcademicCategories failed: Bad state: Backend unavailable
Realtime public streamer subscription failed: 'package:supabase_flutter/src/supabase.dart': Failed assertion: line 45 pos 7: '_instance._isInitialized': You must initialize the supabase instance before calling Supabase.instance
Realtime academic_categories subscription failed: 'package:supabase_flutter/src/supabase.dart': Failed assertion: line 45 pos 7: '_instance._isInitialized': You must initialize the supabase instance before calling Supabase.instance
Supabase auth listener not attached (Supabase not initialized?): 'package:supabase_flutter/src/supabase.dart': Failed assertion: line 45 pos 7: '_instance._isInitialized': You must initialize the supabase instance before calling Supabase.instance
loadVerifiedStreamersFromBackend failed: Bad state: Backend unavailable
_refreshAcademicCategories failed: Bad state: Backend unavailable
Realtime public streamer subscription failed: 'package:supabase_flutter/src/supabase.dart': Failed assertion: line 45 pos 7: '_instance._isInitialized': You must initialize the supabase instance before calling Supabase.instance
Realtime academic_categories subscription failed: 'package:supabase_flutter/src/supabase.dart': Failed assertion: line 45 pos 7: '_instance._isInitialized': You must initialize the supabase instance before calling Supabase.instance
Supabase auth listener not attached (Supabase not initialized?): 'package:supabase_flutter/src/supabase.dart': Failed assertion: line 45 pos 7: '_instance._isInitialized': You must initialize the supabase instance before calling Supabase.instance
loadVerifiedStreamersFromBackend failed: Bad state: Backend unavailable
_refreshAcademicCategories failed: Bad state: Backend unavailable
Realtime public streamer subscription failed: 'package:supabase_flutter/src/supabase.dart': Failed assertion: line 45 pos 7: '_instance._isInitialized': You must initialize the supabase instance before calling Supabase.instance
Realtime academic_categories subscription failed: 'package:supabase_flutter/src/supabase.dart': Failed assertion: line 45 pos 7: '_instance._isInitialized': You must initialize the supabase instance before calling Supabase.instance
Supabase auth listener not attached (Supabase not initialized?): 'package:supabase_flutter/src/supabase.dart': Failed assertion: line 45 pos 7: '_instance._isInitialized': You must initialize the supabase instance before calling Supabase.instance
loadVerifiedStreamersFromBackend failed: Bad state: Backend unavailable
_refreshAcademicCategories failed: Bad state: Backend unavailable
Realtime public streamer subscription failed: 'package:supabase_flutter/src/supabase.dart': Failed assertion: line 45 pos 7: '_instance._isInitialized': You must initialize the supabase instance before calling Supabase.instance
Realtime academic_categories subscription failed: 'package:supabase_flutter/src/supabase.dart': Failed assertion: line 45 pos 7: '_instance._isInitialized': You must initialize the supabase instance before calling Supabase.instance
Supabase auth listener not attached (Supabase not initialized?): 'package:supabase_flutter/src/supabase.dart': Failed assertion: line 45 pos 7: '_instance._isInitialized': You must initialize the supabase instance before calling Supabase.instance
loadVerifiedStreamersFromBackend failed: Bad state: Backend unavailable
_refreshAcademicCategories failed: Bad state: Backend unavailable
Realtime public streamer subscription failed: 'package:supabase_flutter/src/supabase.dart': Failed assertion: line 45 pos 7: '_instance._isInitialized': You must initialize the supabase instance before calling Supabase.instance
Realtime academic_categories subscription failed: 'package:supabase_flutter/src/supabase.dart': Failed assertion: line 45 pos 7: '_instance._isInitialized': You must initialize the supabase instance before calling Supabase.instance
Supabase auth listener not attached (Supabase not initialized?): 'package:supabase_flutter/src/supabase.dart': Failed assertion: line 45 pos 7: '_instance._isInitialized': You must initialize the supabase instance before calling Supabase.instance
loadVerifiedStreamersFromBackend failed: Bad state: Backend unavailable
_refreshAcademicCategories failed: Bad state: Backend unavailable
Realtime public streamer subscription failed: 'package:supabase_flutter/src/supabase.dart': Failed assertion: line 45 pos 7: '_instance._isInitialized': You must initialize the supabase instance before calling Supabase.instance
Realtime academic_categories subscription failed: 'package:supabase_flutter/src/supabase.dart': Failed assertion: line 45 pos 7: '_instance._isInitialized': You must initialize the supabase instance before calling Supabase.instance
Supabase auth listener not attached (Supabase not initialized?): 'package:supabase_flutter/src/supabase.dart': Failed assertion: line 45 pos 7: '_instance._isInitialized': You must initialize the supabase instance before calling Supabase.instance
loadVerifiedStreamersFromBackend failed: Bad state: Backend unavailable
_refreshAcademicCategories failed: Bad state: Backend unavailable
Realtime public streamer subscription failed: 'package:supabase_flutter/src/supabase.dart': Failed assertion: line 45 pos 7: '_instance._isInitialized': You must initialize the supabase instance before calling Supabase.instance
Realtime academic_categories subscription failed: 'package:supabase_flutter/src/supabase.dart': Failed assertion: line 45 pos 7: '_instance._isInitialized': You must initialize the supabase instance before calling Supabase.instance
Supabase auth listener not attached (Supabase not initialized?): 'package:supabase_flutter/src/supabase.dart': Failed assertion: line 45 pos 7: '_instance._isInitialized': You must initialize the supabase instance before calling Supabase.instance
loadVerifiedStreamersFromBackend failed: Bad state: Backend unavailable
_refreshAcademicCategories failed: Bad state: Backend unavailable
Realtime public streamer subscription failed: 'package:supabase_flutter/src/supabase.dart': Failed assertion: line 45 pos 7: '_instance._isInitialized': You must initialize the supabase instance before calling Supabase.instance
Realtime academic_categories subscription failed: 'package:supabase_flutter/src/supabase.dart': Failed assertion: line 45 pos 7: '_instance._isInitialized': You must initialize the supabase instance before calling Supabase.instance
Supabase auth listener not attached (Supabase not initialized?): 'package:supabase_flutter/src/supabase.dart': Failed assertion: line 45 pos 7: '_instance._isInitialized': You must initialize the supabase instance before calling Supabase.instance
loadVerifiedStreamersFromBackend failed: Bad state: Backend unavailable
_refreshAcademicCategories failed: Bad state: Backend unavailable
Realtime public streamer subscription failed: 'package:supabase_flutter/src/supabase.dart': Failed assertion: line 45 pos 7: '_instance._isInitialized': You must initialize the supabase instance before calling Supabase.instance
Realtime academic_categories subscription failed: 'package:supabase_flutter/src/supabase.dart': Failed assertion: line 45 pos 7: '_instance._isInitialized': You must initialize the supabase instance before calling Supabase.instance
Supabase auth listener not attached (Supabase not initialized?): 'package:supabase_flutter/src/supabase.dart': Failed assertion: line 45 pos 7: '_instance._isInitialized': You must initialize the supabase instance before calling Supabase.instance
loadVerifiedStreamersFromBackend failed: Bad state: Backend unavailable
_refreshAcademicCategories failed: Bad state: Backend unavailable
Realtime public streamer subscription failed: 'package:supabase_flutter/src/supabase.dart': Failed assertion: line 45 pos 7: '_instance._isInitialized': You must initialize the supabase instance before calling Supabase.instance
Realtime academic_categories subscription failed: 'package:supabase_flutter/src/supabase.dart': Failed assertion: line 45 pos 7: '_instance._isInitialized': You must initialize the supabase instance before calling Supabase.instance
Supabase auth listener not attached (Supabase not initialized?): 'package:supabase_flutter/src/supabase.dart': Failed assertion: line 45 pos 7: '_instance._isInitialized': You must initialize the supabase instance before calling Supabase.instance
loadVerifiedStreamersFromBackend failed: Bad state: Backend unavailable
_refreshAcademicCategories failed: Bad state: Backend unavailable
Realtime public streamer subscription failed: 'package:supabase_flutter/src/supabase.dart': Failed assertion: line 45 pos 7: '_instance._isInitialized': You must initialize the supabase instance before calling Supabase.instance
Realtime academic_categories subscription failed: 'package:supabase_flutter/src/supabase.dart': Failed assertion: line 45 pos 7: '_instance._isInitialized': You must initialize the supabase instance before calling Supabase.instance
Supabase auth listener not attached (Supabase not initialized?): 'package:supabase_flutter/src/supabase.dart': Failed assertion: line 45 pos 7: '_instance._isInitialized': You must initialize the supabase instance before calling Supabase.instance
loadVerifiedStreamersFromBackend failed: Bad state: Backend unavailable
_refreshAcademicCategories failed: Bad state: Backend unavailable
Realtime public streamer subscription failed: 'package:supabase_flutter/src/supabase.dart': Failed assertion: line 45 pos 7: '_instance._isInitialized': You must initialize the supabase instance before calling Supabase.instance
Realtime academic_categories subscription failed: 'package:supabase_flutter/src/supabase.dart': Failed assertion: line 45 pos 7: '_instance._isInitialized': You must initialize the supabase instance before calling Supabase.instance
Supabase auth listener not attached (Supabase not initialized?): 'package:supabase_flutter/src/supabase.dart': Failed assertion: line 45 pos 7: '_instance._isInitialized': You must initialize the supabase instance before calling Supabase.instance
loadVerifiedStreamersFromBackend failed: Bad state: Backend unavailable
_refreshAcademicCategories failed: Bad state: Backend unavailable
Realtime public streamer subscription failed: 'package:supabase_flutter/src/supabase.dart': Failed assertion: line 45 pos 7: '_instance._isInitialized': You must initialize the supabase instance before calling Supabase.instance
Realtime academic_categories subscription failed: 'package:supabase_flutter/src/supabase.dart': Failed assertion: line 45 pos 7: '_instance._isInitialized': You must initialize the supabase instance before calling Supabase.instance
Supabase auth listener not attached (Supabase not initialized?): 'package:supabase_flutter/src/supabase.dart': Failed assertion: line 45 pos 7: '_instance._isInitialized': You must initialize the supabase instance before calling Supabase.instance
loadVerifiedStreamersFromBackend failed: Bad state: Backend unavailable
_refreshAcademicCategories failed: Bad state: Backend unavailable
Realtime public streamer subscription failed: 'package:supabase_flutter/src/supabase.dart': Failed assertion: line 45 pos 7: '_instance._isInitialized': You must initialize the supabase instance before calling Supabase.instance
Realtime academic_categories subscription failed: 'package:supabase_flutter/src/supabase.dart': Failed assertion: line 45 pos 7: '_instance._isInitialized': You must initialize the supabase instance before calling Supabase.instance
Supabase auth listener not attached (Supabase not initialized?): 'package:supabase_flutter/src/supabase.dart': Failed assertion: line 45 pos 7: '_instance._isInitialized': You must initialize the supabase instance before calling Supabase.instance
loadVerifiedStreamersFromBackend failed: Bad state: Backend unavailable
_refreshAcademicCategories failed: Bad state: Backend unavailable
Realtime public streamer subscription failed: 'package:supabase_flutter/src/supabase.dart': Failed assertion: line 45 pos 7: '_instance._isInitialized': You must initialize the supabase instance before calling Supabase.instance
Realtime academic_categories subscription failed: 'package:supabase_flutter/src/supabase.dart': Failed assertion: line 45 pos 7: '_instance._isInitialized': You must initialize the supabase instance before calling Supabase.instance
Supabase auth listener not attached (Supabase not initialized?): 'package:supabase_flutter/src/supabase.dart': Failed assertion: line 45 pos 7: '_instance._isInitialized': You must initialize the supabase instance before calling Supabase.instance
loadVerifiedStreamersFromBackend failed: Bad state: Backend unavailable
_refreshAcademicCategories failed: Bad state: Backend unavailable
00:39 +43: C:/Users/User/.codex/worktrees/hadayah-wave4v2-integration/Streamer_app/project/test/layout_sweep_test.dart: sheet playlist viewer en at all sizes and text scales
Realtime public streamer subscription failed: 'package:supabase_flutter/src/supabase.dart': Failed assertion: line 45 pos 7: '_instance._isInitialized': You must initialize the supabase instance before calling Supabase.instance
Realtime academic_categories subscription failed: 'package:supabase_flutter/src/supabase.dart': Failed assertion: line 45 pos 7: '_instance._isInitialized': You must initialize the supabase instance before calling Supabase.instance
Supabase auth listener not attached (Supabase not initialized?): 'package:supabase_flutter/src/supabase.dart': Failed assertion: line 45 pos 7: '_instance._isInitialized': You must initialize the supabase instance before calling Supabase.instance
loadVerifiedStreamersFromBackend failed: Bad state: Backend unavailable
_refreshAcademicCategories failed: Bad state: Backend unavailable
Realtime public streamer subscription failed: 'package:supabase_flutter/src/supabase.dart': Failed assertion: line 45 pos 7: '_instance._isInitialized': You must initialize the supabase instance before calling Supabase.instance
Realtime academic_categories subscription failed: 'package:supabase_flutter/src/supabase.dart': Failed assertion: line 45 pos 7: '_instance._isInitialized': You must initialize the supabase instance before calling Supabase.instance
Supabase auth listener not attached (Supabase not initialized?): 'package:supabase_flutter/src/supabase.dart': Failed assertion: line 45 pos 7: '_instance._isInitialized': You must initialize the supabase instance before calling Supabase.instance
loadVerifiedStreamersFromBackend failed: Bad state: Backend unavailable
_refreshAcademicCategories failed: Bad state: Backend unavailable
Realtime public streamer subscription failed: 'package:supabase_flutter/src/supabase.dart': Failed assertion: line 45 pos 7: '_instance._isInitialized': You must initialize the supabase instance before calling Supabase.instance
Realtime academic_categories subscription failed: 'package:supabase_flutter/src/supabase.dart': Failed assertion: line 45 pos 7: '_instance._isInitialized': You must initialize the supabase instance before calling Supabase.instance
Supabase auth listener not attached (Supabase not initialized?): 'package:supabase_flutter/src/supabase.dart': Failed assertion: line 45 pos 7: '_instance._isInitialized': You must initialize the supabase instance before calling Supabase.instance
loadVerifiedStreamersFromBackend failed: Bad state: Backend unavailable
_refreshAcademicCategories failed: Bad state: Backend unavailable
Realtime public streamer subscription failed: 'package:supabase_flutter/src/supabase.dart': Failed assertion: line 45 pos 7: '_instance._isInitialized': You must initialize the supabase instance before calling Supabase.instance
Realtime academic_categories subscription failed: 'package:supabase_flutter/src/supabase.dart': Failed assertion: line 45 pos 7: '_instance._isInitialized': You must initialize the supabase instance before calling Supabase.instance
Supabase auth listener not attached (Supabase not initialized?): 'package:supabase_flutter/src/supabase.dart': Failed assertion: line 45 pos 7: '_instance._isInitialized': You must initialize the supabase instance before calling Supabase.instance
loadVerifiedStreamersFromBackend failed: Bad state: Backend unavailable
_refreshAcademicCategories failed: Bad state: Backend unavailable
Realtime public streamer subscription failed: 'package:supabase_flutter/src/supabase.dart': Failed assertion: line 45 pos 7: '_instance._isInitialized': You must initialize the supabase instance before calling Supabase.instance
Realtime academic_categories subscription failed: 'package:supabase_flutter/src/supabase.dart': Failed assertion: line 45 pos 7: '_instance._isInitialized': You must initialize the supabase instance before calling Supabase.instance
Supabase auth listener not attached (Supabase not initialized?): 'package:supabase_flutter/src/supabase.dart': Failed assertion: line 45 pos 7: '_instance._isInitialized': You must initialize the supabase instance before calling Supabase.instance
loadVerifiedStreamersFromBackend failed: Bad state: Backend unavailable
_refreshAcademicCategories failed: Bad state: Backend unavailable
Realtime public streamer subscription failed: 'package:supabase_flutter/src/supabase.dart': Failed assertion: line 45 pos 7: '_instance._isInitialized': You must initialize the supabase instance before calling Supabase.instance
Realtime academic_categories subscription failed: 'package:supabase_flutter/src/supabase.dart': Failed assertion: line 45 pos 7: '_instance._isInitialized': You must initialize the supabase instance before calling Supabase.instance
Supabase auth listener not attached (Supabase not initialized?): 'package:supabase_flutter/src/supabase.dart': Failed assertion: line 45 pos 7: '_instance._isInitialized': You must initialize the supabase instance before calling Supabase.instance
loadVerifiedStreamersFromBackend failed: Bad state: Backend unavailable
_refreshAcademicCategories failed: Bad state: Backend unavailable
Realtime public streamer subscription failed: 'package:supabase_flutter/src/supabase.dart': Failed assertion: line 45 pos 7: '_instance._isInitialized': You must initialize the supabase instance before calling Supabase.instance
Realtime academic_categories subscription failed: 'package:supabase_flutter/src/supabase.dart': Failed assertion: line 45 pos 7: '_instance._isInitialized': You must initialize the supabase instance before calling Supabase.instance
Supabase auth listener not attached (Supabase not initialized?): 'package:supabase_flutter/src/supabase.dart': Failed assertion: line 45 pos 7: '_instance._isInitialized': You must initialize the supabase instance before calling Supabase.instance
loadVerifiedStreamersFromBackend failed: Bad state: Backend unavailable
_refreshAcademicCategories failed: Bad state: Backend unavailable
Realtime public streamer subscription failed: 'package:supabase_flutter/src/supabase.dart': Failed assertion: line 45 pos 7: '_instance._isInitialized': You must initialize the supabase instance before calling Supabase.instance
Realtime academic_categories subscription failed: 'package:supabase_flutter/src/supabase.dart': Failed assertion: line 45 pos 7: '_instance._isInitialized': You must initialize the supabase instance before calling Supabase.instance
Supabase auth listener not attached (Supabase not initialized?): 'package:supabase_flutter/src/supabase.dart': Failed assertion: line 45 pos 7: '_instance._isInitialized': You must initialize the supabase instance before calling Supabase.instance
loadVerifiedStreamersFromBackend failed: Bad state: Backend unavailable
_refreshAcademicCategories failed: Bad state: Backend unavailable
Realtime public streamer subscription failed: 'package:supabase_flutter/src/supabase.dart': Failed assertion: line 45 pos 7: '_instance._isInitialized': You must initialize the supabase instance before calling Supabase.instance
Realtime academic_categories subscription failed: 'package:supabase_flutter/src/supabase.dart': Failed assertion: line 45 pos 7: '_instance._isInitialized': You must initialize the supabase instance before calling Supabase.instance
Supabase auth listener not attached (Supabase not initialized?): 'package:supabase_flutter/src/supabase.dart': Failed assertion: line 45 pos 7: '_instance._isInitialized': You must initialize the supabase instance before calling Supabase.instance
loadVerifiedStreamersFromBackend failed: Bad state: Backend unavailable
_refreshAcademicCategories failed: Bad state: Backend unavailable
Realtime public streamer subscription failed: 'package:supabase_flutter/src/supabase.dart': Failed assertion: line 45 pos 7: '_instance._isInitialized': You must initialize the supabase instance before calling Supabase.instance
Realtime academic_categories subscription failed: 'package:supabase_flutter/src/supabase.dart': Failed assertion: line 45 pos 7: '_instance._isInitialized': You must initialize the supabase instance before calling Supabase.instance
Supabase auth listener not attached (Supabase not initialized?): 'package:supabase_flutter/src/supabase.dart': Failed assertion: line 45 pos 7: '_instance._isInitialized': You must initialize the supabase instance before calling Supabase.instance
loadVerifiedStreamersFromBackend failed: Bad state: Backend unavailable
_refreshAcademicCategories failed: Bad state: Backend unavailable
Realtime public streamer subscription failed: 'package:supabase_flutter/src/supabase.dart': Failed assertion: line 45 pos 7: '_instance._isInitialized': You must initialize the supabase instance before calling Supabase.instance
Realtime academic_categories subscription failed: 'package:supabase_flutter/src/supabase.dart': Failed assertion: line 45 pos 7: '_instance._isInitialized': You must initialize the supabase instance before calling Supabase.instance
Supabase auth listener not attached (Supabase not initialized?): 'package:supabase_flutter/src/supabase.dart': Failed assertion: line 45 pos 7: '_instance._isInitialized': You must initialize the supabase instance before calling Supabase.instance
loadVerifiedStreamersFromBackend failed: Bad state: Backend unavailable
_refreshAcademicCategories failed: Bad state: Backend unavailable
Realtime public streamer subscription failed: 'package:supabase_flutter/src/supabase.dart': Failed assertion: line 45 pos 7: '_instance._isInitialized': You must initialize the supabase instance before calling Supabase.instance
Realtime academic_categories subscription failed: 'package:supabase_flutter/src/supabase.dart': Failed assertion: line 45 pos 7: '_instance._isInitialized': You must initialize the supabase instance before calling Supabase.instance
Supabase auth listener not attached (Supabase not initialized?): 'package:supabase_flutter/src/supabase.dart': Failed assertion: line 45 pos 7: '_instance._isInitialized': You must initialize the supabase instance before calling Supabase.instance
loadVerifiedStreamersFromBackend failed: Bad state: Backend unavailable
_refreshAcademicCategories failed: Bad state: Backend unavailable
Realtime public streamer subscription failed: 'package:supabase_flutter/src/supabase.dart': Failed assertion: line 45 pos 7: '_instance._isInitialized': You must initialize the supabase instance before calling Supabase.instance
Realtime academic_categories subscription failed: 'package:supabase_flutter/src/supabase.dart': Failed assertion: line 45 pos 7: '_instance._isInitialized': You must initialize the supabase instance before calling Supabase.instance
Supabase auth listener not attached (Supabase not initialized?): 'package:supabase_flutter/src/supabase.dart': Failed assertion: line 45 pos 7: '_instance._isInitialized': You must initialize the supabase instance before calling Supabase.instance
loadVerifiedStreamersFromBackend failed: Bad state: Backend unavailable
_refreshAcademicCategories failed: Bad state: Backend unavailable
Realtime public streamer subscription failed: 'package:supabase_flutter/src/supabase.dart': Failed assertion: line 45 pos 7: '_instance._isInitialized': You must initialize the supabase instance before calling Supabase.instance
Realtime academic_categories subscription failed: 'package:supabase_flutter/src/supabase.dart': Failed assertion: line 45 pos 7: '_instance._isInitialized': You must initialize the supabase instance before calling Supabase.instance
Supabase auth listener not attached (Supabase not initialized?): 'package:supabase_flutter/src/supabase.dart': Failed assertion: line 45 pos 7: '_instance._isInitialized': You must initialize the supabase instance before calling Supabase.instance
loadVerifiedStreamersFromBackend failed: Bad state: Backend unavailable
_refreshAcademicCategories failed: Bad state: Backend unavailable
Realtime public streamer subscription failed: 'package:supabase_flutter/src/supabase.dart': Failed assertion: line 45 pos 7: '_instance._isInitialized': You must initialize the supabase instance before calling Supabase.instance
Realtime academic_categories subscription failed: 'package:supabase_flutter/src/supabase.dart': Failed assertion: line 45 pos 7: '_instance._isInitialized': You must initialize the supabase instance before calling Supabase.instance
Supabase auth listener not attached (Supabase not initialized?): 'package:supabase_flutter/src/supabase.dart': Failed assertion: line 45 pos 7: '_instance._isInitialized': You must initialize the supabase instance before calling Supabase.instance
loadVerifiedStreamersFromBackend failed: Bad state: Backend unavailable
_refreshAcademicCategories failed: Bad state: Backend unavailable
Realtime public streamer subscription failed: 'package:supabase_flutter/src/supabase.dart': Failed assertion: line 45 pos 7: '_instance._isInitialized': You must initialize the supabase instance before calling Supabase.instance
Realtime academic_categories subscription failed: 'package:supabase_flutter/src/supabase.dart': Failed assertion: line 45 pos 7: '_instance._isInitialized': You must initialize the supabase instance before calling Supabase.instance
Supabase auth listener not attached (Supabase not initialized?): 'package:supabase_flutter/src/supabase.dart': Failed assertion: line 45 pos 7: '_instance._isInitialized': You must initialize the supabase instance before calling Supabase.instance
loadVerifiedStreamersFromBackend failed: Bad state: Backend unavailable
_refreshAcademicCategories failed: Bad state: Backend unavailable
Realtime public streamer subscription failed: 'package:supabase_flutter/src/supabase.dart': Failed assertion: line 45 pos 7: '_instance._isInitialized': You must initialize the supabase instance before calling Supabase.instance
Realtime academic_categories subscription failed: 'package:supabase_flutter/src/supabase.dart': Failed assertion: line 45 pos 7: '_instance._isInitialized': You must initialize the supabase instance before calling Supabase.instance
Supabase auth listener not attached (Supabase not initialized?): 'package:supabase_flutter/src/supabase.dart': Failed assertion: line 45 pos 7: '_instance._isInitialized': You must initialize the supabase instance before calling Supabase.instance
loadVerifiedStreamersFromBackend failed: Bad state: Backend unavailable
_refreshAcademicCategories failed: Bad state: Backend unavailable
Realtime public streamer subscription failed: 'package:supabase_flutter/src/supabase.dart': Failed assertion: line 45 pos 7: '_instance._isInitialized': You must initialize the supabase instance before calling Supabase.instance
Realtime academic_categories subscription failed: 'package:supabase_flutter/src/supabase.dart': Failed assertion: line 45 pos 7: '_instance._isInitialized': You must initialize the supabase instance before calling Supabase.instance
Supabase auth listener not attached (Supabase not initialized?): 'package:supabase_flutter/src/supabase.dart': Failed assertion: line 45 pos 7: '_instance._isInitialized': You must initialize the supabase instance before calling Supabase.instance
loadVerifiedStreamersFromBackend failed: Bad state: Backend unavailable
_refreshAcademicCategories failed: Bad state: Backend unavailable
Realtime public streamer subscription failed: 'package:supabase_flutter/src/supabase.dart': Failed assertion: line 45 pos 7: '_instance._isInitialized': You must initialize the supabase instance before calling Supabase.instance
Realtime academic_categories subscription failed: 'package:supabase_flutter/src/supabase.dart': Failed assertion: line 45 pos 7: '_instance._isInitialized': You must initialize the supabase instance before calling Supabase.instance
Supabase auth listener not attached (Supabase not initialized?): 'package:supabase_flutter/src/supabase.dart': Failed assertion: line 45 pos 7: '_instance._isInitialized': You must initialize the supabase instance before calling Supabase.instance
loadVerifiedStreamersFromBackend failed: Bad state: Backend unavailable
_refreshAcademicCategories failed: Bad state: Backend unavailable
Realtime public streamer subscription failed: 'package:supabase_flutter/src/supabase.dart': Failed assertion: line 45 pos 7: '_instance._isInitialized': You must initialize the supabase instance before calling Supabase.instance
Realtime academic_categories subscription failed: 'package:supabase_flutter/src/supabase.dart': Failed assertion: line 45 pos 7: '_instance._isInitialized': You must initialize the supabase instance before calling Supabase.instance
Supabase auth listener not attached (Supabase not initialized?): 'package:supabase_flutter/src/supabase.dart': Failed assertion: line 45 pos 7: '_instance._isInitialized': You must initialize the supabase instance before calling Supabase.instance
loadVerifiedStreamersFromBackend failed: Bad state: Backend unavailable
_refreshAcademicCategories failed: Bad state: Backend unavailable
Realtime public streamer subscription failed: 'package:supabase_flutter/src/supabase.dart': Failed assertion: line 45 pos 7: '_instance._isInitialized': You must initialize the supabase instance before calling Supabase.instance
Realtime academic_categories subscription failed: 'package:supabase_flutter/src/supabase.dart': Failed assertion: line 45 pos 7: '_instance._isInitialized': You must initialize the supabase instance before calling Supabase.instance
Supabase auth listener not attached (Supabase not initialized?): 'package:supabase_flutter/src/supabase.dart': Failed assertion: line 45 pos 7: '_instance._isInitialized': You must initialize the supabase instance before calling Supabase.instance
loadVerifiedStreamersFromBackend failed: Bad state: Backend unavailable
_refreshAcademicCategories failed: Bad state: Backend unavailable
00:40 +44: C:/Users/User/.codex/worktrees/hadayah-wave4v2-integration/Streamer_app/project/test/layout_sweep_test.dart: sheet playlist viewer ar at all sizes and text scales
Realtime public streamer subscription failed: 'package:supabase_flutter/src/supabase.dart': Failed assertion: line 45 pos 7: '_instance._isInitialized': You must initialize the supabase instance before calling Supabase.instance
Realtime academic_categories subscription failed: 'package:supabase_flutter/src/supabase.dart': Failed assertion: line 45 pos 7: '_instance._isInitialized': You must initialize the supabase instance before calling Supabase.instance
Supabase auth listener not attached (Supabase not initialized?): 'package:supabase_flutter/src/supabase.dart': Failed assertion: line 45 pos 7: '_instance._isInitialized': You must initialize the supabase instance before calling Supabase.instance
loadVerifiedStreamersFromBackend failed: Bad state: Backend unavailable
_refreshAcademicCategories failed: Bad state: Backend unavailable
Realtime public streamer subscription failed: 'package:supabase_flutter/src/supabase.dart': Failed assertion: line 45 pos 7: '_instance._isInitialized': You must initialize the supabase instance before calling Supabase.instance
Realtime academic_categories subscription failed: 'package:supabase_flutter/src/supabase.dart': Failed assertion: line 45 pos 7: '_instance._isInitialized': You must initialize the supabase instance before calling Supabase.instance
Supabase auth listener not attached (Supabase not initialized?): 'package:supabase_flutter/src/supabase.dart': Failed assertion: line 45 pos 7: '_instance._isInitialized': You must initialize the supabase instance before calling Supabase.instance
loadVerifiedStreamersFromBackend failed: Bad state: Backend unavailable
_refreshAcademicCategories failed: Bad state: Backend unavailable
Realtime public streamer subscription failed: 'package:supabase_flutter/src/supabase.dart': Failed assertion: line 45 pos 7: '_instance._isInitialized': You must initialize the supabase instance before calling Supabase.instance
Realtime academic_categories subscription failed: 'package:supabase_flutter/src/supabase.dart': Failed assertion: line 45 pos 7: '_instance._isInitialized': You must initialize the supabase instance before calling Supabase.instance
Supabase auth listener not attached (Supabase not initialized?): 'package:supabase_flutter/src/supabase.dart': Failed assertion: line 45 pos 7: '_instance._isInitialized': You must initialize the supabase instance before calling Supabase.instance
loadVerifiedStreamersFromBackend failed: Bad state: Backend unavailable
_refreshAcademicCategories failed: Bad state: Backend unavailable
Realtime public streamer subscription failed: 'package:supabase_flutter/src/supabase.dart': Failed assertion: line 45 pos 7: '_instance._isInitialized': You must initialize the supabase instance before calling Supabase.instance
Realtime academic_categories subscription failed: 'package:supabase_flutter/src/supabase.dart': Failed assertion: line 45 pos 7: '_instance._isInitialized': You must initialize the supabase instance before calling Supabase.instance
Supabase auth listener not attached (Supabase not initialized?): 'package:supabase_flutter/src/supabase.dart': Failed assertion: line 45 pos 7: '_instance._isInitialized': You must initialize the supabase instance before calling Supabase.instance
loadVerifiedStreamersFromBackend failed: Bad state: Backend unavailable
_refreshAcademicCategories failed: Bad state: Backend unavailable
Realtime public streamer subscription failed: 'package:supabase_flutter/src/supabase.dart': Failed assertion: line 45 pos 7: '_instance._isInitialized': You must initialize the supabase instance before calling Supabase.instance
Realtime academic_categories subscription failed: 'package:supabase_flutter/src/supabase.dart': Failed assertion: line 45 pos 7: '_instance._isInitialized': You must initialize the supabase instance before calling Supabase.instance
Supabase auth listener not attached (Supabase not initialized?): 'package:supabase_flutter/src/supabase.dart': Failed assertion: line 45 pos 7: '_instance._isInitialized': You must initialize the supabase instance before calling Supabase.instance
loadVerifiedStreamersFromBackend failed: Bad state: Backend unavailable
_refreshAcademicCategories failed: Bad state: Backend unavailable
Realtime public streamer subscription failed: 'package:supabase_flutter/src/supabase.dart': Failed assertion: line 45 pos 7: '_instance._isInitialized': You must initialize the supabase instance before calling Supabase.instance
Realtime academic_categories subscription failed: 'package:supabase_flutter/src/supabase.dart': Failed assertion: line 45 pos 7: '_instance._isInitialized': You must initialize the supabase instance before calling Supabase.instance
Supabase auth listener not attached (Supabase not initialized?): 'package:supabase_flutter/src/supabase.dart': Failed assertion: line 45 pos 7: '_instance._isInitialized': You must initialize the supabase instance before calling Supabase.instance
loadVerifiedStreamersFromBackend failed: Bad state: Backend unavailable
_refreshAcademicCategories failed: Bad state: Backend unavailable
Realtime public streamer subscription failed: 'package:supabase_flutter/src/supabase.dart': Failed assertion: line 45 pos 7: '_instance._isInitialized': You must initialize the supabase instance before calling Supabase.instance
Realtime academic_categories subscription failed: 'package:supabase_flutter/src/supabase.dart': Failed assertion: line 45 pos 7: '_instance._isInitialized': You must initialize the supabase instance before calling Supabase.instance
Supabase auth listener not attached (Supabase not initialized?): 'package:supabase_flutter/src/supabase.dart': Failed assertion: line 45 pos 7: '_instance._isInitialized': You must initialize the supabase instance before calling Supabase.instance
loadVerifiedStreamersFromBackend failed: Bad state: Backend unavailable
_refreshAcademicCategories failed: Bad state: Backend unavailable
Realtime public streamer subscription failed: 'package:supabase_flutter/src/supabase.dart': Failed assertion: line 45 pos 7: '_instance._isInitialized': You must initialize the supabase instance before calling Supabase.instance
Realtime academic_categories subscription failed: 'package:supabase_flutter/src/supabase.dart': Failed assertion: line 45 pos 7: '_instance._isInitialized': You must initialize the supabase instance before calling Supabase.instance
Supabase auth listener not attached (Supabase not initialized?): 'package:supabase_flutter/src/supabase.dart': Failed assertion: line 45 pos 7: '_instance._isInitialized': You must initialize the supabase instance before calling Supabase.instance
loadVerifiedStreamersFromBackend failed: Bad state: Backend unavailable
_refreshAcademicCategories failed: Bad state: Backend unavailable
Realtime public streamer subscription failed: 'package:supabase_flutter/src/supabase.dart': Failed assertion: line 45 pos 7: '_instance._isInitialized': You must initialize the supabase instance before calling Supabase.instance
Realtime academic_categories subscription failed: 'package:supabase_flutter/src/supabase.dart': Failed assertion: line 45 pos 7: '_instance._isInitialized': You must initialize the supabase instance before calling Supabase.instance
Supabase auth listener not attached (Supabase not initialized?): 'package:supabase_flutter/src/supabase.dart': Failed assertion: line 45 pos 7: '_instance._isInitialized': You must initialize the supabase instance before calling Supabase.instance
loadVerifiedStreamersFromBackend failed: Bad state: Backend unavailable
_refreshAcademicCategories failed: Bad state: Backend unavailable
Realtime public streamer subscription failed: 'package:supabase_flutter/src/supabase.dart': Failed assertion: line 45 pos 7: '_instance._isInitialized': You must initialize the supabase instance before calling Supabase.instance
Realtime academic_categories subscription failed: 'package:supabase_flutter/src/supabase.dart': Failed assertion: line 45 pos 7: '_instance._isInitialized': You must initialize the supabase instance before calling Supabase.instance
Supabase auth listener not attached (Supabase not initialized?): 'package:supabase_flutter/src/supabase.dart': Failed assertion: line 45 pos 7: '_instance._isInitialized': You must initialize the supabase instance before calling Supabase.instance
loadVerifiedStreamersFromBackend failed: Bad state: Backend unavailable
_refreshAcademicCategories failed: Bad state: Backend unavailable
Realtime public streamer subscription failed: 'package:supabase_flutter/src/supabase.dart': Failed assertion: line 45 pos 7: '_instance._isInitialized': You must initialize the supabase instance before calling Supabase.instance
Realtime academic_categories subscription failed: 'package:supabase_flutter/src/supabase.dart': Failed assertion: line 45 pos 7: '_instance._isInitialized': You must initialize the supabase instance before calling Supabase.instance
Supabase auth listener not attached (Supabase not initialized?): 'package:supabase_flutter/src/supabase.dart': Failed assertion: line 45 pos 7: '_instance._isInitialized': You must initialize the supabase instance before calling Supabase.instance
loadVerifiedStreamersFromBackend failed: Bad state: Backend unavailable
_refreshAcademicCategories failed: Bad state: Backend unavailable
Realtime public streamer subscription failed: 'package:supabase_flutter/src/supabase.dart': Failed assertion: line 45 pos 7: '_instance._isInitialized': You must initialize the supabase instance before calling Supabase.instance
Realtime academic_categories subscription failed: 'package:supabase_flutter/src/supabase.dart': Failed assertion: line 45 pos 7: '_instance._isInitialized': You must initialize the supabase instance before calling Supabase.instance
Supabase auth listener not attached (Supabase not initialized?): 'package:supabase_flutter/src/supabase.dart': Failed assertion: line 45 pos 7: '_instance._isInitialized': You must initialize the supabase instance before calling Supabase.instance
loadVerifiedStreamersFromBackend failed: Bad state: Backend unavailable
_refreshAcademicCategories failed: Bad state: Backend unavailable
Realtime public streamer subscription failed: 'package:supabase_flutter/src/supabase.dart': Failed assertion: line 45 pos 7: '_instance._isInitialized': You must initialize the supabase instance before calling Supabase.instance
Realtime academic_categories subscription failed: 'package:supabase_flutter/src/supabase.dart': Failed assertion: line 45 pos 7: '_instance._isInitialized': You must initialize the supabase instance before calling Supabase.instance
Supabase auth listener not attached (Supabase not initialized?): 'package:supabase_flutter/src/supabase.dart': Failed assertion: line 45 pos 7: '_instance._isInitialized': You must initialize the supabase instance before calling Supabase.instance
loadVerifiedStreamersFromBackend failed: Bad state: Backend unavailable
_refreshAcademicCategories failed: Bad state: Backend unavailable
Realtime public streamer subscription failed: 'package:supabase_flutter/src/supabase.dart': Failed assertion: line 45 pos 7: '_instance._isInitialized': You must initialize the supabase instance before calling Supabase.instance
Realtime academic_categories subscription failed: 'package:supabase_flutter/src/supabase.dart': Failed assertion: line 45 pos 7: '_instance._isInitialized': You must initialize the supabase instance before calling Supabase.instance
Supabase auth listener not attached (Supabase not initialized?): 'package:supabase_flutter/src/supabase.dart': Failed assertion: line 45 pos 7: '_instance._isInitialized': You must initialize the supabase instance before calling Supabase.instance
loadVerifiedStreamersFromBackend failed: Bad state: Backend unavailable
_refreshAcademicCategories failed: Bad state: Backend unavailable
Realtime public streamer subscription failed: 'package:supabase_flutter/src/supabase.dart': Failed assertion: line 45 pos 7: '_instance._isInitialized': You must initialize the supabase instance before calling Supabase.instance
Realtime academic_categories subscription failed: 'package:supabase_flutter/src/supabase.dart': Failed assertion: line 45 pos 7: '_instance._isInitialized': You must initialize the supabase instance before calling Supabase.instance
Supabase auth listener not attached (Supabase not initialized?): 'package:supabase_flutter/src/supabase.dart': Failed assertion: line 45 pos 7: '_instance._isInitialized': You must initialize the supabase instance before calling Supabase.instance
loadVerifiedStreamersFromBackend failed: Bad state: Backend unavailable
_refreshAcademicCategories failed: Bad state: Backend unavailable
Realtime public streamer subscription failed: 'package:supabase_flutter/src/supabase.dart': Failed assertion: line 45 pos 7: '_instance._isInitialized': You must initialize the supabase instance before calling Supabase.instance
Realtime academic_categories subscription failed: 'package:supabase_flutter/src/supabase.dart': Failed assertion: line 45 pos 7: '_instance._isInitialized': You must initialize the supabase instance before calling Supabase.instance
Supabase auth listener not attached (Supabase not initialized?): 'package:supabase_flutter/src/supabase.dart': Failed assertion: line 45 pos 7: '_instance._isInitialized': You must initialize the supabase instance before calling Supabase.instance
loadVerifiedStreamersFromBackend failed: Bad state: Backend unavailable
_refreshAcademicCategories failed: Bad state: Backend unavailable
Realtime public streamer subscription failed: 'package:supabase_flutter/src/supabase.dart': Failed assertion: line 45 pos 7: '_instance._isInitialized': You must initialize the supabase instance before calling Supabase.instance
Realtime academic_categories subscription failed: 'package:supabase_flutter/src/supabase.dart': Failed assertion: line 45 pos 7: '_instance._isInitialized': You must initialize the supabase instance before calling Supabase.instance
Supabase auth listener not attached (Supabase not initialized?): 'package:supabase_flutter/src/supabase.dart': Failed assertion: line 45 pos 7: '_instance._isInitialized': You must initialize the supabase instance before calling Supabase.instance
loadVerifiedStreamersFromBackend failed: Bad state: Backend unavailable
_refreshAcademicCategories failed: Bad state: Backend unavailable
Realtime public streamer subscription failed: 'package:supabase_flutter/src/supabase.dart': Failed assertion: line 45 pos 7: '_instance._isInitialized': You must initialize the supabase instance before calling Supabase.instance
Realtime academic_categories subscription failed: 'package:supabase_flutter/src/supabase.dart': Failed assertion: line 45 pos 7: '_instance._isInitialized': You must initialize the supabase instance before calling Supabase.instance
Supabase auth listener not attached (Supabase not initialized?): 'package:supabase_flutter/src/supabase.dart': Failed assertion: line 45 pos 7: '_instance._isInitialized': You must initialize the supabase instance before calling Supabase.instance
loadVerifiedStreamersFromBackend failed: Bad state: Backend unavailable
_refreshAcademicCategories failed: Bad state: Backend unavailable
Realtime public streamer subscription failed: 'package:supabase_flutter/src/supabase.dart': Failed assertion: line 45 pos 7: '_instance._isInitialized': You must initialize the supabase instance before calling Supabase.instance
Realtime academic_categories subscription failed: 'package:supabase_flutter/src/supabase.dart': Failed assertion: line 45 pos 7: '_instance._isInitialized': You must initialize the supabase instance before calling Supabase.instance
Supabase auth listener not attached (Supabase not initialized?): 'package:supabase_flutter/src/supabase.dart': Failed assertion: line 45 pos 7: '_instance._isInitialized': You must initialize the supabase instance before calling Supabase.instance
loadVerifiedStreamersFromBackend failed: Bad state: Backend unavailable
_refreshAcademicCategories failed: Bad state: Backend unavailable
Realtime public streamer subscription failed: 'package:supabase_flutter/src/supabase.dart': Failed assertion: line 45 pos 7: '_instance._isInitialized': You must initialize the supabase instance before calling Supabase.instance
Realtime academic_categories subscription failed: 'package:supabase_flutter/src/supabase.dart': Failed assertion: line 45 pos 7: '_instance._isInitialized': You must initialize the supabase instance before calling Supabase.instance
Supabase auth listener not attached (Supabase not initialized?): 'package:supabase_flutter/src/supabase.dart': Failed assertion: line 45 pos 7: '_instance._isInitialized': You must initialize the supabase instance before calling Supabase.instance
loadVerifiedStreamersFromBackend failed: Bad state: Backend unavailable
_refreshAcademicCategories failed: Bad state: Backend unavailable
Realtime public streamer subscription failed: 'package:supabase_flutter/src/supabase.dart': Failed assertion: line 45 pos 7: '_instance._isInitialized': You must initialize the supabase instance before calling Supabase.instance
Realtime academic_categories subscription failed: 'package:supabase_flutter/src/supabase.dart': Failed assertion: line 45 pos 7: '_instance._isInitialized': You must initialize the supabase instance before calling Supabase.instance
Supabase auth listener not attached (Supabase not initialized?): 'package:supabase_flutter/src/supabase.dart': Failed assertion: line 45 pos 7: '_instance._isInitialized': You must initialize the supabase instance before calling Supabase.instance
loadVerifiedStreamersFromBackend failed: Bad state: Backend unavailable
_refreshAcademicCategories failed: Bad state: Backend unavailable
00:41 +45: C:/Users/User/.codex/worktrees/hadayah-wave4v2-integration/Streamer_app/project/test/layout_sweep_test.dart: sheet vod player en at all sizes and text scales
Realtime public streamer subscription failed: 'package:supabase_flutter/src/supabase.dart': Failed assertion: line 45 pos 7: '_instance._isInitialized': You must initialize the supabase instance before calling Supabase.instance
Realtime academic_categories subscription failed: 'package:supabase_flutter/src/supabase.dart': Failed assertion: line 45 pos 7: '_instance._isInitialized': You must initialize the supabase instance before calling Supabase.instance
Supabase auth listener not attached (Supabase not initialized?): 'package:supabase_flutter/src/supabase.dart': Failed assertion: line 45 pos 7: '_instance._isInitialized': You must initialize the supabase instance before calling Supabase.instance
loadVerifiedStreamersFromBackend failed: Bad state: Backend unavailable
_refreshAcademicCategories failed: Bad state: Backend unavailable
Realtime public streamer subscription failed: 'package:supabase_flutter/src/supabase.dart': Failed assertion: line 45 pos 7: '_instance._isInitialized': You must initialize the supabase instance before calling Supabase.instance
Realtime academic_categories subscription failed: 'package:supabase_flutter/src/supabase.dart': Failed assertion: line 45 pos 7: '_instance._isInitialized': You must initialize the supabase instance before calling Supabase.instance
Supabase auth listener not attached (Supabase not initialized?): 'package:supabase_flutter/src/supabase.dart': Failed assertion: line 45 pos 7: '_instance._isInitialized': You must initialize the supabase instance before calling Supabase.instance
loadVerifiedStreamersFromBackend failed: Bad state: Backend unavailable
_refreshAcademicCategories failed: Bad state: Backend unavailable
Realtime public streamer subscription failed: 'package:supabase_flutter/src/supabase.dart': Failed assertion: line 45 pos 7: '_instance._isInitialized': You must initialize the supabase instance before calling Supabase.instance
Realtime academic_categories subscription failed: 'package:supabase_flutter/src/supabase.dart': Failed assertion: line 45 pos 7: '_instance._isInitialized': You must initialize the supabase instance before calling Supabase.instance
Supabase auth listener not attached (Supabase not initialized?): 'package:supabase_flutter/src/supabase.dart': Failed assertion: line 45 pos 7: '_instance._isInitialized': You must initialize the supabase instance before calling Supabase.instance
loadVerifiedStreamersFromBackend failed: Bad state: Backend unavailable
_refreshAcademicCategories failed: Bad state: Backend unavailable
Realtime public streamer subscription failed: 'package:supabase_flutter/src/supabase.dart': Failed assertion: line 45 pos 7: '_instance._isInitialized': You must initialize the supabase instance before calling Supabase.instance
Realtime academic_categories subscription failed: 'package:supabase_flutter/src/supabase.dart': Failed assertion: line 45 pos 7: '_instance._isInitialized': You must initialize the supabase instance before calling Supabase.instance
Supabase auth listener not attached (Supabase not initialized?): 'package:supabase_flutter/src/supabase.dart': Failed assertion: line 45 pos 7: '_instance._isInitialized': You must initialize the supabase instance before calling Supabase.instance
loadVerifiedStreamersFromBackend failed: Bad state: Backend unavailable
_refreshAcademicCategories failed: Bad state: Backend unavailable
Realtime public streamer subscription failed: 'package:supabase_flutter/src/supabase.dart': Failed assertion: line 45 pos 7: '_instance._isInitialized': You must initialize the supabase instance before calling Supabase.instance
Realtime academic_categories subscription failed: 'package:supabase_flutter/src/supabase.dart': Failed assertion: line 45 pos 7: '_instance._isInitialized': You must initialize the supabase instance before calling Supabase.instance
Supabase auth listener not attached (Supabase not initialized?): 'package:supabase_flutter/src/supabase.dart': Failed assertion: line 45 pos 7: '_instance._isInitialized': You must initialize the supabase instance before calling Supabase.instance
loadVerifiedStreamersFromBackend failed: Bad state: Backend unavailable
_refreshAcademicCategories failed: Bad state: Backend unavailable
Realtime public streamer subscription failed: 'package:supabase_flutter/src/supabase.dart': Failed assertion: line 45 pos 7: '_instance._isInitialized': You must initialize the supabase instance before calling Supabase.instance
Realtime academic_categories subscription failed: 'package:supabase_flutter/src/supabase.dart': Failed assertion: line 45 pos 7: '_instance._isInitialized': You must initialize the supabase instance before calling Supabase.instance
Supabase auth listener not attached (Supabase not initialized?): 'package:supabase_flutter/src/supabase.dart': Failed assertion: line 45 pos 7: '_instance._isInitialized': You must initialize the supabase instance before calling Supabase.instance
loadVerifiedStreamersFromBackend failed: Bad state: Backend unavailable
_refreshAcademicCategories failed: Bad state: Backend unavailable
Realtime public streamer subscription failed: 'package:supabase_flutter/src/supabase.dart': Failed assertion: line 45 pos 7: '_instance._isInitialized': You must initialize the supabase instance before calling Supabase.instance
Realtime academic_categories subscription failed: 'package:supabase_flutter/src/supabase.dart': Failed assertion: line 45 pos 7: '_instance._isInitialized': You must initialize the supabase instance before calling Supabase.instance
Supabase auth listener not attached (Supabase not initialized?): 'package:supabase_flutter/src/supabase.dart': Failed assertion: line 45 pos 7: '_instance._isInitialized': You must initialize the supabase instance before calling Supabase.instance
loadVerifiedStreamersFromBackend failed: Bad state: Backend unavailable
_refreshAcademicCategories failed: Bad state: Backend unavailable
Realtime public streamer subscription failed: 'package:supabase_flutter/src/supabase.dart': Failed assertion: line 45 pos 7: '_instance._isInitialized': You must initialize the supabase instance before calling Supabase.instance
Realtime academic_categories subscription failed: 'package:supabase_flutter/src/supabase.dart': Failed assertion: line 45 pos 7: '_instance._isInitialized': You must initialize the supabase instance before calling Supabase.instance
Supabase auth listener not attached (Supabase not initialized?): 'package:supabase_flutter/src/supabase.dart': Failed assertion: line 45 pos 7: '_instance._isInitialized': You must initialize the supabase instance before calling Supabase.instance
loadVerifiedStreamersFromBackend failed: Bad state: Backend unavailable
_refreshAcademicCategories failed: Bad state: Backend unavailable
Realtime public streamer subscription failed: 'package:supabase_flutter/src/supabase.dart': Failed assertion: line 45 pos 7: '_instance._isInitialized': You must initialize the supabase instance before calling Supabase.instance
Realtime academic_categories subscription failed: 'package:supabase_flutter/src/supabase.dart': Failed assertion: line 45 pos 7: '_instance._isInitialized': You must initialize the supabase instance before calling Supabase.instance
Supabase auth listener not attached (Supabase not initialized?): 'package:supabase_flutter/src/supabase.dart': Failed assertion: line 45 pos 7: '_instance._isInitialized': You must initialize the supabase instance before calling Supabase.instance
loadVerifiedStreamersFromBackend failed: Bad state: Backend unavailable
_refreshAcademicCategories failed: Bad state: Backend unavailable
Realtime public streamer subscription failed: 'package:supabase_flutter/src/supabase.dart': Failed assertion: line 45 pos 7: '_instance._isInitialized': You must initialize the supabase instance before calling Supabase.instance
Realtime academic_categories subscription failed: 'package:supabase_flutter/src/supabase.dart': Failed assertion: line 45 pos 7: '_instance._isInitialized': You must initialize the supabase instance before calling Supabase.instance
Supabase auth listener not attached (Supabase not initialized?): 'package:supabase_flutter/src/supabase.dart': Failed assertion: line 45 pos 7: '_instance._isInitialized': You must initialize the supabase instance before calling Supabase.instance
loadVerifiedStreamersFromBackend failed: Bad state: Backend unavailable
_refreshAcademicCategories failed: Bad state: Backend unavailable
Realtime public streamer subscription failed: 'package:supabase_flutter/src/supabase.dart': Failed assertion: line 45 pos 7: '_instance._isInitialized': You must initialize the supabase instance before calling Supabase.instance
Realtime academic_categories subscription failed: 'package:supabase_flutter/src/supabase.dart': Failed assertion: line 45 pos 7: '_instance._isInitialized': You must initialize the supabase instance before calling Supabase.instance
Supabase auth listener not attached (Supabase not initialized?): 'package:supabase_flutter/src/supabase.dart': Failed assertion: line 45 pos 7: '_instance._isInitialized': You must initialize the supabase instance before calling Supabase.instance
loadVerifiedStreamersFromBackend failed: Bad state: Backend unavailable
_refreshAcademicCategories failed: Bad state: Backend unavailable
Realtime public streamer subscription failed: 'package:supabase_flutter/src/supabase.dart': Failed assertion: line 45 pos 7: '_instance._isInitialized': You must initialize the supabase instance before calling Supabase.instance
Realtime academic_categories subscription failed: 'package:supabase_flutter/src/supabase.dart': Failed assertion: line 45 pos 7: '_instance._isInitialized': You must initialize the supabase instance before calling Supabase.instance
Supabase auth listener not attached (Supabase not initialized?): 'package:supabase_flutter/src/supabase.dart': Failed assertion: line 45 pos 7: '_instance._isInitialized': You must initialize the supabase instance before calling Supabase.instance
loadVerifiedStreamersFromBackend failed: Bad state: Backend unavailable
_refreshAcademicCategories failed: Bad state: Backend unavailable
Realtime public streamer subscription failed: 'package:supabase_flutter/src/supabase.dart': Failed assertion: line 45 pos 7: '_instance._isInitialized': You must initialize the supabase instance before calling Supabase.instance
Realtime academic_categories subscription failed: 'package:supabase_flutter/src/supabase.dart': Failed assertion: line 45 pos 7: '_instance._isInitialized': You must initialize the supabase instance before calling Supabase.instance
Supabase auth listener not attached (Supabase not initialized?): 'package:supabase_flutter/src/supabase.dart': Failed assertion: line 45 pos 7: '_instance._isInitialized': You must initialize the supabase instance before calling Supabase.instance
loadVerifiedStreamersFromBackend failed: Bad state: Backend unavailable
_refreshAcademicCategories failed: Bad state: Backend unavailable
Realtime public streamer subscription failed: 'package:supabase_flutter/src/supabase.dart': Failed assertion: line 45 pos 7: '_instance._isInitialized': You must initialize the supabase instance before calling Supabase.instance
Realtime academic_categories subscription failed: 'package:supabase_flutter/src/supabase.dart': Failed assertion: line 45 pos 7: '_instance._isInitialized': You must initialize the supabase instance before calling Supabase.instance
Supabase auth listener not attached (Supabase not initialized?): 'package:supabase_flutter/src/supabase.dart': Failed assertion: line 45 pos 7: '_instance._isInitialized': You must initialize the supabase instance before calling Supabase.instance
loadVerifiedStreamersFromBackend failed: Bad state: Backend unavailable
_refreshAcademicCategories failed: Bad state: Backend unavailable
Realtime public streamer subscription failed: 'package:supabase_flutter/src/supabase.dart': Failed assertion: line 45 pos 7: '_instance._isInitialized': You must initialize the supabase instance before calling Supabase.instance
Realtime academic_categories subscription failed: 'package:supabase_flutter/src/supabase.dart': Failed assertion: line 45 pos 7: '_instance._isInitialized': You must initialize the supabase instance before calling Supabase.instance
Supabase auth listener not attached (Supabase not initialized?): 'package:supabase_flutter/src/supabase.dart': Failed assertion: line 45 pos 7: '_instance._isInitialized': You must initialize the supabase instance before calling Supabase.instance
loadVerifiedStreamersFromBackend failed: Bad state: Backend unavailable
_refreshAcademicCategories failed: Bad state: Backend unavailable
Realtime public streamer subscription failed: 'package:supabase_flutter/src/supabase.dart': Failed assertion: line 45 pos 7: '_instance._isInitialized': You must initialize the supabase instance before calling Supabase.instance
Realtime academic_categories subscription failed: 'package:supabase_flutter/src/supabase.dart': Failed assertion: line 45 pos 7: '_instance._isInitialized': You must initialize the supabase instance before calling Supabase.instance
Supabase auth listener not attached (Supabase not initialized?): 'package:supabase_flutter/src/supabase.dart': Failed assertion: line 45 pos 7: '_instance._isInitialized': You must initialize the supabase instance before calling Supabase.instance
loadVerifiedStreamersFromBackend failed: Bad state: Backend unavailable
_refreshAcademicCategories failed: Bad state: Backend unavailable
Realtime public streamer subscription failed: 'package:supabase_flutter/src/supabase.dart': Failed assertion: line 45 pos 7: '_instance._isInitialized': You must initialize the supabase instance before calling Supabase.instance
Realtime academic_categories subscription failed: 'package:supabase_flutter/src/supabase.dart': Failed assertion: line 45 pos 7: '_instance._isInitialized': You must initialize the supabase instance before calling Supabase.instance
Supabase auth listener not attached (Supabase not initialized?): 'package:supabase_flutter/src/supabase.dart': Failed assertion: line 45 pos 7: '_instance._isInitialized': You must initialize the supabase instance before calling Supabase.instance
loadVerifiedStreamersFromBackend failed: Bad state: Backend unavailable
_refreshAcademicCategories failed: Bad state: Backend unavailable
Realtime public streamer subscription failed: 'package:supabase_flutter/src/supabase.dart': Failed assertion: line 45 pos 7: '_instance._isInitialized': You must initialize the supabase instance before calling Supabase.instance
Realtime academic_categories subscription failed: 'package:supabase_flutter/src/supabase.dart': Failed assertion: line 45 pos 7: '_instance._isInitialized': You must initialize the supabase instance before calling Supabase.instance
Supabase auth listener not attached (Supabase not initialized?): 'package:supabase_flutter/src/supabase.dart': Failed assertion: line 45 pos 7: '_instance._isInitialized': You must initialize the supabase instance before calling Supabase.instance
loadVerifiedStreamersFromBackend failed: Bad state: Backend unavailable
_refreshAcademicCategories failed: Bad state: Backend unavailable
Realtime public streamer subscription failed: 'package:supabase_flutter/src/supabase.dart': Failed assertion: line 45 pos 7: '_instance._isInitialized': You must initialize the supabase instance before calling Supabase.instance
Realtime academic_categories subscription failed: 'package:supabase_flutter/src/supabase.dart': Failed assertion: line 45 pos 7: '_instance._isInitialized': You must initialize the supabase instance before calling Supabase.instance
Supabase auth listener not attached (Supabase not initialized?): 'package:supabase_flutter/src/supabase.dart': Failed assertion: line 45 pos 7: '_instance._isInitialized': You must initialize the supabase instance before calling Supabase.instance
loadVerifiedStreamersFromBackend failed: Bad state: Backend unavailable
_refreshAcademicCategories failed: Bad state: Backend unavailable
Realtime public streamer subscription failed: 'package:supabase_flutter/src/supabase.dart': Failed assertion: line 45 pos 7: '_instance._isInitialized': You must initialize the supabase instance before calling Supabase.instance
Realtime academic_categories subscription failed: 'package:supabase_flutter/src/supabase.dart': Failed assertion: line 45 pos 7: '_instance._isInitialized': You must initialize the supabase instance before calling Supabase.instance
Supabase auth listener not attached (Supabase not initialized?): 'package:supabase_flutter/src/supabase.dart': Failed assertion: line 45 pos 7: '_instance._isInitialized': You must initialize the supabase instance before calling Supabase.instance
loadVerifiedStreamersFromBackend failed: Bad state: Backend unavailable
_refreshAcademicCategories failed: Bad state: Backend unavailable
Realtime public streamer subscription failed: 'package:supabase_flutter/src/supabase.dart': Failed assertion: line 45 pos 7: '_instance._isInitialized': You must initialize the supabase instance before calling Supabase.instance
Realtime academic_categories subscription failed: 'package:supabase_flutter/src/supabase.dart': Failed assertion: line 45 pos 7: '_instance._isInitialized': You must initialize the supabase instance before calling Supabase.instance
Supabase auth listener not attached (Supabase not initialized?): 'package:supabase_flutter/src/supabase.dart': Failed assertion: line 45 pos 7: '_instance._isInitialized': You must initialize the supabase instance before calling Supabase.instance
loadVerifiedStreamersFromBackend failed: Bad state: Backend unavailable
_refreshAcademicCategories failed: Bad state: Backend unavailable
00:42 +46: C:/Users/User/.codex/worktrees/hadayah-wave4v2-integration/Streamer_app/project/test/layout_sweep_test.dart: sheet vod player ar at all sizes and text scales
Realtime public streamer subscription failed: 'package:supabase_flutter/src/supabase.dart': Failed assertion: line 45 pos 7: '_instance._isInitialized': You must initialize the supabase instance before calling Supabase.instance
Realtime academic_categories subscription failed: 'package:supabase_flutter/src/supabase.dart': Failed assertion: line 45 pos 7: '_instance._isInitialized': You must initialize the supabase instance before calling Supabase.instance
Supabase auth listener not attached (Supabase not initialized?): 'package:supabase_flutter/src/supabase.dart': Failed assertion: line 45 pos 7: '_instance._isInitialized': You must initialize the supabase instance before calling Supabase.instance
loadVerifiedStreamersFromBackend failed: Bad state: Backend unavailable
_refreshAcademicCategories failed: Bad state: Backend unavailable
Realtime public streamer subscription failed: 'package:supabase_flutter/src/supabase.dart': Failed assertion: line 45 pos 7: '_instance._isInitialized': You must initialize the supabase instance before calling Supabase.instance
Realtime academic_categories subscription failed: 'package:supabase_flutter/src/supabase.dart': Failed assertion: line 45 pos 7: '_instance._isInitialized': You must initialize the supabase instance before calling Supabase.instance
Supabase auth listener not attached (Supabase not initialized?): 'package:supabase_flutter/src/supabase.dart': Failed assertion: line 45 pos 7: '_instance._isInitialized': You must initialize the supabase instance before calling Supabase.instance
loadVerifiedStreamersFromBackend failed: Bad state: Backend unavailable
_refreshAcademicCategories failed: Bad state: Backend unavailable
Realtime public streamer subscription failed: 'package:supabase_flutter/src/supabase.dart': Failed assertion: line 45 pos 7: '_instance._isInitialized': You must initialize the supabase instance before calling Supabase.instance
Realtime academic_categories subscription failed: 'package:supabase_flutter/src/supabase.dart': Failed assertion: line 45 pos 7: '_instance._isInitialized': You must initialize the supabase instance before calling Supabase.instance
Supabase auth listener not attached (Supabase not initialized?): 'package:supabase_flutter/src/supabase.dart': Failed assertion: line 45 pos 7: '_instance._isInitialized': You must initialize the supabase instance before calling Supabase.instance
loadVerifiedStreamersFromBackend failed: Bad state: Backend unavailable
_refreshAcademicCategories failed: Bad state: Backend unavailable
Realtime public streamer subscription failed: 'package:supabase_flutter/src/supabase.dart': Failed assertion: line 45 pos 7: '_instance._isInitialized': You must initialize the supabase instance before calling Supabase.instance
Realtime academic_categories subscription failed: 'package:supabase_flutter/src/supabase.dart': Failed assertion: line 45 pos 7: '_instance._isInitialized': You must initialize the supabase instance before calling Supabase.instance
Supabase auth listener not attached (Supabase not initialized?): 'package:supabase_flutter/src/supabase.dart': Failed assertion: line 45 pos 7: '_instance._isInitialized': You must initialize the supabase instance before calling Supabase.instance
loadVerifiedStreamersFromBackend failed: Bad state: Backend unavailable
_refreshAcademicCategories failed: Bad state: Backend unavailable
Realtime public streamer subscription failed: 'package:supabase_flutter/src/supabase.dart': Failed assertion: line 45 pos 7: '_instance._isInitialized': You must initialize the supabase instance before calling Supabase.instance
Realtime academic_categories subscription failed: 'package:supabase_flutter/src/supabase.dart': Failed assertion: line 45 pos 7: '_instance._isInitialized': You must initialize the supabase instance before calling Supabase.instance
Supabase auth listener not attached (Supabase not initialized?): 'package:supabase_flutter/src/supabase.dart': Failed assertion: line 45 pos 7: '_instance._isInitialized': You must initialize the supabase instance before calling Supabase.instance
loadVerifiedStreamersFromBackend failed: Bad state: Backend unavailable
_refreshAcademicCategories failed: Bad state: Backend unavailable
Realtime public streamer subscription failed: 'package:supabase_flutter/src/supabase.dart': Failed assertion: line 45 pos 7: '_instance._isInitialized': You must initialize the supabase instance before calling Supabase.instance
Realtime academic_categories subscription failed: 'package:supabase_flutter/src/supabase.dart': Failed assertion: line 45 pos 7: '_instance._isInitialized': You must initialize the supabase instance before calling Supabase.instance
Supabase auth listener not attached (Supabase not initialized?): 'package:supabase_flutter/src/supabase.dart': Failed assertion: line 45 pos 7: '_instance._isInitialized': You must initialize the supabase instance before calling Supabase.instance
loadVerifiedStreamersFromBackend failed: Bad state: Backend unavailable
_refreshAcademicCategories failed: Bad state: Backend unavailable
Realtime public streamer subscription failed: 'package:supabase_flutter/src/supabase.dart': Failed assertion: line 45 pos 7: '_instance._isInitialized': You must initialize the supabase instance before calling Supabase.instance
Realtime academic_categories subscription failed: 'package:supabase_flutter/src/supabase.dart': Failed assertion: line 45 pos 7: '_instance._isInitialized': You must initialize the supabase instance before calling Supabase.instance
Supabase auth listener not attached (Supabase not initialized?): 'package:supabase_flutter/src/supabase.dart': Failed assertion: line 45 pos 7: '_instance._isInitialized': You must initialize the supabase instance before calling Supabase.instance
loadVerifiedStreamersFromBackend failed: Bad state: Backend unavailable
_refreshAcademicCategories failed: Bad state: Backend unavailable
Realtime public streamer subscription failed: 'package:supabase_flutter/src/supabase.dart': Failed assertion: line 45 pos 7: '_instance._isInitialized': You must initialize the supabase instance before calling Supabase.instance
Realtime academic_categories subscription failed: 'package:supabase_flutter/src/supabase.dart': Failed assertion: line 45 pos 7: '_instance._isInitialized': You must initialize the supabase instance before calling Supabase.instance
Supabase auth listener not attached (Supabase not initialized?): 'package:supabase_flutter/src/supabase.dart': Failed assertion: line 45 pos 7: '_instance._isInitialized': You must initialize the supabase instance before calling Supabase.instance
loadVerifiedStreamersFromBackend failed: Bad state: Backend unavailable
_refreshAcademicCategories failed: Bad state: Backend unavailable
Realtime public streamer subscription failed: 'package:supabase_flutter/src/supabase.dart': Failed assertion: line 45 pos 7: '_instance._isInitialized': You must initialize the supabase instance before calling Supabase.instance
Realtime academic_categories subscription failed: 'package:supabase_flutter/src/supabase.dart': Failed assertion: line 45 pos 7: '_instance._isInitialized': You must initialize the supabase instance before calling Supabase.instance
Supabase auth listener not attached (Supabase not initialized?): 'package:supabase_flutter/src/supabase.dart': Failed assertion: line 45 pos 7: '_instance._isInitialized': You must initialize the supabase instance before calling Supabase.instance
loadVerifiedStreamersFromBackend failed: Bad state: Backend unavailable
_refreshAcademicCategories failed: Bad state: Backend unavailable
Realtime public streamer subscription failed: 'package:supabase_flutter/src/supabase.dart': Failed assertion: line 45 pos 7: '_instance._isInitialized': You must initialize the supabase instance before calling Supabase.instance
Realtime academic_categories subscription failed: 'package:supabase_flutter/src/supabase.dart': Failed assertion: line 45 pos 7: '_instance._isInitialized': You must initialize the supabase instance before calling Supabase.instance
Supabase auth listener not attached (Supabase not initialized?): 'package:supabase_flutter/src/supabase.dart': Failed assertion: line 45 pos 7: '_instance._isInitialized': You must initialize the supabase instance before calling Supabase.instance
loadVerifiedStreamersFromBackend failed: Bad state: Backend unavailable
_refreshAcademicCategories failed: Bad state: Backend unavailable
Realtime public streamer subscription failed: 'package:supabase_flutter/src/supabase.dart': Failed assertion: line 45 pos 7: '_instance._isInitialized': You must initialize the supabase instance before calling Supabase.instance
Realtime academic_categories subscription failed: 'package:supabase_flutter/src/supabase.dart': Failed assertion: line 45 pos 7: '_instance._isInitialized': You must initialize the supabase instance before calling Supabase.instance
Supabase auth listener not attached (Supabase not initialized?): 'package:supabase_flutter/src/supabase.dart': Failed assertion: line 45 pos 7: '_instance._isInitialized': You must initialize the supabase instance before calling Supabase.instance
loadVerifiedStreamersFromBackend failed: Bad state: Backend unavailable
_refreshAcademicCategories failed: Bad state: Backend unavailable
Realtime public streamer subscription failed: 'package:supabase_flutter/src/supabase.dart': Failed assertion: line 45 pos 7: '_instance._isInitialized': You must initialize the supabase instance before calling Supabase.instance
Realtime academic_categories subscription failed: 'package:supabase_flutter/src/supabase.dart': Failed assertion: line 45 pos 7: '_instance._isInitialized': You must initialize the supabase instance before calling Supabase.instance
Supabase auth listener not attached (Supabase not initialized?): 'package:supabase_flutter/src/supabase.dart': Failed assertion: line 45 pos 7: '_instance._isInitialized': You must initialize the supabase instance before calling Supabase.instance
loadVerifiedStreamersFromBackend failed: Bad state: Backend unavailable
_refreshAcademicCategories failed: Bad state: Backend unavailable
Realtime public streamer subscription failed: 'package:supabase_flutter/src/supabase.dart': Failed assertion: line 45 pos 7: '_instance._isInitialized': You must initialize the supabase instance before calling Supabase.instance
Realtime academic_categories subscription failed: 'package:supabase_flutter/src/supabase.dart': Failed assertion: line 45 pos 7: '_instance._isInitialized': You must initialize the supabase instance before calling Supabase.instance
Supabase auth listener not attached (Supabase not initialized?): 'package:supabase_flutter/src/supabase.dart': Failed assertion: line 45 pos 7: '_instance._isInitialized': You must initialize the supabase instance before calling Supabase.instance
loadVerifiedStreamersFromBackend failed: Bad state: Backend unavailable
_refreshAcademicCategories failed: Bad state: Backend unavailable
Realtime public streamer subscription failed: 'package:supabase_flutter/src/supabase.dart': Failed assertion: line 45 pos 7: '_instance._isInitialized': You must initialize the supabase instance before calling Supabase.instance
Realtime academic_categories subscription failed: 'package:supabase_flutter/src/supabase.dart': Failed assertion: line 45 pos 7: '_instance._isInitialized': You must initialize the supabase instance before calling Supabase.instance
Supabase auth listener not attached (Supabase not initialized?): 'package:supabase_flutter/src/supabase.dart': Failed assertion: line 45 pos 7: '_instance._isInitialized': You must initialize the supabase instance before calling Supabase.instance
loadVerifiedStreamersFromBackend failed: Bad state: Backend unavailable
_refreshAcademicCategories failed: Bad state: Backend unavailable
Realtime public streamer subscription failed: 'package:supabase_flutter/src/supabase.dart': Failed assertion: line 45 pos 7: '_instance._isInitialized': You must initialize the supabase instance before calling Supabase.instance
Realtime academic_categories subscription failed: 'package:supabase_flutter/src/supabase.dart': Failed assertion: line 45 pos 7: '_instance._isInitialized': You must initialize the supabase instance before calling Supabase.instance
Supabase auth listener not attached (Supabase not initialized?): 'package:supabase_flutter/src/supabase.dart': Failed assertion: line 45 pos 7: '_instance._isInitialized': You must initialize the supabase instance before calling Supabase.instance
loadVerifiedStreamersFromBackend failed: Bad state: Backend unavailable
_refreshAcademicCategories failed: Bad state: Backend unavailable
Realtime public streamer subscription failed: 'package:supabase_flutter/src/supabase.dart': Failed assertion: line 45 pos 7: '_instance._isInitialized': You must initialize the supabase instance before calling Supabase.instance
Realtime academic_categories subscription failed: 'package:supabase_flutter/src/supabase.dart': Failed assertion: line 45 pos 7: '_instance._isInitialized': You must initialize the supabase instance before calling Supabase.instance
Supabase auth listener not attached (Supabase not initialized?): 'package:supabase_flutter/src/supabase.dart': Failed assertion: line 45 pos 7: '_instance._isInitialized': You must initialize the supabase instance before calling Supabase.instance
loadVerifiedStreamersFromBackend failed: Bad state: Backend unavailable
_refreshAcademicCategories failed: Bad state: Backend unavailable
Realtime public streamer subscription failed: 'package:supabase_flutter/src/supabase.dart': Failed assertion: line 45 pos 7: '_instance._isInitialized': You must initialize the supabase instance before calling Supabase.instance
Realtime academic_categories subscription failed: 'package:supabase_flutter/src/supabase.dart': Failed assertion: line 45 pos 7: '_instance._isInitialized': You must initialize the supabase instance before calling Supabase.instance
Supabase auth listener not attached (Supabase not initialized?): 'package:supabase_flutter/src/supabase.dart': Failed assertion: line 45 pos 7: '_instance._isInitialized': You must initialize the supabase instance before calling Supabase.instance
loadVerifiedStreamersFromBackend failed: Bad state: Backend unavailable
_refreshAcademicCategories failed: Bad state: Backend unavailable
Realtime public streamer subscription failed: 'package:supabase_flutter/src/supabase.dart': Failed assertion: line 45 pos 7: '_instance._isInitialized': You must initialize the supabase instance before calling Supabase.instance
Realtime academic_categories subscription failed: 'package:supabase_flutter/src/supabase.dart': Failed assertion: line 45 pos 7: '_instance._isInitialized': You must initialize the supabase instance before calling Supabase.instance
Supabase auth listener not attached (Supabase not initialized?): 'package:supabase_flutter/src/supabase.dart': Failed assertion: line 45 pos 7: '_instance._isInitialized': You must initialize the supabase instance before calling Supabase.instance
loadVerifiedStreamersFromBackend failed: Bad state: Backend unavailable
_refreshAcademicCategories failed: Bad state: Backend unavailable
Realtime public streamer subscription failed: 'package:supabase_flutter/src/supabase.dart': Failed assertion: line 45 pos 7: '_instance._isInitialized': You must initialize the supabase instance before calling Supabase.instance
Realtime academic_categories subscription failed: 'package:supabase_flutter/src/supabase.dart': Failed assertion: line 45 pos 7: '_instance._isInitialized': You must initialize the supabase instance before calling Supabase.instance
Supabase auth listener not attached (Supabase not initialized?): 'package:supabase_flutter/src/supabase.dart': Failed assertion: line 45 pos 7: '_instance._isInitialized': You must initialize the supabase instance before calling Supabase.instance
loadVerifiedStreamersFromBackend failed: Bad state: Backend unavailable
_refreshAcademicCategories failed: Bad state: Backend unavailable
Realtime public streamer subscription failed: 'package:supabase_flutter/src/supabase.dart': Failed assertion: line 45 pos 7: '_instance._isInitialized': You must initialize the supabase instance before calling Supabase.instance
Realtime academic_categories subscription failed: 'package:supabase_flutter/src/supabase.dart': Failed assertion: line 45 pos 7: '_instance._isInitialized': You must initialize the supabase instance before calling Supabase.instance
Supabase auth listener not attached (Supabase not initialized?): 'package:supabase_flutter/src/supabase.dart': Failed assertion: line 45 pos 7: '_instance._isInitialized': You must initialize the supabase instance before calling Supabase.instance
loadVerifiedStreamersFromBackend failed: Bad state: Backend unavailable
_refreshAcademicCategories failed: Bad state: Backend unavailable
Realtime public streamer subscription failed: 'package:supabase_flutter/src/supabase.dart': Failed assertion: line 45 pos 7: '_instance._isInitialized': You must initialize the supabase instance before calling Supabase.instance
Realtime academic_categories subscription failed: 'package:supabase_flutter/src/supabase.dart': Failed assertion: line 45 pos 7: '_instance._isInitialized': You must initialize the supabase instance before calling Supabase.instance
Supabase auth listener not attached (Supabase not initialized?): 'package:supabase_flutter/src/supabase.dart': Failed assertion: line 45 pos 7: '_instance._isInitialized': You must initialize the supabase instance before calling Supabase.instance
loadVerifiedStreamersFromBackend failed: Bad state: Backend unavailable
_refreshAcademicCategories failed: Bad state: Backend unavailable
00:42 +47: C:/Users/User/.codex/worktrees/hadayah-wave4v2-integration/Streamer_app/project/test/layout_sweep_test.dart: sheet join org en at all sizes and text scales
Realtime public streamer subscription failed: 'package:supabase_flutter/src/supabase.dart': Failed assertion: line 45 pos 7: '_instance._isInitialized': You must initialize the supabase instance before calling Supabase.instance
Realtime academic_categories subscription failed: 'package:supabase_flutter/src/supabase.dart': Failed assertion: line 45 pos 7: '_instance._isInitialized': You must initialize the supabase instance before calling Supabase.instance
Supabase auth listener not attached (Supabase not initialized?): 'package:supabase_flutter/src/supabase.dart': Failed assertion: line 45 pos 7: '_instance._isInitialized': You must initialize the supabase instance before calling Supabase.instance
loadVerifiedStreamersFromBackend failed: Bad state: Backend unavailable
_refreshAcademicCategories failed: Bad state: Backend unavailable
Realtime public streamer subscription failed: 'package:supabase_flutter/src/supabase.dart': Failed assertion: line 45 pos 7: '_instance._isInitialized': You must initialize the supabase instance before calling Supabase.instance
Realtime academic_categories subscription failed: 'package:supabase_flutter/src/supabase.dart': Failed assertion: line 45 pos 7: '_instance._isInitialized': You must initialize the supabase instance before calling Supabase.instance
Supabase auth listener not attached (Supabase not initialized?): 'package:supabase_flutter/src/supabase.dart': Failed assertion: line 45 pos 7: '_instance._isInitialized': You must initialize the supabase instance before calling Supabase.instance
loadVerifiedStreamersFromBackend failed: Bad state: Backend unavailable
_refreshAcademicCategories failed: Bad state: Backend unavailable
Realtime public streamer subscription failed: 'package:supabase_flutter/src/supabase.dart': Failed assertion: line 45 pos 7: '_instance._isInitialized': You must initialize the supabase instance before calling Supabase.instance
Realtime academic_categories subscription failed: 'package:supabase_flutter/src/supabase.dart': Failed assertion: line 45 pos 7: '_instance._isInitialized': You must initialize the supabase instance before calling Supabase.instance
Supabase auth listener not attached (Supabase not initialized?): 'package:supabase_flutter/src/supabase.dart': Failed assertion: line 45 pos 7: '_instance._isInitialized': You must initialize the supabase instance before calling Supabase.instance
loadVerifiedStreamersFromBackend failed: Bad state: Backend unavailable
_refreshAcademicCategories failed: Bad state: Backend unavailable
Realtime public streamer subscription failed: 'package:supabase_flutter/src/supabase.dart': Failed assertion: line 45 pos 7: '_instance._isInitialized': You must initialize the supabase instance before calling Supabase.instance
Realtime academic_categories subscription failed: 'package:supabase_flutter/src/supabase.dart': Failed assertion: line 45 pos 7: '_instance._isInitialized': You must initialize the supabase instance before calling Supabase.instance
Supabase auth listener not attached (Supabase not initialized?): 'package:supabase_flutter/src/supabase.dart': Failed assertion: line 45 pos 7: '_instance._isInitialized': You must initialize the supabase instance before calling Supabase.instance
loadVerifiedStreamersFromBackend failed: Bad state: Backend unavailable
_refreshAcademicCategories failed: Bad state: Backend unavailable
Realtime public streamer subscription failed: 'package:supabase_flutter/src/supabase.dart': Failed assertion: line 45 pos 7: '_instance._isInitialized': You must initialize the supabase instance before calling Supabase.instance
Realtime academic_categories subscription failed: 'package:supabase_flutter/src/supabase.dart': Failed assertion: line 45 pos 7: '_instance._isInitialized': You must initialize the supabase instance before calling Supabase.instance
Supabase auth listener not attached (Supabase not initialized?): 'package:supabase_flutter/src/supabase.dart': Failed assertion: line 45 pos 7: '_instance._isInitialized': You must initialize the supabase instance before calling Supabase.instance
loadVerifiedStreamersFromBackend failed: Bad state: Backend unavailable
_refreshAcademicCategories failed: Bad state: Backend unavailable
Realtime public streamer subscription failed: 'package:supabase_flutter/src/supabase.dart': Failed assertion: line 45 pos 7: '_instance._isInitialized': You must initialize the supabase instance before calling Supabase.instance
Realtime academic_categories subscription failed: 'package:supabase_flutter/src/supabase.dart': Failed assertion: line 45 pos 7: '_instance._isInitialized': You must initialize the supabase instance before calling Supabase.instance
Supabase auth listener not attached (Supabase not initialized?): 'package:supabase_flutter/src/supabase.dart': Failed assertion: line 45 pos 7: '_instance._isInitialized': You must initialize the supabase instance before calling Supabase.instance
loadVerifiedStreamersFromBackend failed: Bad state: Backend unavailable
_refreshAcademicCategories failed: Bad state: Backend unavailable
Realtime public streamer subscription failed: 'package:supabase_flutter/src/supabase.dart': Failed assertion: line 45 pos 7: '_instance._isInitialized': You must initialize the supabase instance before calling Supabase.instance
Realtime academic_categories subscription failed: 'package:supabase_flutter/src/supabase.dart': Failed assertion: line 45 pos 7: '_instance._isInitialized': You must initialize the supabase instance before calling Supabase.instance
Supabase auth listener not attached (Supabase not initialized?): 'package:supabase_flutter/src/supabase.dart': Failed assertion: line 45 pos 7: '_instance._isInitialized': You must initialize the supabase instance before calling Supabase.instance
loadVerifiedStreamersFromBackend failed: Bad state: Backend unavailable
_refreshAcademicCategories failed: Bad state: Backend unavailable
Realtime public streamer subscription failed: 'package:supabase_flutter/src/supabase.dart': Failed assertion: line 45 pos 7: '_instance._isInitialized': You must initialize the supabase instance before calling Supabase.instance
Realtime academic_categories subscription failed: 'package:supabase_flutter/src/supabase.dart': Failed assertion: line 45 pos 7: '_instance._isInitialized': You must initialize the supabase instance before calling Supabase.instance
Supabase auth listener not attached (Supabase not initialized?): 'package:supabase_flutter/src/supabase.dart': Failed assertion: line 45 pos 7: '_instance._isInitialized': You must initialize the supabase instance before calling Supabase.instance
loadVerifiedStreamersFromBackend failed: Bad state: Backend unavailable
_refreshAcademicCategories failed: Bad state: Backend unavailable
Realtime public streamer subscription failed: 'package:supabase_flutter/src/supabase.dart': Failed assertion: line 45 pos 7: '_instance._isInitialized': You must initialize the supabase instance before calling Supabase.instance
Realtime academic_categories subscription failed: 'package:supabase_flutter/src/supabase.dart': Failed assertion: line 45 pos 7: '_instance._isInitialized': You must initialize the supabase instance before calling Supabase.instance
Supabase auth listener not attached (Supabase not initialized?): 'package:supabase_flutter/src/supabase.dart': Failed assertion: line 45 pos 7: '_instance._isInitialized': You must initialize the supabase instance before calling Supabase.instance
loadVerifiedStreamersFromBackend failed: Bad state: Backend unavailable
_refreshAcademicCategories failed: Bad state: Backend unavailable
Realtime public streamer subscription failed: 'package:supabase_flutter/src/supabase.dart': Failed assertion: line 45 pos 7: '_instance._isInitialized': You must initialize the supabase instance before calling Supabase.instance
Realtime academic_categories subscription failed: 'package:supabase_flutter/src/supabase.dart': Failed assertion: line 45 pos 7: '_instance._isInitialized': You must initialize the supabase instance before calling Supabase.instance
Supabase auth listener not attached (Supabase not initialized?): 'package:supabase_flutter/src/supabase.dart': Failed assertion: line 45 pos 7: '_instance._isInitialized': You must initialize the supabase instance before calling Supabase.instance
loadVerifiedStreamersFromBackend failed: Bad state: Backend unavailable
_refreshAcademicCategories failed: Bad state: Backend unavailable
Realtime public streamer subscription failed: 'package:supabase_flutter/src/supabase.dart': Failed assertion: line 45 pos 7: '_instance._isInitialized': You must initialize the supabase instance before calling Supabase.instance
Realtime academic_categories subscription failed: 'package:supabase_flutter/src/supabase.dart': Failed assertion: line 45 pos 7: '_instance._isInitialized': You must initialize the supabase instance before calling Supabase.instance
Supabase auth listener not attached (Supabase not initialized?): 'package:supabase_flutter/src/supabase.dart': Failed assertion: line 45 pos 7: '_instance._isInitialized': You must initialize the supabase instance before calling Supabase.instance
loadVerifiedStreamersFromBackend failed: Bad state: Backend unavailable
_refreshAcademicCategories failed: Bad state: Backend unavailable
Realtime public streamer subscription failed: 'package:supabase_flutter/src/supabase.dart': Failed assertion: line 45 pos 7: '_instance._isInitialized': You must initialize the supabase instance before calling Supabase.instance
Realtime academic_categories subscription failed: 'package:supabase_flutter/src/supabase.dart': Failed assertion: line 45 pos 7: '_instance._isInitialized': You must initialize the supabase instance before calling Supabase.instance
Supabase auth listener not attached (Supabase not initialized?): 'package:supabase_flutter/src/supabase.dart': Failed assertion: line 45 pos 7: '_instance._isInitialized': You must initialize the supabase instance before calling Supabase.instance
loadVerifiedStreamersFromBackend failed: Bad state: Backend unavailable
_refreshAcademicCategories failed: Bad state: Backend unavailable
Realtime public streamer subscription failed: 'package:supabase_flutter/src/supabase.dart': Failed assertion: line 45 pos 7: '_instance._isInitialized': You must initialize the supabase instance before calling Supabase.instance
Realtime academic_categories subscription failed: 'package:supabase_flutter/src/supabase.dart': Failed assertion: line 45 pos 7: '_instance._isInitialized': You must initialize the supabase instance before calling Supabase.instance
Supabase auth listener not attached (Supabase not initialized?): 'package:supabase_flutter/src/supabase.dart': Failed assertion: line 45 pos 7: '_instance._isInitialized': You must initialize the supabase instance before calling Supabase.instance
loadVerifiedStreamersFromBackend failed: Bad state: Backend unavailable
_refreshAcademicCategories failed: Bad state: Backend unavailable
Realtime public streamer subscription failed: 'package:supabase_flutter/src/supabase.dart': Failed assertion: line 45 pos 7: '_instance._isInitialized': You must initialize the supabase instance before calling Supabase.instance
Realtime academic_categories subscription failed: 'package:supabase_flutter/src/supabase.dart': Failed assertion: line 45 pos 7: '_instance._isInitialized': You must initialize the supabase instance before calling Supabase.instance
Supabase auth listener not attached (Supabase not initialized?): 'package:supabase_flutter/src/supabase.dart': Failed assertion: line 45 pos 7: '_instance._isInitialized': You must initialize the supabase instance before calling Supabase.instance
loadVerifiedStreamersFromBackend failed: Bad state: Backend unavailable
_refreshAcademicCategories failed: Bad state: Backend unavailable
Realtime public streamer subscription failed: 'package:supabase_flutter/src/supabase.dart': Failed assertion: line 45 pos 7: '_instance._isInitialized': You must initialize the supabase instance before calling Supabase.instance
Realtime academic_categories subscription failed: 'package:supabase_flutter/src/supabase.dart': Failed assertion: line 45 pos 7: '_instance._isInitialized': You must initialize the supabase instance before calling Supabase.instance
Supabase auth listener not attached (Supabase not initialized?): 'package:supabase_flutter/src/supabase.dart': Failed assertion: line 45 pos 7: '_instance._isInitialized': You must initialize the supabase instance before calling Supabase.instance
loadVerifiedStreamersFromBackend failed: Bad state: Backend unavailable
_refreshAcademicCategories failed: Bad state: Backend unavailable
Realtime public streamer subscription failed: 'package:supabase_flutter/src/supabase.dart': Failed assertion: line 45 pos 7: '_instance._isInitialized': You must initialize the supabase instance before calling Supabase.instance
Realtime academic_categories subscription failed: 'package:supabase_flutter/src/supabase.dart': Failed assertion: line 45 pos 7: '_instance._isInitialized': You must initialize the supabase instance before calling Supabase.instance
Supabase auth listener not attached (Supabase not initialized?): 'package:supabase_flutter/src/supabase.dart': Failed assertion: line 45 pos 7: '_instance._isInitialized': You must initialize the supabase instance before calling Supabase.instance
loadVerifiedStreamersFromBackend failed: Bad state: Backend unavailable
_refreshAcademicCategories failed: Bad state: Backend unavailable
Realtime public streamer subscription failed: 'package:supabase_flutter/src/supabase.dart': Failed assertion: line 45 pos 7: '_instance._isInitialized': You must initialize the supabase instance before calling Supabase.instance
Realtime academic_categories subscription failed: 'package:supabase_flutter/src/supabase.dart': Failed assertion: line 45 pos 7: '_instance._isInitialized': You must initialize the supabase instance before calling Supabase.instance
Supabase auth listener not attached (Supabase not initialized?): 'package:supabase_flutter/src/supabase.dart': Failed assertion: line 45 pos 7: '_instance._isInitialized': You must initialize the supabase instance before calling Supabase.instance
loadVerifiedStreamersFromBackend failed: Bad state: Backend unavailable
_refreshAcademicCategories failed: Bad state: Backend unavailable
Realtime public streamer subscription failed: 'package:supabase_flutter/src/supabase.dart': Failed assertion: line 45 pos 7: '_instance._isInitialized': You must initialize the supabase instance before calling Supabase.instance
Realtime academic_categories subscription failed: 'package:supabase_flutter/src/supabase.dart': Failed assertion: line 45 pos 7: '_instance._isInitialized': You must initialize the supabase instance before calling Supabase.instance
Supabase auth listener not attached (Supabase not initialized?): 'package:supabase_flutter/src/supabase.dart': Failed assertion: line 45 pos 7: '_instance._isInitialized': You must initialize the supabase instance before calling Supabase.instance
loadVerifiedStreamersFromBackend failed: Bad state: Backend unavailable
_refreshAcademicCategories failed: Bad state: Backend unavailable
Realtime public streamer subscription failed: 'package:supabase_flutter/src/supabase.dart': Failed assertion: line 45 pos 7: '_instance._isInitialized': You must initialize the supabase instance before calling Supabase.instance
Realtime academic_categories subscription failed: 'package:supabase_flutter/src/supabase.dart': Failed assertion: line 45 pos 7: '_instance._isInitialized': You must initialize the supabase instance before calling Supabase.instance
Supabase auth listener not attached (Supabase not initialized?): 'package:supabase_flutter/src/supabase.dart': Failed assertion: line 45 pos 7: '_instance._isInitialized': You must initialize the supabase instance before calling Supabase.instance
loadVerifiedStreamersFromBackend failed: Bad state: Backend unavailable
_refreshAcademicCategories failed: Bad state: Backend unavailable
Realtime public streamer subscription failed: 'package:supabase_flutter/src/supabase.dart': Failed assertion: line 45 pos 7: '_instance._isInitialized': You must initialize the supabase instance before calling Supabase.instance
Realtime academic_categories subscription failed: 'package:supabase_flutter/src/supabase.dart': Failed assertion: line 45 pos 7: '_instance._isInitialized': You must initialize the supabase instance before calling Supabase.instance
Supabase auth listener not attached (Supabase not initialized?): 'package:supabase_flutter/src/supabase.dart': Failed assertion: line 45 pos 7: '_instance._isInitialized': You must initialize the supabase instance before calling Supabase.instance
loadVerifiedStreamersFromBackend failed: Bad state: Backend unavailable
_refreshAcademicCategories failed: Bad state: Backend unavailable
Realtime public streamer subscription failed: 'package:supabase_flutter/src/supabase.dart': Failed assertion: line 45 pos 7: '_instance._isInitialized': You must initialize the supabase instance before calling Supabase.instance
Realtime academic_categories subscription failed: 'package:supabase_flutter/src/supabase.dart': Failed assertion: line 45 pos 7: '_instance._isInitialized': You must initialize the supabase instance before calling Supabase.instance
Supabase auth listener not attached (Supabase not initialized?): 'package:supabase_flutter/src/supabase.dart': Failed assertion: line 45 pos 7: '_instance._isInitialized': You must initialize the supabase instance before calling Supabase.instance
loadVerifiedStreamersFromBackend failed: Bad state: Backend unavailable
_refreshAcademicCategories failed: Bad state: Backend unavailable
00:43 +48: C:/Users/User/.codex/worktrees/hadayah-wave4v2-integration/Streamer_app/project/test/layout_sweep_test.dart: sheet join org ar at all sizes and text scales
Realtime public streamer subscription failed: 'package:supabase_flutter/src/supabase.dart': Failed assertion: line 45 pos 7: '_instance._isInitialized': You must initialize the supabase instance before calling Supabase.instance
Realtime academic_categories subscription failed: 'package:supabase_flutter/src/supabase.dart': Failed assertion: line 45 pos 7: '_instance._isInitialized': You must initialize the supabase instance before calling Supabase.instance
Supabase auth listener not attached (Supabase not initialized?): 'package:supabase_flutter/src/supabase.dart': Failed assertion: line 45 pos 7: '_instance._isInitialized': You must initialize the supabase instance before calling Supabase.instance
loadVerifiedStreamersFromBackend failed: Bad state: Backend unavailable
_refreshAcademicCategories failed: Bad state: Backend unavailable
Realtime public streamer subscription failed: 'package:supabase_flutter/src/supabase.dart': Failed assertion: line 45 pos 7: '_instance._isInitialized': You must initialize the supabase instance before calling Supabase.instance
Realtime academic_categories subscription failed: 'package:supabase_flutter/src/supabase.dart': Failed assertion: line 45 pos 7: '_instance._isInitialized': You must initialize the supabase instance before calling Supabase.instance
Supabase auth listener not attached (Supabase not initialized?): 'package:supabase_flutter/src/supabase.dart': Failed assertion: line 45 pos 7: '_instance._isInitialized': You must initialize the supabase instance before calling Supabase.instance
loadVerifiedStreamersFromBackend failed: Bad state: Backend unavailable
_refreshAcademicCategories failed: Bad state: Backend unavailable
Realtime public streamer subscription failed: 'package:supabase_flutter/src/supabase.dart': Failed assertion: line 45 pos 7: '_instance._isInitialized': You must initialize the supabase instance before calling Supabase.instance
Realtime academic_categories subscription failed: 'package:supabase_flutter/src/supabase.dart': Failed assertion: line 45 pos 7: '_instance._isInitialized': You must initialize the supabase instance before calling Supabase.instance
Supabase auth listener not attached (Supabase not initialized?): 'package:supabase_flutter/src/supabase.dart': Failed assertion: line 45 pos 7: '_instance._isInitialized': You must initialize the supabase instance before calling Supabase.instance
loadVerifiedStreamersFromBackend failed: Bad state: Backend unavailable
_refreshAcademicCategories failed: Bad state: Backend unavailable
Realtime public streamer subscription failed: 'package:supabase_flutter/src/supabase.dart': Failed assertion: line 45 pos 7: '_instance._isInitialized': You must initialize the supabase instance before calling Supabase.instance
Realtime academic_categories subscription failed: 'package:supabase_flutter/src/supabase.dart': Failed assertion: line 45 pos 7: '_instance._isInitialized': You must initialize the supabase instance before calling Supabase.instance
Supabase auth listener not attached (Supabase not initialized?): 'package:supabase_flutter/src/supabase.dart': Failed assertion: line 45 pos 7: '_instance._isInitialized': You must initialize the supabase instance before calling Supabase.instance
loadVerifiedStreamersFromBackend failed: Bad state: Backend unavailable
_refreshAcademicCategories failed: Bad state: Backend unavailable
Realtime public streamer subscription failed: 'package:supabase_flutter/src/supabase.dart': Failed assertion: line 45 pos 7: '_instance._isInitialized': You must initialize the supabase instance before calling Supabase.instance
Realtime academic_categories subscription failed: 'package:supabase_flutter/src/supabase.dart': Failed assertion: line 45 pos 7: '_instance._isInitialized': You must initialize the supabase instance before calling Supabase.instance
Supabase auth listener not attached (Supabase not initialized?): 'package:supabase_flutter/src/supabase.dart': Failed assertion: line 45 pos 7: '_instance._isInitialized': You must initialize the supabase instance before calling Supabase.instance
loadVerifiedStreamersFromBackend failed: Bad state: Backend unavailable
_refreshAcademicCategories failed: Bad state: Backend unavailable
Realtime public streamer subscription failed: 'package:supabase_flutter/src/supabase.dart': Failed assertion: line 45 pos 7: '_instance._isInitialized': You must initialize the supabase instance before calling Supabase.instance
Realtime academic_categories subscription failed: 'package:supabase_flutter/src/supabase.dart': Failed assertion: line 45 pos 7: '_instance._isInitialized': You must initialize the supabase instance before calling Supabase.instance
Supabase auth listener not attached (Supabase not initialized?): 'package:supabase_flutter/src/supabase.dart': Failed assertion: line 45 pos 7: '_instance._isInitialized': You must initialize the supabase instance before calling Supabase.instance
loadVerifiedStreamersFromBackend failed: Bad state: Backend unavailable
_refreshAcademicCategories failed: Bad state: Backend unavailable
Realtime public streamer subscription failed: 'package:supabase_flutter/src/supabase.dart': Failed assertion: line 45 pos 7: '_instance._isInitialized': You must initialize the supabase instance before calling Supabase.instance
Realtime academic_categories subscription failed: 'package:supabase_flutter/src/supabase.dart': Failed assertion: line 45 pos 7: '_instance._isInitialized': You must initialize the supabase instance before calling Supabase.instance
Supabase auth listener not attached (Supabase not initialized?): 'package:supabase_flutter/src/supabase.dart': Failed assertion: line 45 pos 7: '_instance._isInitialized': You must initialize the supabase instance before calling Supabase.instance
loadVerifiedStreamersFromBackend failed: Bad state: Backend unavailable
_refreshAcademicCategories failed: Bad state: Backend unavailable
Realtime public streamer subscription failed: 'package:supabase_flutter/src/supabase.dart': Failed assertion: line 45 pos 7: '_instance._isInitialized': You must initialize the supabase instance before calling Supabase.instance
Realtime academic_categories subscription failed: 'package:supabase_flutter/src/supabase.dart': Failed assertion: line 45 pos 7: '_instance._isInitialized': You must initialize the supabase instance before calling Supabase.instance
Supabase auth listener not attached (Supabase not initialized?): 'package:supabase_flutter/src/supabase.dart': Failed assertion: line 45 pos 7: '_instance._isInitialized': You must initialize the supabase instance before calling Supabase.instance
loadVerifiedStreamersFromBackend failed: Bad state: Backend unavailable
_refreshAcademicCategories failed: Bad state: Backend unavailable
Realtime public streamer subscription failed: 'package:supabase_flutter/src/supabase.dart': Failed assertion: line 45 pos 7: '_instance._isInitialized': You must initialize the supabase instance before calling Supabase.instance
Realtime academic_categories subscription failed: 'package:supabase_flutter/src/supabase.dart': Failed assertion: line 45 pos 7: '_instance._isInitialized': You must initialize the supabase instance before calling Supabase.instance
Supabase auth listener not attached (Supabase not initialized?): 'package:supabase_flutter/src/supabase.dart': Failed assertion: line 45 pos 7: '_instance._isInitialized': You must initialize the supabase instance before calling Supabase.instance
loadVerifiedStreamersFromBackend failed: Bad state: Backend unavailable
_refreshAcademicCategories failed: Bad state: Backend unavailable
Realtime public streamer subscription failed: 'package:supabase_flutter/src/supabase.dart': Failed assertion: line 45 pos 7: '_instance._isInitialized': You must initialize the supabase instance before calling Supabase.instance
Realtime academic_categories subscription failed: 'package:supabase_flutter/src/supabase.dart': Failed assertion: line 45 pos 7: '_instance._isInitialized': You must initialize the supabase instance before calling Supabase.instance
Supabase auth listener not attached (Supabase not initialized?): 'package:supabase_flutter/src/supabase.dart': Failed assertion: line 45 pos 7: '_instance._isInitialized': You must initialize the supabase instance before calling Supabase.instance
loadVerifiedStreamersFromBackend failed: Bad state: Backend unavailable
_refreshAcademicCategories failed: Bad state: Backend unavailable
Realtime public streamer subscription failed: 'package:supabase_flutter/src/supabase.dart': Failed assertion: line 45 pos 7: '_instance._isInitialized': You must initialize the supabase instance before calling Supabase.instance
Realtime academic_categories subscription failed: 'package:supabase_flutter/src/supabase.dart': Failed assertion: line 45 pos 7: '_instance._isInitialized': You must initialize the supabase instance before calling Supabase.instance
Supabase auth listener not attached (Supabase not initialized?): 'package:supabase_flutter/src/supabase.dart': Failed assertion: line 45 pos 7: '_instance._isInitialized': You must initialize the supabase instance before calling Supabase.instance
loadVerifiedStreamersFromBackend failed: Bad state: Backend unavailable
_refreshAcademicCategories failed: Bad state: Backend unavailable
Realtime public streamer subscription failed: 'package:supabase_flutter/src/supabase.dart': Failed assertion: line 45 pos 7: '_instance._isInitialized': You must initialize the supabase instance before calling Supabase.instance
Realtime academic_categories subscription failed: 'package:supabase_flutter/src/supabase.dart': Failed assertion: line 45 pos 7: '_instance._isInitialized': You must initialize the supabase instance before calling Supabase.instance
Supabase auth listener not attached (Supabase not initialized?): 'package:supabase_flutter/src/supabase.dart': Failed assertion: line 45 pos 7: '_instance._isInitialized': You must initialize the supabase instance before calling Supabase.instance
loadVerifiedStreamersFromBackend failed: Bad state: Backend unavailable
_refreshAcademicCategories failed: Bad state: Backend unavailable
Realtime public streamer subscription failed: 'package:supabase_flutter/src/supabase.dart': Failed assertion: line 45 pos 7: '_instance._isInitialized': You must initialize the supabase instance before calling Supabase.instance
Realtime academic_categories subscription failed: 'package:supabase_flutter/src/supabase.dart': Failed assertion: line 45 pos 7: '_instance._isInitialized': You must initialize the supabase instance before calling Supabase.instance
Supabase auth listener not attached (Supabase not initialized?): 'package:supabase_flutter/src/supabase.dart': Failed assertion: line 45 pos 7: '_instance._isInitialized': You must initialize the supabase instance before calling Supabase.instance
loadVerifiedStreamersFromBackend failed: Bad state: Backend unavailable
_refreshAcademicCategories failed: Bad state: Backend unavailable
Realtime public streamer subscription failed: 'package:supabase_flutter/src/supabase.dart': Failed assertion: line 45 pos 7: '_instance._isInitialized': You must initialize the supabase instance before calling Supabase.instance
Realtime academic_categories subscription failed: 'package:supabase_flutter/src/supabase.dart': Failed assertion: line 45 pos 7: '_instance._isInitialized': You must initialize the supabase instance before calling Supabase.instance
Supabase auth listener not attached (Supabase not initialized?): 'package:supabase_flutter/src/supabase.dart': Failed assertion: line 45 pos 7: '_instance._isInitialized': You must initialize the supabase instance before calling Supabase.instance
loadVerifiedStreamersFromBackend failed: Bad state: Backend unavailable
_refreshAcademicCategories failed: Bad state: Backend unavailable
Realtime public streamer subscription failed: 'package:supabase_flutter/src/supabase.dart': Failed assertion: line 45 pos 7: '_instance._isInitialized': You must initialize the supabase instance before calling Supabase.instance
Realtime academic_categories subscription failed: 'package:supabase_flutter/src/supabase.dart': Failed assertion: line 45 pos 7: '_instance._isInitialized': You must initialize the supabase instance before calling Supabase.instance
Supabase auth listener not attached (Supabase not initialized?): 'package:supabase_flutter/src/supabase.dart': Failed assertion: line 45 pos 7: '_instance._isInitialized': You must initialize the supabase instance before calling Supabase.instance
loadVerifiedStreamersFromBackend failed: Bad state: Backend unavailable
_refreshAcademicCategories failed: Bad state: Backend unavailable
Realtime public streamer subscription failed: 'package:supabase_flutter/src/supabase.dart': Failed assertion: line 45 pos 7: '_instance._isInitialized': You must initialize the supabase instance before calling Supabase.instance
Realtime academic_categories subscription failed: 'package:supabase_flutter/src/supabase.dart': Failed assertion: line 45 pos 7: '_instance._isInitialized': You must initialize the supabase instance before calling Supabase.instance
Supabase auth listener not attached (Supabase not initialized?): 'package:supabase_flutter/src/supabase.dart': Failed assertion: line 45 pos 7: '_instance._isInitialized': You must initialize the supabase instance before calling Supabase.instance
loadVerifiedStreamersFromBackend failed: Bad state: Backend unavailable
_refreshAcademicCategories failed: Bad state: Backend unavailable
Realtime public streamer subscription failed: 'package:supabase_flutter/src/supabase.dart': Failed assertion: line 45 pos 7: '_instance._isInitialized': You must initialize the supabase instance before calling Supabase.instance
Realtime academic_categories subscription failed: 'package:supabase_flutter/src/supabase.dart': Failed assertion: line 45 pos 7: '_instance._isInitialized': You must initialize the supabase instance before calling Supabase.instance
Supabase auth listener not attached (Supabase not initialized?): 'package:supabase_flutter/src/supabase.dart': Failed assertion: line 45 pos 7: '_instance._isInitialized': You must initialize the supabase instance before calling Supabase.instance
loadVerifiedStreamersFromBackend failed: Bad state: Backend unavailable
_refreshAcademicCategories failed: Bad state: Backend unavailable
Realtime public streamer subscription failed: 'package:supabase_flutter/src/supabase.dart': Failed assertion: line 45 pos 7: '_instance._isInitialized': You must initialize the supabase instance before calling Supabase.instance
Realtime academic_categories subscription failed: 'package:supabase_flutter/src/supabase.dart': Failed assertion: line 45 pos 7: '_instance._isInitialized': You must initialize the supabase instance before calling Supabase.instance
Supabase auth listener not attached (Supabase not initialized?): 'package:supabase_flutter/src/supabase.dart': Failed assertion: line 45 pos 7: '_instance._isInitialized': You must initialize the supabase instance before calling Supabase.instance
loadVerifiedStreamersFromBackend failed: Bad state: Backend unavailable
_refreshAcademicCategories failed: Bad state: Backend unavailable
Realtime public streamer subscription failed: 'package:supabase_flutter/src/supabase.dart': Failed assertion: line 45 pos 7: '_instance._isInitialized': You must initialize the supabase instance before calling Supabase.instance
Realtime academic_categories subscription failed: 'package:supabase_flutter/src/supabase.dart': Failed assertion: line 45 pos 7: '_instance._isInitialized': You must initialize the supabase instance before calling Supabase.instance
Supabase auth listener not attached (Supabase not initialized?): 'package:supabase_flutter/src/supabase.dart': Failed assertion: line 45 pos 7: '_instance._isInitialized': You must initialize the supabase instance before calling Supabase.instance
loadVerifiedStreamersFromBackend failed: Bad state: Backend unavailable
_refreshAcademicCategories failed: Bad state: Backend unavailable
Realtime public streamer subscription failed: 'package:supabase_flutter/src/supabase.dart': Failed assertion: line 45 pos 7: '_instance._isInitialized': You must initialize the supabase instance before calling Supabase.instance
Realtime academic_categories subscription failed: 'package:supabase_flutter/src/supabase.dart': Failed assertion: line 45 pos 7: '_instance._isInitialized': You must initialize the supabase instance before calling Supabase.instance
Supabase auth listener not attached (Supabase not initialized?): 'package:supabase_flutter/src/supabase.dart': Failed assertion: line 45 pos 7: '_instance._isInitialized': You must initialize the supabase instance before calling Supabase.instance
loadVerifiedStreamersFromBackend failed: Bad state: Backend unavailable
_refreshAcademicCategories failed: Bad state: Backend unavailable
Realtime public streamer subscription failed: 'package:supabase_flutter/src/supabase.dart': Failed assertion: line 45 pos 7: '_instance._isInitialized': You must initialize the supabase instance before calling Supabase.instance
Realtime academic_categories subscription failed: 'package:supabase_flutter/src/supabase.dart': Failed assertion: line 45 pos 7: '_instance._isInitialized': You must initialize the supabase instance before calling Supabase.instance
Supabase auth listener not attached (Supabase not initialized?): 'package:supabase_flutter/src/supabase.dart': Failed assertion: line 45 pos 7: '_instance._isInitialized': You must initialize the supabase instance before calling Supabase.instance
loadVerifiedStreamersFromBackend failed: Bad state: Backend unavailable
_refreshAcademicCategories failed: Bad state: Backend unavailable
00:44 +49: C:/Users/User/.codex/worktrees/hadayah-wave4v2-integration/Streamer_app/project/test/layout_sweep_test.dart: sheet broadcaster application en at all sizes and text scales
Realtime public streamer subscription failed: 'package:supabase_flutter/src/supabase.dart': Failed assertion: line 45 pos 7: '_instance._isInitialized': You must initialize the supabase instance before calling Supabase.instance
Realtime academic_categories subscription failed: 'package:supabase_flutter/src/supabase.dart': Failed assertion: line 45 pos 7: '_instance._isInitialized': You must initialize the supabase instance before calling Supabase.instance
Supabase auth listener not attached (Supabase not initialized?): 'package:supabase_flutter/src/supabase.dart': Failed assertion: line 45 pos 7: '_instance._isInitialized': You must initialize the supabase instance before calling Supabase.instance
loadVerifiedStreamersFromBackend failed: Bad state: Backend unavailable
_refreshAcademicCategories failed: Bad state: Backend unavailable
Realtime public streamer subscription failed: 'package:supabase_flutter/src/supabase.dart': Failed assertion: line 45 pos 7: '_instance._isInitialized': You must initialize the supabase instance before calling Supabase.instance
Realtime academic_categories subscription failed: 'package:supabase_flutter/src/supabase.dart': Failed assertion: line 45 pos 7: '_instance._isInitialized': You must initialize the supabase instance before calling Supabase.instance
Supabase auth listener not attached (Supabase not initialized?): 'package:supabase_flutter/src/supabase.dart': Failed assertion: line 45 pos 7: '_instance._isInitialized': You must initialize the supabase instance before calling Supabase.instance
loadVerifiedStreamersFromBackend failed: Bad state: Backend unavailable
_refreshAcademicCategories failed: Bad state: Backend unavailable
Realtime public streamer subscription failed: 'package:supabase_flutter/src/supabase.dart': Failed assertion: line 45 pos 7: '_instance._isInitialized': You must initialize the supabase instance before calling Supabase.instance
Realtime academic_categories subscription failed: 'package:supabase_flutter/src/supabase.dart': Failed assertion: line 45 pos 7: '_instance._isInitialized': You must initialize the supabase instance before calling Supabase.instance
Supabase auth listener not attached (Supabase not initialized?): 'package:supabase_flutter/src/supabase.dart': Failed assertion: line 45 pos 7: '_instance._isInitialized': You must initialize the supabase instance before calling Supabase.instance
loadVerifiedStreamersFromBackend failed: Bad state: Backend unavailable
_refreshAcademicCategories failed: Bad state: Backend unavailable
Realtime public streamer subscription failed: 'package:supabase_flutter/src/supabase.dart': Failed assertion: line 45 pos 7: '_instance._isInitialized': You must initialize the supabase instance before calling Supabase.instance
Realtime academic_categories subscription failed: 'package:supabase_flutter/src/supabase.dart': Failed assertion: line 45 pos 7: '_instance._isInitialized': You must initialize the supabase instance before calling Supabase.instance
Supabase auth listener not attached (Supabase not initialized?): 'package:supabase_flutter/src/supabase.dart': Failed assertion: line 45 pos 7: '_instance._isInitialized': You must initialize the supabase instance before calling Supabase.instance
loadVerifiedStreamersFromBackend failed: Bad state: Backend unavailable
_refreshAcademicCategories failed: Bad state: Backend unavailable
Realtime public streamer subscription failed: 'package:supabase_flutter/src/supabase.dart': Failed assertion: line 45 pos 7: '_instance._isInitialized': You must initialize the supabase instance before calling Supabase.instance
Realtime academic_categories subscription failed: 'package:supabase_flutter/src/supabase.dart': Failed assertion: line 45 pos 7: '_instance._isInitialized': You must initialize the supabase instance before calling Supabase.instance
Supabase auth listener not attached (Supabase not initialized?): 'package:supabase_flutter/src/supabase.dart': Failed assertion: line 45 pos 7: '_instance._isInitialized': You must initialize the supabase instance before calling Supabase.instance
loadVerifiedStreamersFromBackend failed: Bad state: Backend unavailable
_refreshAcademicCategories failed: Bad state: Backend unavailable
Realtime public streamer subscription failed: 'package:supabase_flutter/src/supabase.dart': Failed assertion: line 45 pos 7: '_instance._isInitialized': You must initialize the supabase instance before calling Supabase.instance
Realtime academic_categories subscription failed: 'package:supabase_flutter/src/supabase.dart': Failed assertion: line 45 pos 7: '_instance._isInitialized': You must initialize the supabase instance before calling Supabase.instance
Supabase auth listener not attached (Supabase not initialized?): 'package:supabase_flutter/src/supabase.dart': Failed assertion: line 45 pos 7: '_instance._isInitialized': You must initialize the supabase instance before calling Supabase.instance
loadVerifiedStreamersFromBackend failed: Bad state: Backend unavailable
_refreshAcademicCategories failed: Bad state: Backend unavailable
Realtime public streamer subscription failed: 'package:supabase_flutter/src/supabase.dart': Failed assertion: line 45 pos 7: '_instance._isInitialized': You must initialize the supabase instance before calling Supabase.instance
Realtime academic_categories subscription failed: 'package:supabase_flutter/src/supabase.dart': Failed assertion: line 45 pos 7: '_instance._isInitialized': You must initialize the supabase instance before calling Supabase.instance
Supabase auth listener not attached (Supabase not initialized?): 'package:supabase_flutter/src/supabase.dart': Failed assertion: line 45 pos 7: '_instance._isInitialized': You must initialize the supabase instance before calling Supabase.instance
loadVerifiedStreamersFromBackend failed: Bad state: Backend unavailable
_refreshAcademicCategories failed: Bad state: Backend unavailable
Realtime public streamer subscription failed: 'package:supabase_flutter/src/supabase.dart': Failed assertion: line 45 pos 7: '_instance._isInitialized': You must initialize the supabase instance before calling Supabase.instance
Realtime academic_categories subscription failed: 'package:supabase_flutter/src/supabase.dart': Failed assertion: line 45 pos 7: '_instance._isInitialized': You must initialize the supabase instance before calling Supabase.instance
Supabase auth listener not attached (Supabase not initialized?): 'package:supabase_flutter/src/supabase.dart': Failed assertion: line 45 pos 7: '_instance._isInitialized': You must initialize the supabase instance before calling Supabase.instance
loadVerifiedStreamersFromBackend failed: Bad state: Backend unavailable
_refreshAcademicCategories failed: Bad state: Backend unavailable
Realtime public streamer subscription failed: 'package:supabase_flutter/src/supabase.dart': Failed assertion: line 45 pos 7: '_instance._isInitialized': You must initialize the supabase instance before calling Supabase.instance
Realtime academic_categories subscription failed: 'package:supabase_flutter/src/supabase.dart': Failed assertion: line 45 pos 7: '_instance._isInitialized': You must initialize the supabase instance before calling Supabase.instance
Supabase auth listener not attached (Supabase not initialized?): 'package:supabase_flutter/src/supabase.dart': Failed assertion: line 45 pos 7: '_instance._isInitialized': You must initialize the supabase instance before calling Supabase.instance
loadVerifiedStreamersFromBackend failed: Bad state: Backend unavailable
_refreshAcademicCategories failed: Bad state: Backend unavailable
Realtime public streamer subscription failed: 'package:supabase_flutter/src/supabase.dart': Failed assertion: line 45 pos 7: '_instance._isInitialized': You must initialize the supabase instance before calling Supabase.instance
Realtime academic_categories subscription failed: 'package:supabase_flutter/src/supabase.dart': Failed assertion: line 45 pos 7: '_instance._isInitialized': You must initialize the supabase instance before calling Supabase.instance
Supabase auth listener not attached (Supabase not initialized?): 'package:supabase_flutter/src/supabase.dart': Failed assertion: line 45 pos 7: '_instance._isInitialized': You must initialize the supabase instance before calling Supabase.instance
loadVerifiedStreamersFromBackend failed: Bad state: Backend unavailable
_refreshAcademicCategories failed: Bad state: Backend unavailable
Realtime public streamer subscription failed: 'package:supabase_flutter/src/supabase.dart': Failed assertion: line 45 pos 7: '_instance._isInitialized': You must initialize the supabase instance before calling Supabase.instance
Realtime academic_categories subscription failed: 'package:supabase_flutter/src/supabase.dart': Failed assertion: line 45 pos 7: '_instance._isInitialized': You must initialize the supabase instance before calling Supabase.instance
Supabase auth listener not attached (Supabase not initialized?): 'package:supabase_flutter/src/supabase.dart': Failed assertion: line 45 pos 7: '_instance._isInitialized': You must initialize the supabase instance before calling Supabase.instance
loadVerifiedStreamersFromBackend failed: Bad state: Backend unavailable
_refreshAcademicCategories failed: Bad state: Backend unavailable
Realtime public streamer subscription failed: 'package:supabase_flutter/src/supabase.dart': Failed assertion: line 45 pos 7: '_instance._isInitialized': You must initialize the supabase instance before calling Supabase.instance
Realtime academic_categories subscription failed: 'package:supabase_flutter/src/supabase.dart': Failed assertion: line 45 pos 7: '_instance._isInitialized': You must initialize the supabase instance before calling Supabase.instance
Supabase auth listener not attached (Supabase not initialized?): 'package:supabase_flutter/src/supabase.dart': Failed assertion: line 45 pos 7: '_instance._isInitialized': You must initialize the supabase instance before calling Supabase.instance
loadVerifiedStreamersFromBackend failed: Bad state: Backend unavailable
_refreshAcademicCategories failed: Bad state: Backend unavailable
Realtime public streamer subscription failed: 'package:supabase_flutter/src/supabase.dart': Failed assertion: line 45 pos 7: '_instance._isInitialized': You must initialize the supabase instance before calling Supabase.instance
Realtime academic_categories subscription failed: 'package:supabase_flutter/src/supabase.dart': Failed assertion: line 45 pos 7: '_instance._isInitialized': You must initialize the supabase instance before calling Supabase.instance
Supabase auth listener not attached (Supabase not initialized?): 'package:supabase_flutter/src/supabase.dart': Failed assertion: line 45 pos 7: '_instance._isInitialized': You must initialize the supabase instance before calling Supabase.instance
loadVerifiedStreamersFromBackend failed: Bad state: Backend unavailable
_refreshAcademicCategories failed: Bad state: Backend unavailable
Realtime public streamer subscription failed: 'package:supabase_flutter/src/supabase.dart': Failed assertion: line 45 pos 7: '_instance._isInitialized': You must initialize the supabase instance before calling Supabase.instance
Realtime academic_categories subscription failed: 'package:supabase_flutter/src/supabase.dart': Failed assertion: line 45 pos 7: '_instance._isInitialized': You must initialize the supabase instance before calling Supabase.instance
Supabase auth listener not attached (Supabase not initialized?): 'package:supabase_flutter/src/supabase.dart': Failed assertion: line 45 pos 7: '_instance._isInitialized': You must initialize the supabase instance before calling Supabase.instance
loadVerifiedStreamersFromBackend failed: Bad state: Backend unavailable
_refreshAcademicCategories failed: Bad state: Backend unavailable
Realtime public streamer subscription failed: 'package:supabase_flutter/src/supabase.dart': Failed assertion: line 45 pos 7: '_instance._isInitialized': You must initialize the supabase instance before calling Supabase.instance
Realtime academic_categories subscription failed: 'package:supabase_flutter/src/supabase.dart': Failed assertion: line 45 pos 7: '_instance._isInitialized': You must initialize the supabase instance before calling Supabase.instance
Supabase auth listener not attached (Supabase not initialized?): 'package:supabase_flutter/src/supabase.dart': Failed assertion: line 45 pos 7: '_instance._isInitialized': You must initialize the supabase instance before calling Supabase.instance
loadVerifiedStreamersFromBackend failed: Bad state: Backend unavailable
_refreshAcademicCategories failed: Bad state: Backend unavailable
Realtime public streamer subscription failed: 'package:supabase_flutter/src/supabase.dart': Failed assertion: line 45 pos 7: '_instance._isInitialized': You must initialize the supabase instance before calling Supabase.instance
Realtime academic_categories subscription failed: 'package:supabase_flutter/src/supabase.dart': Failed assertion: line 45 pos 7: '_instance._isInitialized': You must initialize the supabase instance before calling Supabase.instance
Supabase auth listener not attached (Supabase not initialized?): 'package:supabase_flutter/src/supabase.dart': Failed assertion: line 45 pos 7: '_instance._isInitialized': You must initialize the supabase instance before calling Supabase.instance
loadVerifiedStreamersFromBackend failed: Bad state: Backend unavailable
_refreshAcademicCategories failed: Bad state: Backend unavailable
Realtime public streamer subscription failed: 'package:supabase_flutter/src/supabase.dart': Failed assertion: line 45 pos 7: '_instance._isInitialized': You must initialize the supabase instance before calling Supabase.instance
Realtime academic_categories subscription failed: 'package:supabase_flutter/src/supabase.dart': Failed assertion: line 45 pos 7: '_instance._isInitialized': You must initialize the supabase instance before calling Supabase.instance
Supabase auth listener not attached (Supabase not initialized?): 'package:supabase_flutter/src/supabase.dart': Failed assertion: line 45 pos 7: '_instance._isInitialized': You must initialize the supabase instance before calling Supabase.instance
loadVerifiedStreamersFromBackend failed: Bad state: Backend unavailable
_refreshAcademicCategories failed: Bad state: Backend unavailable
Realtime public streamer subscription failed: 'package:supabase_flutter/src/supabase.dart': Failed assertion: line 45 pos 7: '_instance._isInitialized': You must initialize the supabase instance before calling Supabase.instance
Realtime academic_categories subscription failed: 'package:supabase_flutter/src/supabase.dart': Failed assertion: line 45 pos 7: '_instance._isInitialized': You must initialize the supabase instance before calling Supabase.instance
Supabase auth listener not attached (Supabase not initialized?): 'package:supabase_flutter/src/supabase.dart': Failed assertion: line 45 pos 7: '_instance._isInitialized': You must initialize the supabase instance before calling Supabase.instance
loadVerifiedStreamersFromBackend failed: Bad state: Backend unavailable
_refreshAcademicCategories failed: Bad state: Backend unavailable
Realtime public streamer subscription failed: 'package:supabase_flutter/src/supabase.dart': Failed assertion: line 45 pos 7: '_instance._isInitialized': You must initialize the supabase instance before calling Supabase.instance
Realtime academic_categories subscription failed: 'package:supabase_flutter/src/supabase.dart': Failed assertion: line 45 pos 7: '_instance._isInitialized': You must initialize the supabase instance before calling Supabase.instance
Supabase auth listener not attached (Supabase not initialized?): 'package:supabase_flutter/src/supabase.dart': Failed assertion: line 45 pos 7: '_instance._isInitialized': You must initialize the supabase instance before calling Supabase.instance
loadVerifiedStreamersFromBackend failed: Bad state: Backend unavailable
_refreshAcademicCategories failed: Bad state: Backend unavailable
Realtime public streamer subscription failed: 'package:supabase_flutter/src/supabase.dart': Failed assertion: line 45 pos 7: '_instance._isInitialized': You must initialize the supabase instance before calling Supabase.instance
Realtime academic_categories subscription failed: 'package:supabase_flutter/src/supabase.dart': Failed assertion: line 45 pos 7: '_instance._isInitialized': You must initialize the supabase instance before calling Supabase.instance
Supabase auth listener not attached (Supabase not initialized?): 'package:supabase_flutter/src/supabase.dart': Failed assertion: line 45 pos 7: '_instance._isInitialized': You must initialize the supabase instance before calling Supabase.instance
loadVerifiedStreamersFromBackend failed: Bad state: Backend unavailable
_refreshAcademicCategories failed: Bad state: Backend unavailable
Realtime public streamer subscription failed: 'package:supabase_flutter/src/supabase.dart': Failed assertion: line 45 pos 7: '_instance._isInitialized': You must initialize the supabase instance before calling Supabase.instance
Realtime academic_categories subscription failed: 'package:supabase_flutter/src/supabase.dart': Failed assertion: line 45 pos 7: '_instance._isInitialized': You must initialize the supabase instance before calling Supabase.instance
Supabase auth listener not attached (Supabase not initialized?): 'package:supabase_flutter/src/supabase.dart': Failed assertion: line 45 pos 7: '_instance._isInitialized': You must initialize the supabase instance before calling Supabase.instance
loadVerifiedStreamersFromBackend failed: Bad state: Backend unavailable
_refreshAcademicCategories failed: Bad state: Backend unavailable
00:48 +50: C:/Users/User/.codex/worktrees/hadayah-wave4v2-integration/Streamer_app/project/test/layout_sweep_test.dart: sheet broadcaster application ar at all sizes and text scales
Realtime public streamer subscription failed: 'package:supabase_flutter/src/supabase.dart': Failed assertion: line 45 pos 7: '_instance._isInitialized': You must initialize the supabase instance before calling Supabase.instance
Realtime academic_categories subscription failed: 'package:supabase_flutter/src/supabase.dart': Failed assertion: line 45 pos 7: '_instance._isInitialized': You must initialize the supabase instance before calling Supabase.instance
Supabase auth listener not attached (Supabase not initialized?): 'package:supabase_flutter/src/supabase.dart': Failed assertion: line 45 pos 7: '_instance._isInitialized': You must initialize the supabase instance before calling Supabase.instance
loadVerifiedStreamersFromBackend failed: Bad state: Backend unavailable
_refreshAcademicCategories failed: Bad state: Backend unavailable
Realtime public streamer subscription failed: 'package:supabase_flutter/src/supabase.dart': Failed assertion: line 45 pos 7: '_instance._isInitialized': You must initialize the supabase instance before calling Supabase.instance
Realtime academic_categories subscription failed: 'package:supabase_flutter/src/supabase.dart': Failed assertion: line 45 pos 7: '_instance._isInitialized': You must initialize the supabase instance before calling Supabase.instance
Supabase auth listener not attached (Supabase not initialized?): 'package:supabase_flutter/src/supabase.dart': Failed assertion: line 45 pos 7: '_instance._isInitialized': You must initialize the supabase instance before calling Supabase.instance
loadVerifiedStreamersFromBackend failed: Bad state: Backend unavailable
_refreshAcademicCategories failed: Bad state: Backend unavailable
Realtime public streamer subscription failed: 'package:supabase_flutter/src/supabase.dart': Failed assertion: line 45 pos 7: '_instance._isInitialized': You must initialize the supabase instance before calling Supabase.instance
Realtime academic_categories subscription failed: 'package:supabase_flutter/src/supabase.dart': Failed assertion: line 45 pos 7: '_instance._isInitialized': You must initialize the supabase instance before calling Supabase.instance
Supabase auth listener not attached (Supabase not initialized?): 'package:supabase_flutter/src/supabase.dart': Failed assertion: line 45 pos 7: '_instance._isInitialized': You must initialize the supabase instance before calling Supabase.instance
loadVerifiedStreamersFromBackend failed: Bad state: Backend unavailable
_refreshAcademicCategories failed: Bad state: Backend unavailable
Realtime public streamer subscription failed: 'package:supabase_flutter/src/supabase.dart': Failed assertion: line 45 pos 7: '_instance._isInitialized': You must initialize the supabase instance before calling Supabase.instance
Realtime academic_categories subscription failed: 'package:supabase_flutter/src/supabase.dart': Failed assertion: line 45 pos 7: '_instance._isInitialized': You must initialize the supabase instance before calling Supabase.instance
Supabase auth listener not attached (Supabase not initialized?): 'package:supabase_flutter/src/supabase.dart': Failed assertion: line 45 pos 7: '_instance._isInitialized': You must initialize the supabase instance before calling Supabase.instance
loadVerifiedStreamersFromBackend failed: Bad state: Backend unavailable
_refreshAcademicCategories failed: Bad state: Backend unavailable
Realtime public streamer subscription failed: 'package:supabase_flutter/src/supabase.dart': Failed assertion: line 45 pos 7: '_instance._isInitialized': You must initialize the supabase instance before calling Supabase.instance
Realtime academic_categories subscription failed: 'package:supabase_flutter/src/supabase.dart': Failed assertion: line 45 pos 7: '_instance._isInitialized': You must initialize the supabase instance before calling Supabase.instance
Supabase auth listener not attached (Supabase not initialized?): 'package:supabase_flutter/src/supabase.dart': Failed assertion: line 45 pos 7: '_instance._isInitialized': You must initialize the supabase instance before calling Supabase.instance
loadVerifiedStreamersFromBackend failed: Bad state: Backend unavailable
_refreshAcademicCategories failed: Bad state: Backend unavailable
Realtime public streamer subscription failed: 'package:supabase_flutter/src/supabase.dart': Failed assertion: line 45 pos 7: '_instance._isInitialized': You must initialize the supabase instance before calling Supabase.instance
Realtime academic_categories subscription failed: 'package:supabase_flutter/src/supabase.dart': Failed assertion: line 45 pos 7: '_instance._isInitialized': You must initialize the supabase instance before calling Supabase.instance
Supabase auth listener not attached (Supabase not initialized?): 'package:supabase_flutter/src/supabase.dart': Failed assertion: line 45 pos 7: '_instance._isInitialized': You must initialize the supabase instance before calling Supabase.instance
loadVerifiedStreamersFromBackend failed: Bad state: Backend unavailable
_refreshAcademicCategories failed: Bad state: Backend unavailable
Realtime public streamer subscription failed: 'package:supabase_flutter/src/supabase.dart': Failed assertion: line 45 pos 7: '_instance._isInitialized': You must initialize the supabase instance before calling Supabase.instance
Realtime academic_categories subscription failed: 'package:supabase_flutter/src/supabase.dart': Failed assertion: line 45 pos 7: '_instance._isInitialized': You must initialize the supabase instance before calling Supabase.instance
Supabase auth listener not attached (Supabase not initialized?): 'package:supabase_flutter/src/supabase.dart': Failed assertion: line 45 pos 7: '_instance._isInitialized': You must initialize the supabase instance before calling Supabase.instance
loadVerifiedStreamersFromBackend failed: Bad state: Backend unavailable
_refreshAcademicCategories failed: Bad state: Backend unavailable
Realtime public streamer subscription failed: 'package:supabase_flutter/src/supabase.dart': Failed assertion: line 45 pos 7: '_instance._isInitialized': You must initialize the supabase instance before calling Supabase.instance
Realtime academic_categories subscription failed: 'package:supabase_flutter/src/supabase.dart': Failed assertion: line 45 pos 7: '_instance._isInitialized': You must initialize the supabase instance before calling Supabase.instance
Supabase auth listener not attached (Supabase not initialized?): 'package:supabase_flutter/src/supabase.dart': Failed assertion: line 45 pos 7: '_instance._isInitialized': You must initialize the supabase instance before calling Supabase.instance
loadVerifiedStreamersFromBackend failed: Bad state: Backend unavailable
_refreshAcademicCategories failed: Bad state: Backend unavailable
Realtime public streamer subscription failed: 'package:supabase_flutter/src/supabase.dart': Failed assertion: line 45 pos 7: '_instance._isInitialized': You must initialize the supabase instance before calling Supabase.instance
Realtime academic_categories subscription failed: 'package:supabase_flutter/src/supabase.dart': Failed assertion: line 45 pos 7: '_instance._isInitialized': You must initialize the supabase instance before calling Supabase.instance
Supabase auth listener not attached (Supabase not initialized?): 'package:supabase_flutter/src/supabase.dart': Failed assertion: line 45 pos 7: '_instance._isInitialized': You must initialize the supabase instance before calling Supabase.instance
loadVerifiedStreamersFromBackend failed: Bad state: Backend unavailable
_refreshAcademicCategories failed: Bad state: Backend unavailable
Realtime public streamer subscription failed: 'package:supabase_flutter/src/supabase.dart': Failed assertion: line 45 pos 7: '_instance._isInitialized': You must initialize the supabase instance before calling Supabase.instance
Realtime academic_categories subscription failed: 'package:supabase_flutter/src/supabase.dart': Failed assertion: line 45 pos 7: '_instance._isInitialized': You must initialize the supabase instance before calling Supabase.instance
Supabase auth listener not attached (Supabase not initialized?): 'package:supabase_flutter/src/supabase.dart': Failed assertion: line 45 pos 7: '_instance._isInitialized': You must initialize the supabase instance before calling Supabase.instance
loadVerifiedStreamersFromBackend failed: Bad state: Backend unavailable
_refreshAcademicCategories failed: Bad state: Backend unavailable
Realtime public streamer subscription failed: 'package:supabase_flutter/src/supabase.dart': Failed assertion: line 45 pos 7: '_instance._isInitialized': You must initialize the supabase instance before calling Supabase.instance
Realtime academic_categories subscription failed: 'package:supabase_flutter/src/supabase.dart': Failed assertion: line 45 pos 7: '_instance._isInitialized': You must initialize the supabase instance before calling Supabase.instance
Supabase auth listener not attached (Supabase not initialized?): 'package:supabase_flutter/src/supabase.dart': Failed assertion: line 45 pos 7: '_instance._isInitialized': You must initialize the supabase instance before calling Supabase.instance
loadVerifiedStreamersFromBackend failed: Bad state: Backend unavailable
_refreshAcademicCategories failed: Bad state: Backend unavailable
Realtime public streamer subscription failed: 'package:supabase_flutter/src/supabase.dart': Failed assertion: line 45 pos 7: '_instance._isInitialized': You must initialize the supabase instance before calling Supabase.instance
Realtime academic_categories subscription failed: 'package:supabase_flutter/src/supabase.dart': Failed assertion: line 45 pos 7: '_instance._isInitialized': You must initialize the supabase instance before calling Supabase.instance
Supabase auth listener not attached (Supabase not initialized?): 'package:supabase_flutter/src/supabase.dart': Failed assertion: line 45 pos 7: '_instance._isInitialized': You must initialize the supabase instance before calling Supabase.instance
loadVerifiedStreamersFromBackend failed: Bad state: Backend unavailable
_refreshAcademicCategories failed: Bad state: Backend unavailable
Realtime public streamer subscription failed: 'package:supabase_flutter/src/supabase.dart': Failed assertion: line 45 pos 7: '_instance._isInitialized': You must initialize the supabase instance before calling Supabase.instance
Realtime academic_categories subscription failed: 'package:supabase_flutter/src/supabase.dart': Failed assertion: line 45 pos 7: '_instance._isInitialized': You must initialize the supabase instance before calling Supabase.instance
Supabase auth listener not attached (Supabase not initialized?): 'package:supabase_flutter/src/supabase.dart': Failed assertion: line 45 pos 7: '_instance._isInitialized': You must initialize the supabase instance before calling Supabase.instance
loadVerifiedStreamersFromBackend failed: Bad state: Backend unavailable
_refreshAcademicCategories failed: Bad state: Backend unavailable
Realtime public streamer subscription failed: 'package:supabase_flutter/src/supabase.dart': Failed assertion: line 45 pos 7: '_instance._isInitialized': You must initialize the supabase instance before calling Supabase.instance
Realtime academic_categories subscription failed: 'package:supabase_flutter/src/supabase.dart': Failed assertion: line 45 pos 7: '_instance._isInitialized': You must initialize the supabase instance before calling Supabase.instance
Supabase auth listener not attached (Supabase not initialized?): 'package:supabase_flutter/src/supabase.dart': Failed assertion: line 45 pos 7: '_instance._isInitialized': You must initialize the supabase instance before calling Supabase.instance
loadVerifiedStreamersFromBackend failed: Bad state: Backend unavailable
_refreshAcademicCategories failed: Bad state: Backend unavailable
Realtime public streamer subscription failed: 'package:supabase_flutter/src/supabase.dart': Failed assertion: line 45 pos 7: '_instance._isInitialized': You must initialize the supabase instance before calling Supabase.instance
Realtime academic_categories subscription failed: 'package:supabase_flutter/src/supabase.dart': Failed assertion: line 45 pos 7: '_instance._isInitialized': You must initialize the supabase instance before calling Supabase.instance
Supabase auth listener not attached (Supabase not initialized?): 'package:supabase_flutter/src/supabase.dart': Failed assertion: line 45 pos 7: '_instance._isInitialized': You must initialize the supabase instance before calling Supabase.instance
loadVerifiedStreamersFromBackend failed: Bad state: Backend unavailable
_refreshAcademicCategories failed: Bad state: Backend unavailable
Realtime public streamer subscription failed: 'package:supabase_flutter/src/supabase.dart': Failed assertion: line 45 pos 7: '_instance._isInitialized': You must initialize the supabase instance before calling Supabase.instance
Realtime academic_categories subscription failed: 'package:supabase_flutter/src/supabase.dart': Failed assertion: line 45 pos 7: '_instance._isInitialized': You must initialize the supabase instance before calling Supabase.instance
Supabase auth listener not attached (Supabase not initialized?): 'package:supabase_flutter/src/supabase.dart': Failed assertion: line 45 pos 7: '_instance._isInitialized': You must initialize the supabase instance before calling Supabase.instance
loadVerifiedStreamersFromBackend failed: Bad state: Backend unavailable
_refreshAcademicCategories failed: Bad state: Backend unavailable
Realtime public streamer subscription failed: 'package:supabase_flutter/src/supabase.dart': Failed assertion: line 45 pos 7: '_instance._isInitialized': You must initialize the supabase instance before calling Supabase.instance
Realtime academic_categories subscription failed: 'package:supabase_flutter/src/supabase.dart': Failed assertion: line 45 pos 7: '_instance._isInitialized': You must initialize the supabase instance before calling Supabase.instance
Supabase auth listener not attached (Supabase not initialized?): 'package:supabase_flutter/src/supabase.dart': Failed assertion: line 45 pos 7: '_instance._isInitialized': You must initialize the supabase instance before calling Supabase.instance
loadVerifiedStreamersFromBackend failed: Bad state: Backend unavailable
_refreshAcademicCategories failed: Bad state: Backend unavailable
Realtime public streamer subscription failed: 'package:supabase_flutter/src/supabase.dart': Failed assertion: line 45 pos 7: '_instance._isInitialized': You must initialize the supabase instance before calling Supabase.instance
Realtime academic_categories subscription failed: 'package:supabase_flutter/src/supabase.dart': Failed assertion: line 45 pos 7: '_instance._isInitialized': You must initialize the supabase instance before calling Supabase.instance
Supabase auth listener not attached (Supabase not initialized?): 'package:supabase_flutter/src/supabase.dart': Failed assertion: line 45 pos 7: '_instance._isInitialized': You must initialize the supabase instance before calling Supabase.instance
loadVerifiedStreamersFromBackend failed: Bad state: Backend unavailable
_refreshAcademicCategories failed: Bad state: Backend unavailable
Realtime public streamer subscription failed: 'package:supabase_flutter/src/supabase.dart': Failed assertion: line 45 pos 7: '_instance._isInitialized': You must initialize the supabase instance before calling Supabase.instance
Realtime academic_categories subscription failed: 'package:supabase_flutter/src/supabase.dart': Failed assertion: line 45 pos 7: '_instance._isInitialized': You must initialize the supabase instance before calling Supabase.instance
Supabase auth listener not attached (Supabase not initialized?): 'package:supabase_flutter/src/supabase.dart': Failed assertion: line 45 pos 7: '_instance._isInitialized': You must initialize the supabase instance before calling Supabase.instance
loadVerifiedStreamersFromBackend failed: Bad state: Backend unavailable
_refreshAcademicCategories failed: Bad state: Backend unavailable
Realtime public streamer subscription failed: 'package:supabase_flutter/src/supabase.dart': Failed assertion: line 45 pos 7: '_instance._isInitialized': You must initialize the supabase instance before calling Supabase.instance
Realtime academic_categories subscription failed: 'package:supabase_flutter/src/supabase.dart': Failed assertion: line 45 pos 7: '_instance._isInitialized': You must initialize the supabase instance before calling Supabase.instance
Supabase auth listener not attached (Supabase not initialized?): 'package:supabase_flutter/src/supabase.dart': Failed assertion: line 45 pos 7: '_instance._isInitialized': You must initialize the supabase instance before calling Supabase.instance
loadVerifiedStreamersFromBackend failed: Bad state: Backend unavailable
_refreshAcademicCategories failed: Bad state: Backend unavailable
Realtime public streamer subscription failed: 'package:supabase_flutter/src/supabase.dart': Failed assertion: line 45 pos 7: '_instance._isInitialized': You must initialize the supabase instance before calling Supabase.instance
Realtime academic_categories subscription failed: 'package:supabase_flutter/src/supabase.dart': Failed assertion: line 45 pos 7: '_instance._isInitialized': You must initialize the supabase instance before calling Supabase.instance
Supabase auth listener not attached (Supabase not initialized?): 'package:supabase_flutter/src/supabase.dart': Failed assertion: line 45 pos 7: '_instance._isInitialized': You must initialize the supabase instance before calling Supabase.instance
loadVerifiedStreamersFromBackend failed: Bad state: Backend unavailable
_refreshAcademicCategories failed: Bad state: Backend unavailable
00:50 +51: C:/Users/User/.codex/worktrees/hadayah-wave4v2-integration/Streamer_app/project/test/layout_sweep_test.dart: empty feed en at all sizes and text scales
Realtime public streamer subscription failed: 'package:supabase_flutter/src/supabase.dart': Failed assertion: line 45 pos 7: '_instance._isInitialized': You must initialize the supabase instance before calling Supabase.instance
Realtime academic_categories subscription failed: 'package:supabase_flutter/src/supabase.dart': Failed assertion: line 45 pos 7: '_instance._isInitialized': You must initialize the supabase instance before calling Supabase.instance
Supabase auth listener not attached (Supabase not initialized?): 'package:supabase_flutter/src/supabase.dart': Failed assertion: line 45 pos 7: '_instance._isInitialized': You must initialize the supabase instance before calling Supabase.instance
loadVerifiedStreamersFromBackend failed: Bad state: Backend unavailable
_refreshAcademicCategories failed: Bad state: Backend unavailable
unhandled element <defs/>; Picture key: Svg loader
Realtime public streamer subscription failed: 'package:supabase_flutter/src/supabase.dart': Failed assertion: line 45 pos 7: '_instance._isInitialized': You must initialize the supabase instance before calling Supabase.instance
Realtime academic_categories subscription failed: 'package:supabase_flutter/src/supabase.dart': Failed assertion: line 45 pos 7: '_instance._isInitialized': You must initialize the supabase instance before calling Supabase.instance
Supabase auth listener not attached (Supabase not initialized?): 'package:supabase_flutter/src/supabase.dart': Failed assertion: line 45 pos 7: '_instance._isInitialized': You must initialize the supabase instance before calling Supabase.instance
loadVerifiedStreamersFromBackend failed: Bad state: Backend unavailable
_refreshAcademicCategories failed: Bad state: Backend unavailable
Realtime public streamer subscription failed: 'package:supabase_flutter/src/supabase.dart': Failed assertion: line 45 pos 7: '_instance._isInitialized': You must initialize the supabase instance before calling Supabase.instance
Realtime academic_categories subscription failed: 'package:supabase_flutter/src/supabase.dart': Failed assertion: line 45 pos 7: '_instance._isInitialized': You must initialize the supabase instance before calling Supabase.instance
Supabase auth listener not attached (Supabase not initialized?): 'package:supabase_flutter/src/supabase.dart': Failed assertion: line 45 pos 7: '_instance._isInitialized': You must initialize the supabase instance before calling Supabase.instance
loadVerifiedStreamersFromBackend failed: Bad state: Backend unavailable
_refreshAcademicCategories failed: Bad state: Backend unavailable
Realtime public streamer subscription failed: 'package:supabase_flutter/src/supabase.dart': Failed assertion: line 45 pos 7: '_instance._isInitialized': You must initialize the supabase instance before calling Supabase.instance
Realtime academic_categories subscription failed: 'package:supabase_flutter/src/supabase.dart': Failed assertion: line 45 pos 7: '_instance._isInitialized': You must initialize the supabase instance before calling Supabase.instance
Supabase auth listener not attached (Supabase not initialized?): 'package:supabase_flutter/src/supabase.dart': Failed assertion: line 45 pos 7: '_instance._isInitialized': You must initialize the supabase instance before calling Supabase.instance
loadVerifiedStreamersFromBackend failed: Bad state: Backend unavailable
_refreshAcademicCategories failed: Bad state: Backend unavailable
Realtime public streamer subscription failed: 'package:supabase_flutter/src/supabase.dart': Failed assertion: line 45 pos 7: '_instance._isInitialized': You must initialize the supabase instance before calling Supabase.instance
Realtime academic_categories subscription failed: 'package:supabase_flutter/src/supabase.dart': Failed assertion: line 45 pos 7: '_instance._isInitialized': You must initialize the supabase instance before calling Supabase.instance
Supabase auth listener not attached (Supabase not initialized?): 'package:supabase_flutter/src/supabase.dart': Failed assertion: line 45 pos 7: '_instance._isInitialized': You must initialize the supabase instance before calling Supabase.instance
loadVerifiedStreamersFromBackend failed: Bad state: Backend unavailable
_refreshAcademicCategories failed: Bad state: Backend unavailable
Realtime public streamer subscription failed: 'package:supabase_flutter/src/supabase.dart': Failed assertion: line 45 pos 7: '_instance._isInitialized': You must initialize the supabase instance before calling Supabase.instance
Realtime academic_categories subscription failed: 'package:supabase_flutter/src/supabase.dart': Failed assertion: line 45 pos 7: '_instance._isInitialized': You must initialize the supabase instance before calling Supabase.instance
Supabase auth listener not attached (Supabase not initialized?): 'package:supabase_flutter/src/supabase.dart': Failed assertion: line 45 pos 7: '_instance._isInitialized': You must initialize the supabase instance before calling Supabase.instance
loadVerifiedStreamersFromBackend failed: Bad state: Backend unavailable
_refreshAcademicCategories failed: Bad state: Backend unavailable
Realtime public streamer subscription failed: 'package:supabase_flutter/src/supabase.dart': Failed assertion: line 45 pos 7: '_instance._isInitialized': You must initialize the supabase instance before calling Supabase.instance
Realtime academic_categories subscription failed: 'package:supabase_flutter/src/supabase.dart': Failed assertion: line 45 pos 7: '_instance._isInitialized': You must initialize the supabase instance before calling Supabase.instance
Supabase auth listener not attached (Supabase not initialized?): 'package:supabase_flutter/src/supabase.dart': Failed assertion: line 45 pos 7: '_instance._isInitialized': You must initialize the supabase instance before calling Supabase.instance
loadVerifiedStreamersFromBackend failed: Bad state: Backend unavailable
_refreshAcademicCategories failed: Bad state: Backend unavailable
Realtime public streamer subscription failed: 'package:supabase_flutter/src/supabase.dart': Failed assertion: line 45 pos 7: '_instance._isInitialized': You must initialize the supabase instance before calling Supabase.instance
Realtime academic_categories subscription failed: 'package:supabase_flutter/src/supabase.dart': Failed assertion: line 45 pos 7: '_instance._isInitialized': You must initialize the supabase instance before calling Supabase.instance
Supabase auth listener not attached (Supabase not initialized?): 'package:supabase_flutter/src/supabase.dart': Failed assertion: line 45 pos 7: '_instance._isInitialized': You must initialize the supabase instance before calling Supabase.instance
loadVerifiedStreamersFromBackend failed: Bad state: Backend unavailable
_refreshAcademicCategories failed: Bad state: Backend unavailable
Realtime public streamer subscription failed: 'package:supabase_flutter/src/supabase.dart': Failed assertion: line 45 pos 7: '_instance._isInitialized': You must initialize the supabase instance before calling Supabase.instance
Realtime academic_categories subscription failed: 'package:supabase_flutter/src/supabase.dart': Failed assertion: line 45 pos 7: '_instance._isInitialized': You must initialize the supabase instance before calling Supabase.instance
Supabase auth listener not attached (Supabase not initialized?): 'package:supabase_flutter/src/supabase.dart': Failed assertion: line 45 pos 7: '_instance._isInitialized': You must initialize the supabase instance before calling Supabase.instance
loadVerifiedStreamersFromBackend failed: Bad state: Backend unavailable
_refreshAcademicCategories failed: Bad state: Backend unavailable
Realtime public streamer subscription failed: 'package:supabase_flutter/src/supabase.dart': Failed assertion: line 45 pos 7: '_instance._isInitialized': You must initialize the supabase instance before calling Supabase.instance
Realtime academic_categories subscription failed: 'package:supabase_flutter/src/supabase.dart': Failed assertion: line 45 pos 7: '_instance._isInitialized': You must initialize the supabase instance before calling Supabase.instance
Supabase auth listener not attached (Supabase not initialized?): 'package:supabase_flutter/src/supabase.dart': Failed assertion: line 45 pos 7: '_instance._isInitialized': You must initialize the supabase instance before calling Supabase.instance
loadVerifiedStreamersFromBackend failed: Bad state: Backend unavailable
_refreshAcademicCategories failed: Bad state: Backend unavailable
Realtime public streamer subscription failed: 'package:supabase_flutter/src/supabase.dart': Failed assertion: line 45 pos 7: '_instance._isInitialized': You must initialize the supabase instance before calling Supabase.instance
Realtime academic_categories subscription failed: 'package:supabase_flutter/src/supabase.dart': Failed assertion: line 45 pos 7: '_instance._isInitialized': You must initialize the supabase instance before calling Supabase.instance
Supabase auth listener not attached (Supabase not initialized?): 'package:supabase_flutter/src/supabase.dart': Failed assertion: line 45 pos 7: '_instance._isInitialized': You must initialize the supabase instance before calling Supabase.instance
loadVerifiedStreamersFromBackend failed: Bad state: Backend unavailable
_refreshAcademicCategories failed: Bad state: Backend unavailable
Realtime public streamer subscription failed: 'package:supabase_flutter/src/supabase.dart': Failed assertion: line 45 pos 7: '_instance._isInitialized': You must initialize the supabase instance before calling Supabase.instance
Realtime academic_categories subscription failed: 'package:supabase_flutter/src/supabase.dart': Failed assertion: line 45 pos 7: '_instance._isInitialized': You must initialize the supabase instance before calling Supabase.instance
Supabase auth listener not attached (Supabase not initialized?): 'package:supabase_flutter/src/supabase.dart': Failed assertion: line 45 pos 7: '_instance._isInitialized': You must initialize the supabase instance before calling Supabase.instance
loadVerifiedStreamersFromBackend failed: Bad state: Backend unavailable
_refreshAcademicCategories failed: Bad state: Backend unavailable
Realtime public streamer subscription failed: 'package:supabase_flutter/src/supabase.dart': Failed assertion: line 45 pos 7: '_instance._isInitialized': You must initialize the supabase instance before calling Supabase.instance
Realtime academic_categories subscription failed: 'package:supabase_flutter/src/supabase.dart': Failed assertion: line 45 pos 7: '_instance._isInitialized': You must initialize the supabase instance before calling Supabase.instance
Supabase auth listener not attached (Supabase not initialized?): 'package:supabase_flutter/src/supabase.dart': Failed assertion: line 45 pos 7: '_instance._isInitialized': You must initialize the supabase instance before calling Supabase.instance
loadVerifiedStreamersFromBackend failed: Bad state: Backend unavailable
_refreshAcademicCategories failed: Bad state: Backend unavailable
Realtime public streamer subscription failed: 'package:supabase_flutter/src/supabase.dart': Failed assertion: line 45 pos 7: '_instance._isInitialized': You must initialize the supabase instance before calling Supabase.instance
Realtime academic_categories subscription failed: 'package:supabase_flutter/src/supabase.dart': Failed assertion: line 45 pos 7: '_instance._isInitialized': You must initialize the supabase instance before calling Supabase.instance
Supabase auth listener not attached (Supabase not initialized?): 'package:supabase_flutter/src/supabase.dart': Failed assertion: line 45 pos 7: '_instance._isInitialized': You must initialize the supabase instance before calling Supabase.instance
loadVerifiedStreamersFromBackend failed: Bad state: Backend unavailable
_refreshAcademicCategories failed: Bad state: Backend unavailable
Realtime public streamer subscription failed: 'package:supabase_flutter/src/supabase.dart': Failed assertion: line 45 pos 7: '_instance._isInitialized': You must initialize the supabase instance before calling Supabase.instance
Realtime academic_categories subscription failed: 'package:supabase_flutter/src/supabase.dart': Failed assertion: line 45 pos 7: '_instance._isInitialized': You must initialize the supabase instance before calling Supabase.instance
Supabase auth listener not attached (Supabase not initialized?): 'package:supabase_flutter/src/supabase.dart': Failed assertion: line 45 pos 7: '_instance._isInitialized': You must initialize the supabase instance before calling Supabase.instance
loadVerifiedStreamersFromBackend failed: Bad state: Backend unavailable
_refreshAcademicCategories failed: Bad state: Backend unavailable
Realtime public streamer subscription failed: 'package:supabase_flutter/src/supabase.dart': Failed assertion: line 45 pos 7: '_instance._isInitialized': You must initialize the supabase instance before calling Supabase.instance
Realtime academic_categories subscription failed: 'package:supabase_flutter/src/supabase.dart': Failed assertion: line 45 pos 7: '_instance._isInitialized': You must initialize the supabase instance before calling Supabase.instance
Supabase auth listener not attached (Supabase not initialized?): 'package:supabase_flutter/src/supabase.dart': Failed assertion: line 45 pos 7: '_instance._isInitialized': You must initialize the supabase instance before calling Supabase.instance
loadVerifiedStreamersFromBackend failed: Bad state: Backend unavailable
_refreshAcademicCategories failed: Bad state: Backend unavailable
Realtime public streamer subscription failed: 'package:supabase_flutter/src/supabase.dart': Failed assertion: line 45 pos 7: '_instance._isInitialized': You must initialize the supabase instance before calling Supabase.instance
Realtime academic_categories subscription failed: 'package:supabase_flutter/src/supabase.dart': Failed assertion: line 45 pos 7: '_instance._isInitialized': You must initialize the supabase instance before calling Supabase.instance
Supabase auth listener not attached (Supabase not initialized?): 'package:supabase_flutter/src/supabase.dart': Failed assertion: line 45 pos 7: '_instance._isInitialized': You must initialize the supabase instance before calling Supabase.instance
loadVerifiedStreamersFromBackend failed: Bad state: Backend unavailable
_refreshAcademicCategories failed: Bad state: Backend unavailable
Realtime public streamer subscription failed: 'package:supabase_flutter/src/supabase.dart': Failed assertion: line 45 pos 7: '_instance._isInitialized': You must initialize the supabase instance before calling Supabase.instance
Realtime academic_categories subscription failed: 'package:supabase_flutter/src/supabase.dart': Failed assertion: line 45 pos 7: '_instance._isInitialized': You must initialize the supabase instance before calling Supabase.instance
Supabase auth listener not attached (Supabase not initialized?): 'package:supabase_flutter/src/supabase.dart': Failed assertion: line 45 pos 7: '_instance._isInitialized': You must initialize the supabase instance before calling Supabase.instance
loadVerifiedStreamersFromBackend failed: Bad state: Backend unavailable
_refreshAcademicCategories failed: Bad state: Backend unavailable
Realtime public streamer subscription failed: 'package:supabase_flutter/src/supabase.dart': Failed assertion: line 45 pos 7: '_instance._isInitialized': You must initialize the supabase instance before calling Supabase.instance
Realtime academic_categories subscription failed: 'package:supabase_flutter/src/supabase.dart': Failed assertion: line 45 pos 7: '_instance._isInitialized': You must initialize the supabase instance before calling Supabase.instance
Supabase auth listener not attached (Supabase not initialized?): 'package:supabase_flutter/src/supabase.dart': Failed assertion: line 45 pos 7: '_instance._isInitialized': You must initialize the supabase instance before calling Supabase.instance
loadVerifiedStreamersFromBackend failed: Bad state: Backend unavailable
_refreshAcademicCategories failed: Bad state: Backend unavailable
Realtime public streamer subscription failed: 'package:supabase_flutter/src/supabase.dart': Failed assertion: line 45 pos 7: '_instance._isInitialized': You must initialize the supabase instance before calling Supabase.instance
Realtime academic_categories subscription failed: 'package:supabase_flutter/src/supabase.dart': Failed assertion: line 45 pos 7: '_instance._isInitialized': You must initialize the supabase instance before calling Supabase.instance
Supabase auth listener not attached (Supabase not initialized?): 'package:supabase_flutter/src/supabase.dart': Failed assertion: line 45 pos 7: '_instance._isInitialized': You must initialize the supabase instance before calling Supabase.instance
loadVerifiedStreamersFromBackend failed: Bad state: Backend unavailable
_refreshAcademicCategories failed: Bad state: Backend unavailable
Realtime public streamer subscription failed: 'package:supabase_flutter/src/supabase.dart': Failed assertion: line 45 pos 7: '_instance._isInitialized': You must initialize the supabase instance before calling Supabase.instance
Realtime academic_categories subscription failed: 'package:supabase_flutter/src/supabase.dart': Failed assertion: line 45 pos 7: '_instance._isInitialized': You must initialize the supabase instance before calling Supabase.instance
Supabase auth listener not attached (Supabase not initialized?): 'package:supabase_flutter/src/supabase.dart': Failed assertion: line 45 pos 7: '_instance._isInitialized': You must initialize the supabase instance before calling Supabase.instance
loadVerifiedStreamersFromBackend failed: Bad state: Backend unavailable
_refreshAcademicCategories failed: Bad state: Backend unavailable
00:52 +52: C:/Users/User/.codex/worktrees/hadayah-wave4v2-integration/Streamer_app/project/test/layout_sweep_test.dart: empty feed ar at all sizes and text scales
Realtime public streamer subscription failed: 'package:supabase_flutter/src/supabase.dart': Failed assertion: line 45 pos 7: '_instance._isInitialized': You must initialize the supabase instance before calling Supabase.instance
Realtime academic_categories subscription failed: 'package:supabase_flutter/src/supabase.dart': Failed assertion: line 45 pos 7: '_instance._isInitialized': You must initialize the supabase instance before calling Supabase.instance
Supabase auth listener not attached (Supabase not initialized?): 'package:supabase_flutter/src/supabase.dart': Failed assertion: line 45 pos 7: '_instance._isInitialized': You must initialize the supabase instance before calling Supabase.instance
loadVerifiedStreamersFromBackend failed: Bad state: Backend unavailable
_refreshAcademicCategories failed: Bad state: Backend unavailable
Realtime public streamer subscription failed: 'package:supabase_flutter/src/supabase.dart': Failed assertion: line 45 pos 7: '_instance._isInitialized': You must initialize the supabase instance before calling Supabase.instance
Realtime academic_categories subscription failed: 'package:supabase_flutter/src/supabase.dart': Failed assertion: line 45 pos 7: '_instance._isInitialized': You must initialize the supabase instance before calling Supabase.instance
Supabase auth listener not attached (Supabase not initialized?): 'package:supabase_flutter/src/supabase.dart': Failed assertion: line 45 pos 7: '_instance._isInitialized': You must initialize the supabase instance before calling Supabase.instance
loadVerifiedStreamersFromBackend failed: Bad state: Backend unavailable
_refreshAcademicCategories failed: Bad state: Backend unavailable
Realtime public streamer subscription failed: 'package:supabase_flutter/src/supabase.dart': Failed assertion: line 45 pos 7: '_instance._isInitialized': You must initialize the supabase instance before calling Supabase.instance
Realtime academic_categories subscription failed: 'package:supabase_flutter/src/supabase.dart': Failed assertion: line 45 pos 7: '_instance._isInitialized': You must initialize the supabase instance before calling Supabase.instance
Supabase auth listener not attached (Supabase not initialized?): 'package:supabase_flutter/src/supabase.dart': Failed assertion: line 45 pos 7: '_instance._isInitialized': You must initialize the supabase instance before calling Supabase.instance
loadVerifiedStreamersFromBackend failed: Bad state: Backend unavailable
_refreshAcademicCategories failed: Bad state: Backend unavailable
Realtime public streamer subscription failed: 'package:supabase_flutter/src/supabase.dart': Failed assertion: line 45 pos 7: '_instance._isInitialized': You must initialize the supabase instance before calling Supabase.instance
Realtime academic_categories subscription failed: 'package:supabase_flutter/src/supabase.dart': Failed assertion: line 45 pos 7: '_instance._isInitialized': You must initialize the supabase instance before calling Supabase.instance
Supabase auth listener not attached (Supabase not initialized?): 'package:supabase_flutter/src/supabase.dart': Failed assertion: line 45 pos 7: '_instance._isInitialized': You must initialize the supabase instance before calling Supabase.instance
loadVerifiedStreamersFromBackend failed: Bad state: Backend unavailable
_refreshAcademicCategories failed: Bad state: Backend unavailable
Realtime public streamer subscription failed: 'package:supabase_flutter/src/supabase.dart': Failed assertion: line 45 pos 7: '_instance._isInitialized': You must initialize the supabase instance before calling Supabase.instance
Realtime academic_categories subscription failed: 'package:supabase_flutter/src/supabase.dart': Failed assertion: line 45 pos 7: '_instance._isInitialized': You must initialize the supabase instance before calling Supabase.instance
Supabase auth listener not attached (Supabase not initialized?): 'package:supabase_flutter/src/supabase.dart': Failed assertion: line 45 pos 7: '_instance._isInitialized': You must initialize the supabase instance before calling Supabase.instance
loadVerifiedStreamersFromBackend failed: Bad state: Backend unavailable
_refreshAcademicCategories failed: Bad state: Backend unavailable
Realtime public streamer subscription failed: 'package:supabase_flutter/src/supabase.dart': Failed assertion: line 45 pos 7: '_instance._isInitialized': You must initialize the supabase instance before calling Supabase.instance
Realtime academic_categories subscription failed: 'package:supabase_flutter/src/supabase.dart': Failed assertion: line 45 pos 7: '_instance._isInitialized': You must initialize the supabase instance before calling Supabase.instance
Supabase auth listener not attached (Supabase not initialized?): 'package:supabase_flutter/src/supabase.dart': Failed assertion: line 45 pos 7: '_instance._isInitialized': You must initialize the supabase instance before calling Supabase.instance
loadVerifiedStreamersFromBackend failed: Bad state: Backend unavailable
_refreshAcademicCategories failed: Bad state: Backend unavailable
Realtime public streamer subscription failed: 'package:supabase_flutter/src/supabase.dart': Failed assertion: line 45 pos 7: '_instance._isInitialized': You must initialize the supabase instance before calling Supabase.instance
Realtime academic_categories subscription failed: 'package:supabase_flutter/src/supabase.dart': Failed assertion: line 45 pos 7: '_instance._isInitialized': You must initialize the supabase instance before calling Supabase.instance
Supabase auth listener not attached (Supabase not initialized?): 'package:supabase_flutter/src/supabase.dart': Failed assertion: line 45 pos 7: '_instance._isInitialized': You must initialize the supabase instance before calling Supabase.instance
loadVerifiedStreamersFromBackend failed: Bad state: Backend unavailable
_refreshAcademicCategories failed: Bad state: Backend unavailable
Realtime public streamer subscription failed: 'package:supabase_flutter/src/supabase.dart': Failed assertion: line 45 pos 7: '_instance._isInitialized': You must initialize the supabase instance before calling Supabase.instance
Realtime academic_categories subscription failed: 'package:supabase_flutter/src/supabase.dart': Failed assertion: line 45 pos 7: '_instance._isInitialized': You must initialize the supabase instance before calling Supabase.instance
Supabase auth listener not attached (Supabase not initialized?): 'package:supabase_flutter/src/supabase.dart': Failed assertion: line 45 pos 7: '_instance._isInitialized': You must initialize the supabase instance before calling Supabase.instance
loadVerifiedStreamersFromBackend failed: Bad state: Backend unavailable
_refreshAcademicCategories failed: Bad state: Backend unavailable
Realtime public streamer subscription failed: 'package:supabase_flutter/src/supabase.dart': Failed assertion: line 45 pos 7: '_instance._isInitialized': You must initialize the supabase instance before calling Supabase.instance
Realtime academic_categories subscription failed: 'package:supabase_flutter/src/supabase.dart': Failed assertion: line 45 pos 7: '_instance._isInitialized': You must initialize the supabase instance before calling Supabase.instance
Supabase auth listener not attached (Supabase not initialized?): 'package:supabase_flutter/src/supabase.dart': Failed assertion: line 45 pos 7: '_instance._isInitialized': You must initialize the supabase instance before calling Supabase.instance
loadVerifiedStreamersFromBackend failed: Bad state: Backend unavailable
_refreshAcademicCategories failed: Bad state: Backend unavailable
Realtime public streamer subscription failed: 'package:supabase_flutter/src/supabase.dart': Failed assertion: line 45 pos 7: '_instance._isInitialized': You must initialize the supabase instance before calling Supabase.instance
Realtime academic_categories subscription failed: 'package:supabase_flutter/src/supabase.dart': Failed assertion: line 45 pos 7: '_instance._isInitialized': You must initialize the supabase instance before calling Supabase.instance
Supabase auth listener not attached (Supabase not initialized?): 'package:supabase_flutter/src/supabase.dart': Failed assertion: line 45 pos 7: '_instance._isInitialized': You must initialize the supabase instance before calling Supabase.instance
loadVerifiedStreamersFromBackend failed: Bad state: Backend unavailable
_refreshAcademicCategories failed: Bad state: Backend unavailable
Realtime public streamer subscription failed: 'package:supabase_flutter/src/supabase.dart': Failed assertion: line 45 pos 7: '_instance._isInitialized': You must initialize the supabase instance before calling Supabase.instance
Realtime academic_categories subscription failed: 'package:supabase_flutter/src/supabase.dart': Failed assertion: line 45 pos 7: '_instance._isInitialized': You must initialize the supabase instance before calling Supabase.instance
Supabase auth listener not attached (Supabase not initialized?): 'package:supabase_flutter/src/supabase.dart': Failed assertion: line 45 pos 7: '_instance._isInitialized': You must initialize the supabase instance before calling Supabase.instance
loadVerifiedStreamersFromBackend failed: Bad state: Backend unavailable
_refreshAcademicCategories failed: Bad state: Backend unavailable
Realtime public streamer subscription failed: 'package:supabase_flutter/src/supabase.dart': Failed assertion: line 45 pos 7: '_instance._isInitialized': You must initialize the supabase instance before calling Supabase.instance
Realtime academic_categories subscription failed: 'package:supabase_flutter/src/supabase.dart': Failed assertion: line 45 pos 7: '_instance._isInitialized': You must initialize the supabase instance before calling Supabase.instance
Supabase auth listener not attached (Supabase not initialized?): 'package:supabase_flutter/src/supabase.dart': Failed assertion: line 45 pos 7: '_instance._isInitialized': You must initialize the supabase instance before calling Supabase.instance
loadVerifiedStreamersFromBackend failed: Bad state: Backend unavailable
_refreshAcademicCategories failed: Bad state: Backend unavailable
Realtime public streamer subscription failed: 'package:supabase_flutter/src/supabase.dart': Failed assertion: line 45 pos 7: '_instance._isInitialized': You must initialize the supabase instance before calling Supabase.instance
Realtime academic_categories subscription failed: 'package:supabase_flutter/src/supabase.dart': Failed assertion: line 45 pos 7: '_instance._isInitialized': You must initialize the supabase instance before calling Supabase.instance
Supabase auth listener not attached (Supabase not initialized?): 'package:supabase_flutter/src/supabase.dart': Failed assertion: line 45 pos 7: '_instance._isInitialized': You must initialize the supabase instance before calling Supabase.instance
loadVerifiedStreamersFromBackend failed: Bad state: Backend unavailable
_refreshAcademicCategories failed: Bad state: Backend unavailable
Realtime public streamer subscription failed: 'package:supabase_flutter/src/supabase.dart': Failed assertion: line 45 pos 7: '_instance._isInitialized': You must initialize the supabase instance before calling Supabase.instance
Realtime academic_categories subscription failed: 'package:supabase_flutter/src/supabase.dart': Failed assertion: line 45 pos 7: '_instance._isInitialized': You must initialize the supabase instance before calling Supabase.instance
Supabase auth listener not attached (Supabase not initialized?): 'package:supabase_flutter/src/supabase.dart': Failed assertion: line 45 pos 7: '_instance._isInitialized': You must initialize the supabase instance before calling Supabase.instance
loadVerifiedStreamersFromBackend failed: Bad state: Backend unavailable
_refreshAcademicCategories failed: Bad state: Backend unavailable
Realtime public streamer subscription failed: 'package:supabase_flutter/src/supabase.dart': Failed assertion: line 45 pos 7: '_instance._isInitialized': You must initialize the supabase instance before calling Supabase.instance
Realtime academic_categories subscription failed: 'package:supabase_flutter/src/supabase.dart': Failed assertion: line 45 pos 7: '_instance._isInitialized': You must initialize the supabase instance before calling Supabase.instance
Supabase auth listener not attached (Supabase not initialized?): 'package:supabase_flutter/src/supabase.dart': Failed assertion: line 45 pos 7: '_instance._isInitialized': You must initialize the supabase instance before calling Supabase.instance
loadVerifiedStreamersFromBackend failed: Bad state: Backend unavailable
_refreshAcademicCategories failed: Bad state: Backend unavailable
Realtime public streamer subscription failed: 'package:supabase_flutter/src/supabase.dart': Failed assertion: line 45 pos 7: '_instance._isInitialized': You must initialize the supabase instance before calling Supabase.instance
Realtime academic_categories subscription failed: 'package:supabase_flutter/src/supabase.dart': Failed assertion: line 45 pos 7: '_instance._isInitialized': You must initialize the supabase instance before calling Supabase.instance
Supabase auth listener not attached (Supabase not initialized?): 'package:supabase_flutter/src/supabase.dart': Failed assertion: line 45 pos 7: '_instance._isInitialized': You must initialize the supabase instance before calling Supabase.instance
loadVerifiedStreamersFromBackend failed: Bad state: Backend unavailable
_refreshAcademicCategories failed: Bad state: Backend unavailable
Realtime public streamer subscription failed: 'package:supabase_flutter/src/supabase.dart': Failed assertion: line 45 pos 7: '_instance._isInitialized': You must initialize the supabase instance before calling Supabase.instance
Realtime academic_categories subscription failed: 'package:supabase_flutter/src/supabase.dart': Failed assertion: line 45 pos 7: '_instance._isInitialized': You must initialize the supabase instance before calling Supabase.instance
Supabase auth listener not attached (Supabase not initialized?): 'package:supabase_flutter/src/supabase.dart': Failed assertion: line 45 pos 7: '_instance._isInitialized': You must initialize the supabase instance before calling Supabase.instance
loadVerifiedStreamersFromBackend failed: Bad state: Backend unavailable
_refreshAcademicCategories failed: Bad state: Backend unavailable
Realtime public streamer subscription failed: 'package:supabase_flutter/src/supabase.dart': Failed assertion: line 45 pos 7: '_instance._isInitialized': You must initialize the supabase instance before calling Supabase.instance
Realtime academic_categories subscription failed: 'package:supabase_flutter/src/supabase.dart': Failed assertion: line 45 pos 7: '_instance._isInitialized': You must initialize the supabase instance before calling Supabase.instance
Supabase auth listener not attached (Supabase not initialized?): 'package:supabase_flutter/src/supabase.dart': Failed assertion: line 45 pos 7: '_instance._isInitialized': You must initialize the supabase instance before calling Supabase.instance
loadVerifiedStreamersFromBackend failed: Bad state: Backend unavailable
_refreshAcademicCategories failed: Bad state: Backend unavailable
Realtime public streamer subscription failed: 'package:supabase_flutter/src/supabase.dart': Failed assertion: line 45 pos 7: '_instance._isInitialized': You must initialize the supabase instance before calling Supabase.instance
Realtime academic_categories subscription failed: 'package:supabase_flutter/src/supabase.dart': Failed assertion: line 45 pos 7: '_instance._isInitialized': You must initialize the supabase instance before calling Supabase.instance
Supabase auth listener not attached (Supabase not initialized?): 'package:supabase_flutter/src/supabase.dart': Failed assertion: line 45 pos 7: '_instance._isInitialized': You must initialize the supabase instance before calling Supabase.instance
loadVerifiedStreamersFromBackend failed: Bad state: Backend unavailable
_refreshAcademicCategories failed: Bad state: Backend unavailable
Realtime public streamer subscription failed: 'package:supabase_flutter/src/supabase.dart': Failed assertion: line 45 pos 7: '_instance._isInitialized': You must initialize the supabase instance before calling Supabase.instance
Realtime academic_categories subscription failed: 'package:supabase_flutter/src/supabase.dart': Failed assertion: line 45 pos 7: '_instance._isInitialized': You must initialize the supabase instance before calling Supabase.instance
Supabase auth listener not attached (Supabase not initialized?): 'package:supabase_flutter/src/supabase.dart': Failed assertion: line 45 pos 7: '_instance._isInitialized': You must initialize the supabase instance before calling Supabase.instance
loadVerifiedStreamersFromBackend failed: Bad state: Backend unavailable
_refreshAcademicCategories failed: Bad state: Backend unavailable
Realtime public streamer subscription failed: 'package:supabase_flutter/src/supabase.dart': Failed assertion: line 45 pos 7: '_instance._isInitialized': You must initialize the supabase instance before calling Supabase.instance
Realtime academic_categories subscription failed: 'package:supabase_flutter/src/supabase.dart': Failed assertion: line 45 pos 7: '_instance._isInitialized': You must initialize the supabase instance before calling Supabase.instance
Supabase auth listener not attached (Supabase not initialized?): 'package:supabase_flutter/src/supabase.dart': Failed assertion: line 45 pos 7: '_instance._isInitialized': You must initialize the supabase instance before calling Supabase.instance
loadVerifiedStreamersFromBackend failed: Bad state: Backend unavailable
_refreshAcademicCategories failed: Bad state: Backend unavailable
00:53 +53: C:/Users/User/.codex/worktrees/hadayah-wave4v2-integration/Streamer_app/project/test/layout_sweep_test.dart: (tearDownAll)
00:53 +53: loading C:/Users/User/.codex/worktrees/hadayah-wave4v2-integration/Streamer_app/project/test/live_multi_speaker_test.dart
00:55 +53: C:/Users/User/.codex/worktrees/hadayah-wave4v2-integration/Streamer_app/project/test/live_multi_speaker_test.dart: (setUpAll)
[90m[🌎 Easy Localization] [DEBUG] Localization initialized[0m
00:55 +53: C:/Users/User/.codex/worktrees/hadayah-wave4v2-integration/Streamer_app/project/test/live_multi_speaker_test.dart: Organization Feature Phase 3: Live Multi-Speaker Dynamics Tests TC-LIVE-SPK-03: Tapping an avatar in LiveMultiSpeakerOverlay triggers callback
Realtime public streamer subscription failed: 'package:supabase_flutter/src/supabase.dart': Failed assertion: line 45 pos 7: '_instance._isInitialized': You must initialize the supabase instance before calling Supabase.instance
Realtime academic_categories subscription failed: 'package:supabase_flutter/src/supabase.dart': Failed assertion: line 45 pos 7: '_instance._isInitialized': You must initialize the supabase instance before calling Supabase.instance
Supabase auth listener not attached (Supabase not initialized?): 'package:supabase_flutter/src/supabase.dart': Failed assertion: line 45 pos 7: '_instance._isInitialized': You must initialize the supabase instance before calling Supabase.instance
[90m[🌎 Easy Localization] [DEBUG] Start[0m
loadVerifiedStreamersFromBackend failed: Bad state: Backend unavailable
_refreshAcademicCategories failed: Bad state: Backend unavailable
[90m[🌎 Easy Localization] [DEBUG] Init state[0m
[32m[🌎 Easy Localization] [INFO] Start locale loaded en[0m
[90m[🌎 Easy Localization] [DEBUG] Build[0m
[90m[🌎 Easy Localization] [DEBUG] Init Localization Delegate[0m
[90m[🌎 Easy Localization] [DEBUG] Init provider[0m
[90m[🌎 Easy Localization] [DEBUG] Load Localization Delegate[0m
[90m[🌎 Easy Localization] [DEBUG] Build[0m
[90m[🌎 Easy Localization] [DEBUG] Init Localization Delegate[0m
[90m[🌎 Easy Localization] [DEBUG] Init provider[0m
00:56 +54: C:/Users/User/.codex/worktrees/hadayah-wave4v2-integration/Streamer_app/project/test/live_multi_speaker_test.dart: (tearDownAll)
00:56 +54: loading C:/Users/User/.codex/worktrees/hadayah-wave4v2-integration/Streamer_app/project/test/live_stream_test.dart
00:57 +54: C:/Users/User/.codex/worktrees/hadayah-wave4v2-integration/Streamer_app/project/test/live_stream_test.dart: Cluster 1 -- Player Quality, Placeholders & Mini-Player TC-PLACEHOLDER-01: Overlay covers every non-playing state and no playing one
00:57 +55: C:/Users/User/.codex/worktrees/hadayah-wave4v2-integration/Streamer_app/project/test/live_stream_test.dart: Cluster 1 -- Player Quality, Placeholders & Mini-Player TC-CUSTOM-CARD-01: Placeholder model round-trips through its DB row shape
00:57 +56: loading C:/Users/User/.codex/worktrees/hadayah-wave4v2-integration/Streamer_app/project/test/local_mode_unavailable_test.dart
00:57 +56: loading C:/Users/User/.codex/worktrees/hadayah-wave4v2-integration/Streamer_app/project/test/map_p5_presentation_test.dart
00:58 +56: C:/Users/User/.codex/worktrees/hadayah-wave4v2-integration/Streamer_app/project/test/map_p5_presentation_test.dart: (setUpAll)
[90m[🌎 Easy Localization] [DEBUG] Localization initialized[0m
00:58 +56: C:/Users/User/.codex/worktrees/hadayah-wave4v2-integration/Streamer_app/project/test/map_p5_presentation_test.dart: marker-only cold start retains pins until a catalog is available
00:58 +57: C:/Users/User/.codex/worktrees/hadayah-wave4v2-integration/Streamer_app/project/test/map_p5_presentation_test.dart: (tearDownAll)
00:58 +57: loading C:/Users/User/.codex/worktrees/hadayah-wave4v2-integration/Streamer_app/project/test/map_pack_test.dart
00:59 +57: C:/Users/User/.codex/worktrees/hadayah-wave4v2-integration/Streamer_app/project/test/map_pack_test.dart: MapPackController rejects unusable packs (A04) flipped byte in the archive fails the hash check
00:59 +58: C:/Users/User/.codex/worktrees/hadayah-wave4v2-integration/Streamer_app/project/test/map_pack_test.dart: MapPackController rejects unusable packs (A04) truncated archive fails the size check
00:59 +59: C:/Users/User/.codex/worktrees/hadayah-wave4v2-integration/Streamer_app/project/test/map_pack_test.dart: MapPackController rejects unusable packs (A04) missing archive, style or notice is reported as missing
01:00 +60: loading C:/Users/User/.codex/worktrees/hadayah-wave4v2-integration/Streamer_app/project/test/map_tricity_widgets_test.dart
01:00 +60: C:/Users/User/.codex/worktrees/hadayah-wave4v2-integration/Streamer_app/project/test/map_tricity_widgets_test.dart: (setUpAll)
[90m[🌎 Easy Localization] [DEBUG] Localization initialized[0m
01:00 +60: C:/Users/User/.codex/worktrees/hadayah-wave4v2-integration/Streamer_app/project/test/map_tricity_widgets_test.dart: selected card en width=412.0 text=2.0 BroadcastType.offline
Realtime public streamer subscription failed: 'package:supabase_flutter/src/supabase.dart': Failed assertion: line 45 pos 7: '_instance._isInitialized': You must initialize the supabase instance before calling Supabase.instance
Realtime academic_categories subscription failed: 'package:supabase_flutter/src/supabase.dart': Failed assertion: line 45 pos 7: '_instance._isInitialized': You must initialize the supabase instance before calling Supabase.instance
Supabase auth listener not attached (Supabase not initialized?): 'package:supabase_flutter/src/supabase.dart': Failed assertion: line 45 pos 7: '_instance._isInitialized': You must initialize the supabase instance before calling Supabase.instance
[90m[🌎 Easy Localization] [DEBUG] Start[0m
loadVerifiedStreamersFromBackend failed: Bad state: Backend unavailable
_refreshAcademicCategories failed: Bad state: Backend unavailable
[90m[🌎 Easy Localization] [DEBUG] Init state[0m
[32m[🌎 Easy Localization] [INFO] Start locale loaded en[0m
[90m[🌎 Easy Localization] [DEBUG] Build[0m
[90m[🌎 Easy Localization] [DEBUG] Init Localization Delegate[0m
[90m[🌎 Easy Localization] [DEBUG] Init provider[0m
[90m[🌎 Easy Localization] [DEBUG] Load Localization Delegate[0m
[90m[🌎 Easy Localization] [DEBUG] Build[0m
[90m[🌎 Easy Localization] [DEBUG] Init Localization Delegate[0m
[90m[🌎 Easy Localization] [DEBUG] Init provider[0m
unhandled element <defs/>; Picture key: Svg loader
01:02 +61: C:/Users/User/.codex/worktrees/hadayah-wave4v2-integration/Streamer_app/project/test/map_tricity_widgets_test.dart: selected card en width=412.0 text=2.0 BroadcastType.liveVideo
Realtime public streamer subscription failed: 'package:supabase_flutter/src/supabase.dart': Failed assertion: line 45 pos 7: '_instance._isInitialized': You must initialize the supabase instance before calling Supabase.instance
Realtime academic_categories subscription failed: 'package:supabase_flutter/src/supabase.dart': Failed assertion: line 45 pos 7: '_instance._isInitialized': You must initialize the supabase instance before calling Supabase.instance
Supabase auth listener not attached (Supabase not initialized?): 'package:supabase_flutter/src/supabase.dart': Failed assertion: line 45 pos 7: '_instance._isInitialized': You must initialize the supabase instance before calling Supabase.instance
[90m[🌎 Easy Localization] [DEBUG] Start[0m
loadVerifiedStreamersFromBackend failed: Bad state: Backend unavailable
_refreshAcademicCategories failed: Bad state: Backend unavailable
[90m[🌎 Easy Localization] [DEBUG] Init state[0m
[32m[🌎 Easy Localization] [INFO] Start locale loaded en[0m
[90m[🌎 Easy Localization] [DEBUG] Build[0m
[90m[🌎 Easy Localization] [DEBUG] Init Localization Delegate[0m
[90m[🌎 Easy Localization] [DEBUG] Init provider[0m
[90m[🌎 Easy Localization] [DEBUG] Load Localization Delegate[0m
[90m[🌎 Easy Localization] [DEBUG] Build[0m
[90m[🌎 Easy Localization] [DEBUG] Init Localization Delegate[0m
[90m[🌎 Easy Localization] [DEBUG] Init provider[0m
01:02 +62: C:/Users/User/.codex/worktrees/hadayah-wave4v2-integration/Streamer_app/project/test/map_tricity_widgets_test.dart: selected card en width=412.0 text=2.0 BroadcastType.liveAudio
Realtime public streamer subscription failed: 'package:supabase_flutter/src/supabase.dart': Failed assertion: line 45 pos 7: '_instance._isInitialized': You must initialize the supabase instance before calling Supabase.instance
Realtime academic_categories subscription failed: 'package:supabase_flutter/src/supabase.dart': Failed assertion: line 45 pos 7: '_instance._isInitialized': You must initialize the supabase instance before calling Supabase.instance
Supabase auth listener not attached (Supabase not initialized?): 'package:supabase_flutter/src/supabase.dart': Failed assertion: line 45 pos 7: '_instance._isInitialized': You must initialize the supabase instance before calling Supabase.instance
[90m[🌎 Easy Localization] [DEBUG] Start[0m
loadVerifiedStreamersFromBackend failed: Bad state: Backend unavailable
_refreshAcademicCategories failed: Bad state: Backend unavailable
[90m[🌎 Easy Localization] [DEBUG] Init state[0m
[32m[🌎 Easy Localization] [INFO] Start locale loaded en[0m
[90m[🌎 Easy Localization] [DEBUG] Build[0m
[90m[🌎 Easy Localization] [DEBUG] Init Localization Delegate[0m
[90m[🌎 Easy Localization] [DEBUG] Init provider[0m
[90m[🌎 Easy Localization] [DEBUG] Load Localization Delegate[0m
[90m[🌎 Easy Localization] [DEBUG] Build[0m
[90m[🌎 Easy Localization] [DEBUG] Init Localization Delegate[0m
[90m[🌎 Easy Localization] [DEBUG] Init provider[0m
01:02 +63: C:/Users/User/.codex/worktrees/hadayah-wave4v2-integration/Streamer_app/project/test/map_tricity_widgets_test.dart: selected card ar width=320.0 text=1.0 BroadcastType.offline
Realtime public streamer subscription failed: 'package:supabase_flutter/src/supabase.dart': Failed assertion: line 45 pos 7: '_instance._isInitialized': You must initialize the supabase instance before calling Supabase.instance
Realtime academic_categories subscription failed: 'package:supabase_flutter/src/supabase.dart': Failed assertion: line 45 pos 7: '_instance._isInitialized': You must initialize the supabase instance before calling Supabase.instance
Supabase auth listener not attached (Supabase not initialized?): 'package:supabase_flutter/src/supabase.dart': Failed assertion: line 45 pos 7: '_instance._isInitialized': You must initialize the supabase instance before calling Supabase.instance
[90m[🌎 Easy Localization] [DEBUG] Start[0m
loadVerifiedStreamersFromBackend failed: Bad state: Backend unavailable
_refreshAcademicCategories failed: Bad state: Backend unavailable
[90m[🌎 Easy Localization] [DEBUG] Init state[0m
[32m[🌎 Easy Localization] [INFO] Start locale loaded ar[0m
[90m[🌎 Easy Localization] [DEBUG] Build[0m
[90m[🌎 Easy Localization] [DEBUG] Init Localization Delegate[0m
[90m[🌎 Easy Localization] [DEBUG] Init provider[0m
[90m[🌎 Easy Localization] [DEBUG] Load Localization Delegate[0m
[90m[🌎 Easy Localization] [DEBUG] Build[0m
[90m[🌎 Easy Localization] [DEBUG] Init Localization Delegate[0m
[90m[🌎 Easy Localization] [DEBUG] Init provider[0m
01:03 +64: C:/Users/User/.codex/worktrees/hadayah-wave4v2-integration/Streamer_app/project/test/map_tricity_widgets_test.dart: selected card ar width=320.0 text=1.0 BroadcastType.liveVideo
Realtime public streamer subscription failed: 'package:supabase_flutter/src/supabase.dart': Failed assertion: line 45 pos 7: '_instance._isInitialized': You must initialize the supabase instance before calling Supabase.instance
Realtime academic_categories subscription failed: 'package:supabase_flutter/src/supabase.dart': Failed assertion: line 45 pos 7: '_instance._isInitialized': You must initialize the supabase instance before calling Supabase.instance
Supabase auth listener not attached (Supabase not initialized?): 'package:supabase_flutter/src/supabase.dart': Failed assertion: line 45 pos 7: '_instance._isInitialized': You must initialize the supabase instance before calling Supabase.instance
[90m[🌎 Easy Localization] [DEBUG] Start[0m
loadVerifiedStreamersFromBackend failed: Bad state: Backend unavailable
_refreshAcademicCategories failed: Bad state: Backend unavailable
[90m[🌎 Easy Localization] [DEBUG] Init state[0m
[32m[🌎 Easy Localization] [INFO] Start locale loaded ar[0m
[90m[🌎 Easy Localization] [DEBUG] Build[0m
[90m[🌎 Easy Localization] [DEBUG] Init Localization Delegate[0m
[90m[🌎 Easy Localization] [DEBUG] Init provider[0m
[90m[🌎 Easy Localization] [DEBUG] Load Localization Delegate[0m
[90m[🌎 Easy Localization] [DEBUG] Build[0m
[90m[🌎 Easy Localization] [DEBUG] Init Localization Delegate[0m
[90m[🌎 Easy Localization] [DEBUG] Init provider[0m
01:03 +65: C:/Users/User/.codex/worktrees/hadayah-wave4v2-integration/Streamer_app/project/test/map_tricity_widgets_test.dart: selected card ar width=320.0 text=1.0 BroadcastType.liveAudio
Realtime public streamer subscription failed: 'package:supabase_flutter/src/supabase.dart': Failed assertion: line 45 pos 7: '_instance._isInitialized': You must initialize the supabase instance before calling Supabase.instance
Realtime academic_categories subscription failed: 'package:supabase_flutter/src/supabase.dart': Failed assertion: line 45 pos 7: '_instance._isInitialized': You must initialize the supabase instance before calling Supabase.instance
Supabase auth listener not attached (Supabase not initialized?): 'package:supabase_flutter/src/supabase.dart': Failed assertion: line 45 pos 7: '_instance._isInitialized': You must initialize the supabase instance before calling Supabase.instance
[90m[🌎 Easy Localization] [DEBUG] Start[0m
loadVerifiedStreamersFromBackend failed: Bad state: Backend unavailable
_refreshAcademicCategories failed: Bad state: Backend unavailable
[90m[🌎 Easy Localization] [DEBUG] Init state[0m
[32m[🌎 Easy Localization] [INFO] Start locale loaded ar[0m
[90m[🌎 Easy Localization] [DEBUG] Build[0m
[90m[🌎 Easy Localization] [DEBUG] Init Localization Delegate[0m
[90m[🌎 Easy Localization] [DEBUG] Init provider[0m
[90m[🌎 Easy Localization] [DEBUG] Load Localization Delegate[0m
[90m[🌎 Easy Localization] [DEBUG] Build[0m
[90m[🌎 Easy Localization] [DEBUG] Init Localization Delegate[0m
[90m[🌎 Easy Localization] [DEBUG] Init provider[0m
01:03 +66: C:/Users/User/.codex/worktrees/hadayah-wave4v2-integration/Streamer_app/project/test/map_tricity_widgets_test.dart: selected card ar width=320.0 text=1.6 BroadcastType.offline
Realtime public streamer subscription failed: 'package:supabase_flutter/src/supabase.dart': Failed assertion: line 45 pos 7: '_instance._isInitialized': You must initialize the supabase instance before calling Supabase.instance
Realtime academic_categories subscription failed: 'package:supabase_flutter/src/supabase.dart': Failed assertion: line 45 pos 7: '_instance._isInitialized': You must initialize the supabase instance before calling Supabase.instance
Supabase auth listener not attached (Supabase not initialized?): 'package:supabase_flutter/src/supabase.dart': Failed assertion: line 45 pos 7: '_instance._isInitialized': You must initialize the supabase instance before calling Supabase.instance
[90m[🌎 Easy Localization] [DEBUG] Start[0m
loadVerifiedStreamersFromBackend failed: Bad state: Backend unavailable
_refreshAcademicCategories failed: Bad state: Backend unavailable
[90m[🌎 Easy Localization] [DEBUG] Init state[0m
[32m[🌎 Easy Localization] [INFO] Start locale loaded ar[0m
[90m[🌎 Easy Localization] [DEBUG] Build[0m
[90m[🌎 Easy Localization] [DEBUG] Init Localization Delegate[0m
[90m[🌎 Easy Localization] [DEBUG] Init provider[0m
[90m[🌎 Easy Localization] [DEBUG] Load Localization Delegate[0m
[90m[🌎 Easy Localization] [DEBUG] Build[0m
[90m[🌎 Easy Localization] [DEBUG] Init Localization Delegate[0m
[90m[🌎 Easy Localization] [DEBUG] Init provider[0m
01:03 +67: C:/Users/User/.codex/worktrees/hadayah-wave4v2-integration/Streamer_app/project/test/map_tricity_widgets_test.dart: selected card ar width=320.0 text=1.6 BroadcastType.liveVideo
Realtime public streamer subscription failed: 'package:supabase_flutter/src/supabase.dart': Failed assertion: line 45 pos 7: '_instance._isInitialized': You must initialize the supabase instance before calling Supabase.instance
Realtime academic_categories subscription failed: 'package:supabase_flutter/src/supabase.dart': Failed assertion: line 45 pos 7: '_instance._isInitialized': You must initialize the supabase instance before calling Supabase.instance
Supabase auth listener not attached (Supabase not initialized?): 'package:supabase_flutter/src/supabase.dart': Failed assertion: line 45 pos 7: '_instance._isInitialized': You must initialize the supabase instance before calling Supabase.instance
[90m[🌎 Easy Localization] [DEBUG] Start[0m
loadVerifiedStreamersFromBackend failed: Bad state: Backend unavailable
_refreshAcademicCategories failed: Bad state: Backend unavailable
[90m[🌎 Easy Localization] [DEBUG] Init state[0m
[32m[🌎 Easy Localization] [INFO] Start locale loaded ar[0m
[90m[🌎 Easy Localization] [DEBUG] Build[0m
[90m[🌎 Easy Localization] [DEBUG] Init Localization Delegate[0m
[90m[🌎 Easy Localization] [DEBUG] Init provider[0m
[90m[🌎 Easy Localization] [DEBUG] Load Localization Delegate[0m
[90m[🌎 Easy Localization] [DEBUG] Build[0m
[90m[🌎 Easy Localization] [DEBUG] Init Localization Delegate[0m
[90m[🌎 Easy Localization] [DEBUG] Init provider[0m
01:03 +68: C:/Users/User/.codex/worktrees/hadayah-wave4v2-integration/Streamer_app/project/test/map_tricity_widgets_test.dart: selected card ar width=320.0 text=1.6 BroadcastType.liveAudio
Realtime public streamer subscription failed: 'package:supabase_flutter/src/supabase.dart': Failed assertion: line 45 pos 7: '_instance._isInitialized': You must initialize the supabase instance before calling Supabase.instance
Realtime academic_categories subscription failed: 'package:supabase_flutter/src/supabase.dart': Failed assertion: line 45 pos 7: '_instance._isInitialized': You must initialize the supabase instance before calling Supabase.instance
Supabase auth listener not attached (Supabase not initialized?): 'package:supabase_flutter/src/supabase.dart': Failed assertion: line 45 pos 7: '_instance._isInitialized': You must initialize the supabase instance before calling Supabase.instance
[90m[🌎 Easy Localization] [DEBUG] Start[0m
loadVerifiedStreamersFromBackend failed: Bad state: Backend unavailable
_refreshAcademicCategories failed: Bad state: Backend unavailable
[90m[🌎 Easy Localization] [DEBUG] Init state[0m
[32m[🌎 Easy Localization] [INFO] Start locale loaded ar[0m
[90m[🌎 Easy Localization] [DEBUG] Build[0m
[90m[🌎 Easy Localization] [DEBUG] Init Localization Delegate[0m
[90m[🌎 Easy Localization] [DEBUG] Init provider[0m
[90m[🌎 Easy Localization] [DEBUG] Load Localization Delegate[0m
[90m[🌎 Easy Localization] [DEBUG] Build[0m
[90m[🌎 Easy Localization] [DEBUG] Init Localization Delegate[0m
[90m[🌎 Easy Localization] [DEBUG] Init provider[0m
01:04 +69: C:/Users/User/.codex/worktrees/hadayah-wave4v2-integration/Streamer_app/project/test/map_tricity_widgets_test.dart: selected card ar width=320.0 text=2.0 BroadcastType.offline
Realtime public streamer subscription failed: 'package:supabase_flutter/src/supabase.dart': Failed assertion: line 45 pos 7: '_instance._isInitialized': You must initialize the supabase instance before calling Supabase.instance
Realtime academic_categories subscription failed: 'package:supabase_flutter/src/supabase.dart': Failed assertion: line 45 pos 7: '_instance._isInitialized': You must initialize the supabase instance before calling Supabase.instance
Supabase auth listener not attached (Supabase not initialized?): 'package:supabase_flutter/src/supabase.dart': Failed assertion: line 45 pos 7: '_instance._isInitialized': You must initialize the supabase instance before calling Supabase.instance
[90m[🌎 Easy Localization] [DEBUG] Start[0m
loadVerifiedStreamersFromBackend failed: Bad state: Backend unavailable
_refreshAcademicCategories failed: Bad state: Backend unavailable
[90m[🌎 Easy Localization] [DEBUG] Init state[0m
[32m[🌎 Easy Localization] [INFO] Start locale loaded ar[0m
[90m[🌎 Easy Localization] [DEBUG] Build[0m
[90m[🌎 Easy Localization] [DEBUG] Init Localization Delegate[0m
[90m[🌎 Easy Localization] [DEBUG] Init provider[0m
[90m[🌎 Easy Localization] [DEBUG] Load Localization Delegate[0m
[90m[🌎 Easy Localization] [DEBUG] Build[0m
[90m[🌎 Easy Localization] [DEBUG] Init Localization Delegate[0m
[90m[🌎 Easy Localization] [DEBUG] Init provider[0m
01:04 +70: C:/Users/User/.codex/worktrees/hadayah-wave4v2-integration/Streamer_app/project/test/map_tricity_widgets_test.dart: selected card ar width=320.0 text=2.0 BroadcastType.liveVideo
Realtime public streamer subscription failed: 'package:supabase_flutter/src/supabase.dart': Failed assertion: line 45 pos 7: '_instance._isInitialized': You must initialize the supabase instance before calling Supabase.instance
Realtime academic_categories subscription failed: 'package:supabase_flutter/src/supabase.dart': Failed assertion: line 45 pos 7: '_instance._isInitialized': You must initialize the supabase instance before calling Supabase.instance
Supabase auth listener not attached (Supabase not initialized?): 'package:supabase_flutter/src/supabase.dart': Failed assertion: line 45 pos 7: '_instance._isInitialized': You must initialize the supabase instance before calling Supabase.instance
[90m[🌎 Easy Localization] [DEBUG] Start[0m
loadVerifiedStreamersFromBackend failed: Bad state: Backend unavailable
_refreshAcademicCategories failed: Bad state: Backend unavailable
[90m[🌎 Easy Localization] [DEBUG] Init state[0m
[32m[🌎 Easy Localization] [INFO] Start locale loaded ar[0m
[90m[🌎 Easy Localization] [DEBUG] Build[0m
[90m[🌎 Easy Localization] [DEBUG] Init Localization Delegate[0m
[90m[🌎 Easy Localization] [DEBUG] Init provider[0m
[90m[🌎 Easy Localization] [DEBUG] Load Localization Delegate[0m
[90m[🌎 Easy Localization] [DEBUG] Build[0m
[90m[🌎 Easy Localization] [DEBUG] Init Localization Delegate[0m
[90m[🌎 Easy Localization] [DEBUG] Init provider[0m
01:04 +71: C:/Users/User/.codex/worktrees/hadayah-wave4v2-integration/Streamer_app/project/test/map_tricity_widgets_test.dart: (tearDownAll)
01:04 +71: loading C:/Users/User/.codex/worktrees/hadayah-wave4v2-integration/Streamer_app/project/test/map_viewport_policy_test.dart
01:05 +71: C:/Users/User/.codex/worktrees/hadayah-wave4v2-integration/Streamer_app/project/test/map_viewport_policy_test.dart: venue focus never moves a venue: out-of-area venues are refused and edge venues stay visible after clamping
01:05 +72: loading C:/Users/User/.codex/worktrees/hadayah-wave4v2-integration/Streamer_app/project/test/multi_device_streamer_sync_and_youtube_parser_test.dart
01:05 +72: C:/Users/User/.codex/worktrees/hadayah-wave4v2-integration/Streamer_app/project/test/multi_device_streamer_sync_and_youtube_parser_test.dart: Multi-Device Streamer Sync & Flexible YouTube Parsing Tests TC-SYNC-01: AppProvider merges backend verified streamers correctly
Realtime public streamer subscription failed: 'package:supabase_flutter/src/supabase.dart': Failed assertion: line 45 pos 7: '_instance._isInitialized': You must initialize the supabase instance before calling Supabase.instance
Realtime academic_categories subscription failed: 'package:supabase_flutter/src/supabase.dart': Failed assertion: line 45 pos 7: '_instance._isInitialized': You must initialize the supabase instance before calling Supabase.instance
Supabase auth listener not attached (Supabase not initialized?): 'package:supabase_flutter/src/supabase.dart': Failed assertion: line 45 pos 7: '_instance._isInitialized': You must initialize the supabase instance before calling Supabase.instance
loadVerifiedStreamersFromBackend failed: Bad state: Backend unavailable
loadVerifiedStreamersFromBackend failed: Bad state: Backend unavailable
01:06 +73: loading C:/Users/User/.codex/worktrees/hadayah-wave4v2-integration/Streamer_app/project/test/notification_system_test.dart
01:06 +73: C:/Users/User/.codex/worktrees/hadayah-wave4v2-integration/Streamer_app/project/test/notification_system_test.dart: TC-NOTIF-03: 1-Hour Watch Milestone Tracker Tests Does not trigger thank-you notification if watched < 60 minutes
01:06 +74: loading C:/Users/User/.codex/worktrees/hadayah-wave4v2-integration/Streamer_app/project/test/offline_experience_test.dart
01:07 +74: C:/Users/User/.codex/worktrees/hadayah-wave4v2-integration/Streamer_app/project/test/offline_experience_test.dart: (setUpAll)
[90m[🌎 Easy Localization] [DEBUG] Localization initialized[0m
01:07 +74: C:/Users/User/.codex/worktrees/hadayah-wave4v2-integration/Streamer_app/project/test/offline_experience_test.dart: lost connection hides stale LIVE badge and viewer claim
Realtime public streamer subscription failed: 'package:supabase_flutter/src/supabase.dart': Failed assertion: line 45 pos 7: '_instance._isInitialized': You must initialize the supabase instance before calling Supabase.instance
Realtime academic_categories subscription failed: 'package:supabase_flutter/src/supabase.dart': Failed assertion: line 45 pos 7: '_instance._isInitialized': You must initialize the supabase instance before calling Supabase.instance
Supabase auth listener not attached (Supabase not initialized?): 'package:supabase_flutter/src/supabase.dart': Failed assertion: line 45 pos 7: '_instance._isInitialized': You must initialize the supabase instance before calling Supabase.instance
[90m[🌎 Easy Localization] [DEBUG] Start[0m
loadVerifiedStreamersFromBackend failed: Bad state: Backend unavailable
[90m[🌎 Easy Localization] [DEBUG] Init state[0m
[32m[🌎 Easy Localization] [INFO] Start locale loaded en[0m
[90m[🌎 Easy Localization] [DEBUG] Build[0m
[90m[🌎 Easy Localization] [DEBUG] Init Localization Delegate[0m
[90m[🌎 Easy Localization] [DEBUG] Init provider[0m
[90m[🌎 Easy Localization] [DEBUG] Load Localization Delegate[0m
[90m[🌎 Easy Localization] [DEBUG] Build[0m
[90m[🌎 Easy Localization] [DEBUG] Init Localization Delegate[0m
[90m[🌎 Easy Localization] [DEBUG] Init provider[0m
01:08 +75: C:/Users/User/.codex/worktrees/hadayah-wave4v2-integration/Streamer_app/project/test/offline_experience_test.dart: degraded room gives a reason and retry without a player
Realtime public streamer subscription failed: 'package:supabase_flutter/src/supabase.dart': Failed assertion: line 45 pos 7: '_instance._isInitialized': You must initialize the supabase instance before calling Supabase.instance
Realtime academic_categories subscription failed: 'package:supabase_flutter/src/supabase.dart': Failed assertion: line 45 pos 7: '_instance._isInitialized': You must initialize the supabase instance before calling Supabase.instance
Supabase auth listener not attached (Supabase not initialized?): 'package:supabase_flutter/src/supabase.dart': Failed assertion: line 45 pos 7: '_instance._isInitialized': You must initialize the supabase instance before calling Supabase.instance
[90m[🌎 Easy Localization] [DEBUG] Start[0m
loadVerifiedStreamersFromBackend failed: Bad state: Backend unavailable
_refreshAcademicCategories failed: Bad state: Backend unavailable
[90m[🌎 Easy Localization] [DEBUG] Init state[0m
[32m[🌎 Easy Localization] [INFO] Start locale loaded ar[0m
[90m[🌎 Easy Localization] [DEBUG] Build[0m
[90m[🌎 Easy Localization] [DEBUG] Init Localization Delegate[0m
[90m[🌎 Easy Localization] [DEBUG] Init provider[0m
[90m[🌎 Easy Localization] [DEBUG] Load Localization Delegate[0m
[90m[🌎 Easy Localization] [DEBUG] Build[0m
[90m[🌎 Easy Localization] [DEBUG] Init Localization Delegate[0m
[90m[🌎 Easy Localization] [DEBUG] Init provider[0m
01:08 +76: C:/Users/User/.codex/worktrees/hadayah-wave4v2-integration/Streamer_app/project/test/offline_experience_test.dart: (tearDownAll)
01:08 +76: loading C:/Users/User/.codex/worktrees/hadayah-wave4v2-integration/Streamer_app/project/test/organization_admin_and_go_live_test.dart
01:09 +76: C:/Users/User/.codex/worktrees/hadayah-wave4v2-integration/Streamer_app/project/test/organization_admin_and_go_live_test.dart: (setUpAll)
[90m[🌎 Easy Localization] [DEBUG] Localization initialized[0m
01:09 +76: C:/Users/User/.codex/worktrees/hadayah-wave4v2-integration/Streamer_app/project/test/organization_admin_and_go_live_test.dart: Phase 4: Go Live Studio & Organization Management Tests TC-ORG-ADMIN-02: Speaker CRUD operations update organization roster and audit trail
Realtime public streamer subscription failed: 'package:supabase_flutter/src/supabase.dart': Failed assertion: line 45 pos 7: '_instance._isInitialized': You must initialize the supabase instance before calling Supabase.instance
Realtime academic_categories subscription failed: 'package:supabase_flutter/src/supabase.dart': Failed assertion: line 45 pos 7: '_instance._isInitialized': You must initialize the supabase instance before calling Supabase.instance
Supabase auth listener not attached (Supabase not initialized?): 'package:supabase_flutter/src/supabase.dart': Failed assertion: line 45 pos 7: '_instance._isInitialized': You must initialize the supabase instance before calling Supabase.instance
loadVerifiedStreamersFromBackend failed: Bad state: Backend unavailable
_refreshAcademicCategories failed: Bad state: Backend unavailable
Supabase org speaker write-through failed: Exception: Supabase not available
Supabase org speaker write-through failed: Exception: Supabase not available
Supabase org speaker delete write-through failed: Exception: Supabase not available
01:09 +77: C:/Users/User/.codex/worktrees/hadayah-wave4v2-integration/Streamer_app/project/test/organization_admin_and_go_live_test.dart: (tearDownAll)
01:09 +77: loading C:/Users/User/.codex/worktrees/hadayah-wave4v2-integration/Streamer_app/project/test/organization_location_reload_test.dart
01:10 +77: C:/Users/User/.codex/worktrees/hadayah-wave4v2-integration/Streamer_app/project/test/organization_location_reload_test.dart: all offered application cities persist through creation and catalog reload
01:10 +78: loading C:/Users/User/.codex/worktrees/hadayah-wave4v2-integration/Streamer_app/project/test/organization_models_and_rbac_test.dart
01:11 +78: C:/Users/User/.codex/worktrees/hadayah-wave4v2-integration/Streamer_app/project/test/organization_models_and_rbac_test.dart: Organization Feature Phase 1: Models & RBAC Unit Tests TC-ORG-03: Dalilk 4 IELTS entity replacement in mockStreamers
01:11 +79: loading C:/Users/User/.codex/worktrees/hadayah-wave4v2-integration/Streamer_app/project/test/organization_profile_screen_test.dart
01:12 +79: C:/Users/User/.codex/worktrees/hadayah-wave4v2-integration/Streamer_app/project/test/organization_profile_screen_test.dart: (setUpAll)
[90m[🌎 Easy Localization] [DEBUG] Localization initialized[0m
01:12 +79: C:/Users/User/.codex/worktrees/hadayah-wave4v2-integration/Streamer_app/project/test/organization_profile_screen_test.dart: Organization Feature Phase 2: Profile Screen & Speaker Filter Tests TC-ORG-UI-03: Tapping a Featured Channel card filters VODs and Playlists
Realtime public streamer subscription failed: 'package:supabase_flutter/src/supabase.dart': Failed assertion: line 45 pos 7: '_instance._isInitialized': You must initialize the supabase instance before calling Supabase.instance
Realtime academic_categories subscription failed: 'package:supabase_flutter/src/supabase.dart': Failed assertion: line 45 pos 7: '_instance._isInitialized': You must initialize the supabase instance before calling Supabase.instance
Supabase auth listener not attached (Supabase not initialized?): 'package:supabase_flutter/src/supabase.dart': Failed assertion: line 45 pos 7: '_instance._isInitialized': You must initialize the supabase instance before calling Supabase.instance
[90m[🌎 Easy Localization] [DEBUG] Start[0m
loadVerifiedStreamersFromBackend failed: Bad state: Backend unavailable
_refreshAcademicCategories failed: Bad state: Backend unavailable
[90m[🌎 Easy Localization] [DEBUG] Init state[0m
[32m[🌎 Easy Localization] [INFO] Start locale loaded en[0m
[90m[🌎 Easy Localization] [DEBUG] Build[0m
[90m[🌎 Easy Localization] [DEBUG] Init Localization Delegate[0m
[90m[🌎 Easy Localization] [DEBUG] Init provider[0m
[90m[🌎 Easy Localization] [DEBUG] Load Localization Delegate[0m
[90m[🌎 Easy Localization] [DEBUG] Build[0m
[90m[🌎 Easy Localization] [DEBUG] Init Localization Delegate[0m
[90m[🌎 Easy Localization] [DEBUG] Init provider[0m
unhandled element <defs/>; Picture key: Svg loader
01:14 +80: C:/Users/User/.codex/worktrees/hadayah-wave4v2-integration/Streamer_app/project/test/organization_profile_screen_test.dart: (tearDownAll)
01:14 +80: loading C:/Users/User/.codex/worktrees/hadayah-wave4v2-integration/Streamer_app/project/test/owner_acceptance_regression_test.dart
01:15 +80: C:/Users/User/.codex/worktrees/hadayah-wave4v2-integration/Streamer_app/project/test/owner_acceptance_regression_test.dart: transfer demotes old device; viewer choice survives refresh and realtime
Realtime public streamer subscription failed: 'package:supabase_flutter/src/supabase.dart': Failed assertion: line 45 pos 7: '_instance._isInitialized': You must initialize the supabase instance before calling Supabase.instance
Realtime academic_categories subscription failed: 'package:supabase_flutter/src/supabase.dart': Failed assertion: line 45 pos 7: '_instance._isInitialized': You must initialize the supabase instance before calling Supabase.instance
Realtime user status channel subscription failed: 'package:supabase_flutter/src/supabase.dart': Failed assertion: line 45 pos 7: '_instance._isInitialized': You must initialize the supabase instance before calling Supabase.instance
Profile provisioning failed: 'package:supabase_flutter/src/supabase.dart': Failed assertion: line 45 pos 7: '_instance._isInitialized': You must initialize the supabase instance before calling Supabase.instance
loadVerifiedStreamersFromBackend failed: Bad state: Backend unavailable
Admin role check failed: 'package:supabase_flutter/src/supabase.dart': Failed assertion: line 45 pos 7: '_instance._isInitialized': You must initialize the supabase instance before calling Supabase.instance
_refreshCurrentUserBanStatus failed: 'package:supabase_flutter/src/supabase.dart': Failed assertion: line 45 pos 7: '_instance._isInitialized': You must initialize the supabase instance before calling Supabase.instance
_refreshAcademicCategories failed: Bad state: Backend unavailable
loadVerifiedStreamersFromBackend failed: Bad state: Backend unavailable
loadVerifiedStreamersFromBackend failed: Bad state: Backend unavailable
loadVerifiedStreamersFromBackend failed: Bad state: Backend unavailable
loadVerifiedStreamersFromBackend failed: Bad state: Backend unavailable
01:15 +81: loading C:/Users/User/.codex/worktrees/hadayah-wave4v2-integration/Streamer_app/project/test/owner_mobile_layout_test.dart
01:16 +81: C:/Users/User/.codex/worktrees/hadayah-wave4v2-integration/Streamer_app/project/test/owner_mobile_layout_test.dart: (setUpAll)
[90m[🌎 Easy Localization] [DEBUG] Localization initialized[0m
01:16 +81: C:/Users/User/.codex/worktrees/hadayah-wave4v2-integration/Streamer_app/project/test/owner_mobile_layout_test.dart: phone chat with keyboard remains usable and offline en
Realtime public streamer subscription failed: 'package:supabase_flutter/src/supabase.dart': Failed assertion: line 45 pos 7: '_instance._isInitialized': You must initialize the supabase instance before calling Supabase.instance
Realtime academic_categories subscription failed: 'package:supabase_flutter/src/supabase.dart': Failed assertion: line 45 pos 7: '_instance._isInitialized': You must initialize the supabase instance before calling Supabase.instance
Supabase auth listener not attached (Supabase not initialized?): 'package:supabase_flutter/src/supabase.dart': Failed assertion: line 45 pos 7: '_instance._isInitialized': You must initialize the supabase instance before calling Supabase.instance
[90m[🌎 Easy Localization] [DEBUG] Start[0m
loadVerifiedStreamersFromBackend failed: Bad state: Backend unavailable
_refreshAcademicCategories failed: Bad state: Backend unavailable
[90m[🌎 Easy Localization] [DEBUG] Init state[0m
[32m[🌎 Easy Localization] [INFO] Start locale loaded en[0m
[90m[🌎 Easy Localization] [DEBUG] Build[0m
[90m[🌎 Easy Localization] [DEBUG] Init Localization Delegate[0m
[90m[🌎 Easy Localization] [DEBUG] Init provider[0m
[90m[🌎 Easy Localization] [DEBUG] Load Localization Delegate[0m
[90m[🌎 Easy Localization] [DEBUG] Build[0m
[90m[🌎 Easy Localization] [DEBUG] Init Localization Delegate[0m
[90m[🌎 Easy Localization] [DEBUG] Init provider[0m
01:17 +82: C:/Users/User/.codex/worktrees/hadayah-wave4v2-integration/Streamer_app/project/test/owner_mobile_layout_test.dart: (tearDownAll)
01:17 +82: loading C:/Users/User/.codex/worktrees/hadayah-wave4v2-integration/Streamer_app/project/test/p6s_wave3_group1_test.dart
01:18 +82: C:/Users/User/.codex/worktrees/hadayah-wave4v2-integration/Streamer_app/project/test/p6s_wave3_group1_test.dart: (setUpAll)
[90m[🌎 Easy Localization] [DEBUG] Localization initialized[0m
01:18 +82: C:/Users/User/.codex/worktrees/hadayah-wave4v2-integration/Streamer_app/project/test/p6s_wave3_group1_test.dart: viewer room identity a room opened before the catalog has it keeps looking
Realtime public streamer subscription failed: 'package:supabase_flutter/src/supabase.dart': Failed assertion: line 45 pos 7: '_instance._isInitialized': You must initialize the supabase instance before calling Supabase.instance
Realtime academic_categories subscription failed: 'package:supabase_flutter/src/supabase.dart': Failed assertion: line 45 pos 7: '_instance._isInitialized': You must initialize the supabase instance before calling Supabase.instance
Supabase auth listener not attached (Supabase not initialized?): 'package:supabase_flutter/src/supabase.dart': Failed assertion: line 45 pos 7: '_instance._isInitialized': You must initialize the supabase instance before calling Supabase.instance
[90m[🌎 Easy Localization] [DEBUG] Start[0m
[90m[🌎 Easy Localization] [DEBUG] Init state[0m
[32m[🌎 Easy Localization] [INFO] Start locale loaded en[0m
[90m[🌎 Easy Localization] [DEBUG] Build[0m
[90m[🌎 Easy Localization] [DEBUG] Init Localization Delegate[0m
[90m[🌎 Easy Localization] [DEBUG] Init provider[0m
[90m[🌎 Easy Localization] [DEBUG] Load Localization Delegate[0m
[90m[🌎 Easy Localization] [DEBUG] Build[0m
[90m[🌎 Easy Localization] [DEBUG] Init Localization Delegate[0m
[90m[🌎 Easy Localization] [DEBUG] Init provider[0m
_refreshAcademicCategories failed: Bad state: Backend unavailable
unhandled element <defs/>; Picture key: Svg loader
01:19 +83: C:/Users/User/.codex/worktrees/hadayah-wave4v2-integration/Streamer_app/project/test/p6s_wave3_group1_test.dart: viewer room identity an interrupted phone broadcast shows reconnecting, not a LIVE badge
Realtime public streamer subscription failed: 'package:supabase_flutter/src/supabase.dart': Failed assertion: line 45 pos 7: '_instance._isInitialized': You must initialize the supabase instance before calling Supabase.instance
Realtime academic_categories subscription failed: 'package:supabase_flutter/src/supabase.dart': Failed assertion: line 45 pos 7: '_instance._isInitialized': You must initialize the supabase instance before calling Supabase.instance
Supabase auth listener not attached (Supabase not initialized?): 'package:supabase_flutter/src/supabase.dart': Failed assertion: line 45 pos 7: '_instance._isInitialized': You must initialize the supabase instance before calling Supabase.instance
[90m[🌎 Easy Localization] [DEBUG] Start[0m
[90m[🌎 Easy Localization] [DEBUG] Init state[0m
[32m[🌎 Easy Localization] [INFO] Start locale loaded en[0m
[90m[🌎 Easy Localization] [DEBUG] Build[0m
[90m[🌎 Easy Localization] [DEBUG] Init Localization Delegate[0m
[90m[🌎 Easy Localization] [DEBUG] Init provider[0m
[90m[🌎 Easy Localization] [DEBUG] Load Localization Delegate[0m
[90m[🌎 Easy Localization] [DEBUG] Build[0m
[90m[🌎 Easy Localization] [DEBUG] Init Localization Delegate[0m
[90m[🌎 Easy Localization] [DEBUG] Init provider[0m
_refreshAcademicCategories failed: Bad state: Backend unavailable
01:19 +84: C:/Users/User/.codex/worktrees/hadayah-wave4v2-integration/Streamer_app/project/test/p6s_wave3_group1_test.dart: viewer room identity the ended room reads correctly in Arabic
Realtime public streamer subscription failed: 'package:supabase_flutter/src/supabase.dart': Failed assertion: line 45 pos 7: '_instance._isInitialized': You must initialize the supabase instance before calling Supabase.instance
Realtime academic_categories subscription failed: 'package:supabase_flutter/src/supabase.dart': Failed assertion: line 45 pos 7: '_instance._isInitialized': You must initialize the supabase instance before calling Supabase.instance
Supabase auth listener not attached (Supabase not initialized?): 'package:supabase_flutter/src/supabase.dart': Failed assertion: line 45 pos 7: '_instance._isInitialized': You must initialize the supabase instance before calling Supabase.instance
[90m[🌎 Easy Localization] [DEBUG] Start[0m
[90m[🌎 Easy Localization] [DEBUG] Init state[0m
[32m[🌎 Easy Localization] [INFO] Start locale loaded ar[0m
[90m[🌎 Easy Localization] [DEBUG] Build[0m
[90m[🌎 Easy Localization] [DEBUG] Init Localization Delegate[0m
[90m[🌎 Easy Localization] [DEBUG] Init provider[0m
[90m[🌎 Easy Localization] [DEBUG] Load Localization Delegate[0m
[90m[🌎 Easy Localization] [DEBUG] Build[0m
[90m[🌎 Easy Localization] [DEBUG] Init Localization Delegate[0m
[90m[🌎 Easy Localization] [DEBUG] Init provider[0m
_refreshAcademicCategories failed: Bad state: Backend unavailable
01:20 +85: C:/Users/User/.codex/worktrees/hadayah-wave4v2-integration/Streamer_app/project/test/p6s_wave3_group1_test.dart: (tearDownAll)
01:20 +85: loading C:/Users/User/.codex/worktrees/hadayah-wave4v2-integration/Streamer_app/project/test/p6s_wave3_group5_test.dart
01:20 +85: C:/Users/User/.codex/worktrees/hadayah-wave4v2-integration/Streamer_app/project/test/p6s_wave3_group5_test.dart: (setUpAll)
[90m[🌎 Easy Localization] [DEBUG] Localization initialized[0m
01:20 +85: C:/Users/User/.codex/worktrees/hadayah-wave4v2-integration/Streamer_app/project/test/p6s_wave3_group5_test.dart: room player automatic recovery preserves paused mute intent and stops at End
Realtime public streamer subscription failed: 'package:supabase_flutter/src/supabase.dart': Failed assertion: line 45 pos 7: '_instance._isInitialized': You must initialize the supabase instance before calling Supabase.instance
Realtime academic_categories subscription failed: 'package:supabase_flutter/src/supabase.dart': Failed assertion: line 45 pos 7: '_instance._isInitialized': You must initialize the supabase instance before calling Supabase.instance
Supabase auth listener not attached (Supabase not initialized?): 'package:supabase_flutter/src/supabase.dart': Failed assertion: line 45 pos 7: '_instance._isInitialized': You must initialize the supabase instance before calling Supabase.instance
[90m[🌎 Easy Localization] [DEBUG] Start[0m
[90m[🌎 Easy Localization] [DEBUG] Init state[0m
[32m[🌎 Easy Localization] [INFO] Start locale loaded en[0m
[90m[🌎 Easy Localization] [DEBUG] Build[0m
[90m[🌎 Easy Localization] [DEBUG] Init Localization Delegate[0m
[90m[🌎 Easy Localization] [DEBUG] Init provider[0m
[90m[🌎 Easy Localization] [DEBUG] Load Localization Delegate[0m
[90m[🌎 Easy Localization] [DEBUG] Build[0m
[90m[🌎 Easy Localization] [DEBUG] Init Localization Delegate[0m
[90m[🌎 Easy Localization] [DEBUG] Init provider[0m
unhandled element <defs/>; Picture key: Svg loader
_refreshAcademicCategories failed: Bad state: Backend unavailable
01:22 +86: C:/Users/User/.codex/worktrees/hadayah-wave4v2-integration/Streamer_app/project/test/p6s_wave3_group5_test.dart: room player delayed StreamState.live cancels queued media reload
Realtime public streamer subscription failed: 'package:supabase_flutter/src/supabase.dart': Failed assertion: line 45 pos 7: '_instance._isInitialized': You must initialize the supabase instance before calling Supabase.instance
Realtime academic_categories subscription failed: 'package:supabase_flutter/src/supabase.dart': Failed assertion: line 45 pos 7: '_instance._isInitialized': You must initialize the supabase instance before calling Supabase.instance
Supabase auth listener not attached (Supabase not initialized?): 'package:supabase_flutter/src/supabase.dart': Failed assertion: line 45 pos 7: '_instance._isInitialized': You must initialize the supabase instance before calling Supabase.instance
[90m[🌎 Easy Localization] [DEBUG] Start[0m
[90m[🌎 Easy Localization] [DEBUG] Init state[0m
[32m[🌎 Easy Localization] [INFO] Start locale loaded en[0m
[90m[🌎 Easy Localization] [DEBUG] Build[0m
[90m[🌎 Easy Localization] [DEBUG] Init Localization Delegate[0m
[90m[🌎 Easy Localization] [DEBUG] Init provider[0m
[90m[🌎 Easy Localization] [DEBUG] Load Localization Delegate[0m
[90m[🌎 Easy Localization] [DEBUG] Build[0m
[90m[🌎 Easy Localization] [DEBUG] Init Localization Delegate[0m
[90m[🌎 Easy Localization] [DEBUG] Init provider[0m
_refreshAcademicCategories failed: Bad state: Backend unavailable
01:23 +87: C:/Users/User/.codex/worktrees/hadayah-wave4v2-integration/Streamer_app/project/test/p6s_wave3_group5_test.dart: room player delayed StreamState.paused cancels queued media reload
Realtime public streamer subscription failed: 'package:supabase_flutter/src/supabase.dart': Failed assertion: line 45 pos 7: '_instance._isInitialized': You must initialize the supabase instance before calling Supabase.instance
Realtime academic_categories subscription failed: 'package:supabase_flutter/src/supabase.dart': Failed assertion: line 45 pos 7: '_instance._isInitialized': You must initialize the supabase instance before calling Supabase.instance
Supabase auth listener not attached (Supabase not initialized?): 'package:supabase_flutter/src/supabase.dart': Failed assertion: line 45 pos 7: '_instance._isInitialized': You must initialize the supabase instance before calling Supabase.instance
[90m[🌎 Easy Localization] [DEBUG] Start[0m
[90m[🌎 Easy Localization] [DEBUG] Init state[0m
[32m[🌎 Easy Localization] [INFO] Start locale loaded en[0m
[90m[🌎 Easy Localization] [DEBUG] Build[0m
[90m[🌎 Easy Localization] [DEBUG] Init Localization Delegate[0m
[90m[🌎 Easy Localization] [DEBUG] Init provider[0m
[90m[🌎 Easy Localization] [DEBUG] Load Localization Delegate[0m
[90m[🌎 Easy Localization] [DEBUG] Build[0m
[90m[🌎 Easy Localization] [DEBUG] Init Localization Delegate[0m
[90m[🌎 Easy Localization] [DEBUG] Init provider[0m
_refreshAcademicCategories failed: Bad state: Backend unavailable
01:23 +88: C:/Users/User/.codex/worktrees/hadayah-wave4v2-integration/Streamer_app/project/test/p6s_wave3_group5_test.dart: (tearDownAll)
01:23 +88: loading C:/Users/User/.codex/worktrees/hadayah-wave4v2-integration/Streamer_app/project/test/p6_retest_navigation_and_avatar_test.dart
01:24 +88: C:/Users/User/.codex/worktrees/hadayah-wave4v2-integration/Streamer_app/project/test/p6_retest_navigation_and_avatar_test.dart: (setUpAll)
[90m[🌎 Easy Localization] [DEBUG] Localization initialized[0m
01:24 +88: C:/Users/User/.codex/worktrees/hadayah-wave4v2-integration/Streamer_app/project/test/p6_retest_navigation_and_avatar_test.dart: S02 avatar fallback Arabic names use their first letter in RTL
[90m[🌎 Easy Localization] [DEBUG] Start[0m
[90m[🌎 Easy Localization] [DEBUG] Init state[0m
[32m[🌎 Easy Localization] [INFO] Start locale loaded ar[0m
[90m[🌎 Easy Localization] [DEBUG] Build[0m
[90m[🌎 Easy Localization] [DEBUG] Init Localization Delegate[0m
[90m[🌎 Easy Localization] [DEBUG] Init provider[0m
[90m[🌎 Easy Localization] [DEBUG] Load Localization Delegate[0m
[90m[🌎 Easy Localization] [DEBUG] Build[0m
[90m[🌎 Easy Localization] [DEBUG] Init Localization Delegate[0m
[90m[🌎 Easy Localization] [DEBUG] Init provider[0m
01:24 +89: C:/Users/User/.codex/worktrees/hadayah-wave4v2-integration/Streamer_app/project/test/p6_retest_navigation_and_avatar_test.dart: (tearDownAll)
01:25 +89: loading C:/Users/User/.codex/worktrees/hadayah-wave4v2-integration/Streamer_app/project/test/phone_broadcast_end_test.dart
01:25 +89: C:/Users/User/.codex/worktrees/hadayah-wave4v2-integration/Streamer_app/project/test/phone_broadcast_end_test.dart: (setUpAll)
[90m[🌎 Easy Localization] [DEBUG] Localization initialized[0m
01:25 +89: C:/Users/User/.codex/worktrees/hadayah-wave4v2-integration/Streamer_app/project/test/phone_broadcast_end_test.dart: landscape has three toggled controls and End at the top left
Realtime public streamer subscription failed: 'package:supabase_flutter/src/supabase.dart': Failed assertion: line 45 pos 7: '_instance._isInitialized': You must initialize the supabase instance before calling Supabase.instance
Realtime academic_categories subscription failed: 'package:supabase_flutter/src/supabase.dart': Failed assertion: line 45 pos 7: '_instance._isInitialized': You must initialize the supabase instance before calling Supabase.instance
Realtime user status channel subscription failed: 'package:supabase_flutter/src/supabase.dart': Failed assertion: line 45 pos 7: '_instance._isInitialized': You must initialize the supabase instance before calling Supabase.instance
Profile provisioning failed: 'package:supabase_flutter/src/supabase.dart': Failed assertion: line 45 pos 7: '_instance._isInitialized': You must initialize the supabase instance before calling Supabase.instance
loadVerifiedStreamersFromBackend failed: Bad state: Backend unavailable
Admin role check failed: 'package:supabase_flutter/src/supabase.dart': Failed assertion: line 45 pos 7: '_instance._isInitialized': You must initialize the supabase instance before calling Supabase.instance
_refreshCurrentUserBanStatus failed: 'package:supabase_flutter/src/supabase.dart': Failed assertion: line 45 pos 7: '_instance._isInitialized': You must initialize the supabase instance before calling Supabase.instance
_refreshAcademicCategories failed: Bad state: Backend unavailable
loadVerifiedStreamersFromBackend failed: Bad state: Backend unavailable
[90m[🌎 Easy Localization] [DEBUG] Start[0m
[90m[🌎 Easy Localization] [DEBUG] Init state[0m
[32m[🌎 Easy Localization] [INFO] Start locale loaded en[0m
[90m[🌎 Easy Localization] [DEBUG] Build[0m
[90m[🌎 Easy Localization] [DEBUG] Init Localization Delegate[0m
[90m[🌎 Easy Localization] [DEBUG] Init provider[0m
[90m[🌎 Easy Localization] [DEBUG] Load Localization Delegate[0m
[90m[🌎 Easy Localization] [DEBUG] Build[0m
[90m[🌎 Easy Localization] [DEBUG] Init Localization Delegate[0m
[90m[🌎 Easy Localization] [DEBUG] Init provider[0m
[PhoneBroadcastScreen] wakelock unavailable: PlatformException(channel-error, Unable to establish connection on channel: "dev.flutter.pigeon.wakelock_plus_platform_interface.WakelockPlusApi.toggle"., null, null)
01:27 +90: C:/Users/User/.codex/worktrees/hadayah-wave4v2-integration/Streamer_app/project/test/phone_broadcast_end_test.dart: Arabic: End and its confirmation are localized and lay out
Realtime public streamer subscription failed: 'package:supabase_flutter/src/supabase.dart': Failed assertion: line 45 pos 7: '_instance._isInitialized': You must initialize the supabase instance before calling Supabase.instance
Realtime academic_categories subscription failed: 'package:supabase_flutter/src/supabase.dart': Failed assertion: line 45 pos 7: '_instance._isInitialized': You must initialize the supabase instance before calling Supabase.instance
Realtime user status channel subscription failed: 'package:supabase_flutter/src/supabase.dart': Failed assertion: line 45 pos 7: '_instance._isInitialized': You must initialize the supabase instance before calling Supabase.instance
Profile provisioning failed: 'package:supabase_flutter/src/supabase.dart': Failed assertion: line 45 pos 7: '_instance._isInitialized': You must initialize the supabase instance before calling Supabase.instance
loadVerifiedStreamersFromBackend failed: Bad state: Backend unavailable
Admin role check failed: 'package:supabase_flutter/src/supabase.dart': Failed assertion: line 45 pos 7: '_instance._isInitialized': You must initialize the supabase instance before calling Supabase.instance
_refreshCurrentUserBanStatus failed: 'package:supabase_flutter/src/supabase.dart': Failed assertion: line 45 pos 7: '_instance._isInitialized': You must initialize the supabase instance before calling Supabase.instance
_refreshAcademicCategories failed: Bad state: Backend unavailable
loadVerifiedStreamersFromBackend failed: Bad state: Backend unavailable
[90m[🌎 Easy Localization] [DEBUG] Start[0m
[90m[🌎 Easy Localization] [DEBUG] Init state[0m
[32m[🌎 Easy Localization] [INFO] Start locale loaded ar[0m
[90m[🌎 Easy Localization] [DEBUG] Build[0m
[90m[🌎 Easy Localization] [DEBUG] Init Localization Delegate[0m
[90m[🌎 Easy Localization] [DEBUG] Init provider[0m
[90m[🌎 Easy Localization] [DEBUG] Load Localization Delegate[0m
[90m[🌎 Easy Localization] [DEBUG] Build[0m
[90m[🌎 Easy Localization] [DEBUG] Init Localization Delegate[0m
[90m[🌎 Easy Localization] [DEBUG] Init provider[0m
[PhoneBroadcastScreen] wakelock unavailable: PlatformException(channel-error, Unable to establish connection on channel: "dev.flutter.pigeon.wakelock_plus_platform_interface.WakelockPlusApi.toggle"., null, null)
01:28 +91: C:/Users/User/.codex/worktrees/hadayah-wave4v2-integration/Streamer_app/project/test/phone_broadcast_end_test.dart: controls sheet copy is localized and says the camera stays on
Realtime public streamer subscription failed: 'package:supabase_flutter/src/supabase.dart': Failed assertion: line 45 pos 7: '_instance._isInitialized': You must initialize the supabase instance before calling Supabase.instance
Realtime academic_categories subscription failed: 'package:supabase_flutter/src/supabase.dart': Failed assertion: line 45 pos 7: '_instance._isInitialized': You must initialize the supabase instance before calling Supabase.instance
Realtime user status channel subscription failed: 'package:supabase_flutter/src/supabase.dart': Failed assertion: line 45 pos 7: '_instance._isInitialized': You must initialize the supabase instance before calling Supabase.instance
Profile provisioning failed: 'package:supabase_flutter/src/supabase.dart': Failed assertion: line 45 pos 7: '_instance._isInitialized': You must initialize the supabase instance before calling Supabase.instance
loadVerifiedStreamersFromBackend failed: Bad state: Backend unavailable
Admin role check failed: 'package:supabase_flutter/src/supabase.dart': Failed assertion: line 45 pos 7: '_instance._isInitialized': You must initialize the supabase instance before calling Supabase.instance
_refreshCurrentUserBanStatus failed: 'package:supabase_flutter/src/supabase.dart': Failed assertion: line 45 pos 7: '_instance._isInitialized': You must initialize the supabase instance before calling Supabase.instance
_refreshAcademicCategories failed: Bad state: Backend unavailable
loadVerifiedStreamersFromBackend failed: Bad state: Backend unavailable
[90m[🌎 Easy Localization] [DEBUG] Start[0m
[90m[🌎 Easy Localization] [DEBUG] Init state[0m
[32m[🌎 Easy Localization] [INFO] Start locale loaded en[0m
[90m[🌎 Easy Localization] [DEBUG] Build[0m
[90m[🌎 Easy Localization] [DEBUG] Init Localization Delegate[0m
[90m[🌎 Easy Localization] [DEBUG] Init provider[0m
[90m[🌎 Easy Localization] [DEBUG] Load Localization Delegate[0m
[90m[🌎 Easy Localization] [DEBUG] Build[0m
[90m[🌎 Easy Localization] [DEBUG] Init Localization Delegate[0m
[90m[🌎 Easy Localization] [DEBUG] Init provider[0m
[PhoneBroadcastScreen] wakelock unavailable: PlatformException(channel-error, Unable to establish connection on channel: "dev.flutter.pigeon.wakelock_plus_platform_interface.WakelockPlusApi.toggle"., null, null)
01:28 +92: C:/Users/User/.codex/worktrees/hadayah-wave4v2-integration/Streamer_app/project/test/phone_broadcast_end_test.dart: End confirmation at 568x240 and 2x text: en
Realtime public streamer subscription failed: 'package:supabase_flutter/src/supabase.dart': Failed assertion: line 45 pos 7: '_instance._isInitialized': You must initialize the supabase instance before calling Supabase.instance
Realtime academic_categories subscription failed: 'package:supabase_flutter/src/supabase.dart': Failed assertion: line 45 pos 7: '_instance._isInitialized': You must initialize the supabase instance before calling Supabase.instance
Realtime user status channel subscription failed: 'package:supabase_flutter/src/supabase.dart': Failed assertion: line 45 pos 7: '_instance._isInitialized': You must initialize the supabase instance before calling Supabase.instance
Profile provisioning failed: 'package:supabase_flutter/src/supabase.dart': Failed assertion: line 45 pos 7: '_instance._isInitialized': You must initialize the supabase instance before calling Supabase.instance
loadVerifiedStreamersFromBackend failed: Bad state: Backend unavailable
Admin role check failed: 'package:supabase_flutter/src/supabase.dart': Failed assertion: line 45 pos 7: '_instance._isInitialized': You must initialize the supabase instance before calling Supabase.instance
_refreshCurrentUserBanStatus failed: 'package:supabase_flutter/src/supabase.dart': Failed assertion: line 45 pos 7: '_instance._isInitialized': You must initialize the supabase instance before calling Supabase.instance
_refreshAcademicCategories failed: Bad state: Backend unavailable
loadVerifiedStreamersFromBackend failed: Bad state: Backend unavailable
[90m[🌎 Easy Localization] [DEBUG] Start[0m
[90m[🌎 Easy Localization] [DEBUG] Init state[0m
[32m[🌎 Easy Localization] [INFO] Start locale loaded en[0m
[90m[🌎 Easy Localization] [DEBUG] Build[0m
[90m[🌎 Easy Localization] [DEBUG] Init Localization Delegate[0m
[90m[🌎 Easy Localization] [DEBUG] Init provider[0m
[90m[🌎 Easy Localization] [DEBUG] Load Localization Delegate[0m
[90m[🌎 Easy Localization] [DEBUG] Build[0m
[90m[🌎 Easy Localization] [DEBUG] Init Localization Delegate[0m
[90m[🌎 Easy Localization] [DEBUG] Init provider[0m
[PhoneBroadcastScreen] wakelock unavailable: PlatformException(channel-error, Unable to establish connection on channel: "dev.flutter.pigeon.wakelock_plus_platform_interface.WakelockPlusApi.toggle"., null, null)
01:28 +93: C:/Users/User/.codex/worktrees/hadayah-wave4v2-integration/Streamer_app/project/test/phone_broadcast_end_test.dart: End confirmation at 568x240 and 2x text: ar
Realtime public streamer subscription failed: 'package:supabase_flutter/src/supabase.dart': Failed assertion: line 45 pos 7: '_instance._isInitialized': You must initialize the supabase instance before calling Supabase.instance
Realtime academic_categories subscription failed: 'package:supabase_flutter/src/supabase.dart': Failed assertion: line 45 pos 7: '_instance._isInitialized': You must initialize the supabase instance before calling Supabase.instance
Realtime user status channel subscription failed: 'package:supabase_flutter/src/supabase.dart': Failed assertion: line 45 pos 7: '_instance._isInitialized': You must initialize the supabase instance before calling Supabase.instance
Profile provisioning failed: 'package:supabase_flutter/src/supabase.dart': Failed assertion: line 45 pos 7: '_instance._isInitialized': You must initialize the supabase instance before calling Supabase.instance
loadVerifiedStreamersFromBackend failed: Bad state: Backend unavailable
Admin role check failed: 'package:supabase_flutter/src/supabase.dart': Failed assertion: line 45 pos 7: '_instance._isInitialized': You must initialize the supabase instance before calling Supabase.instance
_refreshCurrentUserBanStatus failed: 'package:supabase_flutter/src/supabase.dart': Failed assertion: line 45 pos 7: '_instance._isInitialized': You must initialize the supabase instance before calling Supabase.instance
_refreshAcademicCategories failed: Bad state: Backend unavailable
loadVerifiedStreamersFromBackend failed: Bad state: Backend unavailable
[90m[🌎 Easy Localization] [DEBUG] Start[0m
[90m[🌎 Easy Localization] [DEBUG] Init state[0m
[32m[🌎 Easy Localization] [INFO] Start locale loaded ar[0m
[90m[🌎 Easy Localization] [DEBUG] Build[0m
[90m[🌎 Easy Localization] [DEBUG] Init Localization Delegate[0m
[90m[🌎 Easy Localization] [DEBUG] Init provider[0m
[90m[🌎 Easy Localization] [DEBUG] Load Localization Delegate[0m
[90m[🌎 Easy Localization] [DEBUG] Build[0m
[90m[🌎 Easy Localization] [DEBUG] Init Localization Delegate[0m
[90m[🌎 Easy Localization] [DEBUG] Init provider[0m
[PhoneBroadcastScreen] wakelock unavailable: PlatformException(channel-error, Unable to establish connection on channel: "dev.flutter.pigeon.wakelock_plus_platform_interface.WakelockPlusApi.toggle"., null, null)
01:29 +94: C:/Users/User/.codex/worktrees/hadayah-wave4v2-integration/Streamer_app/project/test/phone_broadcast_end_test.dart: (tearDownAll)
01:29 +94: loading C:/Users/User/.codex/worktrees/hadayah-wave4v2-integration/Streamer_app/project/test/phone_broadcast_engine_test.dart
01:29 +94: C:/Users/User/.codex/worktrees/hadayah-wave4v2-integration/Streamer_app/project/test/phone_broadcast_engine_test.dart: initializeCamera sends the selected preset's width/height/bitrate
01:29 +95: C:/Users/User/.codex/worktrees/hadayah-wave4v2-integration/Streamer_app/project/test/phone_broadcast_engine_test.dart: startPublishing sends the url and sets connecting state
01:29 +96: C:/Users/User/.codex/worktrees/hadayah-wave4v2-integration/Streamer_app/project/test/phone_broadcast_engine_test.dart: startPublishing surfaces a PlatformException as error state
01:30 +97: loading C:/Users/User/.codex/worktrees/hadayah-wave4v2-integration/Streamer_app/project/test/phone_to_youtube_live_service_test.dart
01:30 +97: loading C:/Users/User/.codex/worktrees/hadayah-wave4v2-integration/Streamer_app/project/test/playlist_and_audio_polish_test.dart
01:31 +97: loading C:/Users/User/.codex/worktrees/hadayah-wave4v2-integration/Streamer_app/project/test/private_streaming_test.dart
01:32 +97: C:/Users/User/.codex/worktrees/hadayah-wave4v2-integration/Streamer_app/project/test/private_streaming_test.dart: (setUpAll)
[90m[🌎 Easy Localization] [DEBUG] Localization initialized[0m
01:32 +97: C:/Users/User/.codex/worktrees/hadayah-wave4v2-integration/Streamer_app/project/test/private_streaming_test.dart: AppProvider: Private & Restricted Streaming (client-simulated) admitAllKnockRequests cannot admit disabled simulated requests
Realtime public streamer subscription failed: 'package:supabase_flutter/src/supabase.dart': Failed assertion: line 45 pos 7: '_instance._isInitialized': You must initialize the supabase instance before calling Supabase.instance
Realtime academic_categories subscription failed: 'package:supabase_flutter/src/supabase.dart': Failed assertion: line 45 pos 7: '_instance._isInitialized': You must initialize the supabase instance before calling Supabase.instance
Supabase auth listener not attached (Supabase not initialized?): 'package:supabase_flutter/src/supabase.dart': Failed assertion: line 45 pos 7: '_instance._isInitialized': You must initialize the supabase instance before calling Supabase.instance
01:32 +98: C:/Users/User/.codex/worktrees/hadayah-wave4v2-integration/Streamer_app/project/test/private_streaming_test.dart: AppProvider: Private & Restricted Streaming (client-simulated) admitAttendeeByHandle adds a VIP attendee when the handle is whitelisted
01:32 +98: C:/Users/User/.codex/worktrees/hadayah-wave4v2-integration/Streamer_app/project/test/private_streaming_test.dart: AppProvider: Private & Restricted Streaming (client-simulated) admitAllKnockRequests cannot admit disabled simulated requests
loadVerifiedStreamersFromBackend failed: Bad state: Backend unavailable
_refreshAcademicCategories failed: Bad state: Backend unavailable
01:32 +98: C:/Users/User/.codex/worktrees/hadayah-wave4v2-integration/Streamer_app/project/test/private_streaming_test.dart: AppProvider: Private & Restricted Streaming (client-simulated) admitAttendeeByHandle adds a VIP attendee when the handle is whitelisted
Realtime public streamer subscription failed: 'package:supabase_flutter/src/supabase.dart': Failed assertion: line 45 pos 7: '_instance._isInitialized': You must initialize the supabase instance before calling Supabase.instance
Realtime academic_categories subscription failed: 'package:supabase_flutter/src/supabase.dart': Failed assertion: line 45 pos 7: '_instance._isInitialized': You must initialize the supabase instance before calling Supabase.instance
Supabase auth listener not attached (Supabase not initialized?): 'package:supabase_flutter/src/supabase.dart': Failed assertion: line 45 pos 7: '_instance._isInitialized': You must initialize the supabase instance before calling Supabase.instance
01:32 +99: C:/Users/User/.codex/worktrees/hadayah-wave4v2-integration/Streamer_app/project/test/private_streaming_test.dart: (tearDownAll)
01:32 +99: C:/Users/User/.codex/worktrees/hadayah-wave4v2-integration/Streamer_app/project/test/private_streaming_test.dart: AppProvider: Private & Restricted Streaming (client-simulated) admitAttendeeByHandle adds a VIP attendee when the handle is whitelisted
loadVerifiedStreamersFromBackend failed: Bad state: Backend unavailable
_refreshAcademicCategories failed: Bad state: Backend unavailable
01:32 +99: loading C:/Users/User/.codex/worktrees/hadayah-wave4v2-integration/Streamer_app/project/test/public_catalog_cache_test.dart
01:33 +99: loading C:/Users/User/.codex/worktrees/hadayah-wave4v2-integration/Streamer_app/project/test/rendered_contrast_test.dart
01:34 +99: C:/Users/User/.codex/worktrees/hadayah-wave4v2-integration/Streamer_app/project/test/rendered_contrast_test.dart: (setUpAll)
[90m[🌎 Easy Localization] [DEBUG] Localization initialized[0m
01:34 +99: C:/Users/User/.codex/worktrees/hadayah-wave4v2-integration/Streamer_app/project/test/rendered_contrast_test.dart: consent dialog en keeps every label readable where it sits
Realtime public streamer subscription failed: 'package:supabase_flutter/src/supabase.dart': Failed assertion: line 45 pos 7: '_instance._isInitialized': You must initialize the supabase instance before calling Supabase.instance
Realtime academic_categories subscription failed: 'package:supabase_flutter/src/supabase.dart': Failed assertion: line 45 pos 7: '_instance._isInitialized': You must initialize the supabase instance before calling Supabase.instance
Supabase auth listener not attached (Supabase not initialized?): 'package:supabase_flutter/src/supabase.dart': Failed assertion: line 45 pos 7: '_instance._isInitialized': You must initialize the supabase instance before calling Supabase.instance
loadVerifiedStreamersFromBackend failed: Bad state: Backend unavailable
_refreshAcademicCategories failed: Bad state: Backend unavailable
01:35 +100: C:/Users/User/.codex/worktrees/hadayah-wave4v2-integration/Streamer_app/project/test/rendered_contrast_test.dart: consent dialog ar keeps every label readable where it sits
Realtime public streamer subscription failed: 'package:supabase_flutter/src/supabase.dart': Failed assertion: line 45 pos 7: '_instance._isInitialized': You must initialize the supabase instance before calling Supabase.instance
Realtime academic_categories subscription failed: 'package:supabase_flutter/src/supabase.dart': Failed assertion: line 45 pos 7: '_instance._isInitialized': You must initialize the supabase instance before calling Supabase.instance
Supabase auth listener not attached (Supabase not initialized?): 'package:supabase_flutter/src/supabase.dart': Failed assertion: line 45 pos 7: '_instance._isInitialized': You must initialize the supabase instance before calling Supabase.instance
loadVerifiedStreamersFromBackend failed: Bad state: Backend unavailable
_refreshAcademicCategories failed: Bad state: Backend unavailable
01:35 +101: C:/Users/User/.codex/worktrees/hadayah-wave4v2-integration/Streamer_app/project/test/rendered_contrast_test.dart: permission dialog en keeps every label readable where it sits
Realtime public streamer subscription failed: 'package:supabase_flutter/src/supabase.dart': Failed assertion: line 45 pos 7: '_instance._isInitialized': You must initialize the supabase instance before calling Supabase.instance
Realtime academic_categories subscription failed: 'package:supabase_flutter/src/supabase.dart': Failed assertion: line 45 pos 7: '_instance._isInitialized': You must initialize the supabase instance before calling Supabase.instance
Supabase auth listener not attached (Supabase not initialized?): 'package:supabase_flutter/src/supabase.dart': Failed assertion: line 45 pos 7: '_instance._isInitialized': You must initialize the supabase instance before calling Supabase.instance
loadVerifiedStreamersFromBackend failed: Bad state: Backend unavailable
_refreshAcademicCategories failed: Bad state: Backend unavailable
01:35 +102: C:/Users/User/.codex/worktrees/hadayah-wave4v2-integration/Streamer_app/project/test/rendered_contrast_test.dart: permission dialog ar keeps every label readable where it sits
Realtime public streamer subscription failed: 'package:supabase_flutter/src/supabase.dart': Failed assertion: line 45 pos 7: '_instance._isInitialized': You must initialize the supabase instance before calling Supabase.instance
Realtime academic_categories subscription failed: 'package:supabase_flutter/src/supabase.dart': Failed assertion: line 45 pos 7: '_instance._isInitialized': You must initialize the supabase instance before calling Supabase.instance
Supabase auth listener not attached (Supabase not initialized?): 'package:supabase_flutter/src/supabase.dart': Failed assertion: line 45 pos 7: '_instance._isInitialized': You must initialize the supabase instance before calling Supabase.instance
loadVerifiedStreamersFromBackend failed: Bad state: Backend unavailable
_refreshAcademicCategories failed: Bad state: Backend unavailable
01:35 +103: C:/Users/User/.codex/worktrees/hadayah-wave4v2-integration/Streamer_app/project/test/rendered_contrast_test.dart: device conflict dialog en keeps every label readable where it sits
Realtime public streamer subscription failed: 'package:supabase_flutter/src/supabase.dart': Failed assertion: line 45 pos 7: '_instance._isInitialized': You must initialize the supabase instance before calling Supabase.instance
Realtime academic_categories subscription failed: 'package:supabase_flutter/src/supabase.dart': Failed assertion: line 45 pos 7: '_instance._isInitialized': You must initialize the supabase instance before calling Supabase.instance
Supabase auth listener not attached (Supabase not initialized?): 'package:supabase_flutter/src/supabase.dart': Failed assertion: line 45 pos 7: '_instance._isInitialized': You must initialize the supabase instance before calling Supabase.instance
loadVerifiedStreamersFromBackend failed: Bad state: Backend unavailable
_refreshAcademicCategories failed: Bad state: Backend unavailable
01:35 +104: C:/Users/User/.codex/worktrees/hadayah-wave4v2-integration/Streamer_app/project/test/rendered_contrast_test.dart: (tearDownAll)
01:35 +104: loading C:/Users/User/.codex/worktrees/hadayah-wave4v2-integration/Streamer_app/project/test/rtmp_ip_dialog_test.dart
01:36 +104: C:/Users/User/.codex/worktrees/hadayah-wave4v2-integration/Streamer_app/project/test/rtmp_ip_dialog_test.dart: (setUpAll)
[90m[🌎 Easy Localization] [DEBUG] Localization initialized[0m
01:36 +104: C:/Users/User/.codex/worktrees/hadayah-wave4v2-integration/Streamer_app/project/test/rtmp_ip_dialog_test.dart: LiveBroadcasterStudioSheet: 80% Broadcaster Studio bottom sheet (V2) TC-STUDIO-07: switching away from Local clears its explanation
Realtime public streamer subscription failed: 'package:supabase_flutter/src/supabase.dart': Failed assertion: line 45 pos 7: '_instance._isInitialized': You must initialize the supabase instance before calling Supabase.instance
Realtime academic_categories subscription failed: 'package:supabase_flutter/src/supabase.dart': Failed assertion: line 45 pos 7: '_instance._isInitialized': You must initialize the supabase instance before calling Supabase.instance
Supabase auth listener not attached (Supabase not initialized?): 'package:supabase_flutter/src/supabase.dart': Failed assertion: line 45 pos 7: '_instance._isInitialized': You must initialize the supabase instance before calling Supabase.instance
[90m[🌎 Easy Localization] [DEBUG] Start[0m
[90m[🌎 Easy Localization] [DEBUG] Init state[0m
[32m[🌎 Easy Localization] [INFO] Start locale loaded en[0m
[90m[🌎 Easy Localization] [DEBUG] Build[0m
[90m[🌎 Easy Localization] [DEBUG] Init Localization Delegate[0m
[90m[🌎 Easy Localization] [DEBUG] Init provider[0m
[90m[🌎 Easy Localization] [DEBUG] Load Localization Delegate[0m
[90m[🌎 Easy Localization] [DEBUG] Build[0m
[90m[🌎 Easy Localization] [DEBUG] Init Localization Delegate[0m
[90m[🌎 Easy Localization] [DEBUG] Init provider[0m
loadVerifiedStreamersFromBackend failed: Bad state: Backend unavailable
01:37 +105: C:/Users/User/.codex/worktrees/hadayah-wave4v2-integration/Streamer_app/project/test/rtmp_ip_dialog_test.dart: LiveBroadcasterStudioSheet: 80% Broadcaster Studio bottom sheet (V2) TC-STUDIO-08: category chips are selectable in Phone mode
01:37 +105: C:/Users/User/.codex/worktrees/hadayah-wave4v2-integration/Streamer_app/project/test/rtmp_ip_dialog_test.dart: LiveBroadcasterStudioSheet: 80% Broadcaster Studio bottom sheet (V2) TC-STUDIO-07: switching away from Local clears its explanation
_refreshAcademicCategories failed: Bad state: Backend unavailable
01:38 +105: C:/Users/User/.codex/worktrees/hadayah-wave4v2-integration/Streamer_app/project/test/rtmp_ip_dialog_test.dart: LiveBroadcasterStudioSheet: 80% Broadcaster Studio bottom sheet (V2) TC-STUDIO-08: category chips are selectable in Phone mode
Realtime public streamer subscription failed: 'package:supabase_flutter/src/supabase.dart': Failed assertion: line 45 pos 7: '_instance._isInitialized': You must initialize the supabase instance before calling Supabase.instance
Realtime academic_categories subscription failed: 'package:supabase_flutter/src/supabase.dart': Failed assertion: line 45 pos 7: '_instance._isInitialized': You must initialize the supabase instance before calling Supabase.instance
Supabase auth listener not attached (Supabase not initialized?): 'package:supabase_flutter/src/supabase.dart': Failed assertion: line 45 pos 7: '_instance._isInitialized': You must initialize the supabase instance before calling Supabase.instance
[90m[🌎 Easy Localization] [DEBUG] Start[0m
[90m[🌎 Easy Localization] [DEBUG] Init state[0m
[32m[🌎 Easy Localization] [INFO] Start locale loaded en[0m
[90m[🌎 Easy Localization] [DEBUG] Build[0m
[90m[🌎 Easy Localization] [DEBUG] Init Localization Delegate[0m
[90m[🌎 Easy Localization] [DEBUG] Init provider[0m
[90m[🌎 Easy Localization] [DEBUG] Load Localization Delegate[0m
[90m[🌎 Easy Localization] [DEBUG] Build[0m
[90m[🌎 Easy Localization] [DEBUG] Init Localization Delegate[0m
[90m[🌎 Easy Localization] [DEBUG] Init provider[0m
loadVerifiedStreamersFromBackend failed: Bad state: Backend unavailable
01:38 +106: C:/Users/User/.codex/worktrees/hadayah-wave4v2-integration/Streamer_app/project/test/rtmp_ip_dialog_test.dart: LiveBroadcasterStudioSheet: 80% Broadcaster Studio bottom sheet (V2) TC-STUDIO-09: switching modes and back preserves typed title text (shared controller across mode morphs)
01:38 +106: C:/Users/User/.codex/worktrees/hadayah-wave4v2-integration/Streamer_app/project/test/rtmp_ip_dialog_test.dart: LiveBroadcasterStudioSheet: 80% Broadcaster Studio bottom sheet (V2) TC-STUDIO-08: category chips are selectable in Phone mode
_refreshAcademicCategories failed: Bad state: Backend unavailable
01:38 +106: C:/Users/User/.codex/worktrees/hadayah-wave4v2-integration/Streamer_app/project/test/rtmp_ip_dialog_test.dart: LiveBroadcasterStudioSheet: 80% Broadcaster Studio bottom sheet (V2) TC-STUDIO-09: switching modes and back preserves typed title text (shared controller across mode morphs)
Realtime public streamer subscription failed: 'package:supabase_flutter/src/supabase.dart': Failed assertion: line 45 pos 7: '_instance._isInitialized': You must initialize the supabase instance before calling Supabase.instance
Realtime academic_categories subscription failed: 'package:supabase_flutter/src/supabase.dart': Failed assertion: line 45 pos 7: '_instance._isInitialized': You must initialize the supabase instance before calling Supabase.instance
Supabase auth listener not attached (Supabase not initialized?): 'package:supabase_flutter/src/supabase.dart': Failed assertion: line 45 pos 7: '_instance._isInitialized': You must initialize the supabase instance before calling Supabase.instance
[90m[🌎 Easy Localization] [DEBUG] Start[0m
[90m[🌎 Easy Localization] [DEBUG] Init state[0m
[32m[🌎 Easy Localization] [INFO] Start locale loaded en[0m
[90m[🌎 Easy Localization] [DEBUG] Build[0m
[90m[🌎 Easy Localization] [DEBUG] Init Localization Delegate[0m
[90m[🌎 Easy Localization] [DEBUG] Init provider[0m
[90m[🌎 Easy Localization] [DEBUG] Load Localization Delegate[0m
[90m[🌎 Easy Localization] [DEBUG] Build[0m
[90m[🌎 Easy Localization] [DEBUG] Init Localization Delegate[0m
[90m[🌎 Easy Localization] [DEBUG] Init provider[0m
loadVerifiedStreamersFromBackend failed: Bad state: Backend unavailable
01:38 +107: C:/Users/User/.codex/worktrees/hadayah-wave4v2-integration/Streamer_app/project/test/rtmp_ip_dialog_test.dart: (tearDownAll)
01:38 +107: C:/Users/User/.codex/worktrees/hadayah-wave4v2-integration/Streamer_app/project/test/rtmp_ip_dialog_test.dart: LiveBroadcasterStudioSheet: 80% Broadcaster Studio bottom sheet (V2) TC-STUDIO-09: switching modes and back preserves typed title text (shared controller across mode morphs)
_refreshAcademicCategories failed: Bad state: Backend unavailable
01:38 +107: loading C:/Users/User/.codex/worktrees/hadayah-wave4v2-integration/Streamer_app/project/test/settings_screen_test.dart
01:39 +107: C:/Users/User/.codex/worktrees/hadayah-wave4v2-integration/Streamer_app/project/test/settings_screen_test.dart: (setUpAll)
[90m[🌎 Easy Localization] [DEBUG] Localization initialized[0m
01:39 +107: C:/Users/User/.codex/worktrees/hadayah-wave4v2-integration/Streamer_app/project/test/settings_screen_test.dart: SettingsScreen: role-aware modular redesign TC-SET-04: the Streamer Mode switch is disabled for a non-approved account and enabled once approved
Realtime public streamer subscription failed: 'package:supabase_flutter/src/supabase.dart': Failed assertion: line 45 pos 7: '_instance._isInitialized': You must initialize the supabase instance before calling Supabase.instance
Realtime academic_categories subscription failed: 'package:supabase_flutter/src/supabase.dart': Failed assertion: line 45 pos 7: '_instance._isInitialized': You must initialize the supabase instance before calling Supabase.instance
Supabase auth listener not attached (Supabase not initialized?): 'package:supabase_flutter/src/supabase.dart': Failed assertion: line 45 pos 7: '_instance._isInitialized': You must initialize the supabase instance before calling Supabase.instance
[90m[🌎 Easy Localization] [DEBUG] Start[0m
loadVerifiedStreamersFromBackend failed: Bad state: Backend unavailable
_refreshAcademicCategories failed: Bad state: Backend unavailable
[90m[🌎 Easy Localization] [DEBUG] Init state[0m
[32m[🌎 Easy Localization] [INFO] Start locale loaded en[0m
[90m[🌎 Easy Localization] [DEBUG] Build[0m
[90m[🌎 Easy Localization] [DEBUG] Init Localization Delegate[0m
[90m[🌎 Easy Localization] [DEBUG] Init provider[0m
[90m[🌎 Easy Localization] [DEBUG] Load Localization Delegate[0m
[90m[🌎 Easy Localization] [DEBUG] Build[0m
[90m[🌎 Easy Localization] [DEBUG] Init Localization Delegate[0m
[90m[🌎 Easy Localization] [DEBUG] Init provider[0m
unhandled element <defs/>; Picture key: Svg loader
Realtime public streamer subscription failed: 'package:supabase_flutter/src/supabase.dart': Failed assertion: line 45 pos 7: '_instance._isInitialized': You must initialize the supabase instance before calling Supabase.instance
Realtime academic_categories subscription failed: 'package:supabase_flutter/src/supabase.dart': Failed assertion: line 45 pos 7: '_instance._isInitialized': You must initialize the supabase instance before calling Supabase.instance
Supabase auth listener not attached (Supabase not initialized?): 'package:supabase_flutter/src/supabase.dart': Failed assertion: line 45 pos 7: '_instance._isInitialized': You must initialize the supabase instance before calling Supabase.instance
[90m[🌎 Easy Localization] [DEBUG] Start[0m
loadVerifiedStreamersFromBackend failed: Bad state: Backend unavailable
_refreshAcademicCategories failed: Bad state: Backend unavailable
[90m[🌎 Easy Localization] [DEBUG] Build[0m
[90m[🌎 Easy Localization] [DEBUG] Init Localization Delegate[0m
[90m[🌎 Easy Localization] [DEBUG] Init provider[0m
01:40 +108: C:/Users/User/.codex/worktrees/hadayah-wave4v2-integration/Streamer_app/project/test/settings_screen_test.dart: (tearDownAll)
01:40 +108: loading C:/Users/User/.codex/worktrees/hadayah-wave4v2-integration/Streamer_app/project/test/spatial_map_test.dart
01:41 +108: C:/Users/User/.codex/worktrees/hadayah-wave4v2-integration/Streamer_app/project/test/spatial_map_test.dart: Spatial Map GIS Data Models Test City views and overview sit inside the navigation extent, which sits inside the bundled pack coverage
01:41 +109: C:/Users/User/.codex/worktrees/hadayah-wave4v2-integration/Streamer_app/project/test/spatial_map_test.dart: Spatial Map GIS Data Models Test Verify MapMarkerModel Localized Name and Venue Getters
01:41 +110: C:/Users/User/.codex/worktrees/hadayah-wave4v2-integration/Streamer_app/project/test/spatial_map_test.dart: Spatial Map GIS Data Models Test Verify Auditorium Fallback Info for Unknown Streamer
01:41 +111: C:/Users/User/.codex/worktrees/hadayah-wave4v2-integration/Streamer_app/project/test/spatial_map_test.dart: Spatial Map GIS Data Models Test Verify Travel Time Minimum Threshold Boundary
01:41 +112: loading C:/Users/User/.codex/worktrees/hadayah-wave4v2-integration/Streamer_app/project/test/streamer_application_wizard_test.dart
01:42 +112: C:/Users/User/.codex/worktrees/hadayah-wave4v2-integration/Streamer_app/project/test/streamer_application_wizard_test.dart: Streamer Application Wizard & Staged Activation Tests TC-WIZARD-02: BroadcasterApplicationModel creates valid pending model with media URLs
Realtime public streamer subscription failed: 'package:supabase_flutter/src/supabase.dart': Failed assertion: line 45 pos 7: '_instance._isInitialized': You must initialize the supabase instance before calling Supabase.instance
Realtime academic_categories subscription failed: 'package:supabase_flutter/src/supabase.dart': Failed assertion: line 45 pos 7: '_instance._isInitialized': You must initialize the supabase instance before calling Supabase.instance
Supabase auth listener not attached (Supabase not initialized?): 'package:supabase_flutter/src/supabase.dart': Failed assertion: line 45 pos 7: '_instance._isInitialized': You must initialize the supabase instance before calling Supabase.instance
01:42 +113: loading C:/Users/User/.codex/worktrees/hadayah-wave4v2-integration/Streamer_app/project/test/streamer_asset_path_test.dart
01:43 +113: loading C:/Users/User/.codex/worktrees/hadayah-wave4v2-integration/Streamer_app/project/test/streamer_role_mode_map_feed_sync_test.dart
01:44 +113: loading C:/Users/User/.codex/worktrees/hadayah-wave4v2-integration/Streamer_app/project/test/theme_contrast_test.dart
01:45 +113: loading C:/Users/User/.codex/worktrees/hadayah-wave4v2-integration/Streamer_app/project/test/v04_core_architect_settings_test.dart
01:46 +113: C:/Users/User/.codex/worktrees/hadayah-wave4v2-integration/Streamer_app/project/test/v04_core_architect_settings_test.dart: Version 0.4 Core Architect Settings & State Unit Tests TC-V04-SET-05: Streamer CRUD and Protected Original 5 Verification
Realtime public streamer subscription failed: 'package:supabase_flutter/src/supabase.dart': Failed assertion: line 45 pos 7: '_instance._isInitialized': You must initialize the supabase instance before calling Supabase.instance
Realtime academic_categories subscription failed: 'package:supabase_flutter/src/supabase.dart': Failed assertion: line 45 pos 7: '_instance._isInitialized': You must initialize the supabase instance before calling Supabase.instance
Supabase auth listener not attached (Supabase not initialized?): 'package:supabase_flutter/src/supabase.dart': Failed assertion: line 45 pos 7: '_instance._isInitialized': You must initialize the supabase instance before calling Supabase.instance
_loadMapMarkerCacheFromDisk failed: MissingPluginException(No implementation found for method getAll on channel plugins.flutter.io/shared_preferences)
loadVerifiedStreamersFromBackend failed: Bad state: Backend unavailable
loadVerifiedStreamersFromBackend failed: Bad state: Backend unavailable
loadVerifiedStreamersFromBackend failed: Bad state: Backend unavailable
_refreshAcademicCategories failed: Bad state: Backend unavailable
01:46 +114: loading C:/Users/User/.codex/worktrees/hadayah-wave4v2-integration/Streamer_app/project/test/v04_ui_ux_specialist_test.dart
01:47 +114: C:/Users/User/.codex/worktrees/hadayah-wave4v2-integration/Streamer_app/project/test/v04_ui_ux_specialist_test.dart: Version 0.4 Checkpoint 4.1 & 4.2 UI/UX, Localization & Safety Tests TC-THEME-02: Light Theme Base Surface and Accent Constants Verification
01:47 +115: loading C:/Users/User/.codex/worktrees/hadayah-wave4v2-integration/Streamer_app/project/test/viewer_presence_test.dart
01:47 +115: loading C:/Users/User/.codex/worktrees/hadayah-wave4v2-integration/Streamer_app/project/test/vod_archive_test.dart
01:48 +115: C:/Users/User/.codex/worktrees/hadayah-wave4v2-integration/Streamer_app/project/test/vod_archive_test.dart: VOD Archive & RTMP Configuration Unit Tests TC-VOD-04: JSON Serialization Round-Trip
01:48 +116: loading C:/Users/User/.codex/worktrees/hadayah-wave4v2-integration/Streamer_app/project/test/wave4v2_recovery_and_channel_test.dart
01:49 +116: C:/Users/User/.codex/worktrees/hadayah-wave4v2-integration/Streamer_app/project/test/wave4v2_recovery_and_channel_test.dart: pending authority cannot revive denied
01:49 +117: loading C:/Users/User/.codex/worktrees/hadayah-wave4v2-integration/Streamer_app/project/test/youtube_api_test.dart
01:50 +117: C:/Users/User/.codex/worktrees/hadayah-wave4v2-integration/Streamer_app/project/test/youtube_api_test.dart: YouTube Data API v3 Unit & Integration Tests TC-YT-03: AppProvider Integration with YouTube Service
Realtime public streamer subscription failed: 'package:supabase_flutter/src/supabase.dart': Failed assertion: line 45 pos 7: '_instance._isInitialized': You must initialize the supabase instance before calling Supabase.instance
Realtime academic_categories subscription failed: 'package:supabase_flutter/src/supabase.dart': Failed assertion: line 45 pos 7: '_instance._isInitialized': You must initialize the supabase instance before calling Supabase.instance
Supabase auth listener not attached (Supabase not initialized?): 'package:supabase_flutter/src/supabase.dart': Failed assertion: line 45 pos 7: '_instance._isInitialized': You must initialize the supabase instance before calling Supabase.instance
01:50 +118: loading C:/Users/User/.codex/worktrees/hadayah-wave4v2-integration/Streamer_app/project/test/youtube_embed_page_test.dart
01:51 +118: loading C:/Users/User/.codex/worktrees/hadayah-wave4v2-integration/Streamer_app/project/test/youtube_navigation_policy_test.dart
01:51 +118: loading C:/Users/User/.codex/worktrees/hadayah-wave4v2-integration/Streamer_app/project/test/youtube_watch_status_test.dart
01:52 +118: C:/Users/User/.codex/worktrees/hadayah-wave4v2-integration/Streamer_app/project/test/youtube_watch_status_test.dart: fetchWatchStatus no items is not found; a malformed ID sends nothing
01:52 +119: All tests passed!
