00:00 +0: loading C:/Users/User/.codex/worktrees/hadayah-wave4v2-integration/Streamer_app/project/test/map_tricity_widgets_test.dart
00:00 +0: C:/Users/User/.codex/worktrees/hadayah-wave4v2-integration/Streamer_app/project/test/map_tricity_widgets_test.dart: (setUpAll)
[90m[🌎 Easy Localization] [DEBUG] Localization initialized[0m
00:00 +0: C:/Users/User/.codex/worktrees/hadayah-wave4v2-integration/Streamer_app/project/test/map_tricity_widgets_test.dart: selected card en width=320.0 text=1.0 BroadcastType.offline
Realtime public streamer subscription failed: 'package:supabase_flutter/src/supabase.dart': Failed assertion: line 45 pos 7: '_instance._isInitialized': You must initialize the supabase instance before calling Supabase.instance
Realtime academic_categories subscription failed: 'package:supabase_flutter/src/supabase.dart': Failed assertion: line 45 pos 7: '_instance._isInitialized': You must initialize the supabase instance before calling Supabase.instance
Supabase auth listener not attached (Supabase not initialized?): 'package:supabase_flutter/src/supabase.dart': Failed assertion: line 45 pos 7: '_instance._isInitialized': You must initialize the supabase instance before calling Supabase.instance
[90m[🌎 Easy Localization] [DEBUG] Start[0m
loadVerifiedStreamersFromBackend failed: Bad state: Backend unavailable
_refreshAcademicCategories failed: Bad state: Backend unavailable
[90m[🌎 Easy Localization] [DEBUG] Init state[0m
[32m[🌎 Easy Localization] [INFO] Start locale loaded en[0m
[90m[🌎 Easy Localization] [DEBUG] Build[0m
[90m[🌎 Easy Localization] [DEBUG] Init Localization Delegate[0m
[90m[🌎 Easy Localization] [DEBUG] Init provider[0m
[90m[🌎 Easy Localization] [DEBUG] Load Localization Delegate[0m
[90m[🌎 Easy Localization] [DEBUG] Build[0m
[90m[🌎 Easy Localization] [DEBUG] Init Localization Delegate[0m
[90m[🌎 Easy Localization] [DEBUG] Init provider[0m
unhandled element <defs/>; Picture key: Svg loader
00:01 +1: C:/Users/User/.codex/worktrees/hadayah-wave4v2-integration/Streamer_app/project/test/map_tricity_widgets_test.dart: selected card en width=320.0 text=1.0 BroadcastType.liveVideo
Realtime public streamer subscription failed: 'package:supabase_flutter/src/supabase.dart': Failed assertion: line 45 pos 7: '_instance._isInitialized': You must initialize the supabase instance before calling Supabase.instance
Realtime academic_categories subscription failed: 'package:supabase_flutter/src/supabase.dart': Failed assertion: line 45 pos 7: '_instance._isInitialized': You must initialize the supabase instance before calling Supabase.instance
Supabase auth listener not attached (Supabase not initialized?): 'package:supabase_flutter/src/supabase.dart': Failed assertion: line 45 pos 7: '_instance._isInitialized': You must initialize the supabase instance before calling Supabase.instance
[90m[🌎 Easy Localization] [DEBUG] Start[0m
loadVerifiedStreamersFromBackend failed: Bad state: Backend unavailable
_refreshAcademicCategories failed: Bad state: Backend unavailable
[90m[🌎 Easy Localization] [DEBUG] Init state[0m
[32m[🌎 Easy Localization] [INFO] Start locale loaded en[0m
[90m[🌎 Easy Localization] [DEBUG] Build[0m
[90m[🌎 Easy Localization] [DEBUG] Init Localization Delegate[0m
[90m[🌎 Easy Localization] [DEBUG] Init provider[0m
[90m[🌎 Easy Localization] [DEBUG] Load Localization Delegate[0m
[90m[🌎 Easy Localization] [DEBUG] Build[0m
[90m[🌎 Easy Localization] [DEBUG] Init Localization Delegate[0m
[90m[🌎 Easy Localization] [DEBUG] Init provider[0m
00:02 +2: C:/Users/User/.codex/worktrees/hadayah-wave4v2-integration/Streamer_app/project/test/map_tricity_widgets_test.dart: selected card en width=320.0 text=1.0 BroadcastType.liveAudio
Realtime public streamer subscription failed: 'package:supabase_flutter/src/supabase.dart': Failed assertion: line 45 pos 7: '_instance._isInitialized': You must initialize the supabase instance before calling Supabase.instance
Realtime academic_categories subscription failed: 'package:supabase_flutter/src/supabase.dart': Failed assertion: line 45 pos 7: '_instance._isInitialized': You must initialize the supabase instance before calling Supabase.instance
Supabase auth listener not attached (Supabase not initialized?): 'package:supabase_flutter/src/supabase.dart': Failed assertion: line 45 pos 7: '_instance._isInitialized': You must initialize the supabase instance before calling Supabase.instance
[90m[🌎 Easy Localization] [DEBUG] Start[0m
loadVerifiedStreamersFromBackend failed: Bad state: Backend unavailable
_refreshAcademicCategories failed: Bad state: Backend unavailable
[90m[🌎 Easy Localization] [DEBUG] Init state[0m
[32m[🌎 Easy Localization] [INFO] Start locale loaded en[0m
[90m[🌎 Easy Localization] [DEBUG] Build[0m
[90m[🌎 Easy Localization] [DEBUG] Init Localization Delegate[0m
[90m[🌎 Easy Localization] [DEBUG] Init provider[0m
[90m[🌎 Easy Localization] [DEBUG] Load Localization Delegate[0m
[90m[🌎 Easy Localization] [DEBUG] Build[0m
[90m[🌎 Easy Localization] [DEBUG] Init Localization Delegate[0m
[90m[🌎 Easy Localization] [DEBUG] Init provider[0m
00:02 +3: C:/Users/User/.codex/worktrees/hadayah-wave4v2-integration/Streamer_app/project/test/map_tricity_widgets_test.dart: selected card en width=320.0 text=1.6 BroadcastType.offline
Realtime public streamer subscription failed: 'package:supabase_flutter/src/supabase.dart': Failed assertion: line 45 pos 7: '_instance._isInitialized': You must initialize the supabase instance before calling Supabase.instance
Realtime academic_categories subscription failed: 'package:supabase_flutter/src/supabase.dart': Failed assertion: line 45 pos 7: '_instance._isInitialized': You must initialize the supabase instance before calling Supabase.instance
Supabase auth listener not attached (Supabase not initialized?): 'package:supabase_flutter/src/supabase.dart': Failed assertion: line 45 pos 7: '_instance._isInitialized': You must initialize the supabase instance before calling Supabase.instance
[90m[🌎 Easy Localization] [DEBUG] Start[0m
loadVerifiedStreamersFromBackend failed: Bad state: Backend unavailable
_refreshAcademicCategories failed: Bad state: Backend unavailable
[90m[🌎 Easy Localization] [DEBUG] Init state[0m
[32m[🌎 Easy Localization] [INFO] Start locale loaded en[0m
[90m[🌎 Easy Localization] [DEBUG] Build[0m
[90m[🌎 Easy Localization] [DEBUG] Init Localization Delegate[0m
[90m[🌎 Easy Localization] [DEBUG] Init provider[0m
[90m[🌎 Easy Localization] [DEBUG] Load Localization Delegate[0m
[90m[🌎 Easy Localization] [DEBUG] Build[0m
[90m[🌎 Easy Localization] [DEBUG] Init Localization Delegate[0m
[90m[🌎 Easy Localization] [DEBUG] Init provider[0m
00:02 +4: C:/Users/User/.codex/worktrees/hadayah-wave4v2-integration/Streamer_app/project/test/map_tricity_widgets_test.dart: selected card en width=320.0 text=1.6 BroadcastType.liveVideo
Realtime public streamer subscription failed: 'package:supabase_flutter/src/supabase.dart': Failed assertion: line 45 pos 7: '_instance._isInitialized': You must initialize the supabase instance before calling Supabase.instance
Realtime academic_categories subscription failed: 'package:supabase_flutter/src/supabase.dart': Failed assertion: line 45 pos 7: '_instance._isInitialized': You must initialize the supabase instance before calling Supabase.instance
Supabase auth listener not attached (Supabase not initialized?): 'package:supabase_flutter/src/supabase.dart': Failed assertion: line 45 pos 7: '_instance._isInitialized': You must initialize the supabase instance before calling Supabase.instance
[90m[🌎 Easy Localization] [DEBUG] Start[0m
loadVerifiedStreamersFromBackend failed: Bad state: Backend unavailable
_refreshAcademicCategories failed: Bad state: Backend unavailable
[90m[🌎 Easy Localization] [DEBUG] Init state[0m
[32m[🌎 Easy Localization] [INFO] Start locale loaded en[0m
[90m[🌎 Easy Localization] [DEBUG] Build[0m
[90m[🌎 Easy Localization] [DEBUG] Init Localization Delegate[0m
[90m[🌎 Easy Localization] [DEBUG] Init provider[0m
[90m[🌎 Easy Localization] [DEBUG] Load Localization Delegate[0m
[90m[🌎 Easy Localization] [DEBUG] Build[0m
[90m[🌎 Easy Localization] [DEBUG] Init Localization Delegate[0m
[90m[🌎 Easy Localization] [DEBUG] Init provider[0m
00:02 +5: C:/Users/User/.codex/worktrees/hadayah-wave4v2-integration/Streamer_app/project/test/map_tricity_widgets_test.dart: selected card en width=320.0 text=1.6 BroadcastType.liveAudio
Realtime public streamer subscription failed: 'package:supabase_flutter/src/supabase.dart': Failed assertion: line 45 pos 7: '_instance._isInitialized': You must initialize the supabase instance before calling Supabase.instance
Realtime academic_categories subscription failed: 'package:supabase_flutter/src/supabase.dart': Failed assertion: line 45 pos 7: '_instance._isInitialized': You must initialize the supabase instance before calling Supabase.instance
Supabase auth listener not attached (Supabase not initialized?): 'package:supabase_flutter/src/supabase.dart': Failed assertion: line 45 pos 7: '_instance._isInitialized': You must initialize the supabase instance before calling Supabase.instance
[90m[🌎 Easy Localization] [DEBUG] Start[0m
loadVerifiedStreamersFromBackend failed: Bad state: Backend unavailable
_refreshAcademicCategories failed: Bad state: Backend unavailable
[90m[🌎 Easy Localization] [DEBUG] Init state[0m
[32m[🌎 Easy Localization] [INFO] Start locale loaded en[0m
[90m[🌎 Easy Localization] [DEBUG] Build[0m
[90m[🌎 Easy Localization] [DEBUG] Init Localization Delegate[0m
[90m[🌎 Easy Localization] [DEBUG] Init provider[0m
[90m[🌎 Easy Localization] [DEBUG] Load Localization Delegate[0m
[90m[🌎 Easy Localization] [DEBUG] Build[0m
[90m[🌎 Easy Localization] [DEBUG] Init Localization Delegate[0m
[90m[🌎 Easy Localization] [DEBUG] Init provider[0m
00:02 +6: C:/Users/User/.codex/worktrees/hadayah-wave4v2-integration/Streamer_app/project/test/map_tricity_widgets_test.dart: selected card en width=320.0 text=2.0 BroadcastType.offline
Realtime public streamer subscription failed: 'package:supabase_flutter/src/supabase.dart': Failed assertion: line 45 pos 7: '_instance._isInitialized': You must initialize the supabase instance before calling Supabase.instance
Realtime academic_categories subscription failed: 'package:supabase_flutter/src/supabase.dart': Failed assertion: line 45 pos 7: '_instance._isInitialized': You must initialize the supabase instance before calling Supabase.instance
Supabase auth listener not attached (Supabase not initialized?): 'package:supabase_flutter/src/supabase.dart': Failed assertion: line 45 pos 7: '_instance._isInitialized': You must initialize the supabase instance before calling Supabase.instance
[90m[🌎 Easy Localization] [DEBUG] Start[0m
loadVerifiedStreamersFromBackend failed: Bad state: Backend unavailable
_refreshAcademicCategories failed: Bad state: Backend unavailable
[90m[🌎 Easy Localization] [DEBUG] Init state[0m
[32m[🌎 Easy Localization] [INFO] Start locale loaded en[0m
[90m[🌎 Easy Localization] [DEBUG] Build[0m
[90m[🌎 Easy Localization] [DEBUG] Init Localization Delegate[0m
[90m[🌎 Easy Localization] [DEBUG] Init provider[0m
[90m[🌎 Easy Localization] [DEBUG] Load Localization Delegate[0m
[90m[🌎 Easy Localization] [DEBUG] Build[0m
[90m[🌎 Easy Localization] [DEBUG] Init Localization Delegate[0m
[90m[🌎 Easy Localization] [DEBUG] Init provider[0m
00:03 +7: C:/Users/User/.codex/worktrees/hadayah-wave4v2-integration/Streamer_app/project/test/map_tricity_widgets_test.dart: selected card en width=320.0 text=2.0 BroadcastType.liveVideo
Realtime public streamer subscription failed: 'package:supabase_flutter/src/supabase.dart': Failed assertion: line 45 pos 7: '_instance._isInitialized': You must initialize the supabase instance before calling Supabase.instance
Realtime academic_categories subscription failed: 'package:supabase_flutter/src/supabase.dart': Failed assertion: line 45 pos 7: '_instance._isInitialized': You must initialize the supabase instance before calling Supabase.instance
Supabase auth listener not attached (Supabase not initialized?): 'package:supabase_flutter/src/supabase.dart': Failed assertion: line 45 pos 7: '_instance._isInitialized': You must initialize the supabase instance before calling Supabase.instance
[90m[🌎 Easy Localization] [DEBUG] Start[0m
loadVerifiedStreamersFromBackend failed: Bad state: Backend unavailable
_refreshAcademicCategories failed: Bad state: Backend unavailable
[90m[🌎 Easy Localization] [DEBUG] Init state[0m
[32m[🌎 Easy Localization] [INFO] Start locale loaded en[0m
[90m[🌎 Easy Localization] [DEBUG] Build[0m
[90m[🌎 Easy Localization] [DEBUG] Init Localization Delegate[0m
[90m[🌎 Easy Localization] [DEBUG] Init provider[0m
[90m[🌎 Easy Localization] [DEBUG] Load Localization Delegate[0m
[90m[🌎 Easy Localization] [DEBUG] Build[0m
[90m[🌎 Easy Localization] [DEBUG] Init Localization Delegate[0m
[90m[🌎 Easy Localization] [DEBUG] Init provider[0m
00:03 +8: C:/Users/User/.codex/worktrees/hadayah-wave4v2-integration/Streamer_app/project/test/map_tricity_widgets_test.dart: selected card en width=320.0 text=2.0 BroadcastType.liveAudio
Realtime public streamer subscription failed: 'package:supabase_flutter/src/supabase.dart': Failed assertion: line 45 pos 7: '_instance._isInitialized': You must initialize the supabase instance before calling Supabase.instance
Realtime academic_categories subscription failed: 'package:supabase_flutter/src/supabase.dart': Failed assertion: line 45 pos 7: '_instance._isInitialized': You must initialize the supabase instance before calling Supabase.instance
Supabase auth listener not attached (Supabase not initialized?): 'package:supabase_flutter/src/supabase.dart': Failed assertion: line 45 pos 7: '_instance._isInitialized': You must initialize the supabase instance before calling Supabase.instance
[90m[🌎 Easy Localization] [DEBUG] Start[0m
loadVerifiedStreamersFromBackend failed: Bad state: Backend unavailable
_refreshAcademicCategories failed: Bad state: Backend unavailable
[90m[🌎 Easy Localization] [DEBUG] Init state[0m
[32m[🌎 Easy Localization] [INFO] Start locale loaded en[0m
[90m[🌎 Easy Localization] [DEBUG] Build[0m
[90m[🌎 Easy Localization] [DEBUG] Init Localization Delegate[0m
[90m[🌎 Easy Localization] [DEBUG] Init provider[0m
[90m[🌎 Easy Localization] [DEBUG] Load Localization Delegate[0m
[90m[🌎 Easy Localization] [DEBUG] Build[0m
[90m[🌎 Easy Localization] [DEBUG] Init Localization Delegate[0m
[90m[🌎 Easy Localization] [DEBUG] Init provider[0m
00:03 +9: C:/Users/User/.codex/worktrees/hadayah-wave4v2-integration/Streamer_app/project/test/map_tricity_widgets_test.dart: selected card en width=360.0 text=1.0 BroadcastType.offline
Realtime public streamer subscription failed: 'package:supabase_flutter/src/supabase.dart': Failed assertion: line 45 pos 7: '_instance._isInitialized': You must initialize the supabase instance before calling Supabase.instance
Realtime academic_categories subscription failed: 'package:supabase_flutter/src/supabase.dart': Failed assertion: line 45 pos 7: '_instance._isInitialized': You must initialize the supabase instance before calling Supabase.instance
Supabase auth listener not attached (Supabase not initialized?): 'package:supabase_flutter/src/supabase.dart': Failed assertion: line 45 pos 7: '_instance._isInitialized': You must initialize the supabase instance before calling Supabase.instance
[90m[🌎 Easy Localization] [DEBUG] Start[0m
loadVerifiedStreamersFromBackend failed: Bad state: Backend unavailable
_refreshAcademicCategories failed: Bad state: Backend unavailable
[90m[🌎 Easy Localization] [DEBUG] Init state[0m
[32m[🌎 Easy Localization] [INFO] Start locale loaded en[0m
[90m[🌎 Easy Localization] [DEBUG] Build[0m
[90m[🌎 Easy Localization] [DEBUG] Init Localization Delegate[0m
[90m[🌎 Easy Localization] [DEBUG] Init provider[0m
[90m[🌎 Easy Localization] [DEBUG] Load Localization Delegate[0m
[90m[🌎 Easy Localization] [DEBUG] Build[0m
[90m[🌎 Easy Localization] [DEBUG] Init Localization Delegate[0m
[90m[🌎 Easy Localization] [DEBUG] Init provider[0m
00:03 +10: C:/Users/User/.codex/worktrees/hadayah-wave4v2-integration/Streamer_app/project/test/map_tricity_widgets_test.dart: selected card en width=360.0 text=1.0 BroadcastType.liveVideo
Realtime public streamer subscription failed: 'package:supabase_flutter/src/supabase.dart': Failed assertion: line 45 pos 7: '_instance._isInitialized': You must initialize the supabase instance before calling Supabase.instance
Realtime academic_categories subscription failed: 'package:supabase_flutter/src/supabase.dart': Failed assertion: line 45 pos 7: '_instance._isInitialized': You must initialize the supabase instance before calling Supabase.instance
Supabase auth listener not attached (Supabase not initialized?): 'package:supabase_flutter/src/supabase.dart': Failed assertion: line 45 pos 7: '_instance._isInitialized': You must initialize the supabase instance before calling Supabase.instance
[90m[🌎 Easy Localization] [DEBUG] Start[0m
loadVerifiedStreamersFromBackend failed: Bad state: Backend unavailable
_refreshAcademicCategories failed: Bad state: Backend unavailable
[90m[🌎 Easy Localization] [DEBUG] Init state[0m
[32m[🌎 Easy Localization] [INFO] Start locale loaded en[0m
[90m[🌎 Easy Localization] [DEBUG] Build[0m
[90m[🌎 Easy Localization] [DEBUG] Init Localization Delegate[0m
[90m[🌎 Easy Localization] [DEBUG] Init provider[0m
[90m[🌎 Easy Localization] [DEBUG] Load Localization Delegate[0m
[90m[🌎 Easy Localization] [DEBUG] Build[0m
[90m[🌎 Easy Localization] [DEBUG] Init Localization Delegate[0m
[90m[🌎 Easy Localization] [DEBUG] Init provider[0m
00:03 +11: C:/Users/User/.codex/worktrees/hadayah-wave4v2-integration/Streamer_app/project/test/map_tricity_widgets_test.dart: selected card en width=360.0 text=1.0 BroadcastType.liveAudio
Realtime public streamer subscription failed: 'package:supabase_flutter/src/supabase.dart': Failed assertion: line 45 pos 7: '_instance._isInitialized': You must initialize the supabase instance before calling Supabase.instance
Realtime academic_categories subscription failed: 'package:supabase_flutter/src/supabase.dart': Failed assertion: line 45 pos 7: '_instance._isInitialized': You must initialize the supabase instance before calling Supabase.instance
Supabase auth listener not attached (Supabase not initialized?): 'package:supabase_flutter/src/supabase.dart': Failed assertion: line 45 pos 7: '_instance._isInitialized': You must initialize the supabase instance before calling Supabase.instance
[90m[🌎 Easy Localization] [DEBUG] Start[0m
loadVerifiedStreamersFromBackend failed: Bad state: Backend unavailable
_refreshAcademicCategories failed: Bad state: Backend unavailable
[90m[🌎 Easy Localization] [DEBUG] Init state[0m
[32m[🌎 Easy Localization] [INFO] Start locale loaded en[0m
[90m[🌎 Easy Localization] [DEBUG] Build[0m
[90m[🌎 Easy Localization] [DEBUG] Init Localization Delegate[0m
[90m[🌎 Easy Localization] [DEBUG] Init provider[0m
[90m[🌎 Easy Localization] [DEBUG] Load Localization Delegate[0m
[90m[🌎 Easy Localization] [DEBUG] Build[0m
[90m[🌎 Easy Localization] [DEBUG] Init Localization Delegate[0m
[90m[🌎 Easy Localization] [DEBUG] Init provider[0m
00:03 +12: C:/Users/User/.codex/worktrees/hadayah-wave4v2-integration/Streamer_app/project/test/map_tricity_widgets_test.dart: selected card en width=360.0 text=1.6 BroadcastType.offline
Realtime public streamer subscription failed: 'package:supabase_flutter/src/supabase.dart': Failed assertion: line 45 pos 7: '_instance._isInitialized': You must initialize the supabase instance before calling Supabase.instance
Realtime academic_categories subscription failed: 'package:supabase_flutter/src/supabase.dart': Failed assertion: line 45 pos 7: '_instance._isInitialized': You must initialize the supabase instance before calling Supabase.instance
Supabase auth listener not attached (Supabase not initialized?): 'package:supabase_flutter/src/supabase.dart': Failed assertion: line 45 pos 7: '_instance._isInitialized': You must initialize the supabase instance before calling Supabase.instance
[90m[🌎 Easy Localization] [DEBUG] Start[0m
loadVerifiedStreamersFromBackend failed: Bad state: Backend unavailable
_refreshAcademicCategories failed: Bad state: Backend unavailable
[90m[🌎 Easy Localization] [DEBUG] Init state[0m
[32m[🌎 Easy Localization] [INFO] Start locale loaded en[0m
[90m[🌎 Easy Localization] [DEBUG] Build[0m
[90m[🌎 Easy Localization] [DEBUG] Init Localization Delegate[0m
[90m[🌎 Easy Localization] [DEBUG] Init provider[0m
[90m[🌎 Easy Localization] [DEBUG] Load Localization Delegate[0m
[90m[🌎 Easy Localization] [DEBUG] Build[0m
[90m[🌎 Easy Localization] [DEBUG] Init Localization Delegate[0m
[90m[🌎 Easy Localization] [DEBUG] Init provider[0m
00:04 +13: C:/Users/User/.codex/worktrees/hadayah-wave4v2-integration/Streamer_app/project/test/map_tricity_widgets_test.dart: selected card en width=360.0 text=1.6 BroadcastType.liveVideo
Realtime public streamer subscription failed: 'package:supabase_flutter/src/supabase.dart': Failed assertion: line 45 pos 7: '_instance._isInitialized': You must initialize the supabase instance before calling Supabase.instance
Realtime academic_categories subscription failed: 'package:supabase_flutter/src/supabase.dart': Failed assertion: line 45 pos 7: '_instance._isInitialized': You must initialize the supabase instance before calling Supabase.instance
Supabase auth listener not attached (Supabase not initialized?): 'package:supabase_flutter/src/supabase.dart': Failed assertion: line 45 pos 7: '_instance._isInitialized': You must initialize the supabase instance before calling Supabase.instance
[90m[🌎 Easy Localization] [DEBUG] Start[0m
loadVerifiedStreamersFromBackend failed: Bad state: Backend unavailable
_refreshAcademicCategories failed: Bad state: Backend unavailable
[90m[🌎 Easy Localization] [DEBUG] Init state[0m
[32m[🌎 Easy Localization] [INFO] Start locale loaded en[0m
[90m[🌎 Easy Localization] [DEBUG] Build[0m
[90m[🌎 Easy Localization] [DEBUG] Init Localization Delegate[0m
[90m[🌎 Easy Localization] [DEBUG] Init provider[0m
[90m[🌎 Easy Localization] [DEBUG] Load Localization Delegate[0m
[90m[🌎 Easy Localization] [DEBUG] Build[0m
[90m[🌎 Easy Localization] [DEBUG] Init Localization Delegate[0m
[90m[🌎 Easy Localization] [DEBUG] Init provider[0m
00:04 +14: C:/Users/User/.codex/worktrees/hadayah-wave4v2-integration/Streamer_app/project/test/map_tricity_widgets_test.dart: selected card en width=360.0 text=1.6 BroadcastType.liveAudio
Realtime public streamer subscription failed: 'package:supabase_flutter/src/supabase.dart': Failed assertion: line 45 pos 7: '_instance._isInitialized': You must initialize the supabase instance before calling Supabase.instance
Realtime academic_categories subscription failed: 'package:supabase_flutter/src/supabase.dart': Failed assertion: line 45 pos 7: '_instance._isInitialized': You must initialize the supabase instance before calling Supabase.instance
Supabase auth listener not attached (Supabase not initialized?): 'package:supabase_flutter/src/supabase.dart': Failed assertion: line 45 pos 7: '_instance._isInitialized': You must initialize the supabase instance before calling Supabase.instance
[90m[🌎 Easy Localization] [DEBUG] Start[0m
loadVerifiedStreamersFromBackend failed: Bad state: Backend unavailable
_refreshAcademicCategories failed: Bad state: Backend unavailable
[90m[🌎 Easy Localization] [DEBUG] Init state[0m
[32m[🌎 Easy Localization] [INFO] Start locale loaded en[0m
[90m[🌎 Easy Localization] [DEBUG] Build[0m
[90m[🌎 Easy Localization] [DEBUG] Init Localization Delegate[0m
[90m[🌎 Easy Localization] [DEBUG] Init provider[0m
[90m[🌎 Easy Localization] [DEBUG] Load Localization Delegate[0m
[90m[🌎 Easy Localization] [DEBUG] Build[0m
[90m[🌎 Easy Localization] [DEBUG] Init Localization Delegate[0m
[90m[🌎 Easy Localization] [DEBUG] Init provider[0m
00:04 +15: C:/Users/User/.codex/worktrees/hadayah-wave4v2-integration/Streamer_app/project/test/map_tricity_widgets_test.dart: selected card en width=360.0 text=2.0 BroadcastType.offline
Realtime public streamer subscription failed: 'package:supabase_flutter/src/supabase.dart': Failed assertion: line 45 pos 7: '_instance._isInitialized': You must initialize the supabase instance before calling Supabase.instance
Realtime academic_categories subscription failed: 'package:supabase_flutter/src/supabase.dart': Failed assertion: line 45 pos 7: '_instance._isInitialized': You must initialize the supabase instance before calling Supabase.instance
Supabase auth listener not attached (Supabase not initialized?): 'package:supabase_flutter/src/supabase.dart': Failed assertion: line 45 pos 7: '_instance._isInitialized': You must initialize the supabase instance before calling Supabase.instance
[90m[🌎 Easy Localization] [DEBUG] Start[0m
loadVerifiedStreamersFromBackend failed: Bad state: Backend unavailable
_refreshAcademicCategories failed: Bad state: Backend unavailable
[90m[🌎 Easy Localization] [DEBUG] Init state[0m
[32m[🌎 Easy Localization] [INFO] Start locale loaded en[0m
[90m[🌎 Easy Localization] [DEBUG] Build[0m
[90m[🌎 Easy Localization] [DEBUG] Init Localization Delegate[0m
[90m[🌎 Easy Localization] [DEBUG] Init provider[0m
[90m[🌎 Easy Localization] [DEBUG] Load Localization Delegate[0m
[90m[🌎 Easy Localization] [DEBUG] Build[0m
[90m[🌎 Easy Localization] [DEBUG] Init Localization Delegate[0m
[90m[🌎 Easy Localization] [DEBUG] Init provider[0m
00:04 +16: C:/Users/User/.codex/worktrees/hadayah-wave4v2-integration/Streamer_app/project/test/map_tricity_widgets_test.dart: selected card en width=360.0 text=2.0 BroadcastType.liveVideo
Realtime public streamer subscription failed: 'package:supabase_flutter/src/supabase.dart': Failed assertion: line 45 pos 7: '_instance._isInitialized': You must initialize the supabase instance before calling Supabase.instance
Realtime academic_categories subscription failed: 'package:supabase_flutter/src/supabase.dart': Failed assertion: line 45 pos 7: '_instance._isInitialized': You must initialize the supabase instance before calling Supabase.instance
Supabase auth listener not attached (Supabase not initialized?): 'package:supabase_flutter/src/supabase.dart': Failed assertion: line 45 pos 7: '_instance._isInitialized': You must initialize the supabase instance before calling Supabase.instance
[90m[🌎 Easy Localization] [DEBUG] Start[0m
loadVerifiedStreamersFromBackend failed: Bad state: Backend unavailable
_refreshAcademicCategories failed: Bad state: Backend unavailable
[90m[🌎 Easy Localization] [DEBUG] Init state[0m
[32m[🌎 Easy Localization] [INFO] Start locale loaded en[0m
[90m[🌎 Easy Localization] [DEBUG] Build[0m
[90m[🌎 Easy Localization] [DEBUG] Init Localization Delegate[0m
[90m[🌎 Easy Localization] [DEBUG] Init provider[0m
[90m[🌎 Easy Localization] [DEBUG] Load Localization Delegate[0m
[90m[🌎 Easy Localization] [DEBUG] Build[0m
[90m[🌎 Easy Localization] [DEBUG] Init Localization Delegate[0m
[90m[🌎 Easy Localization] [DEBUG] Init provider[0m
00:04 +17: C:/Users/User/.codex/worktrees/hadayah-wave4v2-integration/Streamer_app/project/test/map_tricity_widgets_test.dart: selected card en width=360.0 text=2.0 BroadcastType.liveAudio
Realtime public streamer subscription failed: 'package:supabase_flutter/src/supabase.dart': Failed assertion: line 45 pos 7: '_instance._isInitialized': You must initialize the supabase instance before calling Supabase.instance
Realtime academic_categories subscription failed: 'package:supabase_flutter/src/supabase.dart': Failed assertion: line 45 pos 7: '_instance._isInitialized': You must initialize the supabase instance before calling Supabase.instance
Supabase auth listener not attached (Supabase not initialized?): 'package:supabase_flutter/src/supabase.dart': Failed assertion: line 45 pos 7: '_instance._isInitialized': You must initialize the supabase instance before calling Supabase.instance
[90m[🌎 Easy Localization] [DEBUG] Start[0m
loadVerifiedStreamersFromBackend failed: Bad state: Backend unavailable
_refreshAcademicCategories failed: Bad state: Backend unavailable
[90m[🌎 Easy Localization] [DEBUG] Init state[0m
[32m[🌎 Easy Localization] [INFO] Start locale loaded en[0m
[90m[🌎 Easy Localization] [DEBUG] Build[0m
[90m[🌎 Easy Localization] [DEBUG] Init Localization Delegate[0m
[90m[🌎 Easy Localization] [DEBUG] Init provider[0m
[90m[🌎 Easy Localization] [DEBUG] Load Localization Delegate[0m
[90m[🌎 Easy Localization] [DEBUG] Build[0m
[90m[🌎 Easy Localization] [DEBUG] Init Localization Delegate[0m
[90m[🌎 Easy Localization] [DEBUG] Init provider[0m
00:05 +18: C:/Users/User/.codex/worktrees/hadayah-wave4v2-integration/Streamer_app/project/test/map_tricity_widgets_test.dart: selected card en width=384.0 text=1.0 BroadcastType.offline
Realtime public streamer subscription failed: 'package:supabase_flutter/src/supabase.dart': Failed assertion: line 45 pos 7: '_instance._isInitialized': You must initialize the supabase instance before calling Supabase.instance
Realtime academic_categories subscription failed: 'package:supabase_flutter/src/supabase.dart': Failed assertion: line 45 pos 7: '_instance._isInitialized': You must initialize the supabase instance before calling Supabase.instance
Supabase auth listener not attached (Supabase not initialized?): 'package:supabase_flutter/src/supabase.dart': Failed assertion: line 45 pos 7: '_instance._isInitialized': You must initialize the supabase instance before calling Supabase.instance
[90m[🌎 Easy Localization] [DEBUG] Start[0m
loadVerifiedStreamersFromBackend failed: Bad state: Backend unavailable
_refreshAcademicCategories failed: Bad state: Backend unavailable
[90m[🌎 Easy Localization] [DEBUG] Init state[0m
[32m[🌎 Easy Localization] [INFO] Start locale loaded en[0m
[90m[🌎 Easy Localization] [DEBUG] Build[0m
[90m[🌎 Easy Localization] [DEBUG] Init Localization Delegate[0m
[90m[🌎 Easy Localization] [DEBUG] Init provider[0m
[90m[🌎 Easy Localization] [DEBUG] Load Localization Delegate[0m
[90m[🌎 Easy Localization] [DEBUG] Build[0m
[90m[🌎 Easy Localization] [DEBUG] Init Localization Delegate[0m
[90m[🌎 Easy Localization] [DEBUG] Init provider[0m
00:05 +19: C:/Users/User/.codex/worktrees/hadayah-wave4v2-integration/Streamer_app/project/test/map_tricity_widgets_test.dart: selected card en width=384.0 text=1.0 BroadcastType.liveVideo
Realtime public streamer subscription failed: 'package:supabase_flutter/src/supabase.dart': Failed assertion: line 45 pos 7: '_instance._isInitialized': You must initialize the supabase instance before calling Supabase.instance
Realtime academic_categories subscription failed: 'package:supabase_flutter/src/supabase.dart': Failed assertion: line 45 pos 7: '_instance._isInitialized': You must initialize the supabase instance before calling Supabase.instance
Supabase auth listener not attached (Supabase not initialized?): 'package:supabase_flutter/src/supabase.dart': Failed assertion: line 45 pos 7: '_instance._isInitialized': You must initialize the supabase instance before calling Supabase.instance
[90m[🌎 Easy Localization] [DEBUG] Start[0m
loadVerifiedStreamersFromBackend failed: Bad state: Backend unavailable
_refreshAcademicCategories failed: Bad state: Backend unavailable
[90m[🌎 Easy Localization] [DEBUG] Init state[0m
[32m[🌎 Easy Localization] [INFO] Start locale loaded en[0m
[90m[🌎 Easy Localization] [DEBUG] Build[0m
[90m[🌎 Easy Localization] [DEBUG] Init Localization Delegate[0m
[90m[🌎 Easy Localization] [DEBUG] Init provider[0m
[90m[🌎 Easy Localization] [DEBUG] Load Localization Delegate[0m
[90m[🌎 Easy Localization] [DEBUG] Build[0m
[90m[🌎 Easy Localization] [DEBUG] Init Localization Delegate[0m
[90m[🌎 Easy Localization] [DEBUG] Init provider[0m
00:05 +20: C:/Users/User/.codex/worktrees/hadayah-wave4v2-integration/Streamer_app/project/test/map_tricity_widgets_test.dart: selected card en width=384.0 text=1.0 BroadcastType.liveAudio
Realtime public streamer subscription failed: 'package:supabase_flutter/src/supabase.dart': Failed assertion: line 45 pos 7: '_instance._isInitialized': You must initialize the supabase instance before calling Supabase.instance
Realtime academic_categories subscription failed: 'package:supabase_flutter/src/supabase.dart': Failed assertion: line 45 pos 7: '_instance._isInitialized': You must initialize the supabase instance before calling Supabase.instance
Supabase auth listener not attached (Supabase not initialized?): 'package:supabase_flutter/src/supabase.dart': Failed assertion: line 45 pos 7: '_instance._isInitialized': You must initialize the supabase instance before calling Supabase.instance
[90m[🌎 Easy Localization] [DEBUG] Start[0m
loadVerifiedStreamersFromBackend failed: Bad state: Backend unavailable
_refreshAcademicCategories failed: Bad state: Backend unavailable
[90m[🌎 Easy Localization] [DEBUG] Init state[0m
[32m[🌎 Easy Localization] [INFO] Start locale loaded en[0m
[90m[🌎 Easy Localization] [DEBUG] Build[0m
[90m[🌎 Easy Localization] [DEBUG] Init Localization Delegate[0m
[90m[🌎 Easy Localization] [DEBUG] Init provider[0m
[90m[🌎 Easy Localization] [DEBUG] Load Localization Delegate[0m
[90m[🌎 Easy Localization] [DEBUG] Build[0m
[90m[🌎 Easy Localization] [DEBUG] Init Localization Delegate[0m
[90m[🌎 Easy Localization] [DEBUG] Init provider[0m
00:05 +21: C:/Users/User/.codex/worktrees/hadayah-wave4v2-integration/Streamer_app/project/test/map_tricity_widgets_test.dart: selected card en width=384.0 text=1.6 BroadcastType.offline
Realtime public streamer subscription failed: 'package:supabase_flutter/src/supabase.dart': Failed assertion: line 45 pos 7: '_instance._isInitialized': You must initialize the supabase instance before calling Supabase.instance
Realtime academic_categories subscription failed: 'package:supabase_flutter/src/supabase.dart': Failed assertion: line 45 pos 7: '_instance._isInitialized': You must initialize the supabase instance before calling Supabase.instance
Supabase auth listener not attached (Supabase not initialized?): 'package:supabase_flutter/src/supabase.dart': Failed assertion: line 45 pos 7: '_instance._isInitialized': You must initialize the supabase instance before calling Supabase.instance
[90m[🌎 Easy Localization] [DEBUG] Start[0m
loadVerifiedStreamersFromBackend failed: Bad state: Backend unavailable
_refreshAcademicCategories failed: Bad state: Backend unavailable
[90m[🌎 Easy Localization] [DEBUG] Init state[0m
[32m[🌎 Easy Localization] [INFO] Start locale loaded en[0m
[90m[🌎 Easy Localization] [DEBUG] Build[0m
[90m[🌎 Easy Localization] [DEBUG] Init Localization Delegate[0m
[90m[🌎 Easy Localization] [DEBUG] Init provider[0m
[90m[🌎 Easy Localization] [DEBUG] Load Localization Delegate[0m
[90m[🌎 Easy Localization] [DEBUG] Build[0m
[90m[🌎 Easy Localization] [DEBUG] Init Localization Delegate[0m
[90m[🌎 Easy Localization] [DEBUG] Init provider[0m
00:05 +22: C:/Users/User/.codex/worktrees/hadayah-wave4v2-integration/Streamer_app/project/test/map_tricity_widgets_test.dart: selected card en width=384.0 text=1.6 BroadcastType.liveVideo
Realtime public streamer subscription failed: 'package:supabase_flutter/src/supabase.dart': Failed assertion: line 45 pos 7: '_instance._isInitialized': You must initialize the supabase instance before calling Supabase.instance
Realtime academic_categories subscription failed: 'package:supabase_flutter/src/supabase.dart': Failed assertion: line 45 pos 7: '_instance._isInitialized': You must initialize the supabase instance before calling Supabase.instance
Supabase auth listener not attached (Supabase not initialized?): 'package:supabase_flutter/src/supabase.dart': Failed assertion: line 45 pos 7: '_instance._isInitialized': You must initialize the supabase instance before calling Supabase.instance
[90m[🌎 Easy Localization] [DEBUG] Start[0m
loadVerifiedStreamersFromBackend failed: Bad state: Backend unavailable
_refreshAcademicCategories failed: Bad state: Backend unavailable
[90m[🌎 Easy Localization] [DEBUG] Init state[0m
[32m[🌎 Easy Localization] [INFO] Start locale loaded en[0m
[90m[🌎 Easy Localization] [DEBUG] Build[0m
[90m[🌎 Easy Localization] [DEBUG] Init Localization Delegate[0m
[90m[🌎 Easy Localization] [DEBUG] Init provider[0m
[90m[🌎 Easy Localization] [DEBUG] Load Localization Delegate[0m
[90m[🌎 Easy Localization] [DEBUG] Build[0m
[90m[🌎 Easy Localization] [DEBUG] Init Localization Delegate[0m
[90m[🌎 Easy Localization] [DEBUG] Init provider[0m
00:05 +23: C:/Users/User/.codex/worktrees/hadayah-wave4v2-integration/Streamer_app/project/test/map_tricity_widgets_test.dart: selected card en width=384.0 text=1.6 BroadcastType.liveAudio
Realtime public streamer subscription failed: 'package:supabase_flutter/src/supabase.dart': Failed assertion: line 45 pos 7: '_instance._isInitialized': You must initialize the supabase instance before calling Supabase.instance
Realtime academic_categories subscription failed: 'package:supabase_flutter/src/supabase.dart': Failed assertion: line 45 pos 7: '_instance._isInitialized': You must initialize the supabase instance before calling Supabase.instance
Supabase auth listener not attached (Supabase not initialized?): 'package:supabase_flutter/src/supabase.dart': Failed assertion: line 45 pos 7: '_instance._isInitialized': You must initialize the supabase instance before calling Supabase.instance
[90m[🌎 Easy Localization] [DEBUG] Start[0m
loadVerifiedStreamersFromBackend failed: Bad state: Backend unavailable
_refreshAcademicCategories failed: Bad state: Backend unavailable
[90m[🌎 Easy Localization] [DEBUG] Init state[0m
[32m[🌎 Easy Localization] [INFO] Start locale loaded en[0m
[90m[🌎 Easy Localization] [DEBUG] Build[0m
[90m[🌎 Easy Localization] [DEBUG] Init Localization Delegate[0m
[90m[🌎 Easy Localization] [DEBUG] Init provider[0m
[90m[🌎 Easy Localization] [DEBUG] Load Localization Delegate[0m
[90m[🌎 Easy Localization] [DEBUG] Build[0m
[90m[🌎 Easy Localization] [DEBUG] Init Localization Delegate[0m
[90m[🌎 Easy Localization] [DEBUG] Init provider[0m
00:05 +24: C:/Users/User/.codex/worktrees/hadayah-wave4v2-integration/Streamer_app/project/test/map_tricity_widgets_test.dart: selected card en width=384.0 text=2.0 BroadcastType.offline
Realtime public streamer subscription failed: 'package:supabase_flutter/src/supabase.dart': Failed assertion: line 45 pos 7: '_instance._isInitialized': You must initialize the supabase instance before calling Supabase.instance
Realtime academic_categories subscription failed: 'package:supabase_flutter/src/supabase.dart': Failed assertion: line 45 pos 7: '_instance._isInitialized': You must initialize the supabase instance before calling Supabase.instance
Supabase auth listener not attached (Supabase not initialized?): 'package:supabase_flutter/src/supabase.dart': Failed assertion: line 45 pos 7: '_instance._isInitialized': You must initialize the supabase instance before calling Supabase.instance
[90m[🌎 Easy Localization] [DEBUG] Start[0m
loadVerifiedStreamersFromBackend failed: Bad state: Backend unavailable
_refreshAcademicCategories failed: Bad state: Backend unavailable
[90m[🌎 Easy Localization] [DEBUG] Init state[0m
[32m[🌎 Easy Localization] [INFO] Start locale loaded en[0m
[90m[🌎 Easy Localization] [DEBUG] Build[0m
[90m[🌎 Easy Localization] [DEBUG] Init Localization Delegate[0m
[90m[🌎 Easy Localization] [DEBUG] Init provider[0m
[90m[🌎 Easy Localization] [DEBUG] Load Localization Delegate[0m
[90m[🌎 Easy Localization] [DEBUG] Build[0m
[90m[🌎 Easy Localization] [DEBUG] Init Localization Delegate[0m
[90m[🌎 Easy Localization] [DEBUG] Init provider[0m
00:06 +25: C:/Users/User/.codex/worktrees/hadayah-wave4v2-integration/Streamer_app/project/test/map_tricity_widgets_test.dart: selected card en width=384.0 text=2.0 BroadcastType.liveVideo
Realtime public streamer subscription failed: 'package:supabase_flutter/src/supabase.dart': Failed assertion: line 45 pos 7: '_instance._isInitialized': You must initialize the supabase instance before calling Supabase.instance
Realtime academic_categories subscription failed: 'package:supabase_flutter/src/supabase.dart': Failed assertion: line 45 pos 7: '_instance._isInitialized': You must initialize the supabase instance before calling Supabase.instance
Supabase auth listener not attached (Supabase not initialized?): 'package:supabase_flutter/src/supabase.dart': Failed assertion: line 45 pos 7: '_instance._isInitialized': You must initialize the supabase instance before calling Supabase.instance
[90m[🌎 Easy Localization] [DEBUG] Start[0m
loadVerifiedStreamersFromBackend failed: Bad state: Backend unavailable
_refreshAcademicCategories failed: Bad state: Backend unavailable
[90m[🌎 Easy Localization] [DEBUG] Init state[0m
[32m[🌎 Easy Localization] [INFO] Start locale loaded en[0m
[90m[🌎 Easy Localization] [DEBUG] Build[0m
[90m[🌎 Easy Localization] [DEBUG] Init Localization Delegate[0m
[90m[🌎 Easy Localization] [DEBUG] Init provider[0m
[90m[🌎 Easy Localization] [DEBUG] Load Localization Delegate[0m
[90m[🌎 Easy Localization] [DEBUG] Build[0m
[90m[🌎 Easy Localization] [DEBUG] Init Localization Delegate[0m
[90m[🌎 Easy Localization] [DEBUG] Init provider[0m
00:06 +26: C:/Users/User/.codex/worktrees/hadayah-wave4v2-integration/Streamer_app/project/test/map_tricity_widgets_test.dart: selected card en width=384.0 text=2.0 BroadcastType.liveAudio
Realtime public streamer subscription failed: 'package:supabase_flutter/src/supabase.dart': Failed assertion: line 45 pos 7: '_instance._isInitialized': You must initialize the supabase instance before calling Supabase.instance
Realtime academic_categories subscription failed: 'package:supabase_flutter/src/supabase.dart': Failed assertion: line 45 pos 7: '_instance._isInitialized': You must initialize the supabase instance before calling Supabase.instance
Supabase auth listener not attached (Supabase not initialized?): 'package:supabase_flutter/src/supabase.dart': Failed assertion: line 45 pos 7: '_instance._isInitialized': You must initialize the supabase instance before calling Supabase.instance
[90m[🌎 Easy Localization] [DEBUG] Start[0m
loadVerifiedStreamersFromBackend failed: Bad state: Backend unavailable
_refreshAcademicCategories failed: Bad state: Backend unavailable
[90m[🌎 Easy Localization] [DEBUG] Init state[0m
[32m[🌎 Easy Localization] [INFO] Start locale loaded en[0m
[90m[🌎 Easy Localization] [DEBUG] Build[0m
[90m[🌎 Easy Localization] [DEBUG] Init Localization Delegate[0m
[90m[🌎 Easy Localization] [DEBUG] Init provider[0m
[90m[🌎 Easy Localization] [DEBUG] Load Localization Delegate[0m
[90m[🌎 Easy Localization] [DEBUG] Build[0m
[90m[🌎 Easy Localization] [DEBUG] Init Localization Delegate[0m
[90m[🌎 Easy Localization] [DEBUG] Init provider[0m
00:06 +27: C:/Users/User/.codex/worktrees/hadayah-wave4v2-integration/Streamer_app/project/test/map_tricity_widgets_test.dart: selected card en width=412.0 text=1.0 BroadcastType.offline
Realtime public streamer subscription failed: 'package:supabase_flutter/src/supabase.dart': Failed assertion: line 45 pos 7: '_instance._isInitialized': You must initialize the supabase instance before calling Supabase.instance
Realtime academic_categories subscription failed: 'package:supabase_flutter/src/supabase.dart': Failed assertion: line 45 pos 7: '_instance._isInitialized': You must initialize the supabase instance before calling Supabase.instance
Supabase auth listener not attached (Supabase not initialized?): 'package:supabase_flutter/src/supabase.dart': Failed assertion: line 45 pos 7: '_instance._isInitialized': You must initialize the supabase instance before calling Supabase.instance
[90m[🌎 Easy Localization] [DEBUG] Start[0m
loadVerifiedStreamersFromBackend failed: Bad state: Backend unavailable
_refreshAcademicCategories failed: Bad state: Backend unavailable
[90m[🌎 Easy Localization] [DEBUG] Init state[0m
[32m[🌎 Easy Localization] [INFO] Start locale loaded en[0m
[90m[🌎 Easy Localization] [DEBUG] Build[0m
[90m[🌎 Easy Localization] [DEBUG] Init Localization Delegate[0m
[90m[🌎 Easy Localization] [DEBUG] Init provider[0m
[90m[🌎 Easy Localization] [DEBUG] Load Localization Delegate[0m
[90m[🌎 Easy Localization] [DEBUG] Build[0m
[90m[🌎 Easy Localization] [DEBUG] Init Localization Delegate[0m
[90m[🌎 Easy Localization] [DEBUG] Init provider[0m
00:06 +28: C:/Users/User/.codex/worktrees/hadayah-wave4v2-integration/Streamer_app/project/test/map_tricity_widgets_test.dart: selected card en width=412.0 text=1.0 BroadcastType.liveVideo
Realtime public streamer subscription failed: 'package:supabase_flutter/src/supabase.dart': Failed assertion: line 45 pos 7: '_instance._isInitialized': You must initialize the supabase instance before calling Supabase.instance
Realtime academic_categories subscription failed: 'package:supabase_flutter/src/supabase.dart': Failed assertion: line 45 pos 7: '_instance._isInitialized': You must initialize the supabase instance before calling Supabase.instance
Supabase auth listener not attached (Supabase not initialized?): 'package:supabase_flutter/src/supabase.dart': Failed assertion: line 45 pos 7: '_instance._isInitialized': You must initialize the supabase instance before calling Supabase.instance
[90m[🌎 Easy Localization] [DEBUG] Start[0m
loadVerifiedStreamersFromBackend failed: Bad state: Backend unavailable
_refreshAcademicCategories failed: Bad state: Backend unavailable
[90m[🌎 Easy Localization] [DEBUG] Init state[0m
[32m[🌎 Easy Localization] [INFO] Start locale loaded en[0m
[90m[🌎 Easy Localization] [DEBUG] Build[0m
[90m[🌎 Easy Localization] [DEBUG] Init Localization Delegate[0m
[90m[🌎 Easy Localization] [DEBUG] Init provider[0m
[90m[🌎 Easy Localization] [DEBUG] Load Localization Delegate[0m
[90m[🌎 Easy Localization] [DEBUG] Build[0m
[90m[🌎 Easy Localization] [DEBUG] Init Localization Delegate[0m
[90m[🌎 Easy Localization] [DEBUG] Init provider[0m
00:06 +29: C:/Users/User/.codex/worktrees/hadayah-wave4v2-integration/Streamer_app/project/test/map_tricity_widgets_test.dart: selected card en width=412.0 text=1.0 BroadcastType.liveAudio
Realtime public streamer subscription failed: 'package:supabase_flutter/src/supabase.dart': Failed assertion: line 45 pos 7: '_instance._isInitialized': You must initialize the supabase instance before calling Supabase.instance
Realtime academic_categories subscription failed: 'package:supabase_flutter/src/supabase.dart': Failed assertion: line 45 pos 7: '_instance._isInitialized': You must initialize the supabase instance before calling Supabase.instance
Supabase auth listener not attached (Supabase not initialized?): 'package:supabase_flutter/src/supabase.dart': Failed assertion: line 45 pos 7: '_instance._isInitialized': You must initialize the supabase instance before calling Supabase.instance
[90m[🌎 Easy Localization] [DEBUG] Start[0m
loadVerifiedStreamersFromBackend failed: Bad state: Backend unavailable
_refreshAcademicCategories failed: Bad state: Backend unavailable
[90m[🌎 Easy Localization] [DEBUG] Init state[0m
[32m[🌎 Easy Localization] [INFO] Start locale loaded en[0m
[90m[🌎 Easy Localization] [DEBUG] Build[0m
[90m[🌎 Easy Localization] [DEBUG] Init Localization Delegate[0m
[90m[🌎 Easy Localization] [DEBUG] Init provider[0m
[90m[🌎 Easy Localization] [DEBUG] Load Localization Delegate[0m
[90m[🌎 Easy Localization] [DEBUG] Build[0m
[90m[🌎 Easy Localization] [DEBUG] Init Localization Delegate[0m
[90m[🌎 Easy Localization] [DEBUG] Init provider[0m
00:06 +30: C:/Users/User/.codex/worktrees/hadayah-wave4v2-integration/Streamer_app/project/test/map_tricity_widgets_test.dart: selected card en width=412.0 text=1.6 BroadcastType.offline
Realtime public streamer subscription failed: 'package:supabase_flutter/src/supabase.dart': Failed assertion: line 45 pos 7: '_instance._isInitialized': You must initialize the supabase instance before calling Supabase.instance
Realtime academic_categories subscription failed: 'package:supabase_flutter/src/supabase.dart': Failed assertion: line 45 pos 7: '_instance._isInitialized': You must initialize the supabase instance before calling Supabase.instance
Supabase auth listener not attached (Supabase not initialized?): 'package:supabase_flutter/src/supabase.dart': Failed assertion: line 45 pos 7: '_instance._isInitialized': You must initialize the supabase instance before calling Supabase.instance
[90m[🌎 Easy Localization] [DEBUG] Start[0m
loadVerifiedStreamersFromBackend failed: Bad state: Backend unavailable
_refreshAcademicCategories failed: Bad state: Backend unavailable
[90m[🌎 Easy Localization] [DEBUG] Init state[0m
[32m[🌎 Easy Localization] [INFO] Start locale loaded en[0m
[90m[🌎 Easy Localization] [DEBUG] Build[0m
[90m[🌎 Easy Localization] [DEBUG] Init Localization Delegate[0m
[90m[🌎 Easy Localization] [DEBUG] Init provider[0m
[90m[🌎 Easy Localization] [DEBUG] Load Localization Delegate[0m
[90m[🌎 Easy Localization] [DEBUG] Build[0m
[90m[🌎 Easy Localization] [DEBUG] Init Localization Delegate[0m
[90m[🌎 Easy Localization] [DEBUG] Init provider[0m
00:06 +31: C:/Users/User/.codex/worktrees/hadayah-wave4v2-integration/Streamer_app/project/test/map_tricity_widgets_test.dart: selected card en width=412.0 text=1.6 BroadcastType.liveVideo
Realtime public streamer subscription failed: 'package:supabase_flutter/src/supabase.dart': Failed assertion: line 45 pos 7: '_instance._isInitialized': You must initialize the supabase instance before calling Supabase.instance
Realtime academic_categories subscription failed: 'package:supabase_flutter/src/supabase.dart': Failed assertion: line 45 pos 7: '_instance._isInitialized': You must initialize the supabase instance before calling Supabase.instance
Supabase auth listener not attached (Supabase not initialized?): 'package:supabase_flutter/src/supabase.dart': Failed assertion: line 45 pos 7: '_instance._isInitialized': You must initialize the supabase instance before calling Supabase.instance
[90m[🌎 Easy Localization] [DEBUG] Start[0m
loadVerifiedStreamersFromBackend failed: Bad state: Backend unavailable
_refreshAcademicCategories failed: Bad state: Backend unavailable
[90m[🌎 Easy Localization] [DEBUG] Init state[0m
[32m[🌎 Easy Localization] [INFO] Start locale loaded en[0m
[90m[🌎 Easy Localization] [DEBUG] Build[0m
[90m[🌎 Easy Localization] [DEBUG] Init Localization Delegate[0m
[90m[🌎 Easy Localization] [DEBUG] Init provider[0m
[90m[🌎 Easy Localization] [DEBUG] Load Localization Delegate[0m
[90m[🌎 Easy Localization] [DEBUG] Build[0m
[90m[🌎 Easy Localization] [DEBUG] Init Localization Delegate[0m
[90m[🌎 Easy Localization] [DEBUG] Init provider[0m
00:07 +32: C:/Users/User/.codex/worktrees/hadayah-wave4v2-integration/Streamer_app/project/test/map_tricity_widgets_test.dart: selected card en width=412.0 text=1.6 BroadcastType.liveAudio
Realtime public streamer subscription failed: 'package:supabase_flutter/src/supabase.dart': Failed assertion: line 45 pos 7: '_instance._isInitialized': You must initialize the supabase instance before calling Supabase.instance
Realtime academic_categories subscription failed: 'package:supabase_flutter/src/supabase.dart': Failed assertion: line 45 pos 7: '_instance._isInitialized': You must initialize the supabase instance before calling Supabase.instance
Supabase auth listener not attached (Supabase not initialized?): 'package:supabase_flutter/src/supabase.dart': Failed assertion: line 45 pos 7: '_instance._isInitialized': You must initialize the supabase instance before calling Supabase.instance
[90m[🌎 Easy Localization] [DEBUG] Start[0m
loadVerifiedStreamersFromBackend failed: Bad state: Backend unavailable
_refreshAcademicCategories failed: Bad state: Backend unavailable
[90m[🌎 Easy Localization] [DEBUG] Init state[0m
[32m[🌎 Easy Localization] [INFO] Start locale loaded en[0m
[90m[🌎 Easy Localization] [DEBUG] Build[0m
[90m[🌎 Easy Localization] [DEBUG] Init Localization Delegate[0m
[90m[🌎 Easy Localization] [DEBUG] Init provider[0m
[90m[🌎 Easy Localization] [DEBUG] Load Localization Delegate[0m
[90m[🌎 Easy Localization] [DEBUG] Build[0m
[90m[🌎 Easy Localization] [DEBUG] Init Localization Delegate[0m
[90m[🌎 Easy Localization] [DEBUG] Init provider[0m
00:07 +33: C:/Users/User/.codex/worktrees/hadayah-wave4v2-integration/Streamer_app/project/test/map_tricity_widgets_test.dart: selected card en width=412.0 text=2.0 BroadcastType.offline
Realtime public streamer subscription failed: 'package:supabase_flutter/src/supabase.dart': Failed assertion: line 45 pos 7: '_instance._isInitialized': You must initialize the supabase instance before calling Supabase.instance
Realtime academic_categories subscription failed: 'package:supabase_flutter/src/supabase.dart': Failed assertion: line 45 pos 7: '_instance._isInitialized': You must initialize the supabase instance before calling Supabase.instance
Supabase auth listener not attached (Supabase not initialized?): 'package:supabase_flutter/src/supabase.dart': Failed assertion: line 45 pos 7: '_instance._isInitialized': You must initialize the supabase instance before calling Supabase.instance
[90m[🌎 Easy Localization] [DEBUG] Start[0m
loadVerifiedStreamersFromBackend failed: Bad state: Backend unavailable
_refreshAcademicCategories failed: Bad state: Backend unavailable
[90m[🌎 Easy Localization] [DEBUG] Init state[0m
[32m[🌎 Easy Localization] [INFO] Start locale loaded en[0m
[90m[🌎 Easy Localization] [DEBUG] Build[0m
[90m[🌎 Easy Localization] [DEBUG] Init Localization Delegate[0m
[90m[🌎 Easy Localization] [DEBUG] Init provider[0m
[90m[🌎 Easy Localization] [DEBUG] Load Localization Delegate[0m
[90m[🌎 Easy Localization] [DEBUG] Build[0m
[90m[🌎 Easy Localization] [DEBUG] Init Localization Delegate[0m
[90m[🌎 Easy Localization] [DEBUG] Init provider[0m
00:07 +34: C:/Users/User/.codex/worktrees/hadayah-wave4v2-integration/Streamer_app/project/test/map_tricity_widgets_test.dart: selected card en width=412.0 text=2.0 BroadcastType.liveVideo
Realtime public streamer subscription failed: 'package:supabase_flutter/src/supabase.dart': Failed assertion: line 45 pos 7: '_instance._isInitialized': You must initialize the supabase instance before calling Supabase.instance
Realtime academic_categories subscription failed: 'package:supabase_flutter/src/supabase.dart': Failed assertion: line 45 pos 7: '_instance._isInitialized': You must initialize the supabase instance before calling Supabase.instance
Supabase auth listener not attached (Supabase not initialized?): 'package:supabase_flutter/src/supabase.dart': Failed assertion: line 45 pos 7: '_instance._isInitialized': You must initialize the supabase instance before calling Supabase.instance
[90m[🌎 Easy Localization] [DEBUG] Start[0m
loadVerifiedStreamersFromBackend failed: Bad state: Backend unavailable
_refreshAcademicCategories failed: Bad state: Backend unavailable
[90m[🌎 Easy Localization] [DEBUG] Init state[0m
[32m[🌎 Easy Localization] [INFO] Start locale loaded en[0m
[90m[🌎 Easy Localization] [DEBUG] Build[0m
[90m[🌎 Easy Localization] [DEBUG] Init Localization Delegate[0m
[90m[🌎 Easy Localization] [DEBUG] Init provider[0m
[90m[🌎 Easy Localization] [DEBUG] Load Localization Delegate[0m
[90m[🌎 Easy Localization] [DEBUG] Build[0m
[90m[🌎 Easy Localization] [DEBUG] Init Localization Delegate[0m
[90m[🌎 Easy Localization] [DEBUG] Init provider[0m
00:07 +35: C:/Users/User/.codex/worktrees/hadayah-wave4v2-integration/Streamer_app/project/test/map_tricity_widgets_test.dart: selected card en width=412.0 text=2.0 BroadcastType.liveAudio
Realtime public streamer subscription failed: 'package:supabase_flutter/src/supabase.dart': Failed assertion: line 45 pos 7: '_instance._isInitialized': You must initialize the supabase instance before calling Supabase.instance
Realtime academic_categories subscription failed: 'package:supabase_flutter/src/supabase.dart': Failed assertion: line 45 pos 7: '_instance._isInitialized': You must initialize the supabase instance before calling Supabase.instance
Supabase auth listener not attached (Supabase not initialized?): 'package:supabase_flutter/src/supabase.dart': Failed assertion: line 45 pos 7: '_instance._isInitialized': You must initialize the supabase instance before calling Supabase.instance
[90m[🌎 Easy Localization] [DEBUG] Start[0m
loadVerifiedStreamersFromBackend failed: Bad state: Backend unavailable
_refreshAcademicCategories failed: Bad state: Backend unavailable
[90m[🌎 Easy Localization] [DEBUG] Init state[0m
[32m[🌎 Easy Localization] [INFO] Start locale loaded en[0m
[90m[🌎 Easy Localization] [DEBUG] Build[0m
[90m[🌎 Easy Localization] [DEBUG] Init Localization Delegate[0m
[90m[🌎 Easy Localization] [DEBUG] Init provider[0m
[90m[🌎 Easy Localization] [DEBUG] Load Localization Delegate[0m
[90m[🌎 Easy Localization] [DEBUG] Build[0m
[90m[🌎 Easy Localization] [DEBUG] Init Localization Delegate[0m
[90m[🌎 Easy Localization] [DEBUG] Init provider[0m
00:07 +36: C:/Users/User/.codex/worktrees/hadayah-wave4v2-integration/Streamer_app/project/test/map_tricity_widgets_test.dart: selected card ar width=320.0 text=1.0 BroadcastType.offline
Realtime public streamer subscription failed: 'package:supabase_flutter/src/supabase.dart': Failed assertion: line 45 pos 7: '_instance._isInitialized': You must initialize the supabase instance before calling Supabase.instance
Realtime academic_categories subscription failed: 'package:supabase_flutter/src/supabase.dart': Failed assertion: line 45 pos 7: '_instance._isInitialized': You must initialize the supabase instance before calling Supabase.instance
Supabase auth listener not attached (Supabase not initialized?): 'package:supabase_flutter/src/supabase.dart': Failed assertion: line 45 pos 7: '_instance._isInitialized': You must initialize the supabase instance before calling Supabase.instance
[90m[🌎 Easy Localization] [DEBUG] Start[0m
loadVerifiedStreamersFromBackend failed: Bad state: Backend unavailable
_refreshAcademicCategories failed: Bad state: Backend unavailable
[90m[🌎 Easy Localization] [DEBUG] Init state[0m
[32m[🌎 Easy Localization] [INFO] Start locale loaded ar[0m
[90m[🌎 Easy Localization] [DEBUG] Build[0m
[90m[🌎 Easy Localization] [DEBUG] Init Localization Delegate[0m
[90m[🌎 Easy Localization] [DEBUG] Init provider[0m
[90m[🌎 Easy Localization] [DEBUG] Load Localization Delegate[0m
[90m[🌎 Easy Localization] [DEBUG] Build[0m
[90m[🌎 Easy Localization] [DEBUG] Init Localization Delegate[0m
[90m[🌎 Easy Localization] [DEBUG] Init provider[0m
00:07 +37: C:/Users/User/.codex/worktrees/hadayah-wave4v2-integration/Streamer_app/project/test/map_tricity_widgets_test.dart: selected card ar width=320.0 text=1.0 BroadcastType.liveVideo
Realtime public streamer subscription failed: 'package:supabase_flutter/src/supabase.dart': Failed assertion: line 45 pos 7: '_instance._isInitialized': You must initialize the supabase instance before calling Supabase.instance
Realtime academic_categories subscription failed: 'package:supabase_flutter/src/supabase.dart': Failed assertion: line 45 pos 7: '_instance._isInitialized': You must initialize the supabase instance before calling Supabase.instance
Supabase auth listener not attached (Supabase not initialized?): 'package:supabase_flutter/src/supabase.dart': Failed assertion: line 45 pos 7: '_instance._isInitialized': You must initialize the supabase instance before calling Supabase.instance
[90m[🌎 Easy Localization] [DEBUG] Start[0m
loadVerifiedStreamersFromBackend failed: Bad state: Backend unavailable
_refreshAcademicCategories failed: Bad state: Backend unavailable
[90m[🌎 Easy Localization] [DEBUG] Init state[0m
[32m[🌎 Easy Localization] [INFO] Start locale loaded ar[0m
[90m[🌎 Easy Localization] [DEBUG] Build[0m
[90m[🌎 Easy Localization] [DEBUG] Init Localization Delegate[0m
[90m[🌎 Easy Localization] [DEBUG] Init provider[0m
[90m[🌎 Easy Localization] [DEBUG] Load Localization Delegate[0m
[90m[🌎 Easy Localization] [DEBUG] Build[0m
[90m[🌎 Easy Localization] [DEBUG] Init Localization Delegate[0m
[90m[🌎 Easy Localization] [DEBUG] Init provider[0m
00:07 +38: C:/Users/User/.codex/worktrees/hadayah-wave4v2-integration/Streamer_app/project/test/map_tricity_widgets_test.dart: selected card ar width=320.0 text=1.0 BroadcastType.liveAudio
Realtime public streamer subscription failed: 'package:supabase_flutter/src/supabase.dart': Failed assertion: line 45 pos 7: '_instance._isInitialized': You must initialize the supabase instance before calling Supabase.instance
Realtime academic_categories subscription failed: 'package:supabase_flutter/src/supabase.dart': Failed assertion: line 45 pos 7: '_instance._isInitialized': You must initialize the supabase instance before calling Supabase.instance
Supabase auth listener not attached (Supabase not initialized?): 'package:supabase_flutter/src/supabase.dart': Failed assertion: line 45 pos 7: '_instance._isInitialized': You must initialize the supabase instance before calling Supabase.instance
[90m[🌎 Easy Localization] [DEBUG] Start[0m
loadVerifiedStreamersFromBackend failed: Bad state: Backend unavailable
_refreshAcademicCategories failed: Bad state: Backend unavailable
[90m[🌎 Easy Localization] [DEBUG] Init state[0m
[32m[🌎 Easy Localization] [INFO] Start locale loaded ar[0m
[90m[🌎 Easy Localization] [DEBUG] Build[0m
[90m[🌎 Easy Localization] [DEBUG] Init Localization Delegate[0m
[90m[🌎 Easy Localization] [DEBUG] Init provider[0m
[90m[🌎 Easy Localization] [DEBUG] Load Localization Delegate[0m
[90m[🌎 Easy Localization] [DEBUG] Build[0m
[90m[🌎 Easy Localization] [DEBUG] Init Localization Delegate[0m
[90m[🌎 Easy Localization] [DEBUG] Init provider[0m
00:07 +39: C:/Users/User/.codex/worktrees/hadayah-wave4v2-integration/Streamer_app/project/test/map_tricity_widgets_test.dart: selected card ar width=320.0 text=1.6 BroadcastType.offline
Realtime public streamer subscription failed: 'package:supabase_flutter/src/supabase.dart': Failed assertion: line 45 pos 7: '_instance._isInitialized': You must initialize the supabase instance before calling Supabase.instance
Realtime academic_categories subscription failed: 'package:supabase_flutter/src/supabase.dart': Failed assertion: line 45 pos 7: '_instance._isInitialized': You must initialize the supabase instance before calling Supabase.instance
Supabase auth listener not attached (Supabase not initialized?): 'package:supabase_flutter/src/supabase.dart': Failed assertion: line 45 pos 7: '_instance._isInitialized': You must initialize the supabase instance before calling Supabase.instance
[90m[🌎 Easy Localization] [DEBUG] Start[0m
loadVerifiedStreamersFromBackend failed: Bad state: Backend unavailable
_refreshAcademicCategories failed: Bad state: Backend unavailable
[90m[🌎 Easy Localization] [DEBUG] Init state[0m
[32m[🌎 Easy Localization] [INFO] Start locale loaded ar[0m
[90m[🌎 Easy Localization] [DEBUG] Build[0m
[90m[🌎 Easy Localization] [DEBUG] Init Localization Delegate[0m
[90m[🌎 Easy Localization] [DEBUG] Init provider[0m
[90m[🌎 Easy Localization] [DEBUG] Load Localization Delegate[0m
[90m[🌎 Easy Localization] [DEBUG] Build[0m
[90m[🌎 Easy Localization] [DEBUG] Init Localization Delegate[0m
[90m[🌎 Easy Localization] [DEBUG] Init provider[0m
00:08 +40: C:/Users/User/.codex/worktrees/hadayah-wave4v2-integration/Streamer_app/project/test/map_tricity_widgets_test.dart: selected card ar width=320.0 text=1.6 BroadcastType.liveVideo
Realtime public streamer subscription failed: 'package:supabase_flutter/src/supabase.dart': Failed assertion: line 45 pos 7: '_instance._isInitialized': You must initialize the supabase instance before calling Supabase.instance
Realtime academic_categories subscription failed: 'package:supabase_flutter/src/supabase.dart': Failed assertion: line 45 pos 7: '_instance._isInitialized': You must initialize the supabase instance before calling Supabase.instance
Supabase auth listener not attached (Supabase not initialized?): 'package:supabase_flutter/src/supabase.dart': Failed assertion: line 45 pos 7: '_instance._isInitialized': You must initialize the supabase instance before calling Supabase.instance
[90m[🌎 Easy Localization] [DEBUG] Start[0m
loadVerifiedStreamersFromBackend failed: Bad state: Backend unavailable
_refreshAcademicCategories failed: Bad state: Backend unavailable
[90m[🌎 Easy Localization] [DEBUG] Init state[0m
[32m[🌎 Easy Localization] [INFO] Start locale loaded ar[0m
[90m[🌎 Easy Localization] [DEBUG] Build[0m
[90m[🌎 Easy Localization] [DEBUG] Init Localization Delegate[0m
[90m[🌎 Easy Localization] [DEBUG] Init provider[0m
[90m[🌎 Easy Localization] [DEBUG] Load Localization Delegate[0m
[90m[🌎 Easy Localization] [DEBUG] Build[0m
[90m[🌎 Easy Localization] [DEBUG] Init Localization Delegate[0m
[90m[🌎 Easy Localization] [DEBUG] Init provider[0m
00:08 +41: C:/Users/User/.codex/worktrees/hadayah-wave4v2-integration/Streamer_app/project/test/map_tricity_widgets_test.dart: selected card ar width=320.0 text=1.6 BroadcastType.liveAudio
Realtime public streamer subscription failed: 'package:supabase_flutter/src/supabase.dart': Failed assertion: line 45 pos 7: '_instance._isInitialized': You must initialize the supabase instance before calling Supabase.instance
Realtime academic_categories subscription failed: 'package:supabase_flutter/src/supabase.dart': Failed assertion: line 45 pos 7: '_instance._isInitialized': You must initialize the supabase instance before calling Supabase.instance
Supabase auth listener not attached (Supabase not initialized?): 'package:supabase_flutter/src/supabase.dart': Failed assertion: line 45 pos 7: '_instance._isInitialized': You must initialize the supabase instance before calling Supabase.instance
[90m[🌎 Easy Localization] [DEBUG] Start[0m
loadVerifiedStreamersFromBackend failed: Bad state: Backend unavailable
_refreshAcademicCategories failed: Bad state: Backend unavailable
[90m[🌎 Easy Localization] [DEBUG] Init state[0m
[32m[🌎 Easy Localization] [INFO] Start locale loaded ar[0m
[90m[🌎 Easy Localization] [DEBUG] Build[0m
[90m[🌎 Easy Localization] [DEBUG] Init Localization Delegate[0m
[90m[🌎 Easy Localization] [DEBUG] Init provider[0m
[90m[🌎 Easy Localization] [DEBUG] Load Localization Delegate[0m
[90m[🌎 Easy Localization] [DEBUG] Build[0m
[90m[🌎 Easy Localization] [DEBUG] Init Localization Delegate[0m
[90m[🌎 Easy Localization] [DEBUG] Init provider[0m
00:08 +42: C:/Users/User/.codex/worktrees/hadayah-wave4v2-integration/Streamer_app/project/test/map_tricity_widgets_test.dart: selected card ar width=320.0 text=2.0 BroadcastType.offline
Realtime public streamer subscription failed: 'package:supabase_flutter/src/supabase.dart': Failed assertion: line 45 pos 7: '_instance._isInitialized': You must initialize the supabase instance before calling Supabase.instance
Realtime academic_categories subscription failed: 'package:supabase_flutter/src/supabase.dart': Failed assertion: line 45 pos 7: '_instance._isInitialized': You must initialize the supabase instance before calling Supabase.instance
Supabase auth listener not attached (Supabase not initialized?): 'package:supabase_flutter/src/supabase.dart': Failed assertion: line 45 pos 7: '_instance._isInitialized': You must initialize the supabase instance before calling Supabase.instance
[90m[🌎 Easy Localization] [DEBUG] Start[0m
loadVerifiedStreamersFromBackend failed: Bad state: Backend unavailable
_refreshAcademicCategories failed: Bad state: Backend unavailable
[90m[🌎 Easy Localization] [DEBUG] Init state[0m
[32m[🌎 Easy Localization] [INFO] Start locale loaded ar[0m
[90m[🌎 Easy Localization] [DEBUG] Build[0m
[90m[🌎 Easy Localization] [DEBUG] Init Localization Delegate[0m
[90m[🌎 Easy Localization] [DEBUG] Init provider[0m
[90m[🌎 Easy Localization] [DEBUG] Load Localization Delegate[0m
[90m[🌎 Easy Localization] [DEBUG] Build[0m
[90m[🌎 Easy Localization] [DEBUG] Init Localization Delegate[0m
[90m[🌎 Easy Localization] [DEBUG] Init provider[0m
00:08 +43: C:/Users/User/.codex/worktrees/hadayah-wave4v2-integration/Streamer_app/project/test/map_tricity_widgets_test.dart: selected card ar width=320.0 text=2.0 BroadcastType.liveVideo
Realtime public streamer subscription failed: 'package:supabase_flutter/src/supabase.dart': Failed assertion: line 45 pos 7: '_instance._isInitialized': You must initialize the supabase instance before calling Supabase.instance
Realtime academic_categories subscription failed: 'package:supabase_flutter/src/supabase.dart': Failed assertion: line 45 pos 7: '_instance._isInitialized': You must initialize the supabase instance before calling Supabase.instance
Supabase auth listener not attached (Supabase not initialized?): 'package:supabase_flutter/src/supabase.dart': Failed assertion: line 45 pos 7: '_instance._isInitialized': You must initialize the supabase instance before calling Supabase.instance
[90m[🌎 Easy Localization] [DEBUG] Start[0m
loadVerifiedStreamersFromBackend failed: Bad state: Backend unavailable
_refreshAcademicCategories failed: Bad state: Backend unavailable
[90m[🌎 Easy Localization] [DEBUG] Init state[0m
[32m[🌎 Easy Localization] [INFO] Start locale loaded ar[0m
[90m[🌎 Easy Localization] [DEBUG] Build[0m
[90m[🌎 Easy Localization] [DEBUG] Init Localization Delegate[0m
[90m[🌎 Easy Localization] [DEBUG] Init provider[0m
[90m[🌎 Easy Localization] [DEBUG] Load Localization Delegate[0m
[90m[🌎 Easy Localization] [DEBUG] Build[0m
[90m[🌎 Easy Localization] [DEBUG] Init Localization Delegate[0m
[90m[🌎 Easy Localization] [DEBUG] Init provider[0m
00:08 +44: C:/Users/User/.codex/worktrees/hadayah-wave4v2-integration/Streamer_app/project/test/map_tricity_widgets_test.dart: selected card ar width=320.0 text=2.0 BroadcastType.liveAudio
Realtime public streamer subscription failed: 'package:supabase_flutter/src/supabase.dart': Failed assertion: line 45 pos 7: '_instance._isInitialized': You must initialize the supabase instance before calling Supabase.instance
Realtime academic_categories subscription failed: 'package:supabase_flutter/src/supabase.dart': Failed assertion: line 45 pos 7: '_instance._isInitialized': You must initialize the supabase instance before calling Supabase.instance
Supabase auth listener not attached (Supabase not initialized?): 'package:supabase_flutter/src/supabase.dart': Failed assertion: line 45 pos 7: '_instance._isInitialized': You must initialize the supabase instance before calling Supabase.instance
[90m[🌎 Easy Localization] [DEBUG] Start[0m
loadVerifiedStreamersFromBackend failed: Bad state: Backend unavailable
_refreshAcademicCategories failed: Bad state: Backend unavailable
[90m[🌎 Easy Localization] [DEBUG] Init state[0m
[32m[🌎 Easy Localization] [INFO] Start locale loaded ar[0m
[90m[🌎 Easy Localization] [DEBUG] Build[0m
[90m[🌎 Easy Localization] [DEBUG] Init Localization Delegate[0m
[90m[🌎 Easy Localization] [DEBUG] Init provider[0m
[90m[🌎 Easy Localization] [DEBUG] Load Localization Delegate[0m
[90m[🌎 Easy Localization] [DEBUG] Build[0m
[90m[🌎 Easy Localization] [DEBUG] Init Localization Delegate[0m
[90m[🌎 Easy Localization] [DEBUG] Init provider[0m
00:08 +45: C:/Users/User/.codex/worktrees/hadayah-wave4v2-integration/Streamer_app/project/test/map_tricity_widgets_test.dart: selected card ar width=360.0 text=1.0 BroadcastType.offline
Realtime public streamer subscription failed: 'package:supabase_flutter/src/supabase.dart': Failed assertion: line 45 pos 7: '_instance._isInitialized': You must initialize the supabase instance before calling Supabase.instance
Realtime academic_categories subscription failed: 'package:supabase_flutter/src/supabase.dart': Failed assertion: line 45 pos 7: '_instance._isInitialized': You must initialize the supabase instance before calling Supabase.instance
Supabase auth listener not attached (Supabase not initialized?): 'package:supabase_flutter/src/supabase.dart': Failed assertion: line 45 pos 7: '_instance._isInitialized': You must initialize the supabase instance before calling Supabase.instance
[90m[🌎 Easy Localization] [DEBUG] Start[0m
loadVerifiedStreamersFromBackend failed: Bad state: Backend unavailable
_refreshAcademicCategories failed: Bad state: Backend unavailable
[90m[🌎 Easy Localization] [DEBUG] Init state[0m
[32m[🌎 Easy Localization] [INFO] Start locale loaded ar[0m
[90m[🌎 Easy Localization] [DEBUG] Build[0m
[90m[🌎 Easy Localization] [DEBUG] Init Localization Delegate[0m
[90m[🌎 Easy Localization] [DEBUG] Init provider[0m
[90m[🌎 Easy Localization] [DEBUG] Load Localization Delegate[0m
[90m[🌎 Easy Localization] [DEBUG] Build[0m
[90m[🌎 Easy Localization] [DEBUG] Init Localization Delegate[0m
[90m[🌎 Easy Localization] [DEBUG] Init provider[0m
00:09 +46: C:/Users/User/.codex/worktrees/hadayah-wave4v2-integration/Streamer_app/project/test/map_tricity_widgets_test.dart: selected card ar width=360.0 text=1.0 BroadcastType.liveVideo
Realtime public streamer subscription failed: 'package:supabase_flutter/src/supabase.dart': Failed assertion: line 45 pos 7: '_instance._isInitialized': You must initialize the supabase instance before calling Supabase.instance
Realtime academic_categories subscription failed: 'package:supabase_flutter/src/supabase.dart': Failed assertion: line 45 pos 7: '_instance._isInitialized': You must initialize the supabase instance before calling Supabase.instance
Supabase auth listener not attached (Supabase not initialized?): 'package:supabase_flutter/src/supabase.dart': Failed assertion: line 45 pos 7: '_instance._isInitialized': You must initialize the supabase instance before calling Supabase.instance
[90m[🌎 Easy Localization] [DEBUG] Start[0m
loadVerifiedStreamersFromBackend failed: Bad state: Backend unavailable
_refreshAcademicCategories failed: Bad state: Backend unavailable
[90m[🌎 Easy Localization] [DEBUG] Init state[0m
[32m[🌎 Easy Localization] [INFO] Start locale loaded ar[0m
[90m[🌎 Easy Localization] [DEBUG] Build[0m
[90m[🌎 Easy Localization] [DEBUG] Init Localization Delegate[0m
[90m[🌎 Easy Localization] [DEBUG] Init provider[0m
[90m[🌎 Easy Localization] [DEBUG] Load Localization Delegate[0m
[90m[🌎 Easy Localization] [DEBUG] Build[0m
[90m[🌎 Easy Localization] [DEBUG] Init Localization Delegate[0m
[90m[🌎 Easy Localization] [DEBUG] Init provider[0m
00:09 +47: C:/Users/User/.codex/worktrees/hadayah-wave4v2-integration/Streamer_app/project/test/map_tricity_widgets_test.dart: selected card ar width=360.0 text=1.0 BroadcastType.liveAudio
Realtime public streamer subscription failed: 'package:supabase_flutter/src/supabase.dart': Failed assertion: line 45 pos 7: '_instance._isInitialized': You must initialize the supabase instance before calling Supabase.instance
Realtime academic_categories subscription failed: 'package:supabase_flutter/src/supabase.dart': Failed assertion: line 45 pos 7: '_instance._isInitialized': You must initialize the supabase instance before calling Supabase.instance
Supabase auth listener not attached (Supabase not initialized?): 'package:supabase_flutter/src/supabase.dart': Failed assertion: line 45 pos 7: '_instance._isInitialized': You must initialize the supabase instance before calling Supabase.instance
[90m[🌎 Easy Localization] [DEBUG] Start[0m
loadVerifiedStreamersFromBackend failed: Bad state: Backend unavailable
_refreshAcademicCategories failed: Bad state: Backend unavailable
[90m[🌎 Easy Localization] [DEBUG] Init state[0m
[32m[🌎 Easy Localization] [INFO] Start locale loaded ar[0m
[90m[🌎 Easy Localization] [DEBUG] Build[0m
[90m[🌎 Easy Localization] [DEBUG] Init Localization Delegate[0m
[90m[🌎 Easy Localization] [DEBUG] Init provider[0m
[90m[🌎 Easy Localization] [DEBUG] Load Localization Delegate[0m
[90m[🌎 Easy Localization] [DEBUG] Build[0m
[90m[🌎 Easy Localization] [DEBUG] Init Localization Delegate[0m
[90m[🌎 Easy Localization] [DEBUG] Init provider[0m
00:09 +48: C:/Users/User/.codex/worktrees/hadayah-wave4v2-integration/Streamer_app/project/test/map_tricity_widgets_test.dart: selected card ar width=360.0 text=1.6 BroadcastType.offline
Realtime public streamer subscription failed: 'package:supabase_flutter/src/supabase.dart': Failed assertion: line 45 pos 7: '_instance._isInitialized': You must initialize the supabase instance before calling Supabase.instance
Realtime academic_categories subscription failed: 'package:supabase_flutter/src/supabase.dart': Failed assertion: line 45 pos 7: '_instance._isInitialized': You must initialize the supabase instance before calling Supabase.instance
Supabase auth listener not attached (Supabase not initialized?): 'package:supabase_flutter/src/supabase.dart': Failed assertion: line 45 pos 7: '_instance._isInitialized': You must initialize the supabase instance before calling Supabase.instance
[90m[🌎 Easy Localization] [DEBUG] Start[0m
loadVerifiedStreamersFromBackend failed: Bad state: Backend unavailable
_refreshAcademicCategories failed: Bad state: Backend unavailable
[90m[🌎 Easy Localization] [DEBUG] Init state[0m
[32m[🌎 Easy Localization] [INFO] Start locale loaded ar[0m
[90m[🌎 Easy Localization] [DEBUG] Build[0m
[90m[🌎 Easy Localization] [DEBUG] Init Localization Delegate[0m
[90m[🌎 Easy Localization] [DEBUG] Init provider[0m
[90m[🌎 Easy Localization] [DEBUG] Load Localization Delegate[0m
[90m[🌎 Easy Localization] [DEBUG] Build[0m
[90m[🌎 Easy Localization] [DEBUG] Init Localization Delegate[0m
[90m[🌎 Easy Localization] [DEBUG] Init provider[0m
00:09 +49: C:/Users/User/.codex/worktrees/hadayah-wave4v2-integration/Streamer_app/project/test/map_tricity_widgets_test.dart: selected card ar width=360.0 text=1.6 BroadcastType.liveVideo
Realtime public streamer subscription failed: 'package:supabase_flutter/src/supabase.dart': Failed assertion: line 45 pos 7: '_instance._isInitialized': You must initialize the supabase instance before calling Supabase.instance
Realtime academic_categories subscription failed: 'package:supabase_flutter/src/supabase.dart': Failed assertion: line 45 pos 7: '_instance._isInitialized': You must initialize the supabase instance before calling Supabase.instance
Supabase auth listener not attached (Supabase not initialized?): 'package:supabase_flutter/src/supabase.dart': Failed assertion: line 45 pos 7: '_instance._isInitialized': You must initialize the supabase instance before calling Supabase.instance
[90m[🌎 Easy Localization] [DEBUG] Start[0m
loadVerifiedStreamersFromBackend failed: Bad state: Backend unavailable
_refreshAcademicCategories failed: Bad state: Backend unavailable
[90m[🌎 Easy Localization] [DEBUG] Init state[0m
[32m[🌎 Easy Localization] [INFO] Start locale loaded ar[0m
[90m[🌎 Easy Localization] [DEBUG] Build[0m
[90m[🌎 Easy Localization] [DEBUG] Init Localization Delegate[0m
[90m[🌎 Easy Localization] [DEBUG] Init provider[0m
[90m[🌎 Easy Localization] [DEBUG] Load Localization Delegate[0m
[90m[🌎 Easy Localization] [DEBUG] Build[0m
[90m[🌎 Easy Localization] [DEBUG] Init Localization Delegate[0m
[90m[🌎 Easy Localization] [DEBUG] Init provider[0m
00:09 +50: C:/Users/User/.codex/worktrees/hadayah-wave4v2-integration/Streamer_app/project/test/map_tricity_widgets_test.dart: selected card ar width=360.0 text=1.6 BroadcastType.liveAudio
Realtime public streamer subscription failed: 'package:supabase_flutter/src/supabase.dart': Failed assertion: line 45 pos 7: '_instance._isInitialized': You must initialize the supabase instance before calling Supabase.instance
Realtime academic_categories subscription failed: 'package:supabase_flutter/src/supabase.dart': Failed assertion: line 45 pos 7: '_instance._isInitialized': You must initialize the supabase instance before calling Supabase.instance
Supabase auth listener not attached (Supabase not initialized?): 'package:supabase_flutter/src/supabase.dart': Failed assertion: line 45 pos 7: '_instance._isInitialized': You must initialize the supabase instance before calling Supabase.instance
[90m[🌎 Easy Localization] [DEBUG] Start[0m
loadVerifiedStreamersFromBackend failed: Bad state: Backend unavailable
_refreshAcademicCategories failed: Bad state: Backend unavailable
[90m[🌎 Easy Localization] [DEBUG] Init state[0m
[32m[🌎 Easy Localization] [INFO] Start locale loaded ar[0m
[90m[🌎 Easy Localization] [DEBUG] Build[0m
[90m[🌎 Easy Localization] [DEBUG] Init Localization Delegate[0m
[90m[🌎 Easy Localization] [DEBUG] Init provider[0m
[90m[🌎 Easy Localization] [DEBUG] Load Localization Delegate[0m
[90m[🌎 Easy Localization] [DEBUG] Build[0m
[90m[🌎 Easy Localization] [DEBUG] Init Localization Delegate[0m
[90m[🌎 Easy Localization] [DEBUG] Init provider[0m
00:09 +51: C:/Users/User/.codex/worktrees/hadayah-wave4v2-integration/Streamer_app/project/test/map_tricity_widgets_test.dart: selected card ar width=360.0 text=2.0 BroadcastType.offline
Realtime public streamer subscription failed: 'package:supabase_flutter/src/supabase.dart': Failed assertion: line 45 pos 7: '_instance._isInitialized': You must initialize the supabase instance before calling Supabase.instance
Realtime academic_categories subscription failed: 'package:supabase_flutter/src/supabase.dart': Failed assertion: line 45 pos 7: '_instance._isInitialized': You must initialize the supabase instance before calling Supabase.instance
Supabase auth listener not attached (Supabase not initialized?): 'package:supabase_flutter/src/supabase.dart': Failed assertion: line 45 pos 7: '_instance._isInitialized': You must initialize the supabase instance before calling Supabase.instance
[90m[🌎 Easy Localization] [DEBUG] Start[0m
loadVerifiedStreamersFromBackend failed: Bad state: Backend unavailable
_refreshAcademicCategories failed: Bad state: Backend unavailable
[90m[🌎 Easy Localization] [DEBUG] Init state[0m
[32m[🌎 Easy Localization] [INFO] Start locale loaded ar[0m
[90m[🌎 Easy Localization] [DEBUG] Build[0m
[90m[🌎 Easy Localization] [DEBUG] Init Localization Delegate[0m
[90m[🌎 Easy Localization] [DEBUG] Init provider[0m
[90m[🌎 Easy Localization] [DEBUG] Load Localization Delegate[0m
[90m[🌎 Easy Localization] [DEBUG] Build[0m
[90m[🌎 Easy Localization] [DEBUG] Init Localization Delegate[0m
[90m[🌎 Easy Localization] [DEBUG] Init provider[0m
00:09 +52: C:/Users/User/.codex/worktrees/hadayah-wave4v2-integration/Streamer_app/project/test/map_tricity_widgets_test.dart: selected card ar width=360.0 text=2.0 BroadcastType.liveVideo
Realtime public streamer subscription failed: 'package:supabase_flutter/src/supabase.dart': Failed assertion: line 45 pos 7: '_instance._isInitialized': You must initialize the supabase instance before calling Supabase.instance
Realtime academic_categories subscription failed: 'package:supabase_flutter/src/supabase.dart': Failed assertion: line 45 pos 7: '_instance._isInitialized': You must initialize the supabase instance before calling Supabase.instance
Supabase auth listener not attached (Supabase not initialized?): 'package:supabase_flutter/src/supabase.dart': Failed assertion: line 45 pos 7: '_instance._isInitialized': You must initialize the supabase instance before calling Supabase.instance
[90m[🌎 Easy Localization] [DEBUG] Start[0m
loadVerifiedStreamersFromBackend failed: Bad state: Backend unavailable
_refreshAcademicCategories failed: Bad state: Backend unavailable
[90m[🌎 Easy Localization] [DEBUG] Init state[0m
[32m[🌎 Easy Localization] [INFO] Start locale loaded ar[0m
[90m[🌎 Easy Localization] [DEBUG] Build[0m
[90m[🌎 Easy Localization] [DEBUG] Init Localization Delegate[0m
[90m[🌎 Easy Localization] [DEBUG] Init provider[0m
[90m[🌎 Easy Localization] [DEBUG] Load Localization Delegate[0m
[90m[🌎 Easy Localization] [DEBUG] Build[0m
[90m[🌎 Easy Localization] [DEBUG] Init Localization Delegate[0m
[90m[🌎 Easy Localization] [DEBUG] Init provider[0m
00:09 +53: C:/Users/User/.codex/worktrees/hadayah-wave4v2-integration/Streamer_app/project/test/map_tricity_widgets_test.dart: selected card ar width=360.0 text=2.0 BroadcastType.liveAudio
Realtime public streamer subscription failed: 'package:supabase_flutter/src/supabase.dart': Failed assertion: line 45 pos 7: '_instance._isInitialized': You must initialize the supabase instance before calling Supabase.instance
Realtime academic_categories subscription failed: 'package:supabase_flutter/src/supabase.dart': Failed assertion: line 45 pos 7: '_instance._isInitialized': You must initialize the supabase instance before calling Supabase.instance
Supabase auth listener not attached (Supabase not initialized?): 'package:supabase_flutter/src/supabase.dart': Failed assertion: line 45 pos 7: '_instance._isInitialized': You must initialize the supabase instance before calling Supabase.instance
[90m[🌎 Easy Localization] [DEBUG] Start[0m
loadVerifiedStreamersFromBackend failed: Bad state: Backend unavailable
_refreshAcademicCategories failed: Bad state: Backend unavailable
[90m[🌎 Easy Localization] [DEBUG] Init state[0m
[32m[🌎 Easy Localization] [INFO] Start locale loaded ar[0m
[90m[🌎 Easy Localization] [DEBUG] Build[0m
[90m[🌎 Easy Localization] [DEBUG] Init Localization Delegate[0m
[90m[🌎 Easy Localization] [DEBUG] Init provider[0m
[90m[🌎 Easy Localization] [DEBUG] Load Localization Delegate[0m
[90m[🌎 Easy Localization] [DEBUG] Build[0m
[90m[🌎 Easy Localization] [DEBUG] Init Localization Delegate[0m
[90m[🌎 Easy Localization] [DEBUG] Init provider[0m
00:10 +54: C:/Users/User/.codex/worktrees/hadayah-wave4v2-integration/Streamer_app/project/test/map_tricity_widgets_test.dart: selected card ar width=384.0 text=1.0 BroadcastType.offline
Realtime public streamer subscription failed: 'package:supabase_flutter/src/supabase.dart': Failed assertion: line 45 pos 7: '_instance._isInitialized': You must initialize the supabase instance before calling Supabase.instance
Realtime academic_categories subscription failed: 'package:supabase_flutter/src/supabase.dart': Failed assertion: line 45 pos 7: '_instance._isInitialized': You must initialize the supabase instance before calling Supabase.instance
Supabase auth listener not attached (Supabase not initialized?): 'package:supabase_flutter/src/supabase.dart': Failed assertion: line 45 pos 7: '_instance._isInitialized': You must initialize the supabase instance before calling Supabase.instance
[90m[🌎 Easy Localization] [DEBUG] Start[0m
loadVerifiedStreamersFromBackend failed: Bad state: Backend unavailable
_refreshAcademicCategories failed: Bad state: Backend unavailable
[90m[🌎 Easy Localization] [DEBUG] Init state[0m
[32m[🌎 Easy Localization] [INFO] Start locale loaded ar[0m
[90m[🌎 Easy Localization] [DEBUG] Build[0m
[90m[🌎 Easy Localization] [DEBUG] Init Localization Delegate[0m
[90m[🌎 Easy Localization] [DEBUG] Init provider[0m
[90m[🌎 Easy Localization] [DEBUG] Load Localization Delegate[0m
[90m[🌎 Easy Localization] [DEBUG] Build[0m
[90m[🌎 Easy Localization] [DEBUG] Init Localization Delegate[0m
[90m[🌎 Easy Localization] [DEBUG] Init provider[0m
00:10 +55: C:/Users/User/.codex/worktrees/hadayah-wave4v2-integration/Streamer_app/project/test/map_tricity_widgets_test.dart: selected card ar width=384.0 text=1.0 BroadcastType.liveVideo
Realtime public streamer subscription failed: 'package:supabase_flutter/src/supabase.dart': Failed assertion: line 45 pos 7: '_instance._isInitialized': You must initialize the supabase instance before calling Supabase.instance
Realtime academic_categories subscription failed: 'package:supabase_flutter/src/supabase.dart': Failed assertion: line 45 pos 7: '_instance._isInitialized': You must initialize the supabase instance before calling Supabase.instance
Supabase auth listener not attached (Supabase not initialized?): 'package:supabase_flutter/src/supabase.dart': Failed assertion: line 45 pos 7: '_instance._isInitialized': You must initialize the supabase instance before calling Supabase.instance
[90m[🌎 Easy Localization] [DEBUG] Start[0m
loadVerifiedStreamersFromBackend failed: Bad state: Backend unavailable
_refreshAcademicCategories failed: Bad state: Backend unavailable
[90m[🌎 Easy Localization] [DEBUG] Init state[0m
[32m[🌎 Easy Localization] [INFO] Start locale loaded ar[0m
[90m[🌎 Easy Localization] [DEBUG] Build[0m
[90m[🌎 Easy Localization] [DEBUG] Init Localization Delegate[0m
[90m[🌎 Easy Localization] [DEBUG] Init provider[0m
[90m[🌎 Easy Localization] [DEBUG] Load Localization Delegate[0m
[90m[🌎 Easy Localization] [DEBUG] Build[0m
[90m[🌎 Easy Localization] [DEBUG] Init Localization Delegate[0m
[90m[🌎 Easy Localization] [DEBUG] Init provider[0m
00:10 +56: C:/Users/User/.codex/worktrees/hadayah-wave4v2-integration/Streamer_app/project/test/map_tricity_widgets_test.dart: selected card ar width=384.0 text=1.0 BroadcastType.liveAudio
Realtime public streamer subscription failed: 'package:supabase_flutter/src/supabase.dart': Failed assertion: line 45 pos 7: '_instance._isInitialized': You must initialize the supabase instance before calling Supabase.instance
Realtime academic_categories subscription failed: 'package:supabase_flutter/src/supabase.dart': Failed assertion: line 45 pos 7: '_instance._isInitialized': You must initialize the supabase instance before calling Supabase.instance
Supabase auth listener not attached (Supabase not initialized?): 'package:supabase_flutter/src/supabase.dart': Failed assertion: line 45 pos 7: '_instance._isInitialized': You must initialize the supabase instance before calling Supabase.instance
[90m[🌎 Easy Localization] [DEBUG] Start[0m
loadVerifiedStreamersFromBackend failed: Bad state: Backend unavailable
_refreshAcademicCategories failed: Bad state: Backend unavailable
[90m[🌎 Easy Localization] [DEBUG] Init state[0m
[32m[🌎 Easy Localization] [INFO] Start locale loaded ar[0m
[90m[🌎 Easy Localization] [DEBUG] Build[0m
[90m[🌎 Easy Localization] [DEBUG] Init Localization Delegate[0m
[90m[🌎 Easy Localization] [DEBUG] Init provider[0m
[90m[🌎 Easy Localization] [DEBUG] Load Localization Delegate[0m
[90m[🌎 Easy Localization] [DEBUG] Build[0m
[90m[🌎 Easy Localization] [DEBUG] Init Localization Delegate[0m
[90m[🌎 Easy Localization] [DEBUG] Init provider[0m
00:10 +57: C:/Users/User/.codex/worktrees/hadayah-wave4v2-integration/Streamer_app/project/test/map_tricity_widgets_test.dart: selected card ar width=384.0 text=1.6 BroadcastType.offline
Realtime public streamer subscription failed: 'package:supabase_flutter/src/supabase.dart': Failed assertion: line 45 pos 7: '_instance._isInitialized': You must initialize the supabase instance before calling Supabase.instance
Realtime academic_categories subscription failed: 'package:supabase_flutter/src/supabase.dart': Failed assertion: line 45 pos 7: '_instance._isInitialized': You must initialize the supabase instance before calling Supabase.instance
Supabase auth listener not attached (Supabase not initialized?): 'package:supabase_flutter/src/supabase.dart': Failed assertion: line 45 pos 7: '_instance._isInitialized': You must initialize the supabase instance before calling Supabase.instance
[90m[🌎 Easy Localization] [DEBUG] Start[0m
loadVerifiedStreamersFromBackend failed: Bad state: Backend unavailable
_refreshAcademicCategories failed: Bad state: Backend unavailable
[90m[🌎 Easy Localization] [DEBUG] Init state[0m
[32m[🌎 Easy Localization] [INFO] Start locale loaded ar[0m
[90m[🌎 Easy Localization] [DEBUG] Build[0m
[90m[🌎 Easy Localization] [DEBUG] Init Localization Delegate[0m
[90m[🌎 Easy Localization] [DEBUG] Init provider[0m
[90m[🌎 Easy Localization] [DEBUG] Load Localization Delegate[0m
[90m[🌎 Easy Localization] [DEBUG] Build[0m
[90m[🌎 Easy Localization] [DEBUG] Init Localization Delegate[0m
[90m[🌎 Easy Localization] [DEBUG] Init provider[0m
00:10 +58: C:/Users/User/.codex/worktrees/hadayah-wave4v2-integration/Streamer_app/project/test/map_tricity_widgets_test.dart: selected card ar width=384.0 text=1.6 BroadcastType.liveVideo
Realtime public streamer subscription failed: 'package:supabase_flutter/src/supabase.dart': Failed assertion: line 45 pos 7: '_instance._isInitialized': You must initialize the supabase instance before calling Supabase.instance
Realtime academic_categories subscription failed: 'package:supabase_flutter/src/supabase.dart': Failed assertion: line 45 pos 7: '_instance._isInitialized': You must initialize the supabase instance before calling Supabase.instance
Supabase auth listener not attached (Supabase not initialized?): 'package:supabase_flutter/src/supabase.dart': Failed assertion: line 45 pos 7: '_instance._isInitialized': You must initialize the supabase instance before calling Supabase.instance
[90m[🌎 Easy Localization] [DEBUG] Start[0m
loadVerifiedStreamersFromBackend failed: Bad state: Backend unavailable
_refreshAcademicCategories failed: Bad state: Backend unavailable
[90m[🌎 Easy Localization] [DEBUG] Init state[0m
[32m[🌎 Easy Localization] [INFO] Start locale loaded ar[0m
[90m[🌎 Easy Localization] [DEBUG] Build[0m
[90m[🌎 Easy Localization] [DEBUG] Init Localization Delegate[0m
[90m[🌎 Easy Localization] [DEBUG] Init provider[0m
[90m[🌎 Easy Localization] [DEBUG] Load Localization Delegate[0m
[90m[🌎 Easy Localization] [DEBUG] Build[0m
[90m[🌎 Easy Localization] [DEBUG] Init Localization Delegate[0m
[90m[🌎 Easy Localization] [DEBUG] Init provider[0m
00:10 +59: C:/Users/User/.codex/worktrees/hadayah-wave4v2-integration/Streamer_app/project/test/map_tricity_widgets_test.dart: selected card ar width=384.0 text=1.6 BroadcastType.liveAudio
Realtime public streamer subscription failed: 'package:supabase_flutter/src/supabase.dart': Failed assertion: line 45 pos 7: '_instance._isInitialized': You must initialize the supabase instance before calling Supabase.instance
Realtime academic_categories subscription failed: 'package:supabase_flutter/src/supabase.dart': Failed assertion: line 45 pos 7: '_instance._isInitialized': You must initialize the supabase instance before calling Supabase.instance
Supabase auth listener not attached (Supabase not initialized?): 'package:supabase_flutter/src/supabase.dart': Failed assertion: line 45 pos 7: '_instance._isInitialized': You must initialize the supabase instance before calling Supabase.instance
[90m[🌎 Easy Localization] [DEBUG] Start[0m
loadVerifiedStreamersFromBackend failed: Bad state: Backend unavailable
_refreshAcademicCategories failed: Bad state: Backend unavailable
[90m[🌎 Easy Localization] [DEBUG] Init state[0m
[32m[🌎 Easy Localization] [INFO] Start locale loaded ar[0m
[90m[🌎 Easy Localization] [DEBUG] Build[0m
[90m[🌎 Easy Localization] [DEBUG] Init Localization Delegate[0m
[90m[🌎 Easy Localization] [DEBUG] Init provider[0m
[90m[🌎 Easy Localization] [DEBUG] Load Localization Delegate[0m
[90m[🌎 Easy Localization] [DEBUG] Build[0m
[90m[🌎 Easy Localization] [DEBUG] Init Localization Delegate[0m
[90m[🌎 Easy Localization] [DEBUG] Init provider[0m
00:10 +60: C:/Users/User/.codex/worktrees/hadayah-wave4v2-integration/Streamer_app/project/test/map_tricity_widgets_test.dart: selected card ar width=384.0 text=2.0 BroadcastType.offline
Realtime public streamer subscription failed: 'package:supabase_flutter/src/supabase.dart': Failed assertion: line 45 pos 7: '_instance._isInitialized': You must initialize the supabase instance before calling Supabase.instance
Realtime academic_categories subscription failed: 'package:supabase_flutter/src/supabase.dart': Failed assertion: line 45 pos 7: '_instance._isInitialized': You must initialize the supabase instance before calling Supabase.instance
Supabase auth listener not attached (Supabase not initialized?): 'package:supabase_flutter/src/supabase.dart': Failed assertion: line 45 pos 7: '_instance._isInitialized': You must initialize the supabase instance before calling Supabase.instance
[90m[🌎 Easy Localization] [DEBUG] Start[0m
loadVerifiedStreamersFromBackend failed: Bad state: Backend unavailable
_refreshAcademicCategories failed: Bad state: Backend unavailable
[90m[🌎 Easy Localization] [DEBUG] Init state[0m
[32m[🌎 Easy Localization] [INFO] Start locale loaded ar[0m
[90m[🌎 Easy Localization] [DEBUG] Build[0m
[90m[🌎 Easy Localization] [DEBUG] Init Localization Delegate[0m
[90m[🌎 Easy Localization] [DEBUG] Init provider[0m
[90m[🌎 Easy Localization] [DEBUG] Load Localization Delegate[0m
[90m[🌎 Easy Localization] [DEBUG] Build[0m
[90m[🌎 Easy Localization] [DEBUG] Init Localization Delegate[0m
[90m[🌎 Easy Localization] [DEBUG] Init provider[0m
00:10 +61: C:/Users/User/.codex/worktrees/hadayah-wave4v2-integration/Streamer_app/project/test/map_tricity_widgets_test.dart: selected card ar width=384.0 text=2.0 BroadcastType.liveVideo
Realtime public streamer subscription failed: 'package:supabase_flutter/src/supabase.dart': Failed assertion: line 45 pos 7: '_instance._isInitialized': You must initialize the supabase instance before calling Supabase.instance
Realtime academic_categories subscription failed: 'package:supabase_flutter/src/supabase.dart': Failed assertion: line 45 pos 7: '_instance._isInitialized': You must initialize the supabase instance before calling Supabase.instance
Supabase auth listener not attached (Supabase not initialized?): 'package:supabase_flutter/src/supabase.dart': Failed assertion: line 45 pos 7: '_instance._isInitialized': You must initialize the supabase instance before calling Supabase.instance
[90m[🌎 Easy Localization] [DEBUG] Start[0m
loadVerifiedStreamersFromBackend failed: Bad state: Backend unavailable
_refreshAcademicCategories failed: Bad state: Backend unavailable
[90m[🌎 Easy Localization] [DEBUG] Init state[0m
[32m[🌎 Easy Localization] [INFO] Start locale loaded ar[0m
[90m[🌎 Easy Localization] [DEBUG] Build[0m
[90m[🌎 Easy Localization] [DEBUG] Init Localization Delegate[0m
[90m[🌎 Easy Localization] [DEBUG] Init provider[0m
[90m[🌎 Easy Localization] [DEBUG] Load Localization Delegate[0m
[90m[🌎 Easy Localization] [DEBUG] Build[0m
[90m[🌎 Easy Localization] [DEBUG] Init Localization Delegate[0m
[90m[🌎 Easy Localization] [DEBUG] Init provider[0m
00:10 +62: C:/Users/User/.codex/worktrees/hadayah-wave4v2-integration/Streamer_app/project/test/map_tricity_widgets_test.dart: selected card ar width=384.0 text=2.0 BroadcastType.liveAudio
Realtime public streamer subscription failed: 'package:supabase_flutter/src/supabase.dart': Failed assertion: line 45 pos 7: '_instance._isInitialized': You must initialize the supabase instance before calling Supabase.instance
Realtime academic_categories subscription failed: 'package:supabase_flutter/src/supabase.dart': Failed assertion: line 45 pos 7: '_instance._isInitialized': You must initialize the supabase instance before calling Supabase.instance
Supabase auth listener not attached (Supabase not initialized?): 'package:supabase_flutter/src/supabase.dart': Failed assertion: line 45 pos 7: '_instance._isInitialized': You must initialize the supabase instance before calling Supabase.instance
[90m[🌎 Easy Localization] [DEBUG] Start[0m
loadVerifiedStreamersFromBackend failed: Bad state: Backend unavailable
_refreshAcademicCategories failed: Bad state: Backend unavailable
[90m[🌎 Easy Localization] [DEBUG] Init state[0m
[32m[🌎 Easy Localization] [INFO] Start locale loaded ar[0m
[90m[🌎 Easy Localization] [DEBUG] Build[0m
[90m[🌎 Easy Localization] [DEBUG] Init Localization Delegate[0m
[90m[🌎 Easy Localization] [DEBUG] Init provider[0m
[90m[🌎 Easy Localization] [DEBUG] Load Localization Delegate[0m
[90m[🌎 Easy Localization] [DEBUG] Build[0m
[90m[🌎 Easy Localization] [DEBUG] Init Localization Delegate[0m
[90m[🌎 Easy Localization] [DEBUG] Init provider[0m
00:11 +63: C:/Users/User/.codex/worktrees/hadayah-wave4v2-integration/Streamer_app/project/test/map_tricity_widgets_test.dart: selected card ar width=412.0 text=1.0 BroadcastType.offline
Realtime public streamer subscription failed: 'package:supabase_flutter/src/supabase.dart': Failed assertion: line 45 pos 7: '_instance._isInitialized': You must initialize the supabase instance before calling Supabase.instance
Realtime academic_categories subscription failed: 'package:supabase_flutter/src/supabase.dart': Failed assertion: line 45 pos 7: '_instance._isInitialized': You must initialize the supabase instance before calling Supabase.instance
Supabase auth listener not attached (Supabase not initialized?): 'package:supabase_flutter/src/supabase.dart': Failed assertion: line 45 pos 7: '_instance._isInitialized': You must initialize the supabase instance before calling Supabase.instance
[90m[🌎 Easy Localization] [DEBUG] Start[0m
loadVerifiedStreamersFromBackend failed: Bad state: Backend unavailable
_refreshAcademicCategories failed: Bad state: Backend unavailable
[90m[🌎 Easy Localization] [DEBUG] Init state[0m
[32m[🌎 Easy Localization] [INFO] Start locale loaded ar[0m
[90m[🌎 Easy Localization] [DEBUG] Build[0m
[90m[🌎 Easy Localization] [DEBUG] Init Localization Delegate[0m
[90m[🌎 Easy Localization] [DEBUG] Init provider[0m
[90m[🌎 Easy Localization] [DEBUG] Load Localization Delegate[0m
[90m[🌎 Easy Localization] [DEBUG] Build[0m
[90m[🌎 Easy Localization] [DEBUG] Init Localization Delegate[0m
[90m[🌎 Easy Localization] [DEBUG] Init provider[0m
00:11 +64: C:/Users/User/.codex/worktrees/hadayah-wave4v2-integration/Streamer_app/project/test/map_tricity_widgets_test.dart: selected card ar width=412.0 text=1.0 BroadcastType.liveVideo
Realtime public streamer subscription failed: 'package:supabase_flutter/src/supabase.dart': Failed assertion: line 45 pos 7: '_instance._isInitialized': You must initialize the supabase instance before calling Supabase.instance
Realtime academic_categories subscription failed: 'package:supabase_flutter/src/supabase.dart': Failed assertion: line 45 pos 7: '_instance._isInitialized': You must initialize the supabase instance before calling Supabase.instance
Supabase auth listener not attached (Supabase not initialized?): 'package:supabase_flutter/src/supabase.dart': Failed assertion: line 45 pos 7: '_instance._isInitialized': You must initialize the supabase instance before calling Supabase.instance
[90m[🌎 Easy Localization] [DEBUG] Start[0m
loadVerifiedStreamersFromBackend failed: Bad state: Backend unavailable
_refreshAcademicCategories failed: Bad state: Backend unavailable
[90m[🌎 Easy Localization] [DEBUG] Init state[0m
[32m[🌎 Easy Localization] [INFO] Start locale loaded ar[0m
[90m[🌎 Easy Localization] [DEBUG] Build[0m
[90m[🌎 Easy Localization] [DEBUG] Init Localization Delegate[0m
[90m[🌎 Easy Localization] [DEBUG] Init provider[0m
[90m[🌎 Easy Localization] [DEBUG] Load Localization Delegate[0m
[90m[🌎 Easy Localization] [DEBUG] Build[0m
[90m[🌎 Easy Localization] [DEBUG] Init Localization Delegate[0m
[90m[🌎 Easy Localization] [DEBUG] Init provider[0m
00:11 +65: C:/Users/User/.codex/worktrees/hadayah-wave4v2-integration/Streamer_app/project/test/map_tricity_widgets_test.dart: selected card ar width=412.0 text=1.0 BroadcastType.liveAudio
Realtime public streamer subscription failed: 'package:supabase_flutter/src/supabase.dart': Failed assertion: line 45 pos 7: '_instance._isInitialized': You must initialize the supabase instance before calling Supabase.instance
Realtime academic_categories subscription failed: 'package:supabase_flutter/src/supabase.dart': Failed assertion: line 45 pos 7: '_instance._isInitialized': You must initialize the supabase instance before calling Supabase.instance
Supabase auth listener not attached (Supabase not initialized?): 'package:supabase_flutter/src/supabase.dart': Failed assertion: line 45 pos 7: '_instance._isInitialized': You must initialize the supabase instance before calling Supabase.instance
[90m[🌎 Easy Localization] [DEBUG] Start[0m
loadVerifiedStreamersFromBackend failed: Bad state: Backend unavailable
_refreshAcademicCategories failed: Bad state: Backend unavailable
[90m[🌎 Easy Localization] [DEBUG] Init state[0m
[32m[🌎 Easy Localization] [INFO] Start locale loaded ar[0m
[90m[🌎 Easy Localization] [DEBUG] Build[0m
[90m[🌎 Easy Localization] [DEBUG] Init Localization Delegate[0m
[90m[🌎 Easy Localization] [DEBUG] Init provider[0m
[90m[🌎 Easy Localization] [DEBUG] Load Localization Delegate[0m
[90m[🌎 Easy Localization] [DEBUG] Build[0m
[90m[🌎 Easy Localization] [DEBUG] Init Localization Delegate[0m
[90m[🌎 Easy Localization] [DEBUG] Init provider[0m
00:11 +66: C:/Users/User/.codex/worktrees/hadayah-wave4v2-integration/Streamer_app/project/test/map_tricity_widgets_test.dart: selected card ar width=412.0 text=1.6 BroadcastType.offline
Realtime public streamer subscription failed: 'package:supabase_flutter/src/supabase.dart': Failed assertion: line 45 pos 7: '_instance._isInitialized': You must initialize the supabase instance before calling Supabase.instance
Realtime academic_categories subscription failed: 'package:supabase_flutter/src/supabase.dart': Failed assertion: line 45 pos 7: '_instance._isInitialized': You must initialize the supabase instance before calling Supabase.instance
Supabase auth listener not attached (Supabase not initialized?): 'package:supabase_flutter/src/supabase.dart': Failed assertion: line 45 pos 7: '_instance._isInitialized': You must initialize the supabase instance before calling Supabase.instance
[90m[🌎 Easy Localization] [DEBUG] Start[0m
loadVerifiedStreamersFromBackend failed: Bad state: Backend unavailable
_refreshAcademicCategories failed: Bad state: Backend unavailable
[90m[🌎 Easy Localization] [DEBUG] Init state[0m
[32m[🌎 Easy Localization] [INFO] Start locale loaded ar[0m
[90m[🌎 Easy Localization] [DEBUG] Build[0m
[90m[🌎 Easy Localization] [DEBUG] Init Localization Delegate[0m
[90m[🌎 Easy Localization] [DEBUG] Init provider[0m
[90m[🌎 Easy Localization] [DEBUG] Load Localization Delegate[0m
[90m[🌎 Easy Localization] [DEBUG] Build[0m
[90m[🌎 Easy Localization] [DEBUG] Init Localization Delegate[0m
[90m[🌎 Easy Localization] [DEBUG] Init provider[0m
00:11 +67: C:/Users/User/.codex/worktrees/hadayah-wave4v2-integration/Streamer_app/project/test/map_tricity_widgets_test.dart: selected card ar width=412.0 text=1.6 BroadcastType.liveVideo
Realtime public streamer subscription failed: 'package:supabase_flutter/src/supabase.dart': Failed assertion: line 45 pos 7: '_instance._isInitialized': You must initialize the supabase instance before calling Supabase.instance
Realtime academic_categories subscription failed: 'package:supabase_flutter/src/supabase.dart': Failed assertion: line 45 pos 7: '_instance._isInitialized': You must initialize the supabase instance before calling Supabase.instance
Supabase auth listener not attached (Supabase not initialized?): 'package:supabase_flutter/src/supabase.dart': Failed assertion: line 45 pos 7: '_instance._isInitialized': You must initialize the supabase instance before calling Supabase.instance
[90m[🌎 Easy Localization] [DEBUG] Start[0m
loadVerifiedStreamersFromBackend failed: Bad state: Backend unavailable
_refreshAcademicCategories failed: Bad state: Backend unavailable
[90m[🌎 Easy Localization] [DEBUG] Init state[0m
[32m[🌎 Easy Localization] [INFO] Start locale loaded ar[0m
[90m[🌎 Easy Localization] [DEBUG] Build[0m
[90m[🌎 Easy Localization] [DEBUG] Init Localization Delegate[0m
[90m[🌎 Easy Localization] [DEBUG] Init provider[0m
[90m[🌎 Easy Localization] [DEBUG] Load Localization Delegate[0m
[90m[🌎 Easy Localization] [DEBUG] Build[0m
[90m[🌎 Easy Localization] [DEBUG] Init Localization Delegate[0m
[90m[🌎 Easy Localization] [DEBUG] Init provider[0m
00:11 +68: C:/Users/User/.codex/worktrees/hadayah-wave4v2-integration/Streamer_app/project/test/map_tricity_widgets_test.dart: selected card ar width=412.0 text=1.6 BroadcastType.liveAudio
Realtime public streamer subscription failed: 'package:supabase_flutter/src/supabase.dart': Failed assertion: line 45 pos 7: '_instance._isInitialized': You must initialize the supabase instance before calling Supabase.instance
Realtime academic_categories subscription failed: 'package:supabase_flutter/src/supabase.dart': Failed assertion: line 45 pos 7: '_instance._isInitialized': You must initialize the supabase instance before calling Supabase.instance
Supabase auth listener not attached (Supabase not initialized?): 'package:supabase_flutter/src/supabase.dart': Failed assertion: line 45 pos 7: '_instance._isInitialized': You must initialize the supabase instance before calling Supabase.instance
[90m[🌎 Easy Localization] [DEBUG] Start[0m
loadVerifiedStreamersFromBackend failed: Bad state: Backend unavailable
_refreshAcademicCategories failed: Bad state: Backend unavailable
[90m[🌎 Easy Localization] [DEBUG] Init state[0m
[32m[🌎 Easy Localization] [INFO] Start locale loaded ar[0m
[90m[🌎 Easy Localization] [DEBUG] Build[0m
[90m[🌎 Easy Localization] [DEBUG] Init Localization Delegate[0m
[90m[🌎 Easy Localization] [DEBUG] Init provider[0m
[90m[🌎 Easy Localization] [DEBUG] Load Localization Delegate[0m
[90m[🌎 Easy Localization] [DEBUG] Build[0m
[90m[🌎 Easy Localization] [DEBUG] Init Localization Delegate[0m
[90m[🌎 Easy Localization] [DEBUG] Init provider[0m
00:11 +69: C:/Users/User/.codex/worktrees/hadayah-wave4v2-integration/Streamer_app/project/test/map_tricity_widgets_test.dart: selected card ar width=412.0 text=2.0 BroadcastType.offline
Realtime public streamer subscription failed: 'package:supabase_flutter/src/supabase.dart': Failed assertion: line 45 pos 7: '_instance._isInitialized': You must initialize the supabase instance before calling Supabase.instance
Realtime academic_categories subscription failed: 'package:supabase_flutter/src/supabase.dart': Failed assertion: line 45 pos 7: '_instance._isInitialized': You must initialize the supabase instance before calling Supabase.instance
Supabase auth listener not attached (Supabase not initialized?): 'package:supabase_flutter/src/supabase.dart': Failed assertion: line 45 pos 7: '_instance._isInitialized': You must initialize the supabase instance before calling Supabase.instance
[90m[🌎 Easy Localization] [DEBUG] Start[0m
loadVerifiedStreamersFromBackend failed: Bad state: Backend unavailable
_refreshAcademicCategories failed: Bad state: Backend unavailable
[90m[🌎 Easy Localization] [DEBUG] Init state[0m
[32m[🌎 Easy Localization] [INFO] Start locale loaded ar[0m
[90m[🌎 Easy Localization] [DEBUG] Build[0m
[90m[🌎 Easy Localization] [DEBUG] Init Localization Delegate[0m
[90m[🌎 Easy Localization] [DEBUG] Init provider[0m
[90m[🌎 Easy Localization] [DEBUG] Load Localization Delegate[0m
[90m[🌎 Easy Localization] [DEBUG] Build[0m
[90m[🌎 Easy Localization] [DEBUG] Init Localization Delegate[0m
[90m[🌎 Easy Localization] [DEBUG] Init provider[0m
00:11 +70: C:/Users/User/.codex/worktrees/hadayah-wave4v2-integration/Streamer_app/project/test/map_tricity_widgets_test.dart: selected card ar width=412.0 text=2.0 BroadcastType.liveVideo
Realtime public streamer subscription failed: 'package:supabase_flutter/src/supabase.dart': Failed assertion: line 45 pos 7: '_instance._isInitialized': You must initialize the supabase instance before calling Supabase.instance
Realtime academic_categories subscription failed: 'package:supabase_flutter/src/supabase.dart': Failed assertion: line 45 pos 7: '_instance._isInitialized': You must initialize the supabase instance before calling Supabase.instance
Supabase auth listener not attached (Supabase not initialized?): 'package:supabase_flutter/src/supabase.dart': Failed assertion: line 45 pos 7: '_instance._isInitialized': You must initialize the supabase instance before calling Supabase.instance
[90m[🌎 Easy Localization] [DEBUG] Start[0m
loadVerifiedStreamersFromBackend failed: Bad state: Backend unavailable
_refreshAcademicCategories failed: Bad state: Backend unavailable
[90m[🌎 Easy Localization] [DEBUG] Init state[0m
[32m[🌎 Easy Localization] [INFO] Start locale loaded ar[0m
[90m[🌎 Easy Localization] [DEBUG] Build[0m
[90m[🌎 Easy Localization] [DEBUG] Init Localization Delegate[0m
[90m[🌎 Easy Localization] [DEBUG] Init provider[0m
[90m[🌎 Easy Localization] [DEBUG] Load Localization Delegate[0m
[90m[🌎 Easy Localization] [DEBUG] Build[0m
[90m[🌎 Easy Localization] [DEBUG] Init Localization Delegate[0m
[90m[🌎 Easy Localization] [DEBUG] Init provider[0m
00:12 +71: C:/Users/User/.codex/worktrees/hadayah-wave4v2-integration/Streamer_app/project/test/map_tricity_widgets_test.dart: selected card ar width=412.0 text=2.0 BroadcastType.liveAudio
Realtime public streamer subscription failed: 'package:supabase_flutter/src/supabase.dart': Failed assertion: line 45 pos 7: '_instance._isInitialized': You must initialize the supabase instance before calling Supabase.instance
Realtime academic_categories subscription failed: 'package:supabase_flutter/src/supabase.dart': Failed assertion: line 45 pos 7: '_instance._isInitialized': You must initialize the supabase instance before calling Supabase.instance
Supabase auth listener not attached (Supabase not initialized?): 'package:supabase_flutter/src/supabase.dart': Failed assertion: line 45 pos 7: '_instance._isInitialized': You must initialize the supabase instance before calling Supabase.instance
[90m[🌎 Easy Localization] [DEBUG] Start[0m
loadVerifiedStreamersFromBackend failed: Bad state: Backend unavailable
_refreshAcademicCategories failed: Bad state: Backend unavailable
[90m[🌎 Easy Localization] [DEBUG] Init state[0m
[32m[🌎 Easy Localization] [INFO] Start locale loaded ar[0m
[90m[🌎 Easy Localization] [DEBUG] Build[0m
[90m[🌎 Easy Localization] [DEBUG] Init Localization Delegate[0m
[90m[🌎 Easy Localization] [DEBUG] Init provider[0m
[90m[🌎 Easy Localization] [DEBUG] Load Localization Delegate[0m
[90m[🌎 Easy Localization] [DEBUG] Build[0m
[90m[🌎 Easy Localization] [DEBUG] Init Localization Delegate[0m
[90m[🌎 Easy Localization] [DEBUG] Init provider[0m
00:12 +72: C:/Users/User/.codex/worktrees/hadayah-wave4v2-integration/Streamer_app/project/test/map_tricity_widgets_test.dart: Spatial map (A13/A14 widget level) backend offline and pack unavailable are shown separately, the credit stays visible, and city search and dropdown agree
Realtime public streamer subscription failed: 'package:supabase_flutter/src/supabase.dart': Failed assertion: line 45 pos 7: '_instance._isInitialized': You must initialize the supabase instance before calling Supabase.instance
Realtime academic_categories subscription failed: 'package:supabase_flutter/src/supabase.dart': Failed assertion: line 45 pos 7: '_instance._isInitialized': You must initialize the supabase instance before calling Supabase.instance
Supabase auth listener not attached (Supabase not initialized?): 'package:supabase_flutter/src/supabase.dart': Failed assertion: line 45 pos 7: '_instance._isInitialized': You must initialize the supabase instance before calling Supabase.instance
[90m[🌎 Easy Localization] [DEBUG] Start[0m
loadVerifiedStreamersFromBackend failed: Bad state: Backend unavailable
[90m[🌎 Easy Localization] [DEBUG] Init state[0m
[32m[🌎 Easy Localization] [INFO] Start locale loaded en[0m
[90m[🌎 Easy Localization] [DEBUG] Build[0m
[90m[🌎 Easy Localization] [DEBUG] Init Localization Delegate[0m
[90m[🌎 Easy Localization] [DEBUG] Init provider[0m
[90m[🌎 Easy Localization] [DEBUG] Load Localization Delegate[0m
[90m[🌎 Easy Localization] [DEBUG] Build[0m
[90m[🌎 Easy Localization] [DEBUG] Init Localization Delegate[0m
[90m[🌎 Easy Localization] [DEBUG] Init provider[0m
00:12 +73: C:/Users/User/.codex/worktrees/hadayah-wave4v2-integration/Streamer_app/project/test/map_tricity_widgets_test.dart: Spatial map (A13/A14 widget level) backend online hides the offline chip; pack state is independent of it
Realtime public streamer subscription failed: 'package:supabase_flutter/src/supabase.dart': Failed assertion: line 45 pos 7: '_instance._isInitialized': You must initialize the supabase instance before calling Supabase.instance
Realtime academic_categories subscription failed: 'package:supabase_flutter/src/supabase.dart': Failed assertion: line 45 pos 7: '_instance._isInitialized': You must initialize the supabase instance before calling Supabase.instance
Supabase auth listener not attached (Supabase not initialized?): 'package:supabase_flutter/src/supabase.dart': Failed assertion: line 45 pos 7: '_instance._isInitialized': You must initialize the supabase instance before calling Supabase.instance
[90m[🌎 Easy Localization] [DEBUG] Start[0m
loadVerifiedStreamersFromBackend failed: Bad state: Backend unavailable
_refreshAcademicCategories failed: Bad state: Backend unavailable
[90m[🌎 Easy Localization] [DEBUG] Init state[0m
[32m[🌎 Easy Localization] [INFO] Start locale loaded en[0m
[90m[🌎 Easy Localization] [DEBUG] Build[0m
[90m[🌎 Easy Localization] [DEBUG] Init Localization Delegate[0m
[90m[🌎 Easy Localization] [DEBUG] Init provider[0m
[90m[🌎 Easy Localization] [DEBUG] Load Localization Delegate[0m
[90m[🌎 Easy Localization] [DEBUG] Build[0m
[90m[🌎 Easy Localization] [DEBUG] Init Localization Delegate[0m
[90m[🌎 Easy Localization] [DEBUG] Init provider[0m
00:12 +74: C:/Users/User/.codex/worktrees/hadayah-wave4v2-integration/Streamer_app/project/test/map_tricity_widgets_test.dart: Spatial map (A13/A14 widget level) details sheet shows local notices and venue freshness
Realtime public streamer subscription failed: 'package:supabase_flutter/src/supabase.dart': Failed assertion: line 45 pos 7: '_instance._isInitialized': You must initialize the supabase instance before calling Supabase.instance
Realtime academic_categories subscription failed: 'package:supabase_flutter/src/supabase.dart': Failed assertion: line 45 pos 7: '_instance._isInitialized': You must initialize the supabase instance before calling Supabase.instance
Supabase auth listener not attached (Supabase not initialized?): 'package:supabase_flutter/src/supabase.dart': Failed assertion: line 45 pos 7: '_instance._isInitialized': You must initialize the supabase instance before calling Supabase.instance
[90m[🌎 Easy Localization] [DEBUG] Start[0m
loadVerifiedStreamersFromBackend failed: Bad state: Backend unavailable
[90m[🌎 Easy Localization] [DEBUG] Init state[0m
[32m[🌎 Easy Localization] [INFO] Start locale loaded en[0m
[90m[🌎 Easy Localization] [DEBUG] Build[0m
[90m[🌎 Easy Localization] [DEBUG] Init Localization Delegate[0m
[90m[🌎 Easy Localization] [DEBUG] Init provider[0m
[90m[🌎 Easy Localization] [DEBUG] Load Localization Delegate[0m
[90m[🌎 Easy Localization] [DEBUG] Build[0m
[90m[🌎 Easy Localization] [DEBUG] Init Localization Delegate[0m
[90m[🌎 Easy Localization] [DEBUG] Init provider[0m
00:12 +75: C:/Users/User/.codex/worktrees/hadayah-wave4v2-integration/Streamer_app/project/test/map_tricity_widgets_test.dart: Spatial map (A13/A14 widget level) Arabic layout mirrors and keeps every control reachable
Realtime public streamer subscription failed: 'package:supabase_flutter/src/supabase.dart': Failed assertion: line 45 pos 7: '_instance._isInitialized': You must initialize the supabase instance before calling Supabase.instance
Realtime academic_categories subscription failed: 'package:supabase_flutter/src/supabase.dart': Failed assertion: line 45 pos 7: '_instance._isInitialized': You must initialize the supabase instance before calling Supabase.instance
Supabase auth listener not attached (Supabase not initialized?): 'package:supabase_flutter/src/supabase.dart': Failed assertion: line 45 pos 7: '_instance._isInitialized': You must initialize the supabase instance before calling Supabase.instance
[90m[🌎 Easy Localization] [DEBUG] Start[0m
loadVerifiedStreamersFromBackend failed: Bad state: Backend unavailable
[90m[🌎 Easy Localization] [DEBUG] Init state[0m
[32m[🌎 Easy Localization] [INFO] Start locale loaded ar[0m
[90m[🌎 Easy Localization] [DEBUG] Build[0m
[90m[🌎 Easy Localization] [DEBUG] Init Localization Delegate[0m
[90m[🌎 Easy Localization] [DEBUG] Init provider[0m
[90m[🌎 Easy Localization] [DEBUG] Load Localization Delegate[0m
[90m[🌎 Easy Localization] [DEBUG] Build[0m
[90m[🌎 Easy Localization] [DEBUG] Init Localization Delegate[0m
[90m[🌎 Easy Localization] [DEBUG] Init provider[0m
00:12 +76: C:/Users/User/.codex/worktrees/hadayah-wave4v2-integration/Streamer_app/project/test/map_tricity_widgets_test.dart: directions that no app can open show a localized message (A18)
Realtime public streamer subscription failed: 'package:supabase_flutter/src/supabase.dart': Failed assertion: line 45 pos 7: '_instance._isInitialized': You must initialize the supabase instance before calling Supabase.instance
Realtime academic_categories subscription failed: 'package:supabase_flutter/src/supabase.dart': Failed assertion: line 45 pos 7: '_instance._isInitialized': You must initialize the supabase instance before calling Supabase.instance
Supabase auth listener not attached (Supabase not initialized?): 'package:supabase_flutter/src/supabase.dart': Failed assertion: line 45 pos 7: '_instance._isInitialized': You must initialize the supabase instance before calling Supabase.instance
[90m[🌎 Easy Localization] [DEBUG] Start[0m
loadVerifiedStreamersFromBackend failed: Bad state: Backend unavailable
_refreshAcademicCategories failed: Bad state: Backend unavailable
[90m[🌎 Easy Localization] [DEBUG] Init state[0m
[32m[🌎 Easy Localization] [INFO] Start locale loaded en[0m
[90m[🌎 Easy Localization] [DEBUG] Build[0m
[90m[🌎 Easy Localization] [DEBUG] Init Localization Delegate[0m
[90m[🌎 Easy Localization] [DEBUG] Init provider[0m
[90m[🌎 Easy Localization] [DEBUG] Load Localization Delegate[0m
[90m[🌎 Easy Localization] [DEBUG] Build[0m
[90m[🌎 Easy Localization] [DEBUG] Init Localization Delegate[0m
[90m[🌎 Easy Localization] [DEBUG] Init provider[0m
00:12 +77: C:/Users/User/.codex/worktrees/hadayah-wave4v2-integration/Streamer_app/project/test/map_tricity_widgets_test.dart: directions for a venue without a pinned point explain it instead of opening 0,0
Realtime public streamer subscription failed: 'package:supabase_flutter/src/supabase.dart': Failed assertion: line 45 pos 7: '_instance._isInitialized': You must initialize the supabase instance before calling Supabase.instance
Realtime academic_categories subscription failed: 'package:supabase_flutter/src/supabase.dart': Failed assertion: line 45 pos 7: '_instance._isInitialized': You must initialize the supabase instance before calling Supabase.instance
Supabase auth listener not attached (Supabase not initialized?): 'package:supabase_flutter/src/supabase.dart': Failed assertion: line 45 pos 7: '_instance._isInitialized': You must initialize the supabase instance before calling Supabase.instance
[90m[🌎 Easy Localization] [DEBUG] Start[0m
loadVerifiedStreamersFromBackend failed: Bad state: Backend unavailable
_refreshAcademicCategories failed: Bad state: Backend unavailable
[90m[🌎 Easy Localization] [DEBUG] Init state[0m
[32m[🌎 Easy Localization] [INFO] Start locale loaded en[0m
[90m[🌎 Easy Localization] [DEBUG] Build[0m
[90m[🌎 Easy Localization] [DEBUG] Init Localization Delegate[0m
[90m[🌎 Easy Localization] [DEBUG] Init provider[0m
[90m[🌎 Easy Localization] [DEBUG] Load Localization Delegate[0m
[90m[🌎 Easy Localization] [DEBUG] Build[0m
[90m[🌎 Easy Localization] [DEBUG] Init Localization Delegate[0m
[90m[🌎 Easy Localization] [DEBUG] Init provider[0m
00:13 +78: C:/Users/User/.codex/worktrees/hadayah-wave4v2-integration/Streamer_app/project/test/map_tricity_widgets_test.dart: Venue location picker (A19) a legacy point outside the map is shown and kept, never clamped; confirm stays disabled until a new point is chosen
Realtime public streamer subscription failed: 'package:supabase_flutter/src/supabase.dart': Failed assertion: line 45 pos 7: '_instance._isInitialized': You must initialize the supabase instance before calling Supabase.instance
Realtime academic_categories subscription failed: 'package:supabase_flutter/src/supabase.dart': Failed assertion: line 45 pos 7: '_instance._isInitialized': You must initialize the supabase instance before calling Supabase.instance
Supabase auth listener not attached (Supabase not initialized?): 'package:supabase_flutter/src/supabase.dart': Failed assertion: line 45 pos 7: '_instance._isInitialized': You must initialize the supabase instance before calling Supabase.instance
[90m[🌎 Easy Localization] [DEBUG] Start[0m
loadVerifiedStreamersFromBackend failed: Bad state: Backend unavailable
_refreshAcademicCategories failed: Bad state: Backend unavailable
[90m[🌎 Easy Localization] [DEBUG] Init state[0m
[32m[🌎 Easy Localization] [INFO] Start locale loaded en[0m
[90m[🌎 Easy Localization] [DEBUG] Build[0m
[90m[🌎 Easy Localization] [DEBUG] Init Localization Delegate[0m
[90m[🌎 Easy Localization] [DEBUG] Init provider[0m
[90m[🌎 Easy Localization] [DEBUG] Load Localization Delegate[0m
[90m[🌎 Easy Localization] [DEBUG] Build[0m
[90m[🌎 Easy Localization] [DEBUG] Init Localization Delegate[0m
[90m[🌎 Easy Localization] [DEBUG] Init provider[0m
00:13 +79: C:/Users/User/.codex/worktrees/hadayah-wave4v2-integration/Streamer_app/project/test/map_tricity_widgets_test.dart: Venue location picker (A19) without a visible map no blind pin can be placed
Realtime public streamer subscription failed: 'package:supabase_flutter/src/supabase.dart': Failed assertion: line 45 pos 7: '_instance._isInitialized': You must initialize the supabase instance before calling Supabase.instance
Realtime academic_categories subscription failed: 'package:supabase_flutter/src/supabase.dart': Failed assertion: line 45 pos 7: '_instance._isInitialized': You must initialize the supabase instance before calling Supabase.instance
Supabase auth listener not attached (Supabase not initialized?): 'package:supabase_flutter/src/supabase.dart': Failed assertion: line 45 pos 7: '_instance._isInitialized': You must initialize the supabase instance before calling Supabase.instance
[90m[🌎 Easy Localization] [DEBUG] Start[0m
loadVerifiedStreamersFromBackend failed: Bad state: Backend unavailable
_refreshAcademicCategories failed: Bad state: Backend unavailable
[90m[🌎 Easy Localization] [DEBUG] Init state[0m
[32m[🌎 Easy Localization] [INFO] Start locale loaded en[0m
[90m[🌎 Easy Localization] [DEBUG] Build[0m
[90m[🌎 Easy Localization] [DEBUG] Init Localization Delegate[0m
[90m[🌎 Easy Localization] [DEBUG] Init provider[0m
[90m[🌎 Easy Localization] [DEBUG] Load Localization Delegate[0m
[90m[🌎 Easy Localization] [DEBUG] Build[0m
[90m[🌎 Easy Localization] [DEBUG] Init Localization Delegate[0m
[90m[🌎 Easy Localization] [DEBUG] Init provider[0m
00:13 +80: C:/Users/User/.codex/worktrees/hadayah-wave4v2-integration/Streamer_app/project/test/map_tricity_widgets_test.dart: Venue location picker (A19) "Pin the map centre" places the point under the crosshair (keyboard and screen-reader path)
Realtime public streamer subscription failed: 'package:supabase_flutter/src/supabase.dart': Failed assertion: line 45 pos 7: '_instance._isInitialized': You must initialize the supabase instance before calling Supabase.instance
Realtime academic_categories subscription failed: 'package:supabase_flutter/src/supabase.dart': Failed assertion: line 45 pos 7: '_instance._isInitialized': You must initialize the supabase instance before calling Supabase.instance
Supabase auth listener not attached (Supabase not initialized?): 'package:supabase_flutter/src/supabase.dart': Failed assertion: line 45 pos 7: '_instance._isInitialized': You must initialize the supabase instance before calling Supabase.instance
[90m[🌎 Easy Localization] [DEBUG] Start[0m
loadVerifiedStreamersFromBackend failed: Bad state: Backend unavailable
_refreshAcademicCategories failed: Bad state: Backend unavailable
[90m[🌎 Easy Localization] [DEBUG] Init state[0m
[32m[🌎 Easy Localization] [INFO] Start locale loaded en[0m
[90m[🌎 Easy Localization] [DEBUG] Build[0m
[90m[🌎 Easy Localization] [DEBUG] Init Localization Delegate[0m
[90m[🌎 Easy Localization] [DEBUG] Init provider[0m
[90m[🌎 Easy Localization] [DEBUG] Load Localization Delegate[0m
[90m[🌎 Easy Localization] [DEBUG] Build[0m
[90m[🌎 Easy Localization] [DEBUG] Init Localization Delegate[0m
[90m[🌎 Easy Localization] [DEBUG] Init provider[0m
00:13 +81: C:/Users/User/.codex/worktrees/hadayah-wave4v2-integration/Streamer_app/project/test/map_tricity_widgets_test.dart: Venue location picker (A19) tapping the map records the exact point; the result carries coordinates only
Realtime public streamer subscription failed: 'package:supabase_flutter/src/supabase.dart': Failed assertion: line 45 pos 7: '_instance._isInitialized': You must initialize the supabase instance before calling Supabase.instance
Realtime academic_categories subscription failed: 'package:supabase_flutter/src/supabase.dart': Failed assertion: line 45 pos 7: '_instance._isInitialized': You must initialize the supabase instance before calling Supabase.instance
Supabase auth listener not attached (Supabase not initialized?): 'package:supabase_flutter/src/supabase.dart': Failed assertion: line 45 pos 7: '_instance._isInitialized': You must initialize the supabase instance before calling Supabase.instance
[90m[🌎 Easy Localization] [DEBUG] Start[0m
loadVerifiedStreamersFromBackend failed: Bad state: Backend unavailable
_refreshAcademicCategories failed: Bad state: Backend unavailable
[90m[🌎 Easy Localization] [DEBUG] Init state[0m
[32m[🌎 Easy Localization] [INFO] Start locale loaded en[0m
[90m[🌎 Easy Localization] [DEBUG] Build[0m
[90m[🌎 Easy Localization] [DEBUG] Init Localization Delegate[0m
[90m[🌎 Easy Localization] [DEBUG] Init provider[0m
[90m[🌎 Easy Localization] [DEBUG] Load Localization Delegate[0m
[90m[🌎 Easy Localization] [DEBUG] Build[0m
[90m[🌎 Easy Localization] [DEBUG] Init Localization Delegate[0m
[90m[🌎 Easy Localization] [DEBUG] Init provider[0m
00:13 +82: C:/Users/User/.codex/worktrees/hadayah-wave4v2-integration/Streamer_app/project/test/map_tricity_widgets_test.dart: Venue location picker (A19) step 4 main venue: pin changes only the point; typed venue text and chosen city are kept; cancel keeps the old point
Realtime public streamer subscription failed: 'package:supabase_flutter/src/supabase.dart': Failed assertion: line 45 pos 7: '_instance._isInitialized': You must initialize the supabase instance before calling Supabase.instance
Realtime academic_categories subscription failed: 'package:supabase_flutter/src/supabase.dart': Failed assertion: line 45 pos 7: '_instance._isInitialized': You must initialize the supabase instance before calling Supabase.instance
Supabase auth listener not attached (Supabase not initialized?): 'package:supabase_flutter/src/supabase.dart': Failed assertion: line 45 pos 7: '_instance._isInitialized': You must initialize the supabase instance before calling Supabase.instance
[90m[🌎 Easy Localization] [DEBUG] Start[0m
loadVerifiedStreamersFromBackend failed: Bad state: Backend unavailable
_refreshAcademicCategories failed: Bad state: Backend unavailable
[90m[🌎 Easy Localization] [DEBUG] Init state[0m
[32m[🌎 Easy Localization] [INFO] Start locale loaded en[0m
[90m[🌎 Easy Localization] [DEBUG] Build[0m
[90m[🌎 Easy Localization] [DEBUG] Init Localization Delegate[0m
[90m[🌎 Easy Localization] [DEBUG] Init provider[0m
[90m[🌎 Easy Localization] [DEBUG] Load Localization Delegate[0m
[90m[🌎 Easy Localization] [DEBUG] Build[0m
[90m[🌎 Easy Localization] [DEBUG] Init Localization Delegate[0m
[90m[🌎 Easy Localization] [DEBUG] Init provider[0m
00:14 +83: C:/Users/User/.codex/worktrees/hadayah-wave4v2-integration/Streamer_app/project/test/map_tricity_widgets_test.dart: Venue location picker (A19) additional branch: no invented coordinate when not pinned; the pinned point is kept when pinned
Realtime public streamer subscription failed: 'package:supabase_flutter/src/supabase.dart': Failed assertion: line 45 pos 7: '_instance._isInitialized': You must initialize the supabase instance before calling Supabase.instance
Realtime academic_categories subscription failed: 'package:supabase_flutter/src/supabase.dart': Failed assertion: line 45 pos 7: '_instance._isInitialized': You must initialize the supabase instance before calling Supabase.instance
Supabase auth listener not attached (Supabase not initialized?): 'package:supabase_flutter/src/supabase.dart': Failed assertion: line 45 pos 7: '_instance._isInitialized': You must initialize the supabase instance before calling Supabase.instance
[90m[🌎 Easy Localization] [DEBUG] Start[0m
loadVerifiedStreamersFromBackend failed: Bad state: Backend unavailable
_refreshAcademicCategories failed: Bad state: Backend unavailable
[90m[🌎 Easy Localization] [DEBUG] Init state[0m
[32m[🌎 Easy Localization] [INFO] Start locale loaded en[0m
[90m[🌎 Easy Localization] [DEBUG] Build[0m
[90m[🌎 Easy Localization] [DEBUG] Init Localization Delegate[0m
[90m[🌎 Easy Localization] [DEBUG] Init provider[0m
[90m[🌎 Easy Localization] [DEBUG] Load Localization Delegate[0m
[90m[🌎 Easy Localization] [DEBUG] Build[0m
[90m[🌎 Easy Localization] [DEBUG] Init Localization Delegate[0m
[90m[🌎 Easy Localization] [DEBUG] Init provider[0m
00:15 +84: C:/Users/User/.codex/worktrees/hadayah-wave4v2-integration/Streamer_app/project/test/map_tricity_widgets_test.dart: Round 2 repairs an unpinned (0,0) venue shows no distance and no directions, only the no-location message
Realtime public streamer subscription failed: 'package:supabase_flutter/src/supabase.dart': Failed assertion: line 45 pos 7: '_instance._isInitialized': You must initialize the supabase instance before calling Supabase.instance
Realtime academic_categories subscription failed: 'package:supabase_flutter/src/supabase.dart': Failed assertion: line 45 pos 7: '_instance._isInitialized': You must initialize the supabase instance before calling Supabase.instance
Supabase auth listener not attached (Supabase not initialized?): 'package:supabase_flutter/src/supabase.dart': Failed assertion: line 45 pos 7: '_instance._isInitialized': You must initialize the supabase instance before calling Supabase.instance
[90m[🌎 Easy Localization] [DEBUG] Start[0m
loadVerifiedStreamersFromBackend failed: Bad state: Backend unavailable
_refreshAcademicCategories failed: Bad state: Backend unavailable
[90m[🌎 Easy Localization] [DEBUG] Init state[0m
[32m[🌎 Easy Localization] [INFO] Start locale loaded en[0m
[90m[🌎 Easy Localization] [DEBUG] Build[0m
[90m[🌎 Easy Localization] [DEBUG] Init Localization Delegate[0m
[90m[🌎 Easy Localization] [DEBUG] Init provider[0m
[90m[🌎 Easy Localization] [DEBUG] Load Localization Delegate[0m
[90m[🌎 Easy Localization] [DEBUG] Build[0m
[90m[🌎 Easy Localization] [DEBUG] Init Localization Delegate[0m
[90m[🌎 Easy Localization] [DEBUG] Init provider[0m
00:15 +85: C:/Users/User/.codex/worktrees/hadayah-wave4v2-integration/Streamer_app/project/test/map_tricity_widgets_test.dart: Round 2 repairs web prompt: Save keeps the prompt when saving fails and hides it once the copy is ready; details then say it is saved
Realtime public streamer subscription failed: 'package:supabase_flutter/src/supabase.dart': Failed assertion: line 45 pos 7: '_instance._isInitialized': You must initialize the supabase instance before calling Supabase.instance
Realtime academic_categories subscription failed: 'package:supabase_flutter/src/supabase.dart': Failed assertion: line 45 pos 7: '_instance._isInitialized': You must initialize the supabase instance before calling Supabase.instance
Supabase auth listener not attached (Supabase not initialized?): 'package:supabase_flutter/src/supabase.dart': Failed assertion: line 45 pos 7: '_instance._isInitialized': You must initialize the supabase instance before calling Supabase.instance
loadVerifiedStreamersFromBackend failed: Bad state: Backend unavailable
[90m[🌎 Easy Localization] [DEBUG] Start[0m
[90m[🌎 Easy Localization] [DEBUG] Init state[0m
[32m[🌎 Easy Localization] [INFO] Start locale loaded en[0m
[90m[🌎 Easy Localization] [DEBUG] Build[0m
[90m[🌎 Easy Localization] [DEBUG] Init Localization Delegate[0m
[90m[🌎 Easy Localization] [DEBUG] Init provider[0m
[90m[🌎 Easy Localization] [DEBUG] Load Localization Delegate[0m
[90m[🌎 Easy Localization] [DEBUG] Build[0m
[90m[🌎 Easy Localization] [DEBUG] Init Localization Delegate[0m
[90m[🌎 Easy Localization] [DEBUG] Init provider[0m
00:15 +86: C:/Users/User/.codex/worktrees/hadayah-wave4v2-integration/Streamer_app/project/test/map_tricity_widgets_test.dart: (tearDownAll)
00:15 +86: loading C:/Users/User/.codex/worktrees/hadayah-wave4v2-integration/Streamer_app/project/test/phone_broadcast_end_test.dart
00:19 +86: C:/Users/User/.codex/worktrees/hadayah-wave4v2-integration/Streamer_app/project/test/phone_broadcast_end_test.dart: (setUpAll)
[90m[🌎 Easy Localization] [DEBUG] Localization initialized[0m
00:19 +86: C:/Users/User/.codex/worktrees/hadayah-wave4v2-integration/Streamer_app/project/test/phone_broadcast_end_test.dart: one sender recovery surface at Size(412.0, 915.0)
Realtime public streamer subscription failed: 'package:supabase_flutter/src/supabase.dart': Failed assertion: line 45 pos 7: '_instance._isInitialized': You must initialize the supabase instance before calling Supabase.instance
Realtime academic_categories subscription failed: 'package:supabase_flutter/src/supabase.dart': Failed assertion: line 45 pos 7: '_instance._isInitialized': You must initialize the supabase instance before calling Supabase.instance
Realtime user status channel subscription failed: 'package:supabase_flutter/src/supabase.dart': Failed assertion: line 45 pos 7: '_instance._isInitialized': You must initialize the supabase instance before calling Supabase.instance
Profile provisioning failed: 'package:supabase_flutter/src/supabase.dart': Failed assertion: line 45 pos 7: '_instance._isInitialized': You must initialize the supabase instance before calling Supabase.instance
loadVerifiedStreamersFromBackend failed: Bad state: Backend unavailable
Admin role check failed: 'package:supabase_flutter/src/supabase.dart': Failed assertion: line 45 pos 7: '_instance._isInitialized': You must initialize the supabase instance before calling Supabase.instance
_refreshCurrentUserBanStatus failed: 'package:supabase_flutter/src/supabase.dart': Failed assertion: line 45 pos 7: '_instance._isInitialized': You must initialize the supabase instance before calling Supabase.instance
_refreshAcademicCategories failed: Bad state: Backend unavailable
loadVerifiedStreamersFromBackend failed: Bad state: Backend unavailable
[90m[🌎 Easy Localization] [DEBUG] Start[0m
[90m[🌎 Easy Localization] [DEBUG] Init state[0m
[32m[🌎 Easy Localization] [INFO] Start locale loaded en[0m
[90m[🌎 Easy Localization] [DEBUG] Build[0m
[90m[🌎 Easy Localization] [DEBUG] Init Localization Delegate[0m
[90m[🌎 Easy Localization] [DEBUG] Init provider[0m
[90m[🌎 Easy Localization] [DEBUG] Load Localization Delegate[0m
[90m[🌎 Easy Localization] [DEBUG] Build[0m
[90m[🌎 Easy Localization] [DEBUG] Init Localization Delegate[0m
[90m[🌎 Easy Localization] [DEBUG] Init provider[0m
[PhoneBroadcastScreen] wakelock unavailable: PlatformException(channel-error, Unable to establish connection on channel: "dev.flutter.pigeon.wakelock_plus_platform_interface.WakelockPlusApi.toggle"., null, null)
00:21 +87: C:/Users/User/.codex/worktrees/hadayah-wave4v2-integration/Streamer_app/project/test/phone_broadcast_end_test.dart: one sender recovery surface at Size(915.0, 412.0)
Realtime public streamer subscription failed: 'package:supabase_flutter/src/supabase.dart': Failed assertion: line 45 pos 7: '_instance._isInitialized': You must initialize the supabase instance before calling Supabase.instance
Realtime academic_categories subscription failed: 'package:supabase_flutter/src/supabase.dart': Failed assertion: line 45 pos 7: '_instance._isInitialized': You must initialize the supabase instance before calling Supabase.instance
Realtime user status channel subscription failed: 'package:supabase_flutter/src/supabase.dart': Failed assertion: line 45 pos 7: '_instance._isInitialized': You must initialize the supabase instance before calling Supabase.instance
Profile provisioning failed: 'package:supabase_flutter/src/supabase.dart': Failed assertion: line 45 pos 7: '_instance._isInitialized': You must initialize the supabase instance before calling Supabase.instance
loadVerifiedStreamersFromBackend failed: Bad state: Backend unavailable
Admin role check failed: 'package:supabase_flutter/src/supabase.dart': Failed assertion: line 45 pos 7: '_instance._isInitialized': You must initialize the supabase instance before calling Supabase.instance
_refreshCurrentUserBanStatus failed: 'package:supabase_flutter/src/supabase.dart': Failed assertion: line 45 pos 7: '_instance._isInitialized': You must initialize the supabase instance before calling Supabase.instance
_refreshAcademicCategories failed: Bad state: Backend unavailable
loadVerifiedStreamersFromBackend failed: Bad state: Backend unavailable
[90m[🌎 Easy Localization] [DEBUG] Start[0m
[90m[🌎 Easy Localization] [DEBUG] Init state[0m
[32m[🌎 Easy Localization] [INFO] Start locale loaded en[0m
[90m[🌎 Easy Localization] [DEBUG] Build[0m
[90m[🌎 Easy Localization] [DEBUG] Init Localization Delegate[0m
[90m[🌎 Easy Localization] [DEBUG] Init provider[0m
[90m[🌎 Easy Localization] [DEBUG] Load Localization Delegate[0m
[90m[🌎 Easy Localization] [DEBUG] Build[0m
[90m[🌎 Easy Localization] [DEBUG] Init Localization Delegate[0m
[90m[🌎 Easy Localization] [DEBUG] Init provider[0m
[PhoneBroadcastScreen] wakelock unavailable: PlatformException(channel-error, Unable to establish connection on channel: "dev.flutter.pigeon.wakelock_plus_platform_interface.WakelockPlusApi.toggle"., null, null)
00:22 +88: C:/Users/User/.codex/worktrees/hadayah-wave4v2-integration/Streamer_app/project/test/phone_broadcast_end_test.dart: recovery authorization checks exact live authority: none
Realtime public streamer subscription failed: 'package:supabase_flutter/src/supabase.dart': Failed assertion: line 45 pos 7: '_instance._isInitialized': You must initialize the supabase instance before calling Supabase.instance
Realtime academic_categories subscription failed: 'package:supabase_flutter/src/supabase.dart': Failed assertion: line 45 pos 7: '_instance._isInitialized': You must initialize the supabase instance before calling Supabase.instance
Realtime user status channel subscription failed: 'package:supabase_flutter/src/supabase.dart': Failed assertion: line 45 pos 7: '_instance._isInitialized': You must initialize the supabase instance before calling Supabase.instance
Profile provisioning failed: 'package:supabase_flutter/src/supabase.dart': Failed assertion: line 45 pos 7: '_instance._isInitialized': You must initialize the supabase instance before calling Supabase.instance
loadVerifiedStreamersFromBackend failed: Bad state: Backend unavailable
Admin role check failed: 'package:supabase_flutter/src/supabase.dart': Failed assertion: line 45 pos 7: '_instance._isInitialized': You must initialize the supabase instance before calling Supabase.instance
_refreshCurrentUserBanStatus failed: 'package:supabase_flutter/src/supabase.dart': Failed assertion: line 45 pos 7: '_instance._isInitialized': You must initialize the supabase instance before calling Supabase.instance
_refreshAcademicCategories failed: Bad state: Backend unavailable
loadVerifiedStreamersFromBackend failed: Bad state: Backend unavailable
00:22 +89: C:/Users/User/.codex/worktrees/hadayah-wave4v2-integration/Streamer_app/project/test/phone_broadcast_end_test.dart: recovery authorization checks exact live authority: end
Realtime public streamer subscription failed: 'package:supabase_flutter/src/supabase.dart': Failed assertion: line 45 pos 7: '_instance._isInitialized': You must initialize the supabase instance before calling Supabase.instance
Realtime academic_categories subscription failed: 'package:supabase_flutter/src/supabase.dart': Failed assertion: line 45 pos 7: '_instance._isInitialized': You must initialize the supabase instance before calling Supabase.instance
Realtime user status channel subscription failed: 'package:supabase_flutter/src/supabase.dart': Failed assertion: line 45 pos 7: '_instance._isInitialized': You must initialize the supabase instance before calling Supabase.instance
Profile provisioning failed: 'package:supabase_flutter/src/supabase.dart': Failed assertion: line 45 pos 7: '_instance._isInitialized': You must initialize the supabase instance before calling Supabase.instance
loadVerifiedStreamersFromBackend failed: Bad state: Backend unavailable
Admin role check failed: 'package:supabase_flutter/src/supabase.dart': Failed assertion: line 45 pos 7: '_instance._isInitialized': You must initialize the supabase instance before calling Supabase.instance
_refreshCurrentUserBanStatus failed: 'package:supabase_flutter/src/supabase.dart': Failed assertion: line 45 pos 7: '_instance._isInitialized': You must initialize the supabase instance before calling Supabase.instance
_refreshAcademicCategories failed: Bad state: Backend unavailable
loadVerifiedStreamersFromBackend failed: Bad state: Backend unavailable
loadVerifiedStreamersFromBackend failed: Bad state: Backend unavailable
00:22 +90: C:/Users/User/.codex/worktrees/hadayah-wave4v2-integration/Streamer_app/project/test/phone_broadcast_end_test.dart: recovery authorization checks exact live authority: replacement
Realtime public streamer subscription failed: 'package:supabase_flutter/src/supabase.dart': Failed assertion: line 45 pos 7: '_instance._isInitialized': You must initialize the supabase instance before calling Supabase.instance
Realtime academic_categories subscription failed: 'package:supabase_flutter/src/supabase.dart': Failed assertion: line 45 pos 7: '_instance._isInitialized': You must initialize the supabase instance before calling Supabase.instance
Realtime user status channel subscription failed: 'package:supabase_flutter/src/supabase.dart': Failed assertion: line 45 pos 7: '_instance._isInitialized': You must initialize the supabase instance before calling Supabase.instance
Profile provisioning failed: 'package:supabase_flutter/src/supabase.dart': Failed assertion: line 45 pos 7: '_instance._isInitialized': You must initialize the supabase instance before calling Supabase.instance
loadVerifiedStreamersFromBackend failed: Bad state: Backend unavailable
Admin role check failed: 'package:supabase_flutter/src/supabase.dart': Failed assertion: line 45 pos 7: '_instance._isInitialized': You must initialize the supabase instance before calling Supabase.instance
_refreshCurrentUserBanStatus failed: 'package:supabase_flutter/src/supabase.dart': Failed assertion: line 45 pos 7: '_instance._isInitialized': You must initialize the supabase instance before calling Supabase.instance
_refreshAcademicCategories failed: Bad state: Backend unavailable
loadVerifiedStreamersFromBackend failed: Bad state: Backend unavailable
loadVerifiedStreamersFromBackend failed: Bad state: Backend unavailable
00:22 +91: C:/Users/User/.codex/worktrees/hadayah-wave4v2-integration/Streamer_app/project/test/phone_broadcast_end_test.dart: recovery authorization checks exact live authority: device
Realtime public streamer subscription failed: 'package:supabase_flutter/src/supabase.dart': Failed assertion: line 45 pos 7: '_instance._isInitialized': You must initialize the supabase instance before calling Supabase.instance
Realtime academic_categories subscription failed: 'package:supabase_flutter/src/supabase.dart': Failed assertion: line 45 pos 7: '_instance._isInitialized': You must initialize the supabase instance before calling Supabase.instance
Realtime user status channel subscription failed: 'package:supabase_flutter/src/supabase.dart': Failed assertion: line 45 pos 7: '_instance._isInitialized': You must initialize the supabase instance before calling Supabase.instance
Profile provisioning failed: 'package:supabase_flutter/src/supabase.dart': Failed assertion: line 45 pos 7: '_instance._isInitialized': You must initialize the supabase instance before calling Supabase.instance
loadVerifiedStreamersFromBackend failed: Bad state: Backend unavailable
Admin role check failed: 'package:supabase_flutter/src/supabase.dart': Failed assertion: line 45 pos 7: '_instance._isInitialized': You must initialize the supabase instance before calling Supabase.instance
_refreshCurrentUserBanStatus failed: 'package:supabase_flutter/src/supabase.dart': Failed assertion: line 45 pos 7: '_instance._isInitialized': You must initialize the supabase instance before calling Supabase.instance
_refreshAcademicCategories failed: Bad state: Backend unavailable
loadVerifiedStreamersFromBackend failed: Bad state: Backend unavailable
loadVerifiedStreamersFromBackend failed: Bad state: Backend unavailable
00:22 +92: C:/Users/User/.codex/worktrees/hadayah-wave4v2-integration/Streamer_app/project/test/phone_broadcast_end_test.dart: recovery authorization checks exact live authority: revoke
Realtime public streamer subscription failed: 'package:supabase_flutter/src/supabase.dart': Failed assertion: line 45 pos 7: '_instance._isInitialized': You must initialize the supabase instance before calling Supabase.instance
Realtime academic_categories subscription failed: 'package:supabase_flutter/src/supabase.dart': Failed assertion: line 45 pos 7: '_instance._isInitialized': You must initialize the supabase instance before calling Supabase.instance
Realtime user status channel subscription failed: 'package:supabase_flutter/src/supabase.dart': Failed assertion: line 45 pos 7: '_instance._isInitialized': You must initialize the supabase instance before calling Supabase.instance
Profile provisioning failed: 'package:supabase_flutter/src/supabase.dart': Failed assertion: line 45 pos 7: '_instance._isInitialized': You must initialize the supabase instance before calling Supabase.instance
loadVerifiedStreamersFromBackend failed: Bad state: Backend unavailable
Admin role check failed: 'package:supabase_flutter/src/supabase.dart': Failed assertion: line 45 pos 7: '_instance._isInitialized': You must initialize the supabase instance before calling Supabase.instance
_refreshCurrentUserBanStatus failed: 'package:supabase_flutter/src/supabase.dart': Failed assertion: line 45 pos 7: '_instance._isInitialized': You must initialize the supabase instance before calling Supabase.instance
_refreshAcademicCategories failed: Bad state: Backend unavailable
loadVerifiedStreamersFromBackend failed: Bad state: Backend unavailable
loadVerifiedStreamersFromBackend failed: Bad state: Backend unavailable
00:22 +93: C:/Users/User/.codex/worktrees/hadayah-wave4v2-integration/Streamer_app/project/test/phone_broadcast_end_test.dart: recovery authorization checks exact live authority: unreachable
Realtime public streamer subscription failed: 'package:supabase_flutter/src/supabase.dart': Failed assertion: line 45 pos 7: '_instance._isInitialized': You must initialize the supabase instance before calling Supabase.instance
Realtime academic_categories subscription failed: 'package:supabase_flutter/src/supabase.dart': Failed assertion: line 45 pos 7: '_instance._isInitialized': You must initialize the supabase instance before calling Supabase.instance
Realtime user status channel subscription failed: 'package:supabase_flutter/src/supabase.dart': Failed assertion: line 45 pos 7: '_instance._isInitialized': You must initialize the supabase instance before calling Supabase.instance
Profile provisioning failed: 'package:supabase_flutter/src/supabase.dart': Failed assertion: line 45 pos 7: '_instance._isInitialized': You must initialize the supabase instance before calling Supabase.instance
loadVerifiedStreamersFromBackend failed: Bad state: Backend unavailable
Admin role check failed: 'package:supabase_flutter/src/supabase.dart': Failed assertion: line 45 pos 7: '_instance._isInitialized': You must initialize the supabase instance before calling Supabase.instance
_refreshCurrentUserBanStatus failed: 'package:supabase_flutter/src/supabase.dart': Failed assertion: line 45 pos 7: '_instance._isInitialized': You must initialize the supabase instance before calling Supabase.instance
_refreshAcademicCategories failed: Bad state: Backend unavailable
loadVerifiedStreamersFromBackend failed: Bad state: Backend unavailable
00:22 +94: C:/Users/User/.codex/worktrees/hadayah-wave4v2-integration/Streamer_app/project/test/phone_broadcast_end_test.dart: recovery authorization checks exact live authority: lateEnd
Realtime public streamer subscription failed: 'package:supabase_flutter/src/supabase.dart': Failed assertion: line 45 pos 7: '_instance._isInitialized': You must initialize the supabase instance before calling Supabase.instance
Realtime academic_categories subscription failed: 'package:supabase_flutter/src/supabase.dart': Failed assertion: line 45 pos 7: '_instance._isInitialized': You must initialize the supabase instance before calling Supabase.instance
Realtime user status channel subscription failed: 'package:supabase_flutter/src/supabase.dart': Failed assertion: line 45 pos 7: '_instance._isInitialized': You must initialize the supabase instance before calling Supabase.instance
Profile provisioning failed: 'package:supabase_flutter/src/supabase.dart': Failed assertion: line 45 pos 7: '_instance._isInitialized': You must initialize the supabase instance before calling Supabase.instance
loadVerifiedStreamersFromBackend failed: Bad state: Backend unavailable
Admin role check failed: 'package:supabase_flutter/src/supabase.dart': Failed assertion: line 45 pos 7: '_instance._isInitialized': You must initialize the supabase instance before calling Supabase.instance
_refreshCurrentUserBanStatus failed: 'package:supabase_flutter/src/supabase.dart': Failed assertion: line 45 pos 7: '_instance._isInitialized': You must initialize the supabase instance before calling Supabase.instance
_refreshAcademicCategories failed: Bad state: Backend unavailable
loadVerifiedStreamersFromBackend failed: Bad state: Backend unavailable
00:22 +95: C:/Users/User/.codex/worktrees/hadayah-wave4v2-integration/Streamer_app/project/test/phone_broadcast_end_test.dart: portrait: End is on screen while sending and asks first
Realtime public streamer subscription failed: 'package:supabase_flutter/src/supabase.dart': Failed assertion: line 45 pos 7: '_instance._isInitialized': You must initialize the supabase instance before calling Supabase.instance
Realtime academic_categories subscription failed: 'package:supabase_flutter/src/supabase.dart': Failed assertion: line 45 pos 7: '_instance._isInitialized': You must initialize the supabase instance before calling Supabase.instance
Realtime user status channel subscription failed: 'package:supabase_flutter/src/supabase.dart': Failed assertion: line 45 pos 7: '_instance._isInitialized': You must initialize the supabase instance before calling Supabase.instance
Profile provisioning failed: 'package:supabase_flutter/src/supabase.dart': Failed assertion: line 45 pos 7: '_instance._isInitialized': You must initialize the supabase instance before calling Supabase.instance
loadVerifiedStreamersFromBackend failed: Bad state: Backend unavailable
Admin role check failed: 'package:supabase_flutter/src/supabase.dart': Failed assertion: line 45 pos 7: '_instance._isInitialized': You must initialize the supabase instance before calling Supabase.instance
_refreshCurrentUserBanStatus failed: 'package:supabase_flutter/src/supabase.dart': Failed assertion: line 45 pos 7: '_instance._isInitialized': You must initialize the supabase instance before calling Supabase.instance
_refreshAcademicCategories failed: Bad state: Backend unavailable
loadVerifiedStreamersFromBackend failed: Bad state: Backend unavailable
[90m[🌎 Easy Localization] [DEBUG] Start[0m
[90m[🌎 Easy Localization] [DEBUG] Init state[0m
[32m[🌎 Easy Localization] [INFO] Start locale loaded en[0m
[90m[🌎 Easy Localization] [DEBUG] Build[0m
[90m[🌎 Easy Localization] [DEBUG] Init Localization Delegate[0m
[90m[🌎 Easy Localization] [DEBUG] Init provider[0m
[90m[🌎 Easy Localization] [DEBUG] Load Localization Delegate[0m
[90m[🌎 Easy Localization] [DEBUG] Build[0m
[90m[🌎 Easy Localization] [DEBUG] Init Localization Delegate[0m
[90m[🌎 Easy Localization] [DEBUG] Init provider[0m
[PhoneBroadcastScreen] wakelock unavailable: PlatformException(channel-error, Unable to establish connection on channel: "dev.flutter.pigeon.wakelock_plus_platform_interface.WakelockPlusApi.toggle"., null, null)
00:22 +96: C:/Users/User/.codex/worktrees/hadayah-wave4v2-integration/Streamer_app/project/test/phone_broadcast_end_test.dart: system Back while sending asks instead of silently ending
Realtime public streamer subscription failed: 'package:supabase_flutter/src/supabase.dart': Failed assertion: line 45 pos 7: '_instance._isInitialized': You must initialize the supabase instance before calling Supabase.instance
Realtime academic_categories subscription failed: 'package:supabase_flutter/src/supabase.dart': Failed assertion: line 45 pos 7: '_instance._isInitialized': You must initialize the supabase instance before calling Supabase.instance
Realtime user status channel subscription failed: 'package:supabase_flutter/src/supabase.dart': Failed assertion: line 45 pos 7: '_instance._isInitialized': You must initialize the supabase instance before calling Supabase.instance
Profile provisioning failed: 'package:supabase_flutter/src/supabase.dart': Failed assertion: line 45 pos 7: '_instance._isInitialized': You must initialize the supabase instance before calling Supabase.instance
loadVerifiedStreamersFromBackend failed: Bad state: Backend unavailable
Admin role check failed: 'package:supabase_flutter/src/supabase.dart': Failed assertion: line 45 pos 7: '_instance._isInitialized': You must initialize the supabase instance before calling Supabase.instance
_refreshCurrentUserBanStatus failed: 'package:supabase_flutter/src/supabase.dart': Failed assertion: line 45 pos 7: '_instance._isInitialized': You must initialize the supabase instance before calling Supabase.instance
_refreshAcademicCategories failed: Bad state: Backend unavailable
loadVerifiedStreamersFromBackend failed: Bad state: Backend unavailable
[90m[🌎 Easy Localization] [DEBUG] Start[0m
[90m[🌎 Easy Localization] [DEBUG] Init state[0m
[32m[🌎 Easy Localization] [INFO] Start locale loaded en[0m
[90m[🌎 Easy Localization] [DEBUG] Build[0m
[90m[🌎 Easy Localization] [DEBUG] Init Localization Delegate[0m
[90m[🌎 Easy Localization] [DEBUG] Init provider[0m
[90m[🌎 Easy Localization] [DEBUG] Load Localization Delegate[0m
[90m[🌎 Easy Localization] [DEBUG] Build[0m
[90m[🌎 Easy Localization] [DEBUG] Init Localization Delegate[0m
[90m[🌎 Easy Localization] [DEBUG] Init provider[0m
[PhoneBroadcastScreen] wakelock unavailable: PlatformException(channel-error, Unable to establish connection on channel: "dev.flutter.pigeon.wakelock_plus_platform_interface.WakelockPlusApi.toggle"., null, null)
00:23 +97: C:/Users/User/.codex/worktrees/hadayah-wave4v2-integration/Streamer_app/project/test/phone_broadcast_end_test.dart: landscape: focused End stays visible when the media is tapped
Realtime public streamer subscription failed: 'package:supabase_flutter/src/supabase.dart': Failed assertion: line 45 pos 7: '_instance._isInitialized': You must initialize the supabase instance before calling Supabase.instance
Realtime academic_categories subscription failed: 'package:supabase_flutter/src/supabase.dart': Failed assertion: line 45 pos 7: '_instance._isInitialized': You must initialize the supabase instance before calling Supabase.instance
Realtime user status channel subscription failed: 'package:supabase_flutter/src/supabase.dart': Failed assertion: line 45 pos 7: '_instance._isInitialized': You must initialize the supabase instance before calling Supabase.instance
Profile provisioning failed: 'package:supabase_flutter/src/supabase.dart': Failed assertion: line 45 pos 7: '_instance._isInitialized': You must initialize the supabase instance before calling Supabase.instance
loadVerifiedStreamersFromBackend failed: Bad state: Backend unavailable
Admin role check failed: 'package:supabase_flutter/src/supabase.dart': Failed assertion: line 45 pos 7: '_instance._isInitialized': You must initialize the supabase instance before calling Supabase.instance
_refreshCurrentUserBanStatus failed: 'package:supabase_flutter/src/supabase.dart': Failed assertion: line 45 pos 7: '_instance._isInitialized': You must initialize the supabase instance before calling Supabase.instance
_refreshAcademicCategories failed: Bad state: Backend unavailable
loadVerifiedStreamersFromBackend failed: Bad state: Backend unavailable
[90m[🌎 Easy Localization] [DEBUG] Start[0m
[90m[🌎 Easy Localization] [DEBUG] Init state[0m
[32m[🌎 Easy Localization] [INFO] Start locale loaded en[0m
[90m[🌎 Easy Localization] [DEBUG] Build[0m
[90m[🌎 Easy Localization] [DEBUG] Init Localization Delegate[0m
[90m[🌎 Easy Localization] [DEBUG] Init provider[0m
[90m[🌎 Easy Localization] [DEBUG] Load Localization Delegate[0m
[90m[🌎 Easy Localization] [DEBUG] Build[0m
[90m[🌎 Easy Localization] [DEBUG] Init Localization Delegate[0m
[90m[🌎 Easy Localization] [DEBUG] Init provider[0m
[PhoneBroadcastScreen] wakelock unavailable: PlatformException(channel-error, Unable to establish connection on channel: "dev.flutter.pigeon.wakelock_plus_platform_interface.WakelockPlusApi.toggle"., null, null)
00:23 +98: C:/Users/User/.codex/worktrees/hadayah-wave4v2-integration/Streamer_app/project/test/phone_broadcast_end_test.dart: landscape has three toggled controls and End at the top left
Realtime public streamer subscription failed: 'package:supabase_flutter/src/supabase.dart': Failed assertion: line 45 pos 7: '_instance._isInitialized': You must initialize the supabase instance before calling Supabase.instance
Realtime academic_categories subscription failed: 'package:supabase_flutter/src/supabase.dart': Failed assertion: line 45 pos 7: '_instance._isInitialized': You must initialize the supabase instance before calling Supabase.instance
Realtime user status channel subscription failed: 'package:supabase_flutter/src/supabase.dart': Failed assertion: line 45 pos 7: '_instance._isInitialized': You must initialize the supabase instance before calling Supabase.instance
Profile provisioning failed: 'package:supabase_flutter/src/supabase.dart': Failed assertion: line 45 pos 7: '_instance._isInitialized': You must initialize the supabase instance before calling Supabase.instance
loadVerifiedStreamersFromBackend failed: Bad state: Backend unavailable
Admin role check failed: 'package:supabase_flutter/src/supabase.dart': Failed assertion: line 45 pos 7: '_instance._isInitialized': You must initialize the supabase instance before calling Supabase.instance
_refreshCurrentUserBanStatus failed: 'package:supabase_flutter/src/supabase.dart': Failed assertion: line 45 pos 7: '_instance._isInitialized': You must initialize the supabase instance before calling Supabase.instance
_refreshAcademicCategories failed: Bad state: Backend unavailable
loadVerifiedStreamersFromBackend failed: Bad state: Backend unavailable
[90m[🌎 Easy Localization] [DEBUG] Start[0m
[90m[🌎 Easy Localization] [DEBUG] Init state[0m
[32m[🌎 Easy Localization] [INFO] Start locale loaded en[0m
[90m[🌎 Easy Localization] [DEBUG] Build[0m
[90m[🌎 Easy Localization] [DEBUG] Init Localization Delegate[0m
[90m[🌎 Easy Localization] [DEBUG] Init provider[0m
[90m[🌎 Easy Localization] [DEBUG] Load Localization Delegate[0m
[90m[🌎 Easy Localization] [DEBUG] Build[0m
[90m[🌎 Easy Localization] [DEBUG] Init Localization Delegate[0m
[90m[🌎 Easy Localization] [DEBUG] Init provider[0m
[PhoneBroadcastScreen] wakelock unavailable: PlatformException(channel-error, Unable to establish connection on channel: "dev.flutter.pigeon.wakelock_plus_platform_interface.WakelockPlusApi.toggle"., null, null)
00:24 +99: C:/Users/User/.codex/worktrees/hadayah-wave4v2-integration/Streamer_app/project/test/phone_broadcast_end_test.dart: Arabic: End and its confirmation are localized and lay out
Realtime public streamer subscription failed: 'package:supabase_flutter/src/supabase.dart': Failed assertion: line 45 pos 7: '_instance._isInitialized': You must initialize the supabase instance before calling Supabase.instance
Realtime academic_categories subscription failed: 'package:supabase_flutter/src/supabase.dart': Failed assertion: line 45 pos 7: '_instance._isInitialized': You must initialize the supabase instance before calling Supabase.instance
Realtime user status channel subscription failed: 'package:supabase_flutter/src/supabase.dart': Failed assertion: line 45 pos 7: '_instance._isInitialized': You must initialize the supabase instance before calling Supabase.instance
Profile provisioning failed: 'package:supabase_flutter/src/supabase.dart': Failed assertion: line 45 pos 7: '_instance._isInitialized': You must initialize the supabase instance before calling Supabase.instance
loadVerifiedStreamersFromBackend failed: Bad state: Backend unavailable
Admin role check failed: 'package:supabase_flutter/src/supabase.dart': Failed assertion: line 45 pos 7: '_instance._isInitialized': You must initialize the supabase instance before calling Supabase.instance
_refreshCurrentUserBanStatus failed: 'package:supabase_flutter/src/supabase.dart': Failed assertion: line 45 pos 7: '_instance._isInitialized': You must initialize the supabase instance before calling Supabase.instance
_refreshAcademicCategories failed: Bad state: Backend unavailable
loadVerifiedStreamersFromBackend failed: Bad state: Backend unavailable
[90m[🌎 Easy Localization] [DEBUG] Start[0m
[90m[🌎 Easy Localization] [DEBUG] Init state[0m
[32m[🌎 Easy Localization] [INFO] Start locale loaded ar[0m
[90m[🌎 Easy Localization] [DEBUG] Build[0m
[90m[🌎 Easy Localization] [DEBUG] Init Localization Delegate[0m
[90m[🌎 Easy Localization] [DEBUG] Init provider[0m
[90m[🌎 Easy Localization] [DEBUG] Load Localization Delegate[0m
[90m[🌎 Easy Localization] [DEBUG] Build[0m
[90m[🌎 Easy Localization] [DEBUG] Init Localization Delegate[0m
[90m[🌎 Easy Localization] [DEBUG] Init provider[0m
[PhoneBroadcastScreen] wakelock unavailable: PlatformException(channel-error, Unable to establish connection on channel: "dev.flutter.pigeon.wakelock_plus_platform_interface.WakelockPlusApi.toggle"., null, null)
00:24 +100: C:/Users/User/.codex/worktrees/hadayah-wave4v2-integration/Streamer_app/project/test/phone_broadcast_end_test.dart: controls sheet copy is localized and says the camera stays on
Realtime public streamer subscription failed: 'package:supabase_flutter/src/supabase.dart': Failed assertion: line 45 pos 7: '_instance._isInitialized': You must initialize the supabase instance before calling Supabase.instance
Realtime academic_categories subscription failed: 'package:supabase_flutter/src/supabase.dart': Failed assertion: line 45 pos 7: '_instance._isInitialized': You must initialize the supabase instance before calling Supabase.instance
Realtime user status channel subscription failed: 'package:supabase_flutter/src/supabase.dart': Failed assertion: line 45 pos 7: '_instance._isInitialized': You must initialize the supabase instance before calling Supabase.instance
Profile provisioning failed: 'package:supabase_flutter/src/supabase.dart': Failed assertion: line 45 pos 7: '_instance._isInitialized': You must initialize the supabase instance before calling Supabase.instance
loadVerifiedStreamersFromBackend failed: Bad state: Backend unavailable
Admin role check failed: 'package:supabase_flutter/src/supabase.dart': Failed assertion: line 45 pos 7: '_instance._isInitialized': You must initialize the supabase instance before calling Supabase.instance
_refreshCurrentUserBanStatus failed: 'package:supabase_flutter/src/supabase.dart': Failed assertion: line 45 pos 7: '_instance._isInitialized': You must initialize the supabase instance before calling Supabase.instance
_refreshAcademicCategories failed: Bad state: Backend unavailable
loadVerifiedStreamersFromBackend failed: Bad state: Backend unavailable
[90m[🌎 Easy Localization] [DEBUG] Start[0m
[90m[🌎 Easy Localization] [DEBUG] Init state[0m
[32m[🌎 Easy Localization] [INFO] Start locale loaded en[0m
[90m[🌎 Easy Localization] [DEBUG] Build[0m
[90m[🌎 Easy Localization] [DEBUG] Init Localization Delegate[0m
[90m[🌎 Easy Localization] [DEBUG] Init provider[0m
[90m[🌎 Easy Localization] [DEBUG] Load Localization Delegate[0m
[90m[🌎 Easy Localization] [DEBUG] Build[0m
[90m[🌎 Easy Localization] [DEBUG] Init Localization Delegate[0m
[90m[🌎 Easy Localization] [DEBUG] Init provider[0m
[PhoneBroadcastScreen] wakelock unavailable: PlatformException(channel-error, Unable to establish connection on channel: "dev.flutter.pigeon.wakelock_plus_platform_interface.WakelockPlusApi.toggle"., null, null)
00:24 +101: C:/Users/User/.codex/worktrees/hadayah-wave4v2-integration/Streamer_app/project/test/phone_broadcast_end_test.dart: End confirmation at 568x240 and 2x text: en
Realtime public streamer subscription failed: 'package:supabase_flutter/src/supabase.dart': Failed assertion: line 45 pos 7: '_instance._isInitialized': You must initialize the supabase instance before calling Supabase.instance
Realtime academic_categories subscription failed: 'package:supabase_flutter/src/supabase.dart': Failed assertion: line 45 pos 7: '_instance._isInitialized': You must initialize the supabase instance before calling Supabase.instance
Realtime user status channel subscription failed: 'package:supabase_flutter/src/supabase.dart': Failed assertion: line 45 pos 7: '_instance._isInitialized': You must initialize the supabase instance before calling Supabase.instance
Profile provisioning failed: 'package:supabase_flutter/src/supabase.dart': Failed assertion: line 45 pos 7: '_instance._isInitialized': You must initialize the supabase instance before calling Supabase.instance
loadVerifiedStreamersFromBackend failed: Bad state: Backend unavailable
Admin role check failed: 'package:supabase_flutter/src/supabase.dart': Failed assertion: line 45 pos 7: '_instance._isInitialized': You must initialize the supabase instance before calling Supabase.instance
_refreshCurrentUserBanStatus failed: 'package:supabase_flutter/src/supabase.dart': Failed assertion: line 45 pos 7: '_instance._isInitialized': You must initialize the supabase instance before calling Supabase.instance
_refreshAcademicCategories failed: Bad state: Backend unavailable
loadVerifiedStreamersFromBackend failed: Bad state: Backend unavailable
[90m[🌎 Easy Localization] [DEBUG] Start[0m
[90m[🌎 Easy Localization] [DEBUG] Init state[0m
[32m[🌎 Easy Localization] [INFO] Start locale loaded en[0m
[90m[🌎 Easy Localization] [DEBUG] Build[0m
[90m[🌎 Easy Localization] [DEBUG] Init Localization Delegate[0m
[90m[🌎 Easy Localization] [DEBUG] Init provider[0m
[90m[🌎 Easy Localization] [DEBUG] Load Localization Delegate[0m
[90m[🌎 Easy Localization] [DEBUG] Build[0m
[90m[🌎 Easy Localization] [DEBUG] Init Localization Delegate[0m
[90m[🌎 Easy Localization] [DEBUG] Init provider[0m
[PhoneBroadcastScreen] wakelock unavailable: PlatformException(channel-error, Unable to establish connection on channel: "dev.flutter.pigeon.wakelock_plus_platform_interface.WakelockPlusApi.toggle"., null, null)
00:25 +102: C:/Users/User/.codex/worktrees/hadayah-wave4v2-integration/Streamer_app/project/test/phone_broadcast_end_test.dart: End confirmation at 568x240 and 2x text: ar
Realtime public streamer subscription failed: 'package:supabase_flutter/src/supabase.dart': Failed assertion: line 45 pos 7: '_instance._isInitialized': You must initialize the supabase instance before calling Supabase.instance
Realtime academic_categories subscription failed: 'package:supabase_flutter/src/supabase.dart': Failed assertion: line 45 pos 7: '_instance._isInitialized': You must initialize the supabase instance before calling Supabase.instance
Realtime user status channel subscription failed: 'package:supabase_flutter/src/supabase.dart': Failed assertion: line 45 pos 7: '_instance._isInitialized': You must initialize the supabase instance before calling Supabase.instance
Profile provisioning failed: 'package:supabase_flutter/src/supabase.dart': Failed assertion: line 45 pos 7: '_instance._isInitialized': You must initialize the supabase instance before calling Supabase.instance
loadVerifiedStreamersFromBackend failed: Bad state: Backend unavailable
Admin role check failed: 'package:supabase_flutter/src/supabase.dart': Failed assertion: line 45 pos 7: '_instance._isInitialized': You must initialize the supabase instance before calling Supabase.instance
_refreshCurrentUserBanStatus failed: 'package:supabase_flutter/src/supabase.dart': Failed assertion: line 45 pos 7: '_instance._isInitialized': You must initialize the supabase instance before calling Supabase.instance
_refreshAcademicCategories failed: Bad state: Backend unavailable
loadVerifiedStreamersFromBackend failed: Bad state: Backend unavailable
[90m[🌎 Easy Localization] [DEBUG] Start[0m
[90m[🌎 Easy Localization] [DEBUG] Init state[0m
[32m[🌎 Easy Localization] [INFO] Start locale loaded ar[0m
[90m[🌎 Easy Localization] [DEBUG] Build[0m
[90m[🌎 Easy Localization] [DEBUG] Init Localization Delegate[0m
[90m[🌎 Easy Localization] [DEBUG] Init provider[0m
[90m[🌎 Easy Localization] [DEBUG] Load Localization Delegate[0m
[90m[🌎 Easy Localization] [DEBUG] Build[0m
[90m[🌎 Easy Localization] [DEBUG] Init Localization Delegate[0m
[90m[🌎 Easy Localization] [DEBUG] Init provider[0m
[PhoneBroadcastScreen] wakelock unavailable: PlatformException(channel-error, Unable to establish connection on channel: "dev.flutter.pigeon.wakelock_plus_platform_interface.WakelockPlusApi.toggle"., null, null)
00:25 +103: C:/Users/User/.codex/worktrees/hadayah-wave4v2-integration/Streamer_app/project/test/phone_broadcast_end_test.dart: landscape settings and chat at 2x: en Size(568.0, 240.0)
Realtime public streamer subscription failed: 'package:supabase_flutter/src/supabase.dart': Failed assertion: line 45 pos 7: '_instance._isInitialized': You must initialize the supabase instance before calling Supabase.instance
Realtime academic_categories subscription failed: 'package:supabase_flutter/src/supabase.dart': Failed assertion: line 45 pos 7: '_instance._isInitialized': You must initialize the supabase instance before calling Supabase.instance
Realtime user status channel subscription failed: 'package:supabase_flutter/src/supabase.dart': Failed assertion: line 45 pos 7: '_instance._isInitialized': You must initialize the supabase instance before calling Supabase.instance
Profile provisioning failed: 'package:supabase_flutter/src/supabase.dart': Failed assertion: line 45 pos 7: '_instance._isInitialized': You must initialize the supabase instance before calling Supabase.instance
loadVerifiedStreamersFromBackend failed: Bad state: Backend unavailable
Admin role check failed: 'package:supabase_flutter/src/supabase.dart': Failed assertion: line 45 pos 7: '_instance._isInitialized': You must initialize the supabase instance before calling Supabase.instance
_refreshCurrentUserBanStatus failed: 'package:supabase_flutter/src/supabase.dart': Failed assertion: line 45 pos 7: '_instance._isInitialized': You must initialize the supabase instance before calling Supabase.instance
_refreshAcademicCategories failed: Bad state: Backend unavailable
loadVerifiedStreamersFromBackend failed: Bad state: Backend unavailable
[90m[🌎 Easy Localization] [DEBUG] Start[0m
[90m[🌎 Easy Localization] [DEBUG] Init state[0m
[32m[🌎 Easy Localization] [INFO] Start locale loaded en[0m
[90m[🌎 Easy Localization] [DEBUG] Build[0m
[90m[🌎 Easy Localization] [DEBUG] Init Localization Delegate[0m
[90m[🌎 Easy Localization] [DEBUG] Init provider[0m
[90m[🌎 Easy Localization] [DEBUG] Load Localization Delegate[0m
[90m[🌎 Easy Localization] [DEBUG] Build[0m
[90m[🌎 Easy Localization] [DEBUG] Init Localization Delegate[0m
[90m[🌎 Easy Localization] [DEBUG] Init provider[0m
[PhoneBroadcastScreen] wakelock unavailable: PlatformException(channel-error, Unable to establish connection on channel: "dev.flutter.pigeon.wakelock_plus_platform_interface.WakelockPlusApi.toggle"., null, null)
00:25 +104: C:/Users/User/.codex/worktrees/hadayah-wave4v2-integration/Streamer_app/project/test/phone_broadcast_end_test.dart: landscape settings and chat at 2x: en Size(740.0, 360.0)
Realtime public streamer subscription failed: 'package:supabase_flutter/src/supabase.dart': Failed assertion: line 45 pos 7: '_instance._isInitialized': You must initialize the supabase instance before calling Supabase.instance
Realtime academic_categories subscription failed: 'package:supabase_flutter/src/supabase.dart': Failed assertion: line 45 pos 7: '_instance._isInitialized': You must initialize the supabase instance before calling Supabase.instance
Realtime user status channel subscription failed: 'package:supabase_flutter/src/supabase.dart': Failed assertion: line 45 pos 7: '_instance._isInitialized': You must initialize the supabase instance before calling Supabase.instance
Profile provisioning failed: 'package:supabase_flutter/src/supabase.dart': Failed assertion: line 45 pos 7: '_instance._isInitialized': You must initialize the supabase instance before calling Supabase.instance
loadVerifiedStreamersFromBackend failed: Bad state: Backend unavailable
Admin role check failed: 'package:supabase_flutter/src/supabase.dart': Failed assertion: line 45 pos 7: '_instance._isInitialized': You must initialize the supabase instance before calling Supabase.instance
_refreshCurrentUserBanStatus failed: 'package:supabase_flutter/src/supabase.dart': Failed assertion: line 45 pos 7: '_instance._isInitialized': You must initialize the supabase instance before calling Supabase.instance
_refreshAcademicCategories failed: Bad state: Backend unavailable
loadVerifiedStreamersFromBackend failed: Bad state: Backend unavailable
[90m[🌎 Easy Localization] [DEBUG] Start[0m
[90m[🌎 Easy Localization] [DEBUG] Init state[0m
[32m[🌎 Easy Localization] [INFO] Start locale loaded en[0m
[90m[🌎 Easy Localization] [DEBUG] Build[0m
[90m[🌎 Easy Localization] [DEBUG] Init Localization Delegate[0m
[90m[🌎 Easy Localization] [DEBUG] Init provider[0m
[90m[🌎 Easy Localization] [DEBUG] Load Localization Delegate[0m
[90m[🌎 Easy Localization] [DEBUG] Build[0m
[90m[🌎 Easy Localization] [DEBUG] Init Localization Delegate[0m
[90m[🌎 Easy Localization] [DEBUG] Init provider[0m
[PhoneBroadcastScreen] wakelock unavailable: PlatformException(channel-error, Unable to establish connection on channel: "dev.flutter.pigeon.wakelock_plus_platform_interface.WakelockPlusApi.toggle"., null, null)
00:26 +105: C:/Users/User/.codex/worktrees/hadayah-wave4v2-integration/Streamer_app/project/test/phone_broadcast_end_test.dart: landscape settings and chat at 2x: en Size(1366.0, 768.0)
Realtime public streamer subscription failed: 'package:supabase_flutter/src/supabase.dart': Failed assertion: line 45 pos 7: '_instance._isInitialized': You must initialize the supabase instance before calling Supabase.instance
Realtime academic_categories subscription failed: 'package:supabase_flutter/src/supabase.dart': Failed assertion: line 45 pos 7: '_instance._isInitialized': You must initialize the supabase instance before calling Supabase.instance
Realtime user status channel subscription failed: 'package:supabase_flutter/src/supabase.dart': Failed assertion: line 45 pos 7: '_instance._isInitialized': You must initialize the supabase instance before calling Supabase.instance
Profile provisioning failed: 'package:supabase_flutter/src/supabase.dart': Failed assertion: line 45 pos 7: '_instance._isInitialized': You must initialize the supabase instance before calling Supabase.instance
loadVerifiedStreamersFromBackend failed: Bad state: Backend unavailable
Admin role check failed: 'package:supabase_flutter/src/supabase.dart': Failed assertion: line 45 pos 7: '_instance._isInitialized': You must initialize the supabase instance before calling Supabase.instance
_refreshCurrentUserBanStatus failed: 'package:supabase_flutter/src/supabase.dart': Failed assertion: line 45 pos 7: '_instance._isInitialized': You must initialize the supabase instance before calling Supabase.instance
_refreshAcademicCategories failed: Bad state: Backend unavailable
loadVerifiedStreamersFromBackend failed: Bad state: Backend unavailable
[90m[🌎 Easy Localization] [DEBUG] Start[0m
[90m[🌎 Easy Localization] [DEBUG] Init state[0m
[32m[🌎 Easy Localization] [INFO] Start locale loaded en[0m
[90m[🌎 Easy Localization] [DEBUG] Build[0m
[90m[🌎 Easy Localization] [DEBUG] Init Localization Delegate[0m
[90m[🌎 Easy Localization] [DEBUG] Init provider[0m
[90m[🌎 Easy Localization] [DEBUG] Load Localization Delegate[0m
[90m[🌎 Easy Localization] [DEBUG] Build[0m
[90m[🌎 Easy Localization] [DEBUG] Init Localization Delegate[0m
[90m[🌎 Easy Localization] [DEBUG] Init provider[0m
[PhoneBroadcastScreen] wakelock unavailable: PlatformException(channel-error, Unable to establish connection on channel: "dev.flutter.pigeon.wakelock_plus_platform_interface.WakelockPlusApi.toggle"., null, null)
00:26 +106: C:/Users/User/.codex/worktrees/hadayah-wave4v2-integration/Streamer_app/project/test/phone_broadcast_end_test.dart: landscape settings and chat at 2x: ar Size(568.0, 240.0)
Realtime public streamer subscription failed: 'package:supabase_flutter/src/supabase.dart': Failed assertion: line 45 pos 7: '_instance._isInitialized': You must initialize the supabase instance before calling Supabase.instance
Realtime academic_categories subscription failed: 'package:supabase_flutter/src/supabase.dart': Failed assertion: line 45 pos 7: '_instance._isInitialized': You must initialize the supabase instance before calling Supabase.instance
Realtime user status channel subscription failed: 'package:supabase_flutter/src/supabase.dart': Failed assertion: line 45 pos 7: '_instance._isInitialized': You must initialize the supabase instance before calling Supabase.instance
Profile provisioning failed: 'package:supabase_flutter/src/supabase.dart': Failed assertion: line 45 pos 7: '_instance._isInitialized': You must initialize the supabase instance before calling Supabase.instance
loadVerifiedStreamersFromBackend failed: Bad state: Backend unavailable
Admin role check failed: 'package:supabase_flutter/src/supabase.dart': Failed assertion: line 45 pos 7: '_instance._isInitialized': You must initialize the supabase instance before calling Supabase.instance
_refreshCurrentUserBanStatus failed: 'package:supabase_flutter/src/supabase.dart': Failed assertion: line 45 pos 7: '_instance._isInitialized': You must initialize the supabase instance before calling Supabase.instance
_refreshAcademicCategories failed: Bad state: Backend unavailable
loadVerifiedStreamersFromBackend failed: Bad state: Backend unavailable
[90m[🌎 Easy Localization] [DEBUG] Start[0m
[90m[🌎 Easy Localization] [DEBUG] Init state[0m
[32m[🌎 Easy Localization] [INFO] Start locale loaded ar[0m
[90m[🌎 Easy Localization] [DEBUG] Build[0m
[90m[🌎 Easy Localization] [DEBUG] Init Localization Delegate[0m
[90m[🌎 Easy Localization] [DEBUG] Init provider[0m
[90m[🌎 Easy Localization] [DEBUG] Load Localization Delegate[0m
[90m[🌎 Easy Localization] [DEBUG] Build[0m
[90m[🌎 Easy Localization] [DEBUG] Init Localization Delegate[0m
[90m[🌎 Easy Localization] [DEBUG] Init provider[0m
[PhoneBroadcastScreen] wakelock unavailable: PlatformException(channel-error, Unable to establish connection on channel: "dev.flutter.pigeon.wakelock_plus_platform_interface.WakelockPlusApi.toggle"., null, null)
00:26 +107: C:/Users/User/.codex/worktrees/hadayah-wave4v2-integration/Streamer_app/project/test/phone_broadcast_end_test.dart: landscape settings and chat at 2x: ar Size(740.0, 360.0)
Realtime public streamer subscription failed: 'package:supabase_flutter/src/supabase.dart': Failed assertion: line 45 pos 7: '_instance._isInitialized': You must initialize the supabase instance before calling Supabase.instance
Realtime academic_categories subscription failed: 'package:supabase_flutter/src/supabase.dart': Failed assertion: line 45 pos 7: '_instance._isInitialized': You must initialize the supabase instance before calling Supabase.instance
Realtime user status channel subscription failed: 'package:supabase_flutter/src/supabase.dart': Failed assertion: line 45 pos 7: '_instance._isInitialized': You must initialize the supabase instance before calling Supabase.instance
Profile provisioning failed: 'package:supabase_flutter/src/supabase.dart': Failed assertion: line 45 pos 7: '_instance._isInitialized': You must initialize the supabase instance before calling Supabase.instance
loadVerifiedStreamersFromBackend failed: Bad state: Backend unavailable
Admin role check failed: 'package:supabase_flutter/src/supabase.dart': Failed assertion: line 45 pos 7: '_instance._isInitialized': You must initialize the supabase instance before calling Supabase.instance
_refreshCurrentUserBanStatus failed: 'package:supabase_flutter/src/supabase.dart': Failed assertion: line 45 pos 7: '_instance._isInitialized': You must initialize the supabase instance before calling Supabase.instance
_refreshAcademicCategories failed: Bad state: Backend unavailable
loadVerifiedStreamersFromBackend failed: Bad state: Backend unavailable
[90m[🌎 Easy Localization] [DEBUG] Start[0m
[90m[🌎 Easy Localization] [DEBUG] Init state[0m
[32m[🌎 Easy Localization] [INFO] Start locale loaded ar[0m
[90m[🌎 Easy Localization] [DEBUG] Build[0m
[90m[🌎 Easy Localization] [DEBUG] Init Localization Delegate[0m
[90m[🌎 Easy Localization] [DEBUG] Init provider[0m
[90m[🌎 Easy Localization] [DEBUG] Load Localization Delegate[0m
[90m[🌎 Easy Localization] [DEBUG] Build[0m
[90m[🌎 Easy Localization] [DEBUG] Init Localization Delegate[0m
[90m[🌎 Easy Localization] [DEBUG] Init provider[0m
[PhoneBroadcastScreen] wakelock unavailable: PlatformException(channel-error, Unable to establish connection on channel: "dev.flutter.pigeon.wakelock_plus_platform_interface.WakelockPlusApi.toggle"., null, null)
00:27 +108: C:/Users/User/.codex/worktrees/hadayah-wave4v2-integration/Streamer_app/project/test/phone_broadcast_end_test.dart: landscape settings and chat at 2x: ar Size(1366.0, 768.0)
Realtime public streamer subscription failed: 'package:supabase_flutter/src/supabase.dart': Failed assertion: line 45 pos 7: '_instance._isInitialized': You must initialize the supabase instance before calling Supabase.instance
Realtime academic_categories subscription failed: 'package:supabase_flutter/src/supabase.dart': Failed assertion: line 45 pos 7: '_instance._isInitialized': You must initialize the supabase instance before calling Supabase.instance
Realtime user status channel subscription failed: 'package:supabase_flutter/src/supabase.dart': Failed assertion: line 45 pos 7: '_instance._isInitialized': You must initialize the supabase instance before calling Supabase.instance
Profile provisioning failed: 'package:supabase_flutter/src/supabase.dart': Failed assertion: line 45 pos 7: '_instance._isInitialized': You must initialize the supabase instance before calling Supabase.instance
loadVerifiedStreamersFromBackend failed: Bad state: Backend unavailable
Admin role check failed: 'package:supabase_flutter/src/supabase.dart': Failed assertion: line 45 pos 7: '_instance._isInitialized': You must initialize the supabase instance before calling Supabase.instance
_refreshCurrentUserBanStatus failed: 'package:supabase_flutter/src/supabase.dart': Failed assertion: line 45 pos 7: '_instance._isInitialized': You must initialize the supabase instance before calling Supabase.instance
_refreshAcademicCategories failed: Bad state: Backend unavailable
loadVerifiedStreamersFromBackend failed: Bad state: Backend unavailable
[90m[🌎 Easy Localization] [DEBUG] Start[0m
[90m[🌎 Easy Localization] [DEBUG] Init state[0m
[32m[🌎 Easy Localization] [INFO] Start locale loaded ar[0m
[90m[🌎 Easy Localization] [DEBUG] Build[0m
[90m[🌎 Easy Localization] [DEBUG] Init Localization Delegate[0m
[90m[🌎 Easy Localization] [DEBUG] Init provider[0m
[90m[🌎 Easy Localization] [DEBUG] Load Localization Delegate[0m
[90m[🌎 Easy Localization] [DEBUG] Build[0m
[90m[🌎 Easy Localization] [DEBUG] Init Localization Delegate[0m
[90m[🌎 Easy Localization] [DEBUG] Init provider[0m
[PhoneBroadcastScreen] wakelock unavailable: PlatformException(channel-error, Unable to establish connection on channel: "dev.flutter.pigeon.wakelock_plus_platform_interface.WakelockPlusApi.toggle"., null, null)
00:27 +109: C:/Users/User/.codex/worktrees/hadayah-wave4v2-integration/Streamer_app/project/test/phone_broadcast_end_test.dart: a second Back while ending never pops the page underneath
Realtime public streamer subscription failed: 'package:supabase_flutter/src/supabase.dart': Failed assertion: line 45 pos 7: '_instance._isInitialized': You must initialize the supabase instance before calling Supabase.instance
Realtime academic_categories subscription failed: 'package:supabase_flutter/src/supabase.dart': Failed assertion: line 45 pos 7: '_instance._isInitialized': You must initialize the supabase instance before calling Supabase.instance
Realtime user status channel subscription failed: 'package:supabase_flutter/src/supabase.dart': Failed assertion: line 45 pos 7: '_instance._isInitialized': You must initialize the supabase instance before calling Supabase.instance
Profile provisioning failed: 'package:supabase_flutter/src/supabase.dart': Failed assertion: line 45 pos 7: '_instance._isInitialized': You must initialize the supabase instance before calling Supabase.instance
loadVerifiedStreamersFromBackend failed: Bad state: Backend unavailable
Admin role check failed: 'package:supabase_flutter/src/supabase.dart': Failed assertion: line 45 pos 7: '_instance._isInitialized': You must initialize the supabase instance before calling Supabase.instance
_refreshCurrentUserBanStatus failed: 'package:supabase_flutter/src/supabase.dart': Failed assertion: line 45 pos 7: '_instance._isInitialized': You must initialize the supabase instance before calling Supabase.instance
_refreshAcademicCategories failed: Bad state: Backend unavailable
loadVerifiedStreamersFromBackend failed: Bad state: Backend unavailable
[90m[🌎 Easy Localization] [DEBUG] Start[0m
[90m[🌎 Easy Localization] [DEBUG] Init state[0m
[32m[🌎 Easy Localization] [INFO] Start locale loaded en[0m
[90m[🌎 Easy Localization] [DEBUG] Build[0m
[90m[🌎 Easy Localization] [DEBUG] Init Localization Delegate[0m
[90m[🌎 Easy Localization] [DEBUG] Init provider[0m
[90m[🌎 Easy Localization] [DEBUG] Load Localization Delegate[0m
[90m[🌎 Easy Localization] [DEBUG] Build[0m
[90m[🌎 Easy Localization] [DEBUG] Init Localization Delegate[0m
[90m[🌎 Easy Localization] [DEBUG] Init provider[0m
[PhoneBroadcastScreen] wakelock unavailable: PlatformException(channel-error, Unable to establish connection on channel: "dev.flutter.pigeon.wakelock_plus_platform_interface.WakelockPlusApi.toggle"., null, null)
00:27 +110: C:/Users/User/.codex/worktrees/hadayah-wave4v2-integration/Streamer_app/project/test/phone_broadcast_end_test.dart: losing the device while the End dialog is open closes both
Realtime public streamer subscription failed: 'package:supabase_flutter/src/supabase.dart': Failed assertion: line 45 pos 7: '_instance._isInitialized': You must initialize the supabase instance before calling Supabase.instance
Realtime academic_categories subscription failed: 'package:supabase_flutter/src/supabase.dart': Failed assertion: line 45 pos 7: '_instance._isInitialized': You must initialize the supabase instance before calling Supabase.instance
Realtime user status channel subscription failed: 'package:supabase_flutter/src/supabase.dart': Failed assertion: line 45 pos 7: '_instance._isInitialized': You must initialize the supabase instance before calling Supabase.instance
Profile provisioning failed: 'package:supabase_flutter/src/supabase.dart': Failed assertion: line 45 pos 7: '_instance._isInitialized': You must initialize the supabase instance before calling Supabase.instance
loadVerifiedStreamersFromBackend failed: Bad state: Backend unavailable
Admin role check failed: 'package:supabase_flutter/src/supabase.dart': Failed assertion: line 45 pos 7: '_instance._isInitialized': You must initialize the supabase instance before calling Supabase.instance
_refreshCurrentUserBanStatus failed: 'package:supabase_flutter/src/supabase.dart': Failed assertion: line 45 pos 7: '_instance._isInitialized': You must initialize the supabase instance before calling Supabase.instance
_refreshAcademicCategories failed: Bad state: Backend unavailable
loadVerifiedStreamersFromBackend failed: Bad state: Backend unavailable
[90m[🌎 Easy Localization] [DEBUG] Start[0m
[90m[🌎 Easy Localization] [DEBUG] Init state[0m
[32m[🌎 Easy Localization] [INFO] Start locale loaded en[0m
[90m[🌎 Easy Localization] [DEBUG] Build[0m
[90m[🌎 Easy Localization] [DEBUG] Init Localization Delegate[0m
[90m[🌎 Easy Localization] [DEBUG] Init provider[0m
[90m[🌎 Easy Localization] [DEBUG] Load Localization Delegate[0m
[90m[🌎 Easy Localization] [DEBUG] Build[0m
[90m[🌎 Easy Localization] [DEBUG] Init Localization Delegate[0m
[90m[🌎 Easy Localization] [DEBUG] Init provider[0m
[PhoneBroadcastScreen] wakelock unavailable: PlatformException(channel-error, Unable to establish connection on channel: "dev.flutter.pigeon.wakelock_plus_platform_interface.WakelockPlusApi.toggle"., null, null)
loadVerifiedStreamersFromBackend failed: Bad state: Backend unavailable
loadVerifiedStreamersFromBackend failed: Bad state: Backend unavailable
[PhoneBroadcastScreen] wakelock unavailable: PlatformException(channel-error, Unable to establish connection on channel: "dev.flutter.pigeon.wakelock_plus_platform_interface.WakelockPlusApi.toggle"., null, null)
00:28 +111: C:/Users/User/.codex/worktrees/hadayah-wave4v2-integration/Streamer_app/project/test/phone_broadcast_end_test.dart: live: the studio End goes through this screen and stops it
Realtime public streamer subscription failed: 'package:supabase_flutter/src/supabase.dart': Failed assertion: line 45 pos 7: '_instance._isInitialized': You must initialize the supabase instance before calling Supabase.instance
Realtime academic_categories subscription failed: 'package:supabase_flutter/src/supabase.dart': Failed assertion: line 45 pos 7: '_instance._isInitialized': You must initialize the supabase instance before calling Supabase.instance
Realtime user status channel subscription failed: 'package:supabase_flutter/src/supabase.dart': Failed assertion: line 45 pos 7: '_instance._isInitialized': You must initialize the supabase instance before calling Supabase.instance
Profile provisioning failed: 'package:supabase_flutter/src/supabase.dart': Failed assertion: line 45 pos 7: '_instance._isInitialized': You must initialize the supabase instance before calling Supabase.instance
loadVerifiedStreamersFromBackend failed: Bad state: Backend unavailable
Admin role check failed: 'package:supabase_flutter/src/supabase.dart': Failed assertion: line 45 pos 7: '_instance._isInitialized': You must initialize the supabase instance before calling Supabase.instance
_refreshCurrentUserBanStatus failed: 'package:supabase_flutter/src/supabase.dart': Failed assertion: line 45 pos 7: '_instance._isInitialized': You must initialize the supabase instance before calling Supabase.instance
_refreshAcademicCategories failed: Bad state: Backend unavailable
loadVerifiedStreamersFromBackend failed: Bad state: Backend unavailable
[90m[🌎 Easy Localization] [DEBUG] Start[0m
[90m[🌎 Easy Localization] [DEBUG] Init state[0m
[32m[🌎 Easy Localization] [INFO] Start locale loaded en[0m
[90m[🌎 Easy Localization] [DEBUG] Build[0m
[90m[🌎 Easy Localization] [DEBUG] Init Localization Delegate[0m
[90m[🌎 Easy Localization] [DEBUG] Init provider[0m
[90m[🌎 Easy Localization] [DEBUG] Load Localization Delegate[0m
[90m[🌎 Easy Localization] [DEBUG] Build[0m
[90m[🌎 Easy Localization] [DEBUG] Init Localization Delegate[0m
[90m[🌎 Easy Localization] [DEBUG] Init provider[0m
[PhoneBroadcastScreen] wakelock unavailable: PlatformException(channel-error, Unable to establish connection on channel: "dev.flutter.pigeon.wakelock_plus_platform_interface.WakelockPlusApi.toggle"., null, null)
00:28 +112: C:/Users/User/.codex/worktrees/hadayah-wave4v2-integration/Streamer_app/project/test/phone_broadcast_end_test.dart: live: a listing ended elsewhere in the app stops the encoder
Realtime public streamer subscription failed: 'package:supabase_flutter/src/supabase.dart': Failed assertion: line 45 pos 7: '_instance._isInitialized': You must initialize the supabase instance before calling Supabase.instance
Realtime academic_categories subscription failed: 'package:supabase_flutter/src/supabase.dart': Failed assertion: line 45 pos 7: '_instance._isInitialized': You must initialize the supabase instance before calling Supabase.instance
Realtime user status channel subscription failed: 'package:supabase_flutter/src/supabase.dart': Failed assertion: line 45 pos 7: '_instance._isInitialized': You must initialize the supabase instance before calling Supabase.instance
Profile provisioning failed: 'package:supabase_flutter/src/supabase.dart': Failed assertion: line 45 pos 7: '_instance._isInitialized': You must initialize the supabase instance before calling Supabase.instance
loadVerifiedStreamersFromBackend failed: Bad state: Backend unavailable
Admin role check failed: 'package:supabase_flutter/src/supabase.dart': Failed assertion: line 45 pos 7: '_instance._isInitialized': You must initialize the supabase instance before calling Supabase.instance
_refreshCurrentUserBanStatus failed: 'package:supabase_flutter/src/supabase.dart': Failed assertion: line 45 pos 7: '_instance._isInitialized': You must initialize the supabase instance before calling Supabase.instance
_refreshAcademicCategories failed: Bad state: Backend unavailable
loadVerifiedStreamersFromBackend failed: Bad state: Backend unavailable
[90m[🌎 Easy Localization] [DEBUG] Start[0m
[90m[🌎 Easy Localization] [DEBUG] Init state[0m
[32m[🌎 Easy Localization] [INFO] Start locale loaded en[0m
[90m[🌎 Easy Localization] [DEBUG] Build[0m
[90m[🌎 Easy Localization] [DEBUG] Init Localization Delegate[0m
[90m[🌎 Easy Localization] [DEBUG] Init provider[0m
[90m[🌎 Easy Localization] [DEBUG] Load Localization Delegate[0m
[90m[🌎 Easy Localization] [DEBUG] Build[0m
[90m[🌎 Easy Localization] [DEBUG] Init Localization Delegate[0m
[90m[🌎 Easy Localization] [DEBUG] Init provider[0m
[PhoneBroadcastScreen] wakelock unavailable: PlatformException(channel-error, Unable to establish connection on channel: "dev.flutter.pigeon.wakelock_plus_platform_interface.WakelockPlusApi.toggle"., null, null)
00:29 +113: C:/Users/User/.codex/worktrees/hadayah-wave4v2-integration/Streamer_app/project/test/phone_broadcast_end_test.dart: remote End stops encoder, changes End to Leave and cannot relist
Realtime public streamer subscription failed: 'package:supabase_flutter/src/supabase.dart': Failed assertion: line 45 pos 7: '_instance._isInitialized': You must initialize the supabase instance before calling Supabase.instance
Realtime academic_categories subscription failed: 'package:supabase_flutter/src/supabase.dart': Failed assertion: line 45 pos 7: '_instance._isInitialized': You must initialize the supabase instance before calling Supabase.instance
Realtime user status channel subscription failed: 'package:supabase_flutter/src/supabase.dart': Failed assertion: line 45 pos 7: '_instance._isInitialized': You must initialize the supabase instance before calling Supabase.instance
Profile provisioning failed: 'package:supabase_flutter/src/supabase.dart': Failed assertion: line 45 pos 7: '_instance._isInitialized': You must initialize the supabase instance before calling Supabase.instance
loadVerifiedStreamersFromBackend failed: Bad state: Backend unavailable
Admin role check failed: 'package:supabase_flutter/src/supabase.dart': Failed assertion: line 45 pos 7: '_instance._isInitialized': You must initialize the supabase instance before calling Supabase.instance
_refreshCurrentUserBanStatus failed: 'package:supabase_flutter/src/supabase.dart': Failed assertion: line 45 pos 7: '_instance._isInitialized': You must initialize the supabase instance before calling Supabase.instance
_refreshAcademicCategories failed: Bad state: Backend unavailable
loadVerifiedStreamersFromBackend failed: Bad state: Backend unavailable
[90m[🌎 Easy Localization] [DEBUG] Start[0m
[90m[🌎 Easy Localization] [DEBUG] Init state[0m
[32m[🌎 Easy Localization] [INFO] Start locale loaded en[0m
[90m[🌎 Easy Localization] [DEBUG] Build[0m
[90m[🌎 Easy Localization] [DEBUG] Init Localization Delegate[0m
[90m[🌎 Easy Localization] [DEBUG] Init provider[0m
[90m[🌎 Easy Localization] [DEBUG] Load Localization Delegate[0m
[90m[🌎 Easy Localization] [DEBUG] Build[0m
[90m[🌎 Easy Localization] [DEBUG] Init Localization Delegate[0m
[90m[🌎 Easy Localization] [DEBUG] Init provider[0m
[PhoneBroadcastScreen] wakelock unavailable: PlatformException(channel-error, Unable to establish connection on channel: "dev.flutter.pigeon.wakelock_plus_platform_interface.WakelockPlusApi.toggle"., null, null)
loadVerifiedStreamersFromBackend failed: Bad state: Backend unavailable
00:29 +114: C:/Users/User/.codex/worktrees/hadayah-wave4v2-integration/Streamer_app/project/test/phone_broadcast_end_test.dart: portrait End remains reachable above the keyboard
Realtime public streamer subscription failed: 'package:supabase_flutter/src/supabase.dart': Failed assertion: line 45 pos 7: '_instance._isInitialized': You must initialize the supabase instance before calling Supabase.instance
Realtime academic_categories subscription failed: 'package:supabase_flutter/src/supabase.dart': Failed assertion: line 45 pos 7: '_instance._isInitialized': You must initialize the supabase instance before calling Supabase.instance
Realtime user status channel subscription failed: 'package:supabase_flutter/src/supabase.dart': Failed assertion: line 45 pos 7: '_instance._isInitialized': You must initialize the supabase instance before calling Supabase.instance
Profile provisioning failed: 'package:supabase_flutter/src/supabase.dart': Failed assertion: line 45 pos 7: '_instance._isInitialized': You must initialize the supabase instance before calling Supabase.instance
loadVerifiedStreamersFromBackend failed: Bad state: Backend unavailable
Admin role check failed: 'package:supabase_flutter/src/supabase.dart': Failed assertion: line 45 pos 7: '_instance._isInitialized': You must initialize the supabase instance before calling Supabase.instance
_refreshCurrentUserBanStatus failed: 'package:supabase_flutter/src/supabase.dart': Failed assertion: line 45 pos 7: '_instance._isInitialized': You must initialize the supabase instance before calling Supabase.instance
_refreshAcademicCategories failed: Bad state: Backend unavailable
loadVerifiedStreamersFromBackend failed: Bad state: Backend unavailable
[90m[🌎 Easy Localization] [DEBUG] Start[0m
[90m[🌎 Easy Localization] [DEBUG] Init state[0m
[32m[🌎 Easy Localization] [INFO] Start locale loaded en[0m
[90m[🌎 Easy Localization] [DEBUG] Build[0m
[90m[🌎 Easy Localization] [DEBUG] Init Localization Delegate[0m
[90m[🌎 Easy Localization] [DEBUG] Init provider[0m
[90m[🌎 Easy Localization] [DEBUG] Load Localization Delegate[0m
[90m[🌎 Easy Localization] [DEBUG] Build[0m
[90m[🌎 Easy Localization] [DEBUG] Init Localization Delegate[0m
[90m[🌎 Easy Localization] [DEBUG] Init provider[0m
[PhoneBroadcastScreen] wakelock unavailable: PlatformException(channel-error, Unable to establish connection on channel: "dev.flutter.pigeon.wakelock_plus_platform_interface.WakelockPlusApi.toggle"., null, null)
00:30 +115: C:/Users/User/.codex/worktrees/hadayah-wave4v2-integration/Streamer_app/project/test/phone_broadcast_end_test.dart: a session ingest rejection stops the encoder without another start
Realtime public streamer subscription failed: 'package:supabase_flutter/src/supabase.dart': Failed assertion: line 45 pos 7: '_instance._isInitialized': You must initialize the supabase instance before calling Supabase.instance
Realtime academic_categories subscription failed: 'package:supabase_flutter/src/supabase.dart': Failed assertion: line 45 pos 7: '_instance._isInitialized': You must initialize the supabase instance before calling Supabase.instance
Realtime user status channel subscription failed: 'package:supabase_flutter/src/supabase.dart': Failed assertion: line 45 pos 7: '_instance._isInitialized': You must initialize the supabase instance before calling Supabase.instance
Profile provisioning failed: 'package:supabase_flutter/src/supabase.dart': Failed assertion: line 45 pos 7: '_instance._isInitialized': You must initialize the supabase instance before calling Supabase.instance
loadVerifiedStreamersFromBackend failed: Bad state: Backend unavailable
Admin role check failed: 'package:supabase_flutter/src/supabase.dart': Failed assertion: line 45 pos 7: '_instance._isInitialized': You must initialize the supabase instance before calling Supabase.instance
_refreshCurrentUserBanStatus failed: 'package:supabase_flutter/src/supabase.dart': Failed assertion: line 45 pos 7: '_instance._isInitialized': You must initialize the supabase instance before calling Supabase.instance
_refreshAcademicCategories failed: Bad state: Backend unavailable
loadVerifiedStreamersFromBackend failed: Bad state: Backend unavailable
[90m[🌎 Easy Localization] [DEBUG] Start[0m
[90m[🌎 Easy Localization] [DEBUG] Init state[0m
[32m[🌎 Easy Localization] [INFO] Start locale loaded en[0m
[90m[🌎 Easy Localization] [DEBUG] Build[0m
[90m[🌎 Easy Localization] [DEBUG] Init Localization Delegate[0m
[90m[🌎 Easy Localization] [DEBUG] Init provider[0m
[90m[🌎 Easy Localization] [DEBUG] Load Localization Delegate[0m
[90m[🌎 Easy Localization] [DEBUG] Build[0m
[90m[🌎 Easy Localization] [DEBUG] Init Localization Delegate[0m
[90m[🌎 Easy Localization] [DEBUG] Init provider[0m
[PhoneBroadcastScreen] wakelock unavailable: PlatformException(channel-error, Unable to establish connection on channel: "dev.flutter.pigeon.wakelock_plus_platform_interface.WakelockPlusApi.toggle"., null, null)
loadVerifiedStreamersFromBackend failed: Bad state: Backend unavailable
00:30 +116: C:/Users/User/.codex/worktrees/hadayah-wave4v2-integration/Streamer_app/project/test/phone_broadcast_end_test.dart: 360 px: End clears the muted badge and stays tappable
Realtime public streamer subscription failed: 'package:supabase_flutter/src/supabase.dart': Failed assertion: line 45 pos 7: '_instance._isInitialized': You must initialize the supabase instance before calling Supabase.instance
Realtime academic_categories subscription failed: 'package:supabase_flutter/src/supabase.dart': Failed assertion: line 45 pos 7: '_instance._isInitialized': You must initialize the supabase instance before calling Supabase.instance
Realtime user status channel subscription failed: 'package:supabase_flutter/src/supabase.dart': Failed assertion: line 45 pos 7: '_instance._isInitialized': You must initialize the supabase instance before calling Supabase.instance
Profile provisioning failed: 'package:supabase_flutter/src/supabase.dart': Failed assertion: line 45 pos 7: '_instance._isInitialized': You must initialize the supabase instance before calling Supabase.instance
loadVerifiedStreamersFromBackend failed: Bad state: Backend unavailable
Admin role check failed: 'package:supabase_flutter/src/supabase.dart': Failed assertion: line 45 pos 7: '_instance._isInitialized': You must initialize the supabase instance before calling Supabase.instance
_refreshCurrentUserBanStatus failed: 'package:supabase_flutter/src/supabase.dart': Failed assertion: line 45 pos 7: '_instance._isInitialized': You must initialize the supabase instance before calling Supabase.instance
_refreshAcademicCategories failed: Bad state: Backend unavailable
loadVerifiedStreamersFromBackend failed: Bad state: Backend unavailable
[90m[🌎 Easy Localization] [DEBUG] Start[0m
[90m[🌎 Easy Localization] [DEBUG] Init state[0m
[32m[🌎 Easy Localization] [INFO] Start locale loaded en[0m
[90m[🌎 Easy Localization] [DEBUG] Build[0m
[90m[🌎 Easy Localization] [DEBUG] Init Localization Delegate[0m
[90m[🌎 Easy Localization] [DEBUG] Init provider[0m
[90m[🌎 Easy Localization] [DEBUG] Load Localization Delegate[0m
[90m[🌎 Easy Localization] [DEBUG] Build[0m
[90m[🌎 Easy Localization] [DEBUG] Init Localization Delegate[0m
[90m[🌎 Easy Localization] [DEBUG] Init provider[0m
[PhoneBroadcastScreen] wakelock unavailable: PlatformException(channel-error, Unable to establish connection on channel: "dev.flutter.pigeon.wakelock_plus_platform_interface.WakelockPlusApi.toggle"., null, null)
00:30 +117: C:/Users/User/.codex/worktrees/hadayah-wave4v2-integration/Streamer_app/project/test/phone_broadcast_end_test.dart: live: an End the server does not confirm is said plainly
Realtime public streamer subscription failed: 'package:supabase_flutter/src/supabase.dart': Failed assertion: line 45 pos 7: '_instance._isInitialized': You must initialize the supabase instance before calling Supabase.instance
Realtime academic_categories subscription failed: 'package:supabase_flutter/src/supabase.dart': Failed assertion: line 45 pos 7: '_instance._isInitialized': You must initialize the supabase instance before calling Supabase.instance
Realtime user status channel subscription failed: 'package:supabase_flutter/src/supabase.dart': Failed assertion: line 45 pos 7: '_instance._isInitialized': You must initialize the supabase instance before calling Supabase.instance
Profile provisioning failed: 'package:supabase_flutter/src/supabase.dart': Failed assertion: line 45 pos 7: '_instance._isInitialized': You must initialize the supabase instance before calling Supabase.instance
loadVerifiedStreamersFromBackend failed: Bad state: Backend unavailable
Admin role check failed: 'package:supabase_flutter/src/supabase.dart': Failed assertion: line 45 pos 7: '_instance._isInitialized': You must initialize the supabase instance before calling Supabase.instance
_refreshCurrentUserBanStatus failed: 'package:supabase_flutter/src/supabase.dart': Failed assertion: line 45 pos 7: '_instance._isInitialized': You must initialize the supabase instance before calling Supabase.instance
_refreshAcademicCategories failed: Bad state: Backend unavailable
loadVerifiedStreamersFromBackend failed: Bad state: Backend unavailable
[90m[🌎 Easy Localization] [DEBUG] Start[0m
[90m[🌎 Easy Localization] [DEBUG] Init state[0m
[32m[🌎 Easy Localization] [INFO] Start locale loaded en[0m
[90m[🌎 Easy Localization] [DEBUG] Build[0m
[90m[🌎 Easy Localization] [DEBUG] Init Localization Delegate[0m
[90m[🌎 Easy Localization] [DEBUG] Init provider[0m
[90m[🌎 Easy Localization] [DEBUG] Load Localization Delegate[0m
[90m[🌎 Easy Localization] [DEBUG] Build[0m
[90m[🌎 Easy Localization] [DEBUG] Init Localization Delegate[0m
[90m[🌎 Easy Localization] [DEBUG] Init provider[0m
[PhoneBroadcastScreen] wakelock unavailable: PlatformException(channel-error, Unable to establish connection on channel: "dev.flutter.pigeon.wakelock_plus_platform_interface.WakelockPlusApi.toggle"., null, null)
00:31 +118: C:/Users/User/.codex/worktrees/hadayah-wave4v2-integration/Streamer_app/project/test/phone_broadcast_end_test.dart: the studio opened here cannot open a second camera screen
Realtime public streamer subscription failed: 'package:supabase_flutter/src/supabase.dart': Failed assertion: line 45 pos 7: '_instance._isInitialized': You must initialize the supabase instance before calling Supabase.instance
Realtime academic_categories subscription failed: 'package:supabase_flutter/src/supabase.dart': Failed assertion: line 45 pos 7: '_instance._isInitialized': You must initialize the supabase instance before calling Supabase.instance
Realtime user status channel subscription failed: 'package:supabase_flutter/src/supabase.dart': Failed assertion: line 45 pos 7: '_instance._isInitialized': You must initialize the supabase instance before calling Supabase.instance
Profile provisioning failed: 'package:supabase_flutter/src/supabase.dart': Failed assertion: line 45 pos 7: '_instance._isInitialized': You must initialize the supabase instance before calling Supabase.instance
loadVerifiedStreamersFromBackend failed: Bad state: Backend unavailable
Admin role check failed: 'package:supabase_flutter/src/supabase.dart': Failed assertion: line 45 pos 7: '_instance._isInitialized': You must initialize the supabase instance before calling Supabase.instance
_refreshCurrentUserBanStatus failed: 'package:supabase_flutter/src/supabase.dart': Failed assertion: line 45 pos 7: '_instance._isInitialized': You must initialize the supabase instance before calling Supabase.instance
_refreshAcademicCategories failed: Bad state: Backend unavailable
loadVerifiedStreamersFromBackend failed: Bad state: Backend unavailable
[90m[🌎 Easy Localization] [DEBUG] Start[0m
[90m[🌎 Easy Localization] [DEBUG] Init state[0m
[32m[🌎 Easy Localization] [INFO] Start locale loaded en[0m
[90m[🌎 Easy Localization] [DEBUG] Build[0m
[90m[🌎 Easy Localization] [DEBUG] Init Localization Delegate[0m
[90m[🌎 Easy Localization] [DEBUG] Init provider[0m
[90m[🌎 Easy Localization] [DEBUG] Load Localization Delegate[0m
[90m[🌎 Easy Localization] [DEBUG] Build[0m
[90m[🌎 Easy Localization] [DEBUG] Init Localization Delegate[0m
[90m[🌎 Easy Localization] [DEBUG] Init provider[0m
[PhoneBroadcastScreen] wakelock unavailable: PlatformException(channel-error, Unable to establish connection on channel: "dev.flutter.pigeon.wakelock_plus_platform_interface.WakelockPlusApi.toggle"., null, null)
00:31 +119: C:/Users/User/.codex/worktrees/hadayah-wave4v2-integration/Streamer_app/project/test/phone_broadcast_end_test.dart: (tearDownAll)
00:31 +119: loading C:/Users/User/.codex/worktrees/hadayah-wave4v2-integration/Streamer_app/project/test/map_p5_presentation_test.dart
00:32 +119: C:/Users/User/.codex/worktrees/hadayah-wave4v2-integration/Streamer_app/project/test/map_p5_presentation_test.dart: (setUpAll)
[90m[🌎 Easy Localization] [DEBUG] Localization initialized[0m
00:32 +119: C:/Users/User/.codex/worktrees/hadayah-wave4v2-integration/Streamer_app/project/test/map_p5_presentation_test.dart: dense points form one stable cluster with bounded projection work
00:32 +120: C:/Users/User/.codex/worktrees/hadayah-wave4v2-integration/Streamer_app/project/test/map_p5_presentation_test.dart: sparse points retain coordinates and identity after a removal
00:32 +121: C:/Users/User/.codex/worktrees/hadayah-wave4v2-integration/Streamer_app/project/test/map_p5_presentation_test.dart: cluster tap zooms up to the shared maximum, then lists members
00:32 +122: C:/Users/User/.codex/worktrees/hadayah-wave4v2-integration/Streamer_app/project/test/map_p5_presentation_test.dart: search and cached marker IDs follow the refreshed public catalog
00:32 +123: C:/Users/User/.codex/worktrees/hadayah-wave4v2-integration/Streamer_app/project/test/map_p5_presentation_test.dart: marker-only cold start retains pins until a catalog is available
00:32 +124: C:/Users/User/.codex/worktrees/hadayah-wave4v2-integration/Streamer_app/project/test/map_p5_presentation_test.dart: search selection and refresh use the current visible list
[90m[🌎 Easy Localization] [DEBUG] Start[0m
[90m[🌎 Easy Localization] [DEBUG] Init state[0m
[32m[🌎 Easy Localization] [INFO] Start locale loaded en[0m
[90m[🌎 Easy Localization] [DEBUG] Build[0m
[90m[🌎 Easy Localization] [DEBUG] Init Localization Delegate[0m
[90m[🌎 Easy Localization] [DEBUG] Init provider[0m
[90m[🌎 Easy Localization] [DEBUG] Load Localization Delegate[0m
[90m[🌎 Easy Localization] [DEBUG] Build[0m
[90m[🌎 Easy Localization] [DEBUG] Init Localization Delegate[0m
[90m[🌎 Easy Localization] [DEBUG] Init provider[0m
[90m[🌎 Easy Localization] [DEBUG] Start[0m
[90m[🌎 Easy Localization] [DEBUG] Build[0m
[90m[🌎 Easy Localization] [DEBUG] Init Localization Delegate[0m
[90m[🌎 Easy Localization] [DEBUG] Init provider[0m
00:33 +125: C:/Users/User/.codex/worktrees/hadayah-wave4v2-integration/Streamer_app/project/test/map_p5_presentation_test.dart: three city views stay inside the map domain; legacy ids remain hints
00:33 +126: C:/Users/User/.codex/worktrees/hadayah-wave4v2-integration/Streamer_app/project/test/map_p5_presentation_test.dart: native directions target exact coordinates on Android and iOS
00:33 +127: C:/Users/User/.codex/worktrees/hadayah-wave4v2-integration/Streamer_app/project/test/map_p5_presentation_test.dart: own marker has accessible name and taps once
[90m[🌎 Easy Localization] [DEBUG] Start[0m
[90m[🌎 Easy Localization] [DEBUG] Init state[0m
[32m[🌎 Easy Localization] [INFO] Start locale loaded en[0m
[90m[🌎 Easy Localization] [DEBUG] Build[0m
[90m[🌎 Easy Localization] [DEBUG] Init Localization Delegate[0m
[90m[🌎 Easy Localization] [DEBUG] Init provider[0m
[90m[🌎 Easy Localization] [DEBUG] Load Localization Delegate[0m
[90m[🌎 Easy Localization] [DEBUG] Build[0m
[90m[🌎 Easy Localization] [DEBUG] Init Localization Delegate[0m
[90m[🌎 Easy Localization] [DEBUG] Init provider[0m
00:34 +128: C:/Users/User/.codex/worktrees/hadayah-wave4v2-integration/Streamer_app/project/test/map_p5_presentation_test.dart: (tearDownAll)
00:34 +128: All tests passed!
